#entry|column|length|symbols|count
BASE_REFILL|0|1|S1|3
BASE_REFILL|0|1|S2|38
BASE_REFILL|0|1|S3|35
BASE_REFILL|0|1|S4|14
BASE_REFILL|0|1|S5|25
BASE_REFILL|0|1|S6|21
BASE_REFILL|0|1|S7|40
BASE_REFILL|0|1|S8|16
BASE_REFILL|0|1|S9|27
BASE_REFILL|0|2|S1,S3|1
BASE_REFILL|0|2|S1,S6|1
BASE_REFILL|0|2|S1,S7|2
BASE_REFILL|0|2|S1,S8|1
BASE_REFILL|0|2|S1,S9|1
BASE_REFILL|0|2|S2,S2|6
BASE_REFILL|0|2|S2,S3|2
BASE_REFILL|0|2|S2,S4|1
BASE_REFILL|0|2|S2,S5|2
BASE_REFILL|0|2|S2,S6|4
BASE_REFILL|0|2|S2,S7|2
BASE_REFILL|0|2|S2,S8|1
BASE_REFILL|0|2|S2,S9|2
BASE_REFILL|0|2|S3,S2|2
BASE_REFILL|0|2|S3,S3|6
BASE_REFILL|0|2|S3,S4|2
BASE_REFILL|0|2|S3,S6|4
BASE_REFILL|0|2|S3,S7|5
BASE_REFILL|0|2|S3,S8|1
BASE_REFILL|0|2|S3,S9|3
BASE_REFILL|0|2|S4,S2|3
BASE_REFILL|0|2|S4,S3|3
BASE_REFILL|0|2|S4,S4|5
BASE_REFILL|0|2|S4,S5|1
BASE_REFILL|0|2|S4,S6|2
BASE_REFILL|0|2|S4,S7|3
BASE_REFILL|0|2|S4,S8|1
BASE_REFILL|0|2|S4,S9|2
BASE_REFILL|0|2|S5,S3|1
BASE_REFILL|0|2|S5,S4|4
BASE_REFILL|0|2|S5,S5|2
BASE_REFILL|0|2|S5,S6|1
BASE_REFILL|0|2|S5,S7|6
BASE_REFILL|0|2|S5,S9|6
BASE_REFILL|0|2|S6,S2|4
BASE_REFILL|0|2|S6,S4|2
BASE_REFILL|0|2|S6,S5|4
BASE_REFILL|0|2|S6,S6|1
BASE_REFILL|0|2|S6,S8|2
BASE_REFILL|0|2|S6,S9|1
BASE_REFILL|0|2|S7,S1|2
BASE_REFILL|0|2|S7,S2|2
BASE_REFILL|0|2|S7,S3|1
BASE_REFILL|0|2|S7,S6|4
BASE_REFILL|0|2|S7,S7|1
BASE_REFILL|0|2|S7,S8|1
BASE_REFILL|0|2|S7,S9|1
BASE_REFILL|0|2|S8,S1|1
BASE_REFILL|0|2|S8,S2|2
BASE_REFILL|0|2|S8,S3|3
BASE_REFILL|0|2|S8,S4|1
BASE_REFILL|0|2|S8,S6|1
BASE_REFILL|0|2|S8,S7|2
BASE_REFILL|0|2|S8,S8|4
BASE_REFILL|0|2|S8,S9|3
BASE_REFILL|0|2|S9,S2|2
BASE_REFILL|0|2|S9,S3|2
BASE_REFILL|0|2|S9,S4|6
BASE_REFILL|0|2|S9,S5|1
BASE_REFILL|0|2|S9,S6|1
BASE_REFILL|0|2|S9,S7|2
BASE_REFILL|0|2|S9,S8|1
BASE_REFILL|0|2|S9,S9|3
BASE_REFILL|0|3|S1,S7,S9|2
BASE_REFILL|0|3|S2,S2,S3|1
BASE_REFILL|0|3|S2,S3,S9|1
BASE_REFILL|0|3|S2,S5,S3|1
BASE_REFILL|0|3|S2,S9,S9|2
BASE_REFILL|0|3|S3,S1,S6|1
BASE_REFILL|0|3|S3,S3,S9|2
BASE_REFILL|0|3|S3,S4,S7|1
BASE_REFILL|0|3|S3,S6,S9|1
BASE_REFILL|0|3|S3,S7,S7|1
BASE_REFILL|0|3|S3,S8,S1|2
BASE_REFILL|0|3|S3,S8,S2|1
BASE_REFILL|0|3|S4,S2,S5|1
BASE_REFILL|0|3|S4,S2,S6|3
BASE_REFILL|0|3|S4,S3,S4|1
BASE_REFILL|0|3|S4,S4,S4|1
BASE_REFILL|0|3|S4,S6,S2|1
BASE_REFILL|0|3|S4,S6,S6|1
BASE_REFILL|0|3|S4,S8,S3|1
BASE_REFILL|0|3|S4,S8,S4|1
BASE_REFILL|0|3|S4,S9,S3|1
BASE_REFILL|0|3|S4,S9,S5|3
BASE_REFILL|0|3|S5,S2,S8|1
BASE_REFILL|0|3|S5,S2,S9|1
BASE_REFILL|0|3|S5,S3,S3|1
BASE_REFILL|0|3|S5,S5,S5|1
BASE_REFILL|0|3|S5,S5,S7|1
BASE_REFILL|0|3|S5,S6,S4|1
BASE_REFILL|0|3|S5,S6,S5|1
BASE_REFILL|0|3|S5,S7,S9|1
BASE_REFILL|0|3|S5,S8,S2|1
BASE_REFILL|0|3|S5,S8,S9|1
BASE_REFILL|0|3|S6,S2,S6|1
BASE_REFILL|0|3|S6,S3,S3|1
BASE_REFILL|0|3|S6,S4,S4|1
BASE_REFILL|0|3|S6,S4,S6|1
BASE_REFILL|0|3|S6,S6,S5|1
BASE_REFILL|0|3|S6,S9,S6|1
BASE_REFILL|0|3|S7,S5,S2|2
BASE_REFILL|0|3|S7,S5,S7|1
BASE_REFILL|0|3|S7,S6,S2|1
BASE_REFILL|0|3|S7,S7,S7|1
BASE_REFILL|0|3|S7,S7,S8|1
BASE_REFILL|0|3|S7,S8,S7|1
BASE_REFILL|0|3|S7,S8,S8|1
BASE_REFILL|0|3|S8,S4,S2|1
BASE_REFILL|0|3|S8,S4,S3|1
BASE_REFILL|0|3|S8,S5,S8|1
BASE_REFILL|0|3|S8,S5,S9|1
BASE_REFILL|0|3|S8,S7,S2|1
BASE_REFILL|0|3|S9,S2,S5|1
BASE_REFILL|0|3|S9,S2,S9|2
BASE_REFILL|0|3|S9,S3,S7|1
BASE_REFILL|0|3|S9,S4,S9|1
BASE_REFILL|0|3|S9,S5,S1|1
BASE_REFILL|0|3|S9,S7,S9|1
BASE_REFILL|0|3|S9,S9,S8|1
BASE_REFILL|0|4|S1,S6,S5,S4|1
BASE_REFILL|0|4|S2,S1,S8,S9|1
BASE_REFILL|0|4|S3,S2,S5,S2|1
BASE_REFILL|0|4|S3,S4,S8,S6|1
BASE_REFILL|0|4|S4,S7,S9,S4|1
BASE_REFILL|0|4|S5,S3,S4,S8|1
BASE_REFILL|0|4|S5,S4,S2,S6|1
BASE_REFILL|0|4|S5,S7,S7,S8|1
BASE_REFILL|0|4|S5,S9,S8,S9|1
BASE_REFILL|0|4|S6,S8,S4,S4|1
BASE_REFILL|0|4|S6,S9,S1,S7|1
BASE_REFILL|0|4|S7,S2,S7,S3|1
BASE_REFILL|0|4|S7,S2,S7,S6|1
BASE_REFILL|0|4|S7,S2,S9,S8|1
BASE_REFILL|0|4|S7,S5,S4,S7|1
BASE_REFILL|0|4|S7,S7,S5,S1|1
BASE_REFILL|0|4|S8,S2,S1,S5|1
BASE_REFILL|0|4|S8,S2,S8,S7|1
BASE_REFILL|0|4|S8,S6,S1,S2|1
BASE_REFILL|0|4|S8,S7,S3,S5|1
BASE_REFILL|0|4|S8,S9,S9,S3|1
BASE_REFILL|0|4|S9,S9,S7,S2|1
BASE_REFILL|1|1|S1|12
BASE_REFILL|1|1|S2|46
BASE_REFILL|1|1|S3|46
BASE_REFILL|1|1|S4|40
BASE_REFILL|1|1|S5|31
BASE_REFILL|1|1|S6|39
BASE_REFILL|1|1|S7|41
BASE_REFILL|1|1|S8|43
BASE_REFILL|1|1|S9|31
BASE_REFILL|1|2|S1,S2|1
BASE_REFILL|1|2|S1,S3|3
BASE_REFILL|1|2|S1,S5|1
BASE_REFILL|1|2|S1,S6|2
BASE_REFILL|1|2|S1,S7|2
BASE_REFILL|1|2|S1,S9|1
BASE_REFILL|1|2|S2,S2|9
BASE_REFILL|1|2|S2,S3|5
BASE_REFILL|1|2|S2,S4|1
BASE_REFILL|1|2|S2,S5|4
BASE_REFILL|1|2|S2,S6|3
BASE_REFILL|1|2|S2,S7|6
BASE_REFILL|1|2|S2,S8|6
BASE_REFILL|1|2|S2,S9|6
BASE_REFILL|1|2|S3,S1|2
BASE_REFILL|1|2|S3,S2|4
BASE_REFILL|1|2|S3,S3|5
BASE_REFILL|1|2|S3,S4|5
BASE_REFILL|1|2|S3,S5|3
BASE_REFILL|1|2|S3,S6|5
BASE_REFILL|1|2|S3,S7|4
BASE_REFILL|1|2|S3,S8|3
BASE_REFILL|1|2|S3,S9|6
BASE_REFILL|1|2|S4,S1|2
BASE_REFILL|1|2|S4,S2|3
BASE_REFILL|1|2|S4,S3|5
BASE_REFILL|1|2|S4,S4|5
BASE_REFILL|1|2|S4,S5|3
BASE_REFILL|1|2|S4,S6|2
BASE_REFILL|1|2|S4,S7|2
BASE_REFILL|1|2|S4,S8|1
BASE_REFILL|1|2|S4,S9|2
BASE_REFILL|1|2|S5,S1|1
BASE_REFILL|1|2|S5,S2|3
BASE_REFILL|1|2|S5,S3|1
BASE_REFILL|1|2|S5,S4|2
BASE_REFILL|1|2|S5,S5|11
BASE_REFILL|1|2|S5,S6|3
BASE_REFILL|1|2|S5,S7|6
BASE_REFILL|1|2|S5,S8|3
BASE_REFILL|1|2|S5,S9|7
BASE_REFILL|1|2|S6,S3|2
BASE_REFILL|1|2|S6,S4|3
BASE_REFILL|1|2|S6,S5|1
BASE_REFILL|1|2|S6,S6|5
BASE_REFILL|1|2|S6,S7|2
BASE_REFILL|1|2|S6,S9|2
BASE_REFILL|1|2|S7,S2|2
BASE_REFILL|1|2|S7,S3|2
BASE_REFILL|1|2|S7,S4|8
BASE_REFILL|1|2|S7,S5|1
BASE_REFILL|1|2|S7,S6|4
BASE_REFILL|1|2|S7,S7|8
BASE_REFILL|1|2|S7,S8|1
BASE_REFILL|1|2|S7,S9|2
BASE_REFILL|1|2|S8,S1|2
BASE_REFILL|1|2|S8,S2|6
BASE_REFILL|1|2|S8,S3|1
BASE_REFILL|1|2|S8,S4|4
BASE_REFILL|1|2|S8,S5|4
BASE_REFILL|1|2|S8,S6|4
BASE_REFILL|1|2|S8,S7|6
BASE_REFILL|1|2|S8,S8|7
BASE_REFILL|1|2|S8,S9|3
BASE_REFILL|1|2|S9,S1|1
BASE_REFILL|1|2|S9,S2|3
BASE_REFILL|1|2|S9,S3|4
BASE_REFILL|1|2|S9,S4|2
BASE_REFILL|1|2|S9,S5|5
BASE_REFILL|1|2|S9,S6|1
BASE_REFILL|1|2|S9,S7|4
BASE_REFILL|1|2|S9,S8|1
BASE_REFILL|1|2|S9,S9|7
BASE_REFILL|1|3|S1,S1,S2|1
BASE_REFILL|1|3|S1,S3,S4|1
BASE_REFILL|1|3|S1,S5,S8|1
BASE_REFILL|1|3|S1,S6,S7|1
BASE_REFILL|1|3|S1,S7,S7|1
BASE_REFILL|1|3|S1,S8,S6|1
BASE_REFILL|1|3|S1,S9,S4|1
BASE_REFILL|1|3|S2,S1,S7|1
BASE_REFILL|1|3|S2,S2,S4|1
BASE_REFILL|1|3|S2,S3,S6|1
BASE_REFILL|1|3|S2,S4,S9|1
BASE_REFILL|1|3|S2,S5,S3|1
BASE_REFILL|1|3|S2,S5,S7|1
BASE_REFILL|1|3|S2,S6,S2|2
BASE_REFILL|1|3|S2,S6,S6|1
BASE_REFILL|1|3|S2,S7,S9|1
BASE_REFILL|1|3|S2,S9,S4|1
BASE_REFILL|1|3|S2,S9,S6|2
BASE_REFILL|1|3|S3,S1,S5|1
BASE_REFILL|1|3|S3,S2,S6|2
BASE_REFILL|1|3|S3,S3,S3|1
BASE_REFILL|1|3|S3,S3,S9|1
BASE_REFILL|1|3|S3,S4,S4|1
BASE_REFILL|1|3|S3,S4,S6|2
BASE_REFILL|1|3|S3,S5,S2|1
BASE_REFILL|1|3|S3,S5,S7|2
BASE_REFILL|1|3|S3,S6,S3|1
BASE_REFILL|1|3|S3,S6,S7|1
BASE_REFILL|1|3|S3,S7,S2|2
BASE_REFILL|1|3|S3,S7,S7|4
BASE_REFILL|1|3|S3,S8,S5|1
BASE_REFILL|1|3|S3,S9,S3|2
BASE_REFILL|1|3|S3,S9,S4|1
BASE_REFILL|1|3|S3,S9,S8|1
BASE_REFILL|1|3|S3,S9,S9|1
BASE_REFILL|1|3|S4,S1,S4|1
BASE_REFILL|1|3|S4,S2,S3|1
BASE_REFILL|1|3|S4,S2,S8|1
BASE_REFILL|1|3|S4,S3,S5|1
BASE_REFILL|1|3|S4,S4,S2|2
BASE_REFILL|1|3|S4,S4,S3|2
BASE_REFILL|1|3|S4,S4,S4|1
BASE_REFILL|1|3|S4,S4,S7|1
BASE_REFILL|1|3|S4,S5,S3|1
BASE_REFILL|1|3|S4,S5,S6|1
BASE_REFILL|1|3|S4,S5,S8|1
BASE_REFILL|1|3|S4,S5,S9|1
BASE_REFILL|1|3|S4,S6,S5|2
BASE_REFILL|1|3|S4,S6,S6|1
BASE_REFILL|1|3|S4,S6,S8|1
BASE_REFILL|1|3|S4,S7,S7|1
BASE_REFILL|1|3|S4,S8,S2|1
BASE_REFILL|1|3|S4,S8,S6|1
BASE_REFILL|1|3|S4,S8,S8|1
BASE_REFILL|1|3|S4,S8,S9|1
BASE_REFILL|1|3|S5,S2,S2|1
BASE_REFILL|1|3|S5,S3,S4|1
BASE_REFILL|1|3|S5,S4,S5|1
BASE_REFILL|1|3|S5,S4,S6|2
BASE_REFILL|1|3|S5,S4,S8|1
BASE_REFILL|1|3|S5,S5,S4|1
BASE_REFILL|1|3|S5,S5,S5|3
BASE_REFILL|1|3|S5,S6,S9|1
BASE_REFILL|1|3|S5,S7,S3|1
BASE_REFILL|1|3|S5,S7,S7|1
BASE_REFILL|1|3|S5,S8,S5|1
BASE_REFILL|1|3|S5,S8,S8|3
BASE_REFILL|1|3|S5,S9,S5|1
BASE_REFILL|1|3|S6,S2,S9|2
BASE_REFILL|1|3|S6,S3,S5|1
BASE_REFILL|1|3|S6,S3,S8|1
BASE_REFILL|1|3|S6,S4,S3|1
BASE_REFILL|1|3|S6,S5,S4|1
BASE_REFILL|1|3|S6,S5,S8|2
BASE_REFILL|1|3|S6,S5,S9|1
BASE_REFILL|1|3|S6,S6,S2|2
BASE_REFILL|1|3|S6,S6,S6|3
BASE_REFILL|1|3|S6,S6,S7|2
BASE_REFILL|1|3|S6,S6,S9|1
BASE_REFILL|1|3|S6,S7,S2|1
BASE_REFILL|1|3|S6,S8,S4|1
BASE_REFILL|1|3|S6,S8,S6|1
BASE_REFILL|1|3|S6,S8,S8|1
BASE_REFILL|1|3|S7,S1,S5|1
BASE_REFILL|1|3|S7,S3,S3|1
BASE_REFILL|1|3|S7,S3,S8|1
BASE_REFILL|1|3|S7,S4,S3|1
BASE_REFILL|1|3|S7,S4,S7|1
BASE_REFILL|1|3|S7,S4,S8|1
BASE_REFILL|1|3|S7,S5,S4|1
BASE_REFILL|1|3|S7,S5,S5|2
BASE_REFILL|1|3|S7,S5,S9|1
BASE_REFILL|1|3|S7,S6,S9|1
BASE_REFILL|1|3|S7,S7,S3|1
BASE_REFILL|1|3|S7,S7,S7|1
BASE_REFILL|1|3|S7,S7,S9|1
BASE_REFILL|1|3|S7,S8,S5|1
BASE_REFILL|1|3|S7,S8,S8|2
BASE_REFILL|1|3|S7,S8,S9|1
BASE_REFILL|1|3|S7,S9,S4|1
BASE_REFILL|1|3|S8,S1,S2|1
BASE_REFILL|1|3|S8,S2,S5|1
BASE_REFILL|1|3|S8,S2,S9|1
BASE_REFILL|1|3|S8,S3,S2|2
BASE_REFILL|1|3|S8,S3,S3|2
BASE_REFILL|1|3|S8,S4,S2|2
BASE_REFILL|1|3|S8,S4,S4|3
BASE_REFILL|1|3|S8,S5,S5|1
BASE_REFILL|1|3|S8,S5,S6|3
BASE_REFILL|1|3|S8,S5,S7|1
BASE_REFILL|1|3|S8,S5,S8|1
BASE_REFILL|1|3|S8,S5,S9|1
BASE_REFILL|1|3|S8,S6,S3|1
BASE_REFILL|1|3|S8,S6,S8|1
BASE_REFILL|1|3|S8,S7,S2|1
BASE_REFILL|1|3|S8,S7,S5|1
BASE_REFILL|1|3|S8,S7,S6|1
BASE_REFILL|1|3|S8,S8,S6|4
BASE_REFILL|1|3|S8,S8,S8|1
BASE_REFILL|1|3|S8,S8,S9|1
BASE_REFILL|1|3|S8,S9,S4|1
BASE_REFILL|1|3|S8,S9,S6|1
BASE_REFILL|1|3|S8,S9,S7|2
BASE_REFILL|1|3|S8,S9,S9|1
BASE_REFILL|1|3|S9,S1,S4|1
BASE_REFILL|1|3|S9,S2,S4|1
BASE_REFILL|1|3|S9,S2,S5|1
BASE_REFILL|1|3|S9,S2,S7|2
BASE_REFILL|1|3|S9,S2,S8|1
BASE_REFILL|1|3|S9,S3,S9|1
BASE_REFILL|1|3|S9,S4,S1|1
BASE_REFILL|1|3|S9,S4,S2|1
BASE_REFILL|1|3|S9,S4,S9|1
BASE_REFILL|1|3|S9,S5,S5|1
BASE_REFILL|1|3|S9,S6,S5|3
BASE_REFILL|1|3|S9,S6,S6|1
BASE_REFILL|1|3|S9,S6,S9|1
BASE_REFILL|1|3|S9,S7,S2|1
BASE_REFILL|1|3|S9,S7,S6|1
BASE_REFILL|1|3|S9,S7,S8|1
BASE_REFILL|1|3|S9,S8,S5|2
BASE_REFILL|1|3|S9,S8,S9|1
BASE_REFILL|1|3|S9,S9,S2|1
BASE_REFILL|1|3|S9,S9,S4|1
BASE_REFILL|1|3|S9,S9,S5|2
BASE_REFILL|1|4|S1,S2,S2,S4|1
BASE_REFILL|1|4|S1,S5,S4,S5|1
BASE_REFILL|1|4|S1,S7,S6,S8|1
BASE_REFILL|1|4|S2,S2,S2,S3|1
BASE_REFILL|1|4|S2,S2,S3,S9|1
BASE_REFILL|1|4|S2,S2,S8,S3|1
BASE_REFILL|1|4|S2,S6,S8,S7|1
BASE_REFILL|1|4|S2,S8,S5,S2|1
BASE_REFILL|1|4|S3,S3,S2,S9|1
BASE_REFILL|1|4|S3,S4,S6,S8|2
BASE_REFILL|1|4|S3,S4,S7,S5|1
BASE_REFILL|1|4|S3,S5,S9,S2|1
BASE_REFILL|1|4|S3,S7,S3,S4|1
BASE_REFILL|1|4|S3,S7,S9,S3|2
BASE_REFILL|1|4|S4,S4,S1,S2|1
BASE_REFILL|1|4|S4,S5,S9,S5|1
BASE_REFILL|1|4|S4,S9,S3,S4|1
BASE_REFILL|1|4|S5,S2,S9,S1|1
BASE_REFILL|1|4|S5,S4,S4,S3|1
BASE_REFILL|1|4|S5,S4,S8,S3|1
BASE_REFILL|1|4|S6,S3,S1,S6|1
BASE_REFILL|1|4|S6,S3,S5,S9|1
BASE_REFILL|1|4|S6,S3,S8,S1|1
BASE_REFILL|1|4|S6,S3,S9,S7|1
BASE_REFILL|1|4|S6,S7,S6,S9|1
BASE_REFILL|1|4|S6,S7,S7,S9|1
BASE_REFILL|1|4|S6,S8,S1,S7|1
BASE_REFILL|1|4|S7,S1,S2,S1|1
BASE_REFILL|1|4|S7,S1,S7,S4|1
BASE_REFILL|1|4|S7,S2,S4,S6|1
BASE_REFILL|1|4|S7,S4,S5,S7|1
BASE_REFILL|1|4|S7,S5,S6,S8|1
BASE_REFILL|1|4|S7,S5,S7,S2|1
BASE_REFILL|1|4|S7,S7,S8,S3|1
BASE_REFILL|1|4|S8,S2,S1,S5|1
BASE_REFILL|1|4|S8,S4,S8,S9|1
BASE_REFILL|1|4|S8,S5,S1,S5|1
BASE_REFILL|1|4|S8,S5,S9,S5|1
BASE_REFILL|1|4|S8,S6,S6,S4|1
BASE_REFILL|1|4|S9,S2,S2,S5|1
BASE_REFILL|1|4|S9,S2,S6,S2|1
BASE_REFILL|1|4|S9,S6,S5,S3|1
BASE_REFILL|1|4|S9,S7,S4,S4|1
BASE_REFILL|1|4|S9,S8,S7,S2|1
BASE_REFILL|1|4|S9,S9,S6,S1|2
BASE_REFILL|1|5|S3,S8,S9,S9,S3|1
BASE_REFILL|1|5|S4,S6,S3,S6,S3|1
BASE_REFILL|1|5|S5,S3,S8,S6,S6|1
BASE_REFILL|1|5|S5,S5,S3,S8,S3|1
BASE_REFILL|1|5|S6,S3,S6,S5,S6|1
BASE_REFILL|1|5|S7,S3,S6,S5,S5|1
BASE_REFILL|1|5|S7,S7,S1,S8,S9|1
BASE_REFILL|1|5|S9,S5,S5,S5,S5|1
BASE_REFILL|2|1|S1|15
BASE_REFILL|2|1|S2|39
BASE_REFILL|2|1|S3|48
BASE_REFILL|2|1|S4|40
BASE_REFILL|2|1|S5|43
BASE_REFILL|2|1|S6|28
BASE_REFILL|2|1|S7|44
BASE_REFILL|2|1|S8|44
BASE_REFILL|2|1|S9|39
BASE_REFILL|2|2|S1,S1|1
BASE_REFILL|2|2|S1,S4|2
BASE_REFILL|2|2|S1,S8|1
BASE_REFILL|2|2|S1,S9|1
BASE_REFILL|2|2|S2,S1|2
BASE_REFILL|2|2|S2,S2|12
BASE_REFILL|2|2|S2,S3|5
BASE_REFILL|2|2|S2,S4|2
BASE_REFILL|2|2|S2,S5|5
BASE_REFILL|2|2|S2,S6|4
BASE_REFILL|2|2|S2,S7|4
BASE_REFILL|2|2|S2,S8|3
BASE_REFILL|2|2|S2,S9|3
BASE_REFILL|2|2|S3,S1|3
BASE_REFILL|2|2|S3,S2|7
BASE_REFILL|2|2|S3,S3|16
BASE_REFILL|2|2|S3,S4|4
BASE_REFILL|2|2|S3,S5|1
BASE_REFILL|2|2|S3,S6|4
BASE_REFILL|2|2|S3,S7|3
BASE_REFILL|2|2|S3,S8|2
BASE_REFILL|2|2|S3,S9|3
BASE_REFILL|2|2|S4,S2|9
BASE_REFILL|2|2|S4,S3|6
BASE_REFILL|2|2|S4,S4|10
BASE_REFILL|2|2|S4,S5|6
BASE_REFILL|2|2|S4,S6|4
BASE_REFILL|2|2|S4,S7|6
BASE_REFILL|2|2|S4,S8|5
BASE_REFILL|2|2|S4,S9|3
BASE_REFILL|2|2|S5,S1|2
BASE_REFILL|2|2|S5,S2|3
BASE_REFILL|2|2|S5,S3|5
BASE_REFILL|2|2|S5,S4|2
BASE_REFILL|2|2|S5,S5|10
BASE_REFILL|2|2|S5,S6|3
BASE_REFILL|2|2|S5,S7|2
BASE_REFILL|2|2|S5,S8|1
BASE_REFILL|2|2|S5,S9|4
BASE_REFILL|2|2|S6,S2|2
BASE_REFILL|2|2|S6,S3|6
BASE_REFILL|2|2|S6,S4|5
BASE_REFILL|2|2|S6,S5|3
BASE_REFILL|2|2|S6,S6|6
BASE_REFILL|2|2|S6,S8|2
BASE_REFILL|2|2|S6,S9|4
BASE_REFILL|2|2|S7,S1|2
BASE_REFILL|2|2|S7,S2|13
BASE_REFILL|2|2|S7,S3|5
BASE_REFILL|2|2|S7,S4|6
BASE_REFILL|2|2|S7,S5|4
BASE_REFILL|2|2|S7,S6|4
BASE_REFILL|2|2|S7,S7|4
BASE_REFILL|2|2|S7,S8|6
BASE_REFILL|2|2|S7,S9|4
BASE_REFILL|2|2|S8,S1|1
BASE_REFILL|2|2|S8,S2|8
BASE_REFILL|2|2|S8,S3|3
BASE_REFILL|2|2|S8,S4|3
BASE_REFILL|2|2|S8,S5|6
BASE_REFILL|2|2|S8,S6|7
BASE_REFILL|2|2|S8,S7|3
BASE_REFILL|2|2|S8,S8|9
BASE_REFILL|2|2|S8,S9|4
BASE_REFILL|2|2|S9,S1|2
BASE_REFILL|2|2|S9,S2|10
BASE_REFILL|2|2|S9,S3|6
BASE_REFILL|2|2|S9,S4|1
BASE_REFILL|2|2|S9,S5|4
BASE_REFILL|2|2|S9,S6|3
BASE_REFILL|2|2|S9,S7|4
BASE_REFILL|2|2|S9,S8|8
BASE_REFILL|2|2|S9,S9|5
BASE_REFILL|2|3|S1,S3,S3|1
BASE_REFILL|2|3|S1,S5,S3|2
BASE_REFILL|2|3|S1,S5,S7|1
BASE_REFILL|2|3|S1,S8,S9|1
BASE_REFILL|2|3|S1,S9,S3|1
BASE_REFILL|2|3|S2,S1,S4|1
BASE_REFILL|2|3|S2,S2,S1|3
BASE_REFILL|2|3|S2,S2,S2|1
BASE_REFILL|2|3|S2,S2,S7|1
BASE_REFILL|2|3|S2,S2,S8|1
BASE_REFILL|2|3|S2,S3,S5|1
BASE_REFILL|2|3|S2,S3,S9|1
BASE_REFILL|2|3|S2,S4,S1|3
BASE_REFILL|2|3|S2,S4,S4|1
BASE_REFILL|2|3|S2,S5,S5|3
BASE_REFILL|2|3|S2,S6,S3|1
BASE_REFILL|2|3|S2,S6,S8|1
BASE_REFILL|2|3|S2,S6,S9|1
BASE_REFILL|2|3|S2,S7,S4|1
BASE_REFILL|2|3|S2,S7,S5|1
BASE_REFILL|2|3|S2,S7,S8|1
BASE_REFILL|2|3|S2,S8,S3|1
BASE_REFILL|2|3|S2,S9,S9|1
BASE_REFILL|2|3|S3,S2,S3|1
BASE_REFILL|2|3|S3,S2,S5|1
BASE_REFILL|2|3|S3,S2,S6|1
BASE_REFILL|2|3|S3,S3,S1|1
BASE_REFILL|2|3|S3,S3,S3|2
BASE_REFILL|2|3|S3,S3,S5|1
BASE_REFILL|2|3|S3,S3,S7|3
BASE_REFILL|2|3|S3,S3,S8|1
BASE_REFILL|2|3|S3,S4,S2|1
BASE_REFILL|2|3|S3,S4,S4|1
BASE_REFILL|2|3|S3,S5,S3|1
BASE_REFILL|2|3|S3,S6,S3|1
BASE_REFILL|2|3|S3,S6,S6|1
BASE_REFILL|2|3|S3,S6,S8|1
BASE_REFILL|2|3|S3,S8,S3|1
BASE_REFILL|2|3|S3,S8,S9|1
BASE_REFILL|2|3|S3,S9,S2|1
BASE_REFILL|2|3|S3,S9,S7|2
BASE_REFILL|2|3|S3,S9,S9|2
BASE_REFILL|2|3|S4,S2,S3|1
BASE_REFILL|2|3|S4,S2,S5|1
BASE_REFILL|2|3|S4,S3,S7|1
BASE_REFILL|2|3|S4,S4,S9|1
BASE_REFILL|2|3|S4,S5,S2|1
BASE_REFILL|2|3|S4,S5,S5|3
BASE_REFILL|2|3|S4,S5,S7|1
BASE_REFILL|2|3|S4,S6,S2|2
BASE_REFILL|2|3|S4,S7,S2|3
BASE_REFILL|2|3|S4,S7,S7|1
BASE_REFILL|2|3|S4,S8,S3|2
BASE_REFILL|2|3|S4,S8,S5|1
BASE_REFILL|2|3|S4,S8,S6|1
BASE_REFILL|2|3|S4,S9,S1|1
BASE_REFILL|2|3|S4,S9,S9|2
BASE_REFILL|2|3|S5,S1,S2|1
BASE_REFILL|2|3|S5,S2,S2|3
BASE_REFILL|2|3|S5,S2,S6|1
BASE_REFILL|2|3|S5,S3,S3|1
BASE_REFILL|2|3|S5,S3,S7|1
BASE_REFILL|2|3|S5,S4,S2|1
BASE_REFILL|2|3|S5,S4,S3|1
BASE_REFILL|2|3|S5,S4,S4|1
BASE_REFILL|2|3|S5,S4,S7|1
BASE_REFILL|2|3|S5,S5,S4|1
BASE_REFILL|2|3|S5,S5,S5|2
BASE_REFILL|2|3|S5,S5,S6|1
BASE_REFILL|2|3|S5,S5,S7|1
BASE_REFILL|2|3|S5,S5,S8|1
BASE_REFILL|2|3|S5,S5,S9|1
BASE_REFILL|2|3|S5,S7,S3|2
BASE_REFILL|2|3|S5,S8,S5|2
BASE_REFILL|2|3|S5,S8,S8|3
BASE_REFILL|2|3|S5,S9,S5|1
BASE_REFILL|2|3|S5,S9,S6|1
BASE_REFILL|2|3|S6,S2,S3|1
BASE_REFILL|2|3|S6,S2,S6|3
BASE_REFILL|2|3|S6,S3,S3|1
BASE_REFILL|2|3|S6,S3,S8|1
BASE_REFILL|2|3|S6,S4,S9|1
BASE_REFILL|2|3|S6,S5,S5|2
BASE_REFILL|2|3|S6,S5,S9|1
BASE_REFILL|2|3|S6,S6,S4|1
BASE_REFILL|2|3|S6,S6,S7|1
BASE_REFILL|2|3|S6,S6,S8|1
BASE_REFILL|2|3|S6,S7,S6|2
BASE_REFILL|2|3|S6,S7,S7|1
BASE_REFILL|2|3|S6,S7,S8|1
BASE_REFILL|2|3|S6,S7,S9|1
BASE_REFILL|2|3|S6,S8,S7|1
BASE_REFILL|2|3|S7,S1,S8|1
BASE_REFILL|2|3|S7,S2,S4|1
BASE_REFILL|2|3|S7,S2,S7|1
BASE_REFILL|2|3|S7,S3,S4|1
BASE_REFILL|2|3|S7,S3,S6|1
BASE_REFILL|2|3|S7,S5,S4|1
BASE_REFILL|2|3|S7,S5,S8|1
BASE_REFILL|2|3|S7,S6,S2|1
BASE_REFILL|2|3|S7,S6,S5|1
BASE_REFILL|2|3|S7,S7,S2|1
BASE_REFILL|2|3|S7,S7,S7|1
BASE_REFILL|2|3|S7,S7,S8|1
BASE_REFILL|2|3|S7,S8,S3|1
BASE_REFILL|2|3|S7,S8,S4|1
BASE_REFILL|2|3|S7,S9,S5|1
BASE_REFILL|2|3|S7,S9,S7|1
BASE_REFILL|2|3|S7,S9,S9|1
BASE_REFILL|2|3|S8,S1,S1|1
BASE_REFILL|2|3|S8,S1,S4|1
BASE_REFILL|2|3|S8,S2,S6|2
BASE_REFILL|2|3|S8,S3,S4|1
BASE_REFILL|2|3|S8,S3,S8|1
BASE_REFILL|2|3|S8,S3,S9|1
BASE_REFILL|2|3|S8,S4,S2|1
BASE_REFILL|2|3|S8,S4,S4|1
BASE_REFILL|2|3|S8,S4,S6|2
BASE_REFILL|2|3|S8,S4,S7|2
BASE_REFILL|2|3|S8,S5,S2|1
BASE_REFILL|2|3|S8,S5,S5|2
BASE_REFILL|2|3|S8,S6,S5|1
BASE_REFILL|2|3|S8,S7,S2|1
BASE_REFILL|2|3|S8,S7,S4|1
BASE_REFILL|2|3|S8,S7,S5|2
BASE_REFILL|2|3|S8,S7,S6|1
BASE_REFILL|2|3|S8,S8,S3|1
BASE_REFILL|2|3|S8,S8,S6|1
BASE_REFILL|2|3|S8,S8,S7|1
BASE_REFILL|2|3|S8,S9,S3|1
BASE_REFILL|2|3|S8,S9,S6|1
BASE_REFILL|2|3|S9,S2,S2|1
BASE_REFILL|2|3|S9,S2,S3|1
BASE_REFILL|2|3|S9,S2,S9|1
BASE_REFILL|2|3|S9,S4,S4|1
BASE_REFILL|2|3|S9,S4,S7|2
BASE_REFILL|2|3|S9,S5,S1|1
BASE_REFILL|2|3|S9,S5,S5|3
BASE_REFILL|2|3|S9,S6,S2|1
BASE_REFILL|2|3|S9,S8,S3|1
BASE_REFILL|2|3|S9,S9,S2|1
BASE_REFILL|2|3|S9,S9,S6|1
BASE_REFILL|2|3|S9,S9,S8|1
BASE_REFILL|2|3|S9,S9,S9|2
BASE_REFILL|2|4|S1,S3,S7,S8|1
BASE_REFILL|2|4|S1,S9,S2,S7|1
BASE_REFILL|2|4|S2,S2,S2,S7|1
BASE_REFILL|2|4|S2,S2,S4,S9|1
BASE_REFILL|2|4|S2,S2,S9,S3|1
BASE_REFILL|2|4|S2,S2,S9,S9|1
BASE_REFILL|2|4|S2,S4,S3,S5|1
BASE_REFILL|2|4|S2,S5,S4,S6|1
BASE_REFILL|2|4|S2,S7,S9,S4|1
BASE_REFILL|2|4|S2,S8,S6,S7|1
BASE_REFILL|2|4|S2,S8,S8,S5|1
BASE_REFILL|2|4|S2,S9,S9,S9|1
BASE_REFILL|2|4|S3,S1,S4,S2|1
BASE_REFILL|2|4|S3,S1,S4,S8|1
BASE_REFILL|2|4|S3,S2,S2,S9|1
BASE_REFILL|2|4|S3,S2,S4,S3|1
BASE_REFILL|2|4|S3,S7,S1,S3|1
BASE_REFILL|2|4|S3,S8,S8,S9|1
BASE_REFILL|2|4|S4,S2,S2,S9|1
BASE_REFILL|2|4|S4,S4,S6,S6|1
BASE_REFILL|2|4|S4,S4,S7,S7|1
BASE_REFILL|2|4|S4,S4,S9,S8|1
BASE_REFILL|2|4|S4,S5,S4,S2|1
BASE_REFILL|2|4|S4,S5,S4,S6|1
BASE_REFILL|2|4|S4,S6,S2,S3|1
BASE_REFILL|2|4|S4,S7,S5,S3|2
BASE_REFILL|2|4|S4,S8,S4,S3|1
BASE_REFILL|2|4|S4,S8,S5,S6|1
BASE_REFILL|2|4|S4,S8,S7,S7|1
BASE_REFILL|2|4|S4,S8,S8,S6|1
BASE_REFILL|2|4|S4,S9,S1,S3|1
BASE_REFILL|2|4|S4,S9,S3,S2|1
BASE_REFILL|2|4|S5,S1,S3,S4|1
BASE_REFILL|2|4|S5,S2,S2,S2|1
BASE_REFILL|2|4|S5,S4,S1,S8|1
BASE_REFILL|2|4|S5,S4,S3,S9|1
BASE_REFILL|2|4|S5,S4,S6,S4|1
BASE_REFILL|2|4|S5,S5,S7,S3|1
BASE_REFILL|2|4|S5,S5,S7,S4|1
BASE_REFILL|2|4|S5,S5,S7,S9|1
BASE_REFILL|2|4|S5,S6,S8,S7|1
BASE_REFILL|2|4|S5,S8,S5,S7|1
BASE_REFILL|2|4|S5,S9,S3,S9|1
BASE_REFILL|2|4|S6,S2,S9,S3|1
BASE_REFILL|2|4|S6,S5,S7,S3|1
BASE_REFILL|2|4|S6,S9,S2,S2|1
BASE_REFILL|2|4|S6,S9,S9,S4|1
BASE_REFILL|2|4|S7,S3,S6,S6|1
BASE_REFILL|2|4|S7,S4,S5,S5|1
BASE_REFILL|2|4|S7,S4,S7,S5|1
BASE_REFILL|2|4|S7,S6,S6,S7|1
BASE_REFILL|2|4|S7,S6,S9,S7|1
BASE_REFILL|2|4|S7,S7,S6,S3|1
BASE_REFILL|2|4|S7,S7,S7,S7|1
BASE_REFILL|2|4|S7,S8,S2,S2|1
BASE_REFILL|2|4|S7,S8,S7,S4|1
BASE_REFILL|2|4|S7,S8,S8,S7|1
BASE_REFILL|2|4|S7,S8,S9,S4|1
BASE_REFILL|2|4|S8,S2,S3,S8|1
BASE_REFILL|2|4|S8,S6,S4,S5|1
BASE_REFILL|2|4|S8,S8,S1,S6|1
BASE_REFILL|2|4|S8,S8,S3,S2|1
BASE_REFILL|2|4|S8,S8,S3,S3|1
BASE_REFILL|2|4|S8,S8,S7,S9|1
BASE_REFILL|2|4|S9,S1,S6,S6|1
BASE_REFILL|2|4|S9,S6,S6,S7|1
BASE_REFILL|2|4|S9,S7,S2,S2|1
BASE_REFILL|2|4|S9,S9,S2,S3|1
BASE_REFILL|2|4|S9,S9,S9,S5|1
BASE_REFILL|2|5|S2,S3,S1,S4,S3|1
BASE_REFILL|2|5|S2,S6,S4,S8,S4|1
BASE_REFILL|2|5|S2,S8,S2,S8,S6|1
BASE_REFILL|2|5|S3,S3,S3,S3,S5|1
BASE_REFILL|2|5|S3,S3,S7,S5,S1|1
BASE_REFILL|2|5|S5,S3,S5,S5,S4|1
BASE_REFILL|2|5|S6,S1,S5,S6,S8|2
BASE_REFILL|2|5|S6,S4,S3,S6,S4|1
BASE_REFILL|2|5|S7,S1,S6,S6,S1|1
BASE_REFILL|2|5|S7,S3,S2,S4,S9|1
BASE_REFILL|2|5|S8,S9,S6,S2,S6|1
BASE_REFILL|2|5|S9,S4,S3,S2,S4|1
BASE_REFILL|2|5|S9,S8,S2,S9,S2|1
BASE_REFILL|3|1|S1|2
BASE_REFILL|3|1|S2|41
BASE_REFILL|3|1|S3|47
BASE_REFILL|3|1|S4|31
BASE_REFILL|3|1|S5|42
BASE_REFILL|3|1|S6|39
BASE_REFILL|3|1|S7|47
BASE_REFILL|3|1|S8|35
BASE_REFILL|3|1|S9|27
BASE_REFILL|3|2|S1,S2|2
BASE_REFILL|3|2|S1,S5|1
BASE_REFILL|3|2|S1,S6|1
BASE_REFILL|3|2|S1,S8|1
BASE_REFILL|3|2|S1,S9|1
BASE_REFILL|3|2|S2,S2|5
BASE_REFILL|3|2|S2,S3|4
BASE_REFILL|3|2|S2,S4|4
BASE_REFILL|3|2|S2,S5|2
BASE_REFILL|3|2|S2,S6|1
BASE_REFILL|3|2|S2,S7|2
BASE_REFILL|3|2|S2,S8|2
BASE_REFILL|3|2|S2,S9|10
BASE_REFILL|3|2|S3,S2|10
BASE_REFILL|3|2|S3,S3|5
BASE_REFILL|3|2|S3,S4|6
BASE_REFILL|3|2|S3,S5|7
BASE_REFILL|3|2|S3,S6|6
BASE_REFILL|3|2|S3,S7|2
BASE_REFILL|3|2|S3,S8|5
BASE_REFILL|3|2|S4,S1|2
BASE_REFILL|3|2|S4,S2|2
BASE_REFILL|3|2|S4,S3|2
BASE_REFILL|3|2|S4,S4|7
BASE_REFILL|3|2|S4,S5|9
BASE_REFILL|3|2|S4,S6|3
BASE_REFILL|3|2|S4,S7|1
BASE_REFILL|3|2|S4,S9|5
BASE_REFILL|3|2|S5,S1|1
BASE_REFILL|3|2|S5,S2|3
BASE_REFILL|3|2|S5,S3|3
BASE_REFILL|3|2|S5,S4|2
BASE_REFILL|3|2|S5,S5|7
BASE_REFILL|3|2|S5,S6|3
BASE_REFILL|3|2|S5,S7|4
BASE_REFILL|3|2|S5,S8|5
BASE_REFILL|3|2|S5,S9|3
BASE_REFILL|3|2|S6,S1|1
BASE_REFILL|3|2|S6,S2|4
BASE_REFILL|3|2|S6,S3|1
BASE_REFILL|3|2|S6,S4|2
BASE_REFILL|3|2|S6,S5|3
BASE_REFILL|3|2|S6,S6|6
BASE_REFILL|3|2|S6,S7|2
BASE_REFILL|3|2|S6,S8|2
BASE_REFILL|3|2|S6,S9|3
BASE_REFILL|3|2|S7,S1|1
BASE_REFILL|3|2|S7,S2|5
BASE_REFILL|3|2|S7,S3|3
BASE_REFILL|3|2|S7,S4|4
BASE_REFILL|3|2|S7,S5|4
BASE_REFILL|3|2|S7,S6|3
BASE_REFILL|3|2|S7,S7|3
BASE_REFILL|3|2|S7,S8|2
BASE_REFILL|3|2|S7,S9|1
BASE_REFILL|3|2|S8,S2|2
BASE_REFILL|3|2|S8,S3|1
BASE_REFILL|3|2|S8,S4|5
BASE_REFILL|3|2|S8,S5|2
BASE_REFILL|3|2|S8,S6|2
BASE_REFILL|3|2|S8,S7|5
BASE_REFILL|3|2|S8,S8|5
BASE_REFILL|3|2|S8,S9|4
BASE_REFILL|3|2|S9,S2|1
BASE_REFILL|3|2|S9,S3|9
BASE_REFILL|3|2|S9,S4|2
BASE_REFILL|3|2|S9,S6|3
BASE_REFILL|3|2|S9,S7|1
BASE_REFILL|3|2|S9,S8|4
BASE_REFILL|3|2|S9,S9|4
BASE_REFILL|3|3|S1,S3,S6|1
BASE_REFILL|3|3|S1,S4,S4|1
BASE_REFILL|3|3|S1,S5,S5|1
BASE_REFILL|3|3|S1,S5,S9|1
BASE_REFILL|3|3|S1,S7,S9|1
BASE_REFILL|3|3|S1,S9,S5|1
BASE_REFILL|3|3|S2,S2,S2|3
BASE_REFILL|3|3|S2,S2,S3|1
BASE_REFILL|3|3|S2,S3,S3|1
BASE_REFILL|3|3|S2,S3,S5|1
BASE_REFILL|3|3|S2,S3,S6|1
BASE_REFILL|3|3|S2,S3,S7|1
BASE_REFILL|3|3|S2,S4,S7|2
BASE_REFILL|3|3|S2,S5,S5|1
BASE_REFILL|3|3|S2,S6,S2|2
BASE_REFILL|3|3|S2,S6,S3|2
BASE_REFILL|3|3|S2,S6,S6|1
BASE_REFILL|3|3|S2,S7,S5|1
BASE_REFILL|3|3|S2,S7,S7|1
BASE_REFILL|3|3|S2,S8,S2|1
BASE_REFILL|3|3|S2,S8,S7|1
BASE_REFILL|3|3|S2,S9,S2|1
BASE_REFILL|3|3|S3,S2,S1|1
BASE_REFILL|3|3|S3,S2,S2|1
BASE_REFILL|3|3|S3,S2,S6|1
BASE_REFILL|3|3|S3,S2,S7|1
BASE_REFILL|3|3|S3,S4,S5|1
BASE_REFILL|3|3|S3,S6,S4|1
BASE_REFILL|3|3|S3,S6,S6|1
BASE_REFILL|3|3|S3,S6,S8|1
BASE_REFILL|3|3|S3,S8,S8|1
BASE_REFILL|3|3|S3,S9,S3|1
BASE_REFILL|3|3|S3,S9,S4|1
BASE_REFILL|3|3|S3,S9,S6|1
BASE_REFILL|3|3|S4,S1,S2|2
BASE_REFILL|3|3|S4,S1,S7|1
BASE_REFILL|3|3|S4,S3,S4|1
BASE_REFILL|3|3|S4,S4,S2|1
BASE_REFILL|3|3|S4,S4,S3|2
BASE_REFILL|3|3|S4,S4,S4|2
BASE_REFILL|3|3|S4,S4,S6|1
BASE_REFILL|3|3|S4,S4,S9|1
BASE_REFILL|3|3|S4,S5,S6|1
BASE_REFILL|3|3|S4,S6,S6|2
BASE_REFILL|3|3|S4,S6,S8|1
BASE_REFILL|3|3|S4,S7,S3|1
BASE_REFILL|3|3|S4,S7,S5|1
BASE_REFILL|3|3|S4,S7,S7|1
BASE_REFILL|3|3|S4,S9,S4|1
BASE_REFILL|3|3|S4,S9,S5|1
BASE_REFILL|3|3|S4,S9,S7|2
BASE_REFILL|3|3|S4,S9,S8|1
BASE_REFILL|3|3|S4,S9,S9|1
BASE_REFILL|3|3|S5,S1,S1|1
BASE_REFILL|3|3|S5,S3,S9|1
BASE_REFILL|3|3|S5,S4,S4|2
BASE_REFILL|3|3|S5,S4,S5|1
BASE_REFILL|3|3|S5,S4,S6|1
BASE_REFILL|3|3|S5,S5,S7|1
BASE_REFILL|3|3|S5,S6,S4|1
BASE_REFILL|3|3|S5,S7,S1|1
BASE_REFILL|3|3|S5,S7,S3|1
BASE_REFILL|3|3|S5,S7,S7|1
BASE_REFILL|3|3|S5,S8,S2|1
BASE_REFILL|3|3|S5,S8,S3|1
BASE_REFILL|3|3|S5,S8,S6|1
BASE_REFILL|3|3|S5,S9,S9|2
BASE_REFILL|3|3|S6,S3,S7|1
BASE_REFILL|3|3|S6,S4,S4|1
BASE_REFILL|3|3|S6,S5,S1|1
BASE_REFILL|3|3|S6,S5,S5|1
BASE_REFILL|3|3|S6,S6,S4|1
BASE_REFILL|3|3|S6,S6,S5|3
BASE_REFILL|3|3|S6,S7,S3|1
BASE_REFILL|3|3|S6,S7,S7|1
BASE_REFILL|3|3|S6,S7,S8|1
BASE_REFILL|3|3|S6,S8,S5|1
BASE_REFILL|3|3|S6,S8,S6|2
BASE_REFILL|3|3|S6,S8,S8|2
BASE_REFILL|3|3|S6,S9,S7|1
BASE_REFILL|3|3|S7,S1,S1|1
BASE_REFILL|3|3|S7,S2,S7|1
BASE_REFILL|3|3|S7,S2,S9|1
BASE_REFILL|3|3|S7,S3,S3|1
BASE_REFILL|3|3|S7,S3,S4|1
BASE_REFILL|3|3|S7,S4,S4|1
BASE_REFILL|3|3|S7,S4,S6|1
BASE_REFILL|3|3|S7,S4,S7|1
BASE_REFILL|3|3|S7,S4,S8|1
BASE_REFILL|3|3|S7,S5,S7|1
BASE_REFILL|3|3|S7,S6,S2|1
BASE_REFILL|3|3|S7,S6,S8|1
BASE_REFILL|3|3|S7,S7,S6|1
BASE_REFILL|3|3|S7,S9,S4|1
BASE_REFILL|3|3|S8,S1,S6|1
BASE_REFILL|3|3|S8,S2,S3|1
BASE_REFILL|3|3|S8,S2,S5|1
BASE_REFILL|3|3|S8,S3,S3|1
BASE_REFILL|3|3|S8,S3,S7|1
BASE_REFILL|3|3|S8,S3,S8|1
BASE_REFILL|3|3|S8,S3,S9|2
BASE_REFILL|3|3|S8,S5,S4|2
BASE_REFILL|3|3|S8,S5,S6|1
BASE_REFILL|3|3|S8,S6,S6|1
BASE_REFILL|3|3|S8,S6,S7|1
BASE_REFILL|3|3|S8,S7,S2|1
BASE_REFILL|3|3|S8,S8,S4|1
BASE_REFILL|3|3|S8,S8,S8|1
BASE_REFILL|3|3|S8,S9,S7|1
BASE_REFILL|3|3|S9,S1,S4|1
BASE_REFILL|3|3|S9,S3,S2|1
BASE_REFILL|3|3|S9,S3,S3|1
BASE_REFILL|3|3|S9,S3,S5|1
BASE_REFILL|3|3|S9,S3,S7|1
BASE_REFILL|3|3|S9,S4,S4|3
BASE_REFILL|3|3|S9,S4,S9|1
BASE_REFILL|3|3|S9,S5,S7|1
BASE_REFILL|3|3|S9,S6,S6|1
BASE_REFILL|3|3|S9,S6,S8|1
BASE_REFILL|3|3|S9,S7,S4|1
BASE_REFILL|3|3|S9,S7,S6|1
BASE_REFILL|3|3|S9,S8,S2|1
BASE_REFILL|3|3|S9,S8,S4|1
BASE_REFILL|3|4|S2,S3,S9,S5|1
BASE_REFILL|3|4|S2,S6,S5,S4|1
BASE_REFILL|3|4|S2,S6,S5,S6|1
BASE_REFILL|3|4|S2,S7,S3,S6|2
BASE_REFILL|3|4|S2,S8,S3,S4|1
BASE_REFILL|3|4|S2,S8,S8,S9|1
BASE_REFILL|3|4|S3,S2,S5,S6|1
BASE_REFILL|3|4|S3,S4,S3,S3|1
BASE_REFILL|3|4|S3,S5,S8,S9|1
BASE_REFILL|3|4|S3,S6,S7,S2|1
BASE_REFILL|3|4|S3,S7,S2,S9|1
BASE_REFILL|3|4|S3,S8,S9,S4|1
BASE_REFILL|3|4|S4,S3,S2,S3|1
BASE_REFILL|3|4|S4,S6,S6,S7|1
BASE_REFILL|3|4|S4,S6,S9,S6|1
BASE_REFILL|3|4|S4,S8,S1,S3|1
BASE_REFILL|3|4|S5,S5,S2,S5|1
BASE_REFILL|3|4|S5,S5,S8,S6|1
BASE_REFILL|3|4|S5,S7,S4,S5|1
BASE_REFILL|3|4|S5,S7,S7,S9|1
BASE_REFILL|3|4|S5,S9,S9,S9|1
BASE_REFILL|3|4|S6,S2,S8,S4|1
BASE_REFILL|3|4|S6,S3,S3,S8|1
BASE_REFILL|3|4|S6,S5,S1,S9|1
BASE_REFILL|3|4|S6,S6,S4,S9|1
BASE_REFILL|3|4|S6,S9,S3,S9|1
BASE_REFILL|3|4|S7,S3,S5,S3|1
BASE_REFILL|3|4|S7,S6,S6,S4|1
BASE_REFILL|3|4|S7,S7,S7,S8|1
BASE_REFILL|3|4|S8,S2,S3,S2|1
BASE_REFILL|3|4|S8,S4,S2,S7|1
BASE_REFILL|3|4|S8,S4,S4,S4|1
BASE_REFILL|3|4|S8,S5,S2,S9|1
BASE_REFILL|3|4|S8,S5,S4,S4|1
BASE_REFILL|3|4|S8,S5,S6,S2|1
BASE_REFILL|3|4|S8,S7,S8,S2|1
BASE_REFILL|3|4|S8,S9,S3,S3|1
BASE_REFILL|3|4|S8,S9,S6,S2|1
BASE_REFILL|3|5|S3,S5,S5,S3,S1|1
BASE_REFILL|3|5|S4,S5,S8,S7,S8|1
BASE_REFILL|3|5|S5,S2,S7,S4,S7|1
BASE_REFILL|3|5|S7,S9,S8,S6,S9|1
BASE_REFILL|3|5|S8,S2,S3,S6,S5|1
BASE_REFILL|3|5|S8,S4,S3,S2,S4|1
BASE_REFILL|3|5|S8,S9,S9,S3,S2|1
BASE_REFILL|3|5|S8,S9,S9,S6,S1|1
BASE_REFILL|3|5|S9,S2,S2,S1,S6|2
BASE_REFILL|3|5|S9,S2,S7,S4,S4|1
BASE_REFILL|3|5|S9,S4,S8,S4,S3|1
BASE_REFILL|4|1|S1|7
BASE_REFILL|4|1|S2|35
BASE_REFILL|4|1|S3|19
BASE_REFILL|4|1|S4|20
BASE_REFILL|4|1|S5|24
BASE_REFILL|4|1|S6|17
BASE_REFILL|4|1|S7|31
BASE_REFILL|4|1|S8|29
BASE_REFILL|4|1|S9|32
BASE_REFILL|4|2|S1,S2|1
BASE_REFILL|4|2|S2,S1|1
BASE_REFILL|4|2|S2,S2|5
BASE_REFILL|4|2|S2,S5|1
BASE_REFILL|4|2|S2,S6|2
BASE_REFILL|4|2|S2,S7|4
BASE_REFILL|4|2|S2,S8|4
BASE_REFILL|4|2|S2,S9|1
BASE_REFILL|4|2|S3,S2|3
BASE_REFILL|4|2|S3,S3|3
BASE_REFILL|4|2|S3,S4|1
BASE_REFILL|4|2|S3,S5|2
BASE_REFILL|4|2|S3,S6|2
BASE_REFILL|4|2|S3,S7|3
BASE_REFILL|4|2|S3,S8|2
BASE_REFILL|4|2|S3,S9|2
BASE_REFILL|4|2|S4,S1|1
BASE_REFILL|4|2|S4,S2|4
BASE_REFILL|4|2|S4,S3|3
BASE_REFILL|4|2|S4,S4|5
BASE_REFILL|4|2|S4,S5|1
BASE_REFILL|4|2|S4,S6|1
BASE_REFILL|4|2|S4,S7|1
BASE_REFILL|4|2|S4,S8|4
BASE_REFILL|4|2|S4,S9|3
BASE_REFILL|4|2|S5,S2|1
BASE_REFILL|4|2|S5,S3|1
BASE_REFILL|4|2|S5,S4|1
BASE_REFILL|4|2|S5,S8|1
BASE_REFILL|4|2|S5,S9|1
BASE_REFILL|4|2|S6,S2|1
BASE_REFILL|4|2|S6,S3|4
BASE_REFILL|4|2|S6,S4|1
BASE_REFILL|4|2|S6,S5|2
BASE_REFILL|4|2|S6,S7|5
BASE_REFILL|4|2|S6,S8|1
BASE_REFILL|4|2|S6,S9|2
BASE_REFILL|4|2|S7,S2|4
BASE_REFILL|4|2|S7,S3|2
BASE_REFILL|4|2|S7,S5|3
BASE_REFILL|4|2|S7,S6|1
BASE_REFILL|4|2|S7,S7|2
BASE_REFILL|4|2|S7,S8|4
BASE_REFILL|4|2|S7,S9|7
BASE_REFILL|4|2|S8,S1|1
BASE_REFILL|4|2|S8,S3|1
BASE_REFILL|4|2|S8,S4|3
BASE_REFILL|4|2|S8,S6|1
BASE_REFILL|4|2|S8,S7|3
BASE_REFILL|4|2|S8,S9|2
BASE_REFILL|4|2|S9,S2|1
BASE_REFILL|4|2|S9,S3|1
BASE_REFILL|4|2|S9,S5|2
BASE_REFILL|4|2|S9,S6|1
BASE_REFILL|4|2|S9,S7|3
BASE_REFILL|4|2|S9,S9|2
BASE_REFILL|4|3|S2,S2,S2|2
BASE_REFILL|4|3|S2,S3,S2|1
BASE_REFILL|4|3|S2,S6,S4|1
BASE_REFILL|4|3|S2,S6,S6|1
BASE_REFILL|4|3|S2,S6,S8|1
BASE_REFILL|4|3|S2,S7,S7|1
BASE_REFILL|4|3|S2,S8,S8|1
BASE_REFILL|4|3|S3,S2,S4|1
BASE_REFILL|4|3|S3,S3,S5|1
BASE_REFILL|4|3|S3,S3,S8|2
BASE_REFILL|4|3|S3,S4,S4|1
BASE_REFILL|4|3|S3,S7,S6|1
BASE_REFILL|4|3|S4,S2,S9|1
BASE_REFILL|4|3|S4,S4,S5|1
BASE_REFILL|4|3|S4,S4,S8|1
BASE_REFILL|4|3|S4,S4,S9|2
BASE_REFILL|4|3|S4,S5,S1|1
BASE_REFILL|4|3|S4,S6,S8|1
BASE_REFILL|4|3|S4,S8,S5|1
BASE_REFILL|4|3|S4,S8,S6|1
BASE_REFILL|4|3|S4,S8,S7|1
BASE_REFILL|4|3|S4,S8,S8|1
BASE_REFILL|4|3|S5,S2,S4|1
BASE_REFILL|4|3|S5,S2,S5|1
BASE_REFILL|4|3|S5,S2,S8|1
BASE_REFILL|4|3|S5,S3,S3|2
BASE_REFILL|4|3|S5,S3,S5|1
BASE_REFILL|4|3|S5,S3,S6|2
BASE_REFILL|4|3|S5,S3,S9|1
BASE_REFILL|4|3|S5,S6,S2|1
BASE_REFILL|4|3|S5,S9,S6|1
BASE_REFILL|4|3|S5,S9,S7|1
BASE_REFILL|4|3|S6,S1,S4|1
BASE_REFILL|4|3|S6,S3,S6|1
BASE_REFILL|4|3|S6,S3,S7|1
BASE_REFILL|4|3|S6,S4,S5|1
BASE_REFILL|4|3|S6,S4,S7|1
BASE_REFILL|4|3|S6,S5,S4|1
BASE_REFILL|4|3|S6,S5,S5|1
BASE_REFILL|4|3|S6,S6,S6|1
BASE_REFILL|4|3|S6,S7,S4|1
BASE_REFILL|4|3|S6,S9,S5|1
BASE_REFILL|4|3|S7,S3,S4|1
BASE_REFILL|4|3|S7,S7,S6|1
BASE_REFILL|4|3|S7,S8,S4|1
BASE_REFILL|4|3|S8,S3,S3|1
BASE_REFILL|4|3|S8,S3,S8|1
BASE_REFILL|4|3|S8,S5,S6|1
BASE_REFILL|4|3|S8,S5,S8|1
BASE_REFILL|4|3|S8,S6,S7|1
BASE_REFILL|4|3|S8,S7,S5|1
BASE_REFILL|4|3|S8,S8,S8|1
BASE_REFILL|4|3|S8,S9,S1|1
BASE_REFILL|4|3|S9,S2,S7|1
BASE_REFILL|4|3|S9,S2,S8|1
BASE_REFILL|4|3|S9,S6,S6|1
BASE_REFILL|4|3|S9,S8,S5|1
BASE_REFILL|4|3|S9,S9,S5|1
BASE_REFILL|4|3|S9,S9,S9|1
BASE_REFILL|4|4|S1,S9,S9,S5|1
BASE_REFILL|4|4|S3,S3,S3,S3|1
BASE_REFILL|4|4|S3,S6,S3,S4|1
BASE_REFILL|4|4|S4,S4,S6,S7|1
BASE_REFILL|4|4|S4,S6,S6,S3|1
BASE_REFILL|4|4|S4,S7,S8,S1|1
BASE_REFILL|4|4|S4,S7,S9,S6|2
BASE_REFILL|4|4|S4,S8,S3,S5|1
BASE_REFILL|4|4|S5,S2,S6,S6|1
BASE_REFILL|4|4|S6,S6,S6,S3|1
BASE_REFILL|4|4|S6,S8,S8,S9|1
BASE_REFILL|4|4|S7,S3,S3,S3|1
BASE_REFILL|4|4|S8,S7,S6,S9|1
BASE_REFILL|4|4|S8,S7,S9,S3|1
BASE_REFILL|4|4|S9,S6,S2,S7|1
BASE_REFILL|4|5|S2,S8,S2,S8,S8|1
BASE_REFILL|4|5|S6,S9,S6,S3,S9|1
EARTH_CASCADE_REFILL|0|1|S1|5
EARTH_CASCADE_REFILL|0|1|S2|25
EARTH_CASCADE_REFILL|0|1|S3|29
EARTH_CASCADE_REFILL|0|1|S4|18
EARTH_CASCADE_REFILL|0|1|S5|17
EARTH_CASCADE_REFILL|0|1|S6|18
EARTH_CASCADE_REFILL|0|1|S7|28
EARTH_CASCADE_REFILL|0|1|S8|14
EARTH_CASCADE_REFILL|0|1|S9|23
EARTH_CASCADE_REFILL|0|2|S1,S4|1
EARTH_CASCADE_REFILL|0|2|S1,S5|1
EARTH_CASCADE_REFILL|0|2|S1,S8|2
EARTH_CASCADE_REFILL|0|2|S2,S1|1
EARTH_CASCADE_REFILL|0|2|S2,S2|4
EARTH_CASCADE_REFILL|0|2|S2,S3|3
EARTH_CASCADE_REFILL|0|2|S2,S4|2
EARTH_CASCADE_REFILL|0|2|S2,S6|4
EARTH_CASCADE_REFILL|0|2|S2,S7|6
EARTH_CASCADE_REFILL|0|2|S2,S8|3
EARTH_CASCADE_REFILL|0|2|S2,S9|3
EARTH_CASCADE_REFILL|0|2|S3,S2|2
EARTH_CASCADE_REFILL|0|2|S3,S3|5
EARTH_CASCADE_REFILL|0|2|S3,S4|2
EARTH_CASCADE_REFILL|0|2|S3,S5|1
EARTH_CASCADE_REFILL|0|2|S3,S6|1
EARTH_CASCADE_REFILL|0|2|S3,S7|1
EARTH_CASCADE_REFILL|0|2|S3,S8|3
EARTH_CASCADE_REFILL|0|2|S3,S9|3
EARTH_CASCADE_REFILL|0|2|S4,S2|2
EARTH_CASCADE_REFILL|0|2|S4,S3|1
EARTH_CASCADE_REFILL|0|2|S4,S5|2
EARTH_CASCADE_REFILL|0|2|S4,S6|1
EARTH_CASCADE_REFILL|0|2|S4,S9|1
EARTH_CASCADE_REFILL|0|2|S5,S2|2
EARTH_CASCADE_REFILL|0|2|S5,S3|1
EARTH_CASCADE_REFILL|0|2|S5,S5|3
EARTH_CASCADE_REFILL|0|2|S5,S6|1
EARTH_CASCADE_REFILL|0|2|S5,S7|1
EARTH_CASCADE_REFILL|0|2|S5,S8|2
EARTH_CASCADE_REFILL|0|2|S5,S9|1
EARTH_CASCADE_REFILL|0|2|S6,S1|1
EARTH_CASCADE_REFILL|0|2|S6,S2|4
EARTH_CASCADE_REFILL|0|2|S6,S3|1
EARTH_CASCADE_REFILL|0|2|S6,S4|2
EARTH_CASCADE_REFILL|0|2|S6,S5|1
EARTH_CASCADE_REFILL|0|2|S6,S6|1
EARTH_CASCADE_REFILL|0|2|S6,S7|1
EARTH_CASCADE_REFILL|0|2|S6,S8|5
EARTH_CASCADE_REFILL|0|2|S6,S9|1
EARTH_CASCADE_REFILL|0|2|S7,S2|2
EARTH_CASCADE_REFILL|0|2|S7,S5|2
EARTH_CASCADE_REFILL|0|2|S7,S6|2
EARTH_CASCADE_REFILL|0|2|S7,S7|2
EARTH_CASCADE_REFILL|0|2|S7,S8|2
EARTH_CASCADE_REFILL|0|2|S7,S9|2
EARTH_CASCADE_REFILL|0|2|S8,S1|1
EARTH_CASCADE_REFILL|0|2|S8,S2|2
EARTH_CASCADE_REFILL|0|2|S8,S4|5
EARTH_CASCADE_REFILL|0|2|S8,S5|2
EARTH_CASCADE_REFILL|0|2|S8,S6|3
EARTH_CASCADE_REFILL|0|2|S8,S7|2
EARTH_CASCADE_REFILL|0|2|S8,S8|3
EARTH_CASCADE_REFILL|0|2|S9,S2|2
EARTH_CASCADE_REFILL|0|2|S9,S3|2
EARTH_CASCADE_REFILL|0|2|S9,S4|1
EARTH_CASCADE_REFILL|0|2|S9,S5|3
EARTH_CASCADE_REFILL|0|2|S9,S7|3
EARTH_CASCADE_REFILL|0|2|S9,S8|1
EARTH_CASCADE_REFILL|0|2|S9,S9|2
EARTH_CASCADE_REFILL|0|3|S2,S2,S2|1
EARTH_CASCADE_REFILL|0|3|S2,S2,S5|1
EARTH_CASCADE_REFILL|0|3|S2,S2,S8|1
EARTH_CASCADE_REFILL|0|3|S2,S2,S9|1
EARTH_CASCADE_REFILL|0|3|S2,S3,S3|1
EARTH_CASCADE_REFILL|0|3|S2,S4,S3|1
EARTH_CASCADE_REFILL|0|3|S2,S4,S5|1
EARTH_CASCADE_REFILL|0|3|S2,S4,S7|1
EARTH_CASCADE_REFILL|0|3|S2,S6,S4|1
EARTH_CASCADE_REFILL|0|3|S2,S6,S6|3
EARTH_CASCADE_REFILL|0|3|S2,S7,S7|1
EARTH_CASCADE_REFILL|0|3|S2,S8,S1|1
EARTH_CASCADE_REFILL|0|3|S2,S8,S6|1
EARTH_CASCADE_REFILL|0|3|S3,S2,S2|1
EARTH_CASCADE_REFILL|0|3|S3,S2,S3|1
EARTH_CASCADE_REFILL|0|3|S3,S3,S2|2
EARTH_CASCADE_REFILL|0|3|S3,S3,S7|1
EARTH_CASCADE_REFILL|0|3|S3,S3,S8|1
EARTH_CASCADE_REFILL|0|3|S3,S4,S2|1
EARTH_CASCADE_REFILL|0|3|S3,S4,S5|1
EARTH_CASCADE_REFILL|0|3|S3,S7,S3|2
EARTH_CASCADE_REFILL|0|3|S3,S7,S8|2
EARTH_CASCADE_REFILL|0|3|S3,S7,S9|1
EARTH_CASCADE_REFILL|0|3|S3,S8,S3|1
EARTH_CASCADE_REFILL|0|3|S4,S2,S5|1
EARTH_CASCADE_REFILL|0|3|S4,S2,S8|1
EARTH_CASCADE_REFILL|0|3|S4,S4,S5|1
EARTH_CASCADE_REFILL|0|3|S4,S5,S4|1
EARTH_CASCADE_REFILL|0|3|S4,S5,S5|1
EARTH_CASCADE_REFILL|0|3|S4,S6,S4|1
EARTH_CASCADE_REFILL|0|3|S4,S6,S5|1
EARTH_CASCADE_REFILL|0|3|S4,S7,S9|1
EARTH_CASCADE_REFILL|0|3|S4,S8,S1|1
EARTH_CASCADE_REFILL|0|3|S4,S8,S3|1
EARTH_CASCADE_REFILL|0|3|S4,S8,S8|1
EARTH_CASCADE_REFILL|0|3|S4,S8,S9|1
EARTH_CASCADE_REFILL|0|3|S4,S9,S3|1
EARTH_CASCADE_REFILL|0|3|S5,S2,S1|1
EARTH_CASCADE_REFILL|0|3|S5,S3,S8|1
EARTH_CASCADE_REFILL|0|3|S5,S4,S9|1
EARTH_CASCADE_REFILL|0|3|S5,S5,S1|1
EARTH_CASCADE_REFILL|0|3|S5,S5,S2|1
EARTH_CASCADE_REFILL|0|3|S5,S5,S5|1
EARTH_CASCADE_REFILL|0|3|S5,S5,S6|1
EARTH_CASCADE_REFILL|0|3|S5,S6,S9|2
EARTH_CASCADE_REFILL|0|3|S5,S7,S6|2
EARTH_CASCADE_REFILL|0|3|S5,S8,S4|1
EARTH_CASCADE_REFILL|0|3|S5,S8,S5|1
EARTH_CASCADE_REFILL|0|3|S5,S8,S9|1
EARTH_CASCADE_REFILL|0|3|S5,S9,S6|1
EARTH_CASCADE_REFILL|0|3|S6,S2,S2|1
EARTH_CASCADE_REFILL|0|3|S6,S4,S7|1
EARTH_CASCADE_REFILL|0|3|S6,S5,S4|1
EARTH_CASCADE_REFILL|0|3|S6,S6,S7|1
EARTH_CASCADE_REFILL|0|3|S6,S6,S9|1
EARTH_CASCADE_REFILL|0|3|S6,S7,S2|1
EARTH_CASCADE_REFILL|0|3|S6,S9,S7|1
EARTH_CASCADE_REFILL|0|3|S7,S2,S5|1
EARTH_CASCADE_REFILL|0|3|S7,S2,S6|1
EARTH_CASCADE_REFILL|0|3|S7,S3,S3|1
EARTH_CASCADE_REFILL|0|3|S7,S5,S6|1
EARTH_CASCADE_REFILL|0|3|S7,S5,S7|1
EARTH_CASCADE_REFILL|0|3|S8,S3,S9|1
EARTH_CASCADE_REFILL|0|3|S8,S4,S5|1
EARTH_CASCADE_REFILL|0|3|S8,S4,S6|1
EARTH_CASCADE_REFILL|0|3|S8,S5,S7|1
EARTH_CASCADE_REFILL|0|3|S8,S7,S4|1
EARTH_CASCADE_REFILL|0|3|S8,S8,S3|1
EARTH_CASCADE_REFILL|0|3|S9,S4,S3|1
EARTH_CASCADE_REFILL|0|3|S9,S4,S6|1
EARTH_CASCADE_REFILL|0|3|S9,S4,S8|1
EARTH_CASCADE_REFILL|0|3|S9,S7,S3|1
EARTH_CASCADE_REFILL|0|3|S9,S8,S2|1
EARTH_CASCADE_REFILL|0|3|S9,S9,S3|1
EARTH_CASCADE_REFILL|0|4|S3,S2,S9,S7|1
EARTH_CASCADE_REFILL|0|4|S3,S3,S5,S3|1
EARTH_CASCADE_REFILL|0|4|S3,S4,S4,S4|1
EARTH_CASCADE_REFILL|0|4|S3,S7,S2,S2|1
EARTH_CASCADE_REFILL|0|4|S3,S7,S2,S3|1
EARTH_CASCADE_REFILL|0|4|S3,S8,S9,S7|1
EARTH_CASCADE_REFILL|0|4|S4,S3,S5,S4|1
EARTH_CASCADE_REFILL|0|4|S4,S3,S8,S4|1
EARTH_CASCADE_REFILL|0|4|S4,S3,S9,S8|1
EARTH_CASCADE_REFILL|0|4|S4,S5,S2,S4|1
EARTH_CASCADE_REFILL|0|4|S5,S1,S8,S7|1
EARTH_CASCADE_REFILL|0|4|S6,S3,S3,S7|1
EARTH_CASCADE_REFILL|0|4|S6,S6,S8,S3|1
EARTH_CASCADE_REFILL|0|4|S7,S2,S9,S8|1
EARTH_CASCADE_REFILL|0|4|S7,S5,S3,S9|1
EARTH_CASCADE_REFILL|0|4|S7,S5,S7,S3|1
EARTH_CASCADE_REFILL|0|4|S7,S6,S8,S6|1
EARTH_CASCADE_REFILL|0|4|S7,S7,S7,S6|1
EARTH_CASCADE_REFILL|0|4|S7,S7,S8,S6|1
EARTH_CASCADE_REFILL|0|4|S8,S2,S4,S1|1
EARTH_CASCADE_REFILL|0|4|S8,S3,S3,S8|1
EARTH_CASCADE_REFILL|0|4|S8,S4,S3,S1|1
EARTH_CASCADE_REFILL|0|4|S8,S5,S2,S8|1
EARTH_CASCADE_REFILL|0|4|S8,S8,S6,S4|2
EARTH_CASCADE_REFILL|0|4|S9,S2,S8,S8|1
EARTH_CASCADE_REFILL|0|4|S9,S3,S8,S7|1
EARTH_CASCADE_REFILL|0|4|S9,S4,S5,S4|1
EARTH_CASCADE_REFILL|0|4|S9,S9,S2,S9|1
EARTH_CASCADE_REFILL|0|5|S2,S3,S7,S6,S6|1
EARTH_CASCADE_REFILL|0|5|S2,S6,S4,S4,S3|1
EARTH_CASCADE_REFILL|0|5|S4,S2,S6,S5,S7|1
EARTH_CASCADE_REFILL|0|5|S7,S2,S4,S7,S2|1
EARTH_CASCADE_REFILL|0|5|S8,S7,S9,S3,S2|1
EARTH_CASCADE_REFILL|0|5|S9,S9,S4,S6,S7|1
EARTH_CASCADE_REFILL|1|1|S1|15
EARTH_CASCADE_REFILL|1|1|S2|42
EARTH_CASCADE_REFILL|1|1|S3|25
EARTH_CASCADE_REFILL|1|1|S4|40
EARTH_CASCADE_REFILL|1|1|S5|29
EARTH_CASCADE_REFILL|1|1|S6|32
EARTH_CASCADE_REFILL|1|1|S7|28
EARTH_CASCADE_REFILL|1|1|S8|27
EARTH_CASCADE_REFILL|1|1|S9|28
EARTH_CASCADE_REFILL|1|2|S1,S2|1
EARTH_CASCADE_REFILL|1|2|S1,S5|2
EARTH_CASCADE_REFILL|1|2|S1,S6|1
EARTH_CASCADE_REFILL|1|2|S1,S9|3
EARTH_CASCADE_REFILL|1|2|S2,S2|5
EARTH_CASCADE_REFILL|1|2|S2,S3|2
EARTH_CASCADE_REFILL|1|2|S2,S4|4
EARTH_CASCADE_REFILL|1|2|S2,S5|3
EARTH_CASCADE_REFILL|1|2|S2,S6|3
EARTH_CASCADE_REFILL|1|2|S2,S7|5
EARTH_CASCADE_REFILL|1|2|S2,S8|3
EARTH_CASCADE_REFILL|1|2|S2,S9|4
EARTH_CASCADE_REFILL|1|2|S3,S2|4
EARTH_CASCADE_REFILL|1|2|S3,S3|5
EARTH_CASCADE_REFILL|1|2|S3,S4|4
EARTH_CASCADE_REFILL|1|2|S3,S5|2
EARTH_CASCADE_REFILL|1|2|S3,S6|4
EARTH_CASCADE_REFILL|1|2|S3,S7|1
EARTH_CASCADE_REFILL|1|2|S3,S8|3
EARTH_CASCADE_REFILL|1|2|S3,S9|4
EARTH_CASCADE_REFILL|1|2|S4,S2|1
EARTH_CASCADE_REFILL|1|2|S4,S3|3
EARTH_CASCADE_REFILL|1|2|S4,S4|2
EARTH_CASCADE_REFILL|1|2|S4,S6|3
EARTH_CASCADE_REFILL|1|2|S4,S7|2
EARTH_CASCADE_REFILL|1|2|S4,S8|4
EARTH_CASCADE_REFILL|1|2|S5,S1|2
EARTH_CASCADE_REFILL|1|2|S5,S2|4
EARTH_CASCADE_REFILL|1|2|S5,S3|2
EARTH_CASCADE_REFILL|1|2|S5,S4|2
EARTH_CASCADE_REFILL|1|2|S5,S5|4
EARTH_CASCADE_REFILL|1|2|S5,S6|4
EARTH_CASCADE_REFILL|1|2|S5,S7|5
EARTH_CASCADE_REFILL|1|2|S5,S8|3
EARTH_CASCADE_REFILL|1|2|S5,S9|4
EARTH_CASCADE_REFILL|1|2|S6,S2|5
EARTH_CASCADE_REFILL|1|2|S6,S3|2
EARTH_CASCADE_REFILL|1|2|S6,S4|1
EARTH_CASCADE_REFILL|1|2|S6,S5|5
EARTH_CASCADE_REFILL|1|2|S6,S6|7
EARTH_CASCADE_REFILL|1|2|S6,S7|3
EARTH_CASCADE_REFILL|1|2|S6,S8|2
EARTH_CASCADE_REFILL|1|2|S6,S9|4
EARTH_CASCADE_REFILL|1|2|S7,S2|2
EARTH_CASCADE_REFILL|1|2|S7,S3|5
EARTH_CASCADE_REFILL|1|2|S7,S4|5
EARTH_CASCADE_REFILL|1|2|S7,S5|3
EARTH_CASCADE_REFILL|1|2|S7,S6|2
EARTH_CASCADE_REFILL|1|2|S7,S7|5
EARTH_CASCADE_REFILL|1|2|S7,S8|2
EARTH_CASCADE_REFILL|1|2|S8,S1|1
EARTH_CASCADE_REFILL|1|2|S8,S2|1
EARTH_CASCADE_REFILL|1|2|S8,S3|2
EARTH_CASCADE_REFILL|1|2|S8,S4|3
EARTH_CASCADE_REFILL|1|2|S8,S5|5
EARTH_CASCADE_REFILL|1|2|S8,S6|3
EARTH_CASCADE_REFILL|1|2|S8,S7|4
EARTH_CASCADE_REFILL|1|2|S8,S8|4
EARTH_CASCADE_REFILL|1|2|S8,S9|1
EARTH_CASCADE_REFILL|1|2|S9,S1|1
EARTH_CASCADE_REFILL|1|2|S9,S2|6
EARTH_CASCADE_REFILL|1|2|S9,S3|1
EARTH_CASCADE_REFILL|1|2|S9,S4|6
EARTH_CASCADE_REFILL|1|2|S9,S5|3
EARTH_CASCADE_REFILL|1|2|S9,S6|4
EARTH_CASCADE_REFILL|1|2|S9,S7|1
EARTH_CASCADE_REFILL|1|2|S9,S8|5
EARTH_CASCADE_REFILL|1|2|S9,S9|6
EARTH_CASCADE_REFILL|1|3|S1,S2,S4|1
EARTH_CASCADE_REFILL|1|3|S1,S9,S4|1
EARTH_CASCADE_REFILL|1|3|S2,S1,S9|1
EARTH_CASCADE_REFILL|1|3|S2,S2,S3|2
EARTH_CASCADE_REFILL|1|3|S2,S2,S4|1
EARTH_CASCADE_REFILL|1|3|S2,S3,S2|1
EARTH_CASCADE_REFILL|1|3|S2,S3,S3|1
EARTH_CASCADE_REFILL|1|3|S2,S3,S4|1
EARTH_CASCADE_REFILL|1|3|S2,S4,S5|2
EARTH_CASCADE_REFILL|1|3|S2,S4,S6|1
EARTH_CASCADE_REFILL|1|3|S2,S5,S2|1
EARTH_CASCADE_REFILL|1|3|S2,S6,S2|2
EARTH_CASCADE_REFILL|1|3|S2,S6,S4|1
EARTH_CASCADE_REFILL|1|3|S2,S6,S5|1
EARTH_CASCADE_REFILL|1|3|S2,S7,S2|1
EARTH_CASCADE_REFILL|1|3|S2,S7,S3|1
EARTH_CASCADE_REFILL|1|3|S2,S7,S4|2
EARTH_CASCADE_REFILL|1|3|S2,S9,S3|1
EARTH_CASCADE_REFILL|1|3|S2,S9,S5|1
EARTH_CASCADE_REFILL|1|3|S2,S9,S7|1
EARTH_CASCADE_REFILL|1|3|S3,S2,S2|1
EARTH_CASCADE_REFILL|1|3|S3,S2,S7|1
EARTH_CASCADE_REFILL|1|3|S3,S3,S2|1
EARTH_CASCADE_REFILL|1|3|S3,S4,S5|1
EARTH_CASCADE_REFILL|1|3|S3,S5,S4|1
EARTH_CASCADE_REFILL|1|3|S3,S5,S5|2
EARTH_CASCADE_REFILL|1|3|S3,S5,S9|1
EARTH_CASCADE_REFILL|1|3|S3,S7,S7|1
EARTH_CASCADE_REFILL|1|3|S3,S8,S2|2
EARTH_CASCADE_REFILL|1|3|S3,S9,S6|1
EARTH_CASCADE_REFILL|1|3|S3,S9,S7|1
EARTH_CASCADE_REFILL|1|3|S4,S2,S4|1
EARTH_CASCADE_REFILL|1|3|S4,S2,S6|1
EARTH_CASCADE_REFILL|1|3|S4,S4,S2|1
EARTH_CASCADE_REFILL|1|3|S4,S5,S2|1
EARTH_CASCADE_REFILL|1|3|S4,S5,S5|1
EARTH_CASCADE_REFILL|1|3|S4,S5,S7|1
EARTH_CASCADE_REFILL|1|3|S4,S6,S4|1
EARTH_CASCADE_REFILL|1|3|S4,S6,S6|1
EARTH_CASCADE_REFILL|1|3|S4,S7,S7|2
EARTH_CASCADE_REFILL|1|3|S4,S8,S4|1
EARTH_CASCADE_REFILL|1|3|S4,S8,S8|1
EARTH_CASCADE_REFILL|1|3|S4,S9,S6|1
EARTH_CASCADE_REFILL|1|3|S5,S2,S2|1
EARTH_CASCADE_REFILL|1|3|S5,S2,S9|2
EARTH_CASCADE_REFILL|1|3|S5,S5,S1|1
EARTH_CASCADE_REFILL|1|3|S5,S5,S2|1
EARTH_CASCADE_REFILL|1|3|S5,S5,S5|1
EARTH_CASCADE_REFILL|1|3|S5,S6,S2|1
EARTH_CASCADE_REFILL|1|3|S5,S6,S9|1
EARTH_CASCADE_REFILL|1|3|S5,S7,S5|1
EARTH_CASCADE_REFILL|1|3|S5,S8,S8|1
EARTH_CASCADE_REFILL|1|3|S6,S2,S1|1
EARTH_CASCADE_REFILL|1|3|S6,S2,S5|1
EARTH_CASCADE_REFILL|1|3|S6,S2,S7|1
EARTH_CASCADE_REFILL|1|3|S6,S4,S2|1
EARTH_CASCADE_REFILL|1|3|S6,S4,S6|1
EARTH_CASCADE_REFILL|1|3|S6,S5,S2|1
EARTH_CASCADE_REFILL|1|3|S6,S7,S7|1
EARTH_CASCADE_REFILL|1|3|S6,S7,S9|1
EARTH_CASCADE_REFILL|1|3|S6,S9,S6|1
EARTH_CASCADE_REFILL|1|3|S6,S9,S8|1
EARTH_CASCADE_REFILL|1|3|S7,S3,S5|1
EARTH_CASCADE_REFILL|1|3|S7,S4,S3|1
EARTH_CASCADE_REFILL|1|3|S7,S4,S6|1
EARTH_CASCADE_REFILL|1|3|S7,S5,S5|1
EARTH_CASCADE_REFILL|1|3|S7,S6,S5|1
EARTH_CASCADE_REFILL|1|3|S7,S7,S3|1
EARTH_CASCADE_REFILL|1|3|S7,S7,S7|1
EARTH_CASCADE_REFILL|1|3|S7,S8,S7|1
EARTH_CASCADE_REFILL|1|3|S7,S9,S3|1
EARTH_CASCADE_REFILL|1|3|S7,S9,S8|1
EARTH_CASCADE_REFILL|1|3|S8,S2,S2|1
EARTH_CASCADE_REFILL|1|3|S8,S2,S7|1
EARTH_CASCADE_REFILL|1|3|S8,S3,S5|1
EARTH_CASCADE_REFILL|1|3|S8,S3,S7|1
EARTH_CASCADE_REFILL|1|3|S8,S4,S1|1
EARTH_CASCADE_REFILL|1|3|S8,S4,S3|2
EARTH_CASCADE_REFILL|1|3|S8,S6,S4|1
EARTH_CASCADE_REFILL|1|3|S8,S6,S7|1
EARTH_CASCADE_REFILL|1|3|S8,S6,S8|1
EARTH_CASCADE_REFILL|1|3|S8,S7,S1|1
EARTH_CASCADE_REFILL|1|3|S8,S8,S8|1
EARTH_CASCADE_REFILL|1|3|S8,S8,S9|3
EARTH_CASCADE_REFILL|1|3|S9,S1,S9|1
EARTH_CASCADE_REFILL|1|3|S9,S2,S8|1
EARTH_CASCADE_REFILL|1|3|S9,S2,S9|1
EARTH_CASCADE_REFILL|1|3|S9,S3,S2|1
EARTH_CASCADE_REFILL|1|3|S9,S3,S4|1
EARTH_CASCADE_REFILL|1|3|S9,S5,S1|1
EARTH_CASCADE_REFILL|1|3|S9,S6,S2|1
EARTH_CASCADE_REFILL|1|3|S9,S7,S8|2
EARTH_CASCADE_REFILL|1|3|S9,S8,S2|1
EARTH_CASCADE_REFILL|1|3|S9,S9,S4|2
EARTH_CASCADE_REFILL|1|4|S1,S3,S6,S7|1
EARTH_CASCADE_REFILL|1|4|S1,S3,S8,S5|1
EARTH_CASCADE_REFILL|1|4|S2,S2,S6,S7|1
EARTH_CASCADE_REFILL|1|4|S2,S4,S3,S3|1
EARTH_CASCADE_REFILL|1|4|S2,S4,S5,S8|1
EARTH_CASCADE_REFILL|1|4|S2,S6,S2,S4|1
EARTH_CASCADE_REFILL|1|4|S2,S6,S3,S4|1
EARTH_CASCADE_REFILL|1|4|S2,S6,S6,S4|1
EARTH_CASCADE_REFILL|1|4|S2,S6,S8,S5|2
EARTH_CASCADE_REFILL|1|4|S2,S7,S4,S4|1
EARTH_CASCADE_REFILL|1|4|S2,S8,S2,S4|1
EARTH_CASCADE_REFILL|1|4|S3,S2,S6,S4|1
EARTH_CASCADE_REFILL|1|4|S3,S3,S3,S3|1
EARTH_CASCADE_REFILL|1|4|S3,S5,S4,S4|1
EARTH_CASCADE_REFILL|1|4|S3,S5,S7,S2|1
EARTH_CASCADE_REFILL|1|4|S3,S5,S8,S4|1
EARTH_CASCADE_REFILL|1|4|S3,S6,S4,S5|1
EARTH_CASCADE_REFILL|1|4|S3,S6,S8,S5|1
EARTH_CASCADE_REFILL|1|4|S3,S8,S5,S6|1
EARTH_CASCADE_REFILL|1|4|S3,S9,S1,S7|1
EARTH_CASCADE_REFILL|1|4|S3,S9,S3,S3|1
EARTH_CASCADE_REFILL|1|4|S4,S4,S2,S9|1
EARTH_CASCADE_REFILL|1|4|S4,S5,S5,S1|1
EARTH_CASCADE_REFILL|1|4|S4,S6,S2,S6|1
EARTH_CASCADE_REFILL|1|4|S4,S8,S9,S4|1
EARTH_CASCADE_REFILL|1|4|S4,S9,S2,S8|1
EARTH_CASCADE_REFILL|1|4|S4,S9,S9,S5|1
EARTH_CASCADE_REFILL|1|4|S5,S1,S1,S9|1
EARTH_CASCADE_REFILL|1|4|S5,S2,S7,S6|1
EARTH_CASCADE_REFILL|1|4|S5,S3,S3,S9|1
EARTH_CASCADE_REFILL|1|4|S5,S4,S5,S4|1
EARTH_CASCADE_REFILL|1|4|S5,S8,S5,S6|1
EARTH_CASCADE_REFILL|1|4|S5,S8,S6,S9|1
EARTH_CASCADE_REFILL|1|4|S5,S9,S4,S8|1
EARTH_CASCADE_REFILL|1|4|S5,S9,S6,S5|1
EARTH_CASCADE_REFILL|1|4|S5,S9,S7,S3|1
EARTH_CASCADE_REFILL|1|4|S6,S1,S4,S8|1
EARTH_CASCADE_REFILL|1|4|S6,S2,S1,S2|1
EARTH_CASCADE_REFILL|1|4|S6,S2,S2,S2|1
EARTH_CASCADE_REFILL|1|4|S6,S2,S2,S3|1
EARTH_CASCADE_REFILL|1|4|S6,S3,S7,S3|1
EARTH_CASCADE_REFILL|1|4|S6,S7,S2,S5|1
EARTH_CASCADE_REFILL|1|4|S6,S9,S8,S9|1
EARTH_CASCADE_REFILL|1|4|S7,S1,S8,S4|1
EARTH_CASCADE_REFILL|1|4|S7,S2,S9,S9|1
EARTH_CASCADE_REFILL|1|4|S7,S3,S3,S3|1
EARTH_CASCADE_REFILL|1|4|S7,S5,S2,S2|1
EARTH_CASCADE_REFILL|1|4|S7,S6,S6,S2|1
EARTH_CASCADE_REFILL|1|4|S7,S6,S8,S3|3
EARTH_CASCADE_REFILL|1|4|S7,S7,S9,S6|1
EARTH_CASCADE_REFILL|1|4|S7,S9,S2,S4|1
EARTH_CASCADE_REFILL|1|4|S7,S9,S8,S3|1
EARTH_CASCADE_REFILL|1|4|S8,S1,S3,S3|1
EARTH_CASCADE_REFILL|1|4|S8,S3,S7,S2|1
EARTH_CASCADE_REFILL|1|4|S8,S9,S1,S9|1
EARTH_CASCADE_REFILL|1|4|S9,S3,S4,S2|1
EARTH_CASCADE_REFILL|1|4|S9,S3,S5,S4|1
EARTH_CASCADE_REFILL|1|4|S9,S4,S9,S6|1
EARTH_CASCADE_REFILL|1|4|S9,S6,S2,S9|1
EARTH_CASCADE_REFILL|1|4|S9,S7,S6,S5|1
EARTH_CASCADE_REFILL|1|4|S9,S8,S4,S8|1
EARTH_CASCADE_REFILL|1|4|S9,S9,S2,S5|1
EARTH_CASCADE_REFILL|1|5|S2,S8,S3,S6,S6|1
EARTH_CASCADE_REFILL|1|5|S3,S7,S1,S5,S3|1
EARTH_CASCADE_REFILL|1|5|S5,S9,S2,S9,S4|1
EARTH_CASCADE_REFILL|1|5|S5,S9,S3,S7,S4|1
EARTH_CASCADE_REFILL|1|5|S6,S4,S1,S8,S2|1
EARTH_CASCADE_REFILL|1|5|S6,S7,S4,S3,S5|1
EARTH_CASCADE_REFILL|1|5|S7,S6,S3,S7,S8|1
EARTH_CASCADE_REFILL|1|5|S8,S3,S8,S5,S7|1
EARTH_CASCADE_REFILL|1|5|S9,S4,S5,S5,S4|1
EARTH_CASCADE_REFILL|2|1|S1|8
EARTH_CASCADE_REFILL|2|1|S2|43
EARTH_CASCADE_REFILL|2|1|S3|17
EARTH_CASCADE_REFILL|2|1|S4|45
EARTH_CASCADE_REFILL|2|1|S5|38
EARTH_CASCADE_REFILL|2|1|S6|27
EARTH_CASCADE_REFILL|2|1|S7|49
EARTH_CASCADE_REFILL|2|1|S8|31
EARTH_CASCADE_REFILL|2|1|S9|24
EARTH_CASCADE_REFILL|2|2|S1,S2|1
EARTH_CASCADE_REFILL|2|2|S1,S3|3
EARTH_CASCADE_REFILL|2|2|S1,S6|2
EARTH_CASCADE_REFILL|2|2|S1,S8|1
EARTH_CASCADE_REFILL|2|2|S2,S1|1
EARTH_CASCADE_REFILL|2|2|S2,S2|8
EARTH_CASCADE_REFILL|2|2|S2,S3|6
EARTH_CASCADE_REFILL|2|2|S2,S4|3
EARTH_CASCADE_REFILL|2|2|S2,S5|1
EARTH_CASCADE_REFILL|2|2|S2,S6|7
EARTH_CASCADE_REFILL|2|2|S2,S7|7
EARTH_CASCADE_REFILL|2|2|S2,S8|6
EARTH_CASCADE_REFILL|2|2|S2,S9|2
EARTH_CASCADE_REFILL|2|2|S3,S1|1
EARTH_CASCADE_REFILL|2|2|S3,S2|5
EARTH_CASCADE_REFILL|2|2|S3,S3|2
EARTH_CASCADE_REFILL|2|2|S3,S4|3
EARTH_CASCADE_REFILL|2|2|S3,S5|7
EARTH_CASCADE_REFILL|2|2|S3,S6|4
EARTH_CASCADE_REFILL|2|2|S3,S7|6
EARTH_CASCADE_REFILL|2|2|S3,S8|5
EARTH_CASCADE_REFILL|2|2|S3,S9|3
EARTH_CASCADE_REFILL|2|2|S4,S1|1
EARTH_CASCADE_REFILL|2|2|S4,S2|3
EARTH_CASCADE_REFILL|2|2|S4,S3|5
EARTH_CASCADE_REFILL|2|2|S4,S4|5
EARTH_CASCADE_REFILL|2|2|S4,S5|7
EARTH_CASCADE_REFILL|2|2|S4,S6|3
EARTH_CASCADE_REFILL|2|2|S4,S7|3
EARTH_CASCADE_REFILL|2|2|S4,S8|3
EARTH_CASCADE_REFILL|2|2|S4,S9|3
EARTH_CASCADE_REFILL|2|2|S5,S2|8
EARTH_CASCADE_REFILL|2|2|S5,S3|3
EARTH_CASCADE_REFILL|2|2|S5,S4|6
EARTH_CASCADE_REFILL|2|2|S5,S5|5
EARTH_CASCADE_REFILL|2|2|S5,S6|2
EARTH_CASCADE_REFILL|2|2|S5,S7|7
EARTH_CASCADE_REFILL|2|2|S5,S9|1
EARTH_CASCADE_REFILL|2|2|S6,S2|3
EARTH_CASCADE_REFILL|2|2|S6,S3|6
EARTH_CASCADE_REFILL|2|2|S6,S4|6
EARTH_CASCADE_REFILL|2|2|S6,S5|8
EARTH_CASCADE_REFILL|2|2|S6,S6|3
EARTH_CASCADE_REFILL|2|2|S6,S7|7
EARTH_CASCADE_REFILL|2|2|S6,S8|5
EARTH_CASCADE_REFILL|2|2|S6,S9|6
EARTH_CASCADE_REFILL|2|2|S7,S1|1
EARTH_CASCADE_REFILL|2|2|S7,S2|2
EARTH_CASCADE_REFILL|2|2|S7,S3|2
EARTH_CASCADE_REFILL|2|2|S7,S4|6
EARTH_CASCADE_REFILL|2|2|S7,S6|5
EARTH_CASCADE_REFILL|2|2|S7,S7|7
EARTH_CASCADE_REFILL|2|2|S7,S8|1
EARTH_CASCADE_REFILL|2|2|S7,S9|5
EARTH_CASCADE_REFILL|2|2|S8,S2|6
EARTH_CASCADE_REFILL|2|2|S8,S3|2
EARTH_CASCADE_REFILL|2|2|S8,S4|3
EARTH_CASCADE_REFILL|2|2|S8,S5|2
EARTH_CASCADE_REFILL|2|2|S8,S6|3
EARTH_CASCADE_REFILL|2|2|S8,S7|3
EARTH_CASCADE_REFILL|2|2|S8,S8|7
EARTH_CASCADE_REFILL|2|2|S8,S9|1
EARTH_CASCADE_REFILL|2|2|S9,S1|1
EARTH_CASCADE_REFILL|2|2|S9,S2|5
EARTH_CASCADE_REFILL|2|2|S9,S3|5
EARTH_CASCADE_REFILL|2|2|S9,S4|4
EARTH_CASCADE_REFILL|2|2|S9,S5|2
EARTH_CASCADE_REFILL|2|2|S9,S6|1
EARTH_CASCADE_REFILL|2|2|S9,S7|2
EARTH_CASCADE_REFILL|2|2|S9,S8|3
EARTH_CASCADE_REFILL|2|2|S9,S9|5
EARTH_CASCADE_REFILL|2|3|S1,S1,S1|1
EARTH_CASCADE_REFILL|2|3|S1,S3,S4|1
EARTH_CASCADE_REFILL|2|3|S1,S3,S6|1
EARTH_CASCADE_REFILL|2|3|S1,S5,S3|1
EARTH_CASCADE_REFILL|2|3|S1,S7,S7|3
EARTH_CASCADE_REFILL|2|3|S1,S9,S2|1
EARTH_CASCADE_REFILL|2|3|S2,S2,S2|1
EARTH_CASCADE_REFILL|2|3|S2,S2,S4|1
EARTH_CASCADE_REFILL|2|3|S2,S2,S8|1
EARTH_CASCADE_REFILL|2|3|S2,S2,S9|2
EARTH_CASCADE_REFILL|2|3|S2,S3,S2|1
EARTH_CASCADE_REFILL|2|3|S2,S3,S3|1
EARTH_CASCADE_REFILL|2|3|S2,S3,S6|1
EARTH_CASCADE_REFILL|2|3|S2,S4,S3|1
EARTH_CASCADE_REFILL|2|3|S2,S4,S4|2
EARTH_CASCADE_REFILL|2|3|S2,S5,S6|1
EARTH_CASCADE_REFILL|2|3|S2,S5,S8|1
EARTH_CASCADE_REFILL|2|3|S2,S6,S2|2
EARTH_CASCADE_REFILL|2|3|S2,S6,S6|1
EARTH_CASCADE_REFILL|2|3|S2,S6,S7|1
EARTH_CASCADE_REFILL|2|3|S2,S7,S1|1
EARTH_CASCADE_REFILL|2|3|S2,S7,S3|2
EARTH_CASCADE_REFILL|2|3|S2,S7,S7|1
EARTH_CASCADE_REFILL|2|3|S2,S7,S8|1
EARTH_CASCADE_REFILL|2|3|S2,S9,S3|1
EARTH_CASCADE_REFILL|2|3|S2,S9,S7|1
EARTH_CASCADE_REFILL|2|3|S2,S9,S9|1
EARTH_CASCADE_REFILL|2|3|S3,S2,S2|2
EARTH_CASCADE_REFILL|2|3|S3,S2,S3|2
EARTH_CASCADE_REFILL|2|3|S3,S2,S4|1
EARTH_CASCADE_REFILL|2|3|S3,S3,S3|1
EARTH_CASCADE_REFILL|2|3|S3,S3,S4|1
EARTH_CASCADE_REFILL|2|3|S3,S5,S2|1
EARTH_CASCADE_REFILL|2|3|S3,S6,S8|3
EARTH_CASCADE_REFILL|2|3|S3,S7,S6|1
EARTH_CASCADE_REFILL|2|3|S3,S7,S7|1
EARTH_CASCADE_REFILL|2|3|S3,S8,S7|1
EARTH_CASCADE_REFILL|2|3|S3,S8,S8|1
EARTH_CASCADE_REFILL|2|3|S3,S9,S7|1
EARTH_CASCADE_REFILL|2|3|S4,S1,S1|1
EARTH_CASCADE_REFILL|2|3|S4,S2,S2|3
EARTH_CASCADE_REFILL|2|3|S4,S2,S3|1
EARTH_CASCADE_REFILL|2|3|S4,S2,S7|2
EARTH_CASCADE_REFILL|2|3|S4,S3,S7|1
EARTH_CASCADE_REFILL|2|3|S4,S4,S2|1
EARTH_CASCADE_REFILL|2|3|S4,S4,S5|2
EARTH_CASCADE_REFILL|2|3|S4,S4,S7|1
EARTH_CASCADE_REFILL|2|3|S4,S5,S3|1
EARTH_CASCADE_REFILL|2|3|S4,S7,S2|1
EARTH_CASCADE_REFILL|2|3|S4,S7,S4|1
EARTH_CASCADE_REFILL|2|3|S4,S8,S7|1
EARTH_CASCADE_REFILL|2|3|S4,S9,S9|1
EARTH_CASCADE_REFILL|2|3|S5,S1,S8|1
EARTH_CASCADE_REFILL|2|3|S5,S1,S9|1
EARTH_CASCADE_REFILL|2|3|S5,S2,S3|1
EARTH_CASCADE_REFILL|2|3|S5,S2,S4|1
EARTH_CASCADE_REFILL|2|3|S5,S2,S8|2
EARTH_CASCADE_REFILL|2|3|S5,S3,S5|2
EARTH_CASCADE_REFILL|2|3|S5,S4,S2|1
EARTH_CASCADE_REFILL|2|3|S5,S5,S2|1
EARTH_CASCADE_REFILL|2|3|S5,S5,S3|1
EARTH_CASCADE_REFILL|2|3|S5,S5,S7|1
EARTH_CASCADE_REFILL|2|3|S5,S6,S7|1
EARTH_CASCADE_REFILL|2|3|S5,S6,S8|1
EARTH_CASCADE_REFILL|2|3|S5,S7,S3|1
EARTH_CASCADE_REFILL|2|3|S5,S7,S5|1
EARTH_CASCADE_REFILL|2|3|S5,S8,S2|1
EARTH_CASCADE_REFILL|2|3|S5,S8,S8|2
EARTH_CASCADE_REFILL|2|3|S5,S9,S5|1
EARTH_CASCADE_REFILL|2|3|S6,S2,S8|3
EARTH_CASCADE_REFILL|2|3|S6,S3,S6|1
EARTH_CASCADE_REFILL|2|3|S6,S3,S8|1
EARTH_CASCADE_REFILL|2|3|S6,S4,S8|1
EARTH_CASCADE_REFILL|2|3|S6,S5,S5|1
EARTH_CASCADE_REFILL|2|3|S6,S5,S6|1
EARTH_CASCADE_REFILL|2|3|S6,S6,S1|1
EARTH_CASCADE_REFILL|2|3|S6,S6,S3|1
EARTH_CASCADE_REFILL|2|3|S6,S6,S6|1
EARTH_CASCADE_REFILL|2|3|S6,S7,S5|1
EARTH_CASCADE_REFILL|2|3|S6,S8,S1|1
EARTH_CASCADE_REFILL|2|3|S6,S8,S3|1
EARTH_CASCADE_REFILL|2|3|S6,S8,S5|1
EARTH_CASCADE_REFILL|2|3|S6,S8,S9|1
EARTH_CASCADE_REFILL|2|3|S6,S9,S6|1
EARTH_CASCADE_REFILL|2|3|S6,S9,S9|1
EARTH_CASCADE_REFILL|2|3|S7,S1,S6|1
EARTH_CASCADE_REFILL|2|3|S7,S2,S3|1
EARTH_CASCADE_REFILL|2|3|S7,S2,S5|1
EARTH_CASCADE_REFILL|2|3|S7,S2,S7|1
EARTH_CASCADE_REFILL|2|3|S7,S2,S8|1
EARTH_CASCADE_REFILL|2|3|S7,S3,S2|1
EARTH_CASCADE_REFILL|2|3|S7,S3,S3|1
EARTH_CASCADE_REFILL|2|3|S7,S4,S2|1
EARTH_CASCADE_REFILL|2|3|S7,S4,S3|1
EARTH_CASCADE_REFILL|2|3|S7,S4,S8|1
EARTH_CASCADE_REFILL|2|3|S7,S4,S9|1
EARTH_CASCADE_REFILL|2|3|S7,S7,S5|1
EARTH_CASCADE_REFILL|2|3|S7,S7,S7|3
EARTH_CASCADE_REFILL|2|3|S7,S7,S9|1
EARTH_CASCADE_REFILL|2|3|S7,S8,S1|1
EARTH_CASCADE_REFILL|2|3|S7,S8,S2|1
EARTH_CASCADE_REFILL|2|3|S7,S8,S3|1
EARTH_CASCADE_REFILL|2|3|S7,S8,S7|1
EARTH_CASCADE_REFILL|2|3|S7,S9,S2|1
EARTH_CASCADE_REFILL|2|3|S7,S9,S3|1
EARTH_CASCADE_REFILL|2|3|S8,S1,S6|1
EARTH_CASCADE_REFILL|2|3|S8,S3,S6|1
EARTH_CASCADE_REFILL|2|3|S8,S4,S2|1
EARTH_CASCADE_REFILL|2|3|S8,S5,S2|1
EARTH_CASCADE_REFILL|2|3|S8,S5,S3|1
EARTH_CASCADE_REFILL|2|3|S8,S6,S2|2
EARTH_CASCADE_REFILL|2|3|S8,S7,S7|1
EARTH_CASCADE_REFILL|2|3|S8,S8,S2|1
EARTH_CASCADE_REFILL|2|3|S9,S2,S7|1
EARTH_CASCADE_REFILL|2|3|S9,S3,S4|1
EARTH_CASCADE_REFILL|2|3|S9,S3,S7|1
EARTH_CASCADE_REFILL|2|3|S9,S4,S3|1
EARTH_CASCADE_REFILL|2|3|S9,S4,S5|1
EARTH_CASCADE_REFILL|2|3|S9,S6,S2|1
EARTH_CASCADE_REFILL|2|3|S9,S7,S1|1
EARTH_CASCADE_REFILL|2|3|S9,S7,S3|1
EARTH_CASCADE_REFILL|2|3|S9,S7,S7|1
EARTH_CASCADE_REFILL|2|3|S9,S8,S8|1
EARTH_CASCADE_REFILL|2|3|S9,S9,S3|1
EARTH_CASCADE_REFILL|2|4|S1,S4,S5,S7|1
EARTH_CASCADE_REFILL|2|4|S1,S6,S3,S5|1
EARTH_CASCADE_REFILL|2|4|S1,S8,S7,S2|2
EARTH_CASCADE_REFILL|2|4|S2,S2,S1,S3|1
EARTH_CASCADE_REFILL|2|4|S2,S3,S2,S1|1
EARTH_CASCADE_REFILL|2|4|S2,S3,S7,S7|1
EARTH_CASCADE_REFILL|2|4|S2,S5,S9,S2|1
EARTH_CASCADE_REFILL|2|4|S2,S7,S1,S2|1
EARTH_CASCADE_REFILL|2|4|S2,S7,S3,S8|1
EARTH_CASCADE_REFILL|2|4|S2,S7,S7,S7|1
EARTH_CASCADE_REFILL|2|4|S2,S8,S8,S8|1
EARTH_CASCADE_REFILL|2|4|S2,S9,S5,S8|1
EARTH_CASCADE_REFILL|2|4|S3,S2,S2,S3|1
EARTH_CASCADE_REFILL|2|4|S3,S5,S3,S4|1
EARTH_CASCADE_REFILL|2|4|S3,S5,S7,S2|1
EARTH_CASCADE_REFILL|2|4|S3,S5,S8,S5|1
EARTH_CASCADE_REFILL|2|4|S3,S7,S5,S9|1
EARTH_CASCADE_REFILL|2|4|S3,S8,S8,S8|1
EARTH_CASCADE_REFILL|2|4|S3,S9,S5,S4|1
EARTH_CASCADE_REFILL|2|4|S4,S2,S9,S5|1
EARTH_CASCADE_REFILL|2|4|S4,S3,S3,S2|1
EARTH_CASCADE_REFILL|2|4|S4,S4,S6,S5|1
EARTH_CASCADE_REFILL|2|4|S4,S5,S3,S2|1
EARTH_CASCADE_REFILL|2|4|S4,S6,S3,S2|1
EARTH_CASCADE_REFILL|2|4|S4,S8,S2,S8|2
EARTH_CASCADE_REFILL|2|4|S4,S8,S5,S4|1
EARTH_CASCADE_REFILL|2|4|S4,S9,S8,S5|2
EARTH_CASCADE_REFILL|2|4|S5,S2,S5,S6|1
EARTH_CASCADE_REFILL|2|4|S5,S3,S5,S9|1
EARTH_CASCADE_REFILL|2|4|S5,S5,S4,S5|1
EARTH_CASCADE_REFILL|2|4|S5,S5,S4,S8|1
EARTH_CASCADE_REFILL|2|4|S5,S7,S3,S2|1
EARTH_CASCADE_REFILL|2|4|S5,S7,S5,S4|1
EARTH_CASCADE_REFILL|2|4|S5,S7,S6,S6|1
EARTH_CASCADE_REFILL|2|4|S5,S8,S2,S9|1
EARTH_CASCADE_REFILL|2|4|S5,S9,S7,S2|1
EARTH_CASCADE_REFILL|2|4|S6,S4,S2,S8|1
EARTH_CASCADE_REFILL|2|4|S6,S4,S3,S4|1
EARTH_CASCADE_REFILL|2|4|S6,S4,S8,S4|1
EARTH_CASCADE_REFILL|2|4|S6,S6,S4,S4|1
EARTH_CASCADE_REFILL|2|4|S6,S9,S8,S4|1
EARTH_CASCADE_REFILL|2|4|S7,S2,S3,S2|1
EARTH_CASCADE_REFILL|2|4|S7,S2,S7,S2|1
EARTH_CASCADE_REFILL|2|4|S7,S3,S3,S9|1
EARTH_CASCADE_REFILL|2|4|S7,S3,S9,S3|1
EARTH_CASCADE_REFILL|2|4|S7,S5,S2,S2|1
EARTH_CASCADE_REFILL|2|4|S7,S6,S7,S7|1
EARTH_CASCADE_REFILL|2|4|S7,S7,S6,S5|1
EARTH_CASCADE_REFILL|2|4|S7,S7,S6,S7|1
EARTH_CASCADE_REFILL|2|4|S7,S7,S8,S2|1
EARTH_CASCADE_REFILL|2|4|S7,S8,S2,S8|1
EARTH_CASCADE_REFILL|2|4|S7,S8,S8,S4|1
EARTH_CASCADE_REFILL|2|4|S8,S2,S4,S2|1
EARTH_CASCADE_REFILL|2|4|S8,S2,S8,S2|1
EARTH_CASCADE_REFILL|2|4|S8,S4,S2,S4|1
EARTH_CASCADE_REFILL|2|4|S8,S6,S4,S7|1
EARTH_CASCADE_REFILL|2|4|S8,S9,S4,S4|1
EARTH_CASCADE_REFILL|2|4|S8,S9,S5,S2|2
EARTH_CASCADE_REFILL|2|4|S8,S9,S9,S3|1
EARTH_CASCADE_REFILL|2|4|S9,S2,S3,S5|1
EARTH_CASCADE_REFILL|2|4|S9,S2,S7,S3|1
EARTH_CASCADE_REFILL|2|4|S9,S4,S4,S3|1
EARTH_CASCADE_REFILL|2|4|S9,S6,S2,S3|1
EARTH_CASCADE_REFILL|2|4|S9,S8,S3,S6|1
EARTH_CASCADE_REFILL|2|4|S9,S9,S9,S2|1
EARTH_CASCADE_REFILL|2|5|S2,S2,S5,S7,S5|1
EARTH_CASCADE_REFILL|2|5|S2,S4,S8,S8,S6|1
EARTH_CASCADE_REFILL|2|5|S5,S2,S4,S8,S2|1
EARTH_CASCADE_REFILL|2|5|S5,S3,S9,S3,S8|1
EARTH_CASCADE_REFILL|2|5|S5,S9,S3,S6,S7|1
EARTH_CASCADE_REFILL|2|5|S7,S3,S2,S8,S2|1
EARTH_CASCADE_REFILL|2|5|S7,S4,S5,S5,S7|1
EARTH_CASCADE_REFILL|2|5|S8,S5,S2,S5,S4|1
EARTH_CASCADE_REFILL|2|5|S8,S5,S4,S4,S6|1
EARTH_CASCADE_REFILL|2|5|S8,S6,S2,S3,S6|1
EARTH_CASCADE_REFILL|2|5|S8,S7,S4,S9,S1|1
EARTH_CASCADE_REFILL|2|5|S8,S8,S4,S6,S7|1
EARTH_CASCADE_REFILL|2|5|S9,S7,S6,S5,S9|1
EARTH_CASCADE_REFILL|3|1|S1|6
EARTH_CASCADE_REFILL|3|1|S2|40
EARTH_CASCADE_REFILL|3|1|S3|45
EARTH_CASCADE_REFILL|3|1|S4|41
EARTH_CASCADE_REFILL|3|1|S5|34
EARTH_CASCADE_REFILL|3|1|S6|30
EARTH_CASCADE_REFILL|3|1|S7|26
EARTH_CASCADE_REFILL|3|1|S8|25
EARTH_CASCADE_REFILL|3|1|S9|29
EARTH_CASCADE_REFILL|3|2|S1,S3|1
EARTH_CASCADE_REFILL|3|2|S1,S4|3
EARTH_CASCADE_REFILL|3|2|S2,S1|1
EARTH_CASCADE_REFILL|3|2|S2,S2|6
EARTH_CASCADE_REFILL|3|2|S2,S3|2
EARTH_CASCADE_REFILL|3|2|S2,S4|4
EARTH_CASCADE_REFILL|3|2|S2,S5|8
EARTH_CASCADE_REFILL|3|2|S2,S6|5
EARTH_CASCADE_REFILL|3|2|S2,S7|3
EARTH_CASCADE_REFILL|3|2|S2,S8|5
EARTH_CASCADE_REFILL|3|2|S2,S9|6
EARTH_CASCADE_REFILL|3|2|S3,S1|1
EARTH_CASCADE_REFILL|3|2|S3,S2|4
EARTH_CASCADE_REFILL|3|2|S3,S3|4
EARTH_CASCADE_REFILL|3|2|S3,S4|3
EARTH_CASCADE_REFILL|3|2|S3,S5|3
EARTH_CASCADE_REFILL|3|2|S3,S6|3
EARTH_CASCADE_REFILL|3|2|S3,S7|2
EARTH_CASCADE_REFILL|3|2|S3,S8|2
EARTH_CASCADE_REFILL|3|2|S3,S9|2
EARTH_CASCADE_REFILL|3|2|S4,S2|2
EARTH_CASCADE_REFILL|3|2|S4,S3|4
EARTH_CASCADE_REFILL|3|2|S4,S4|7
EARTH_CASCADE_REFILL|3|2|S4,S5|1
EARTH_CASCADE_REFILL|3|2|S4,S6|3
EARTH_CASCADE_REFILL|3|2|S4,S7|3
EARTH_CASCADE_REFILL|3|2|S4,S8|8
EARTH_CASCADE_REFILL|3|2|S4,S9|4
EARTH_CASCADE_REFILL|3|2|S5,S2|3
EARTH_CASCADE_REFILL|3|2|S5,S3|10
EARTH_CASCADE_REFILL|3|2|S5,S4|3
EARTH_CASCADE_REFILL|3|2|S5,S5|5
EARTH_CASCADE_REFILL|3|2|S5,S6|1
EARTH_CASCADE_REFILL|3|2|S5,S7|5
EARTH_CASCADE_REFILL|3|2|S5,S8|2
EARTH_CASCADE_REFILL|3|2|S6,S1|1
EARTH_CASCADE_REFILL|3|2|S6,S2|4
EARTH_CASCADE_REFILL|3|2|S6,S3|3
EARTH_CASCADE_REFILL|3|2|S6,S4|1
EARTH_CASCADE_REFILL|3|2|S6,S5|6
EARTH_CASCADE_REFILL|3|2|S6,S6|1
EARTH_CASCADE_REFILL|3|2|S6,S7|3
EARTH_CASCADE_REFILL|3|2|S6,S8|2
EARTH_CASCADE_REFILL|3|2|S6,S9|1
EARTH_CASCADE_REFILL|3|2|S7,S2|3
EARTH_CASCADE_REFILL|3|2|S7,S3|3
EARTH_CASCADE_REFILL|3|2|S7,S4|1
EARTH_CASCADE_REFILL|3|2|S7,S5|4
EARTH_CASCADE_REFILL|3|2|S7,S6|2
EARTH_CASCADE_REFILL|3|2|S7,S7|6
EARTH_CASCADE_REFILL|3|2|S7,S8|4
EARTH_CASCADE_REFILL|3|2|S7,S9|2
EARTH_CASCADE_REFILL|3|2|S8,S3|3
EARTH_CASCADE_REFILL|3|2|S8,S4|4
EARTH_CASCADE_REFILL|3|2|S8,S5|4
EARTH_CASCADE_REFILL|3|2|S8,S6|2
EARTH_CASCADE_REFILL|3|2|S8,S7|1
EARTH_CASCADE_REFILL|3|2|S8,S8|5
EARTH_CASCADE_REFILL|3|2|S8,S9|3
EARTH_CASCADE_REFILL|3|2|S9,S1|4
EARTH_CASCADE_REFILL|3|2|S9,S2|5
EARTH_CASCADE_REFILL|3|2|S9,S4|3
EARTH_CASCADE_REFILL|3|2|S9,S5|4
EARTH_CASCADE_REFILL|3|2|S9,S6|4
EARTH_CASCADE_REFILL|3|2|S9,S7|1
EARTH_CASCADE_REFILL|3|2|S9,S8|2
EARTH_CASCADE_REFILL|3|2|S9,S9|6
EARTH_CASCADE_REFILL|3|3|S1,S3,S3|1
EARTH_CASCADE_REFILL|3|3|S1,S3,S9|1
EARTH_CASCADE_REFILL|3|3|S1,S4,S3|1
EARTH_CASCADE_REFILL|3|3|S1,S8,S7|1
EARTH_CASCADE_REFILL|3|3|S2,S2,S6|2
EARTH_CASCADE_REFILL|3|3|S2,S2,S7|1
EARTH_CASCADE_REFILL|3|3|S2,S2,S9|1
EARTH_CASCADE_REFILL|3|3|S2,S3,S2|3
EARTH_CASCADE_REFILL|3|3|S2,S3,S3|1
EARTH_CASCADE_REFILL|3|3|S2,S4,S6|1
EARTH_CASCADE_REFILL|3|3|S2,S5,S2|1
EARTH_CASCADE_REFILL|3|3|S2,S5,S3|1
EARTH_CASCADE_REFILL|3|3|S2,S6,S7|1
EARTH_CASCADE_REFILL|3|3|S2,S7,S2|1
EARTH_CASCADE_REFILL|3|3|S2,S7,S9|1
EARTH_CASCADE_REFILL|3|3|S2,S8,S3|1
EARTH_CASCADE_REFILL|3|3|S2,S9,S5|1
EARTH_CASCADE_REFILL|3|3|S2,S9,S7|1
EARTH_CASCADE_REFILL|3|3|S3,S2,S2|1
EARTH_CASCADE_REFILL|3|3|S3,S2,S3|1
EARTH_CASCADE_REFILL|3|3|S3,S3,S6|1
EARTH_CASCADE_REFILL|3|3|S3,S3,S9|1
EARTH_CASCADE_REFILL|3|3|S3,S4,S2|1
EARTH_CASCADE_REFILL|3|3|S3,S4,S9|1
EARTH_CASCADE_REFILL|3|3|S3,S5,S2|1
EARTH_CASCADE_REFILL|3|3|S3,S5,S8|2
EARTH_CASCADE_REFILL|3|3|S3,S6,S7|1
EARTH_CASCADE_REFILL|3|3|S3,S7,S2|1
EARTH_CASCADE_REFILL|3|3|S3,S7,S5|1
EARTH_CASCADE_REFILL|3|3|S3,S8,S5|2
EARTH_CASCADE_REFILL|3|3|S3,S8,S6|1
EARTH_CASCADE_REFILL|3|3|S3,S9,S2|2
EARTH_CASCADE_REFILL|3|3|S4,S3,S4|1
EARTH_CASCADE_REFILL|3|3|S4,S3,S6|1
EARTH_CASCADE_REFILL|3|3|S4,S3,S9|1
EARTH_CASCADE_REFILL|3|3|S4,S4,S5|2
EARTH_CASCADE_REFILL|3|3|S4,S5,S9|1
EARTH_CASCADE_REFILL|3|3|S4,S6,S2|1
EARTH_CASCADE_REFILL|3|3|S4,S6,S3|1
EARTH_CASCADE_REFILL|3|3|S4,S7,S7|1
EARTH_CASCADE_REFILL|3|3|S4,S7,S8|1
EARTH_CASCADE_REFILL|3|3|S4,S8,S2|1
EARTH_CASCADE_REFILL|3|3|S4,S8,S8|1
EARTH_CASCADE_REFILL|3|3|S4,S9,S4|1
EARTH_CASCADE_REFILL|3|3|S4,S9,S6|1
EARTH_CASCADE_REFILL|3|3|S4,S9,S7|1
EARTH_CASCADE_REFILL|3|3|S4,S9,S9|1
EARTH_CASCADE_REFILL|3|3|S5,S2,S6|1
EARTH_CASCADE_REFILL|3|3|S5,S2,S7|1
EARTH_CASCADE_REFILL|3|3|S5,S3,S3|1
EARTH_CASCADE_REFILL|3|3|S5,S4,S8|2
EARTH_CASCADE_REFILL|3|3|S5,S4,S9|2
EARTH_CASCADE_REFILL|3|3|S5,S5,S9|1
EARTH_CASCADE_REFILL|3|3|S5,S6,S5|2
EARTH_CASCADE_REFILL|3|3|S5,S7,S2|2
EARTH_CASCADE_REFILL|3|3|S5,S8,S1|1
EARTH_CASCADE_REFILL|3|3|S5,S8,S4|1
EARTH_CASCADE_REFILL|3|3|S5,S8,S5|1
EARTH_CASCADE_REFILL|3|3|S5,S8,S8|1
EARTH_CASCADE_REFILL|3|3|S5,S9,S4|1
EARTH_CASCADE_REFILL|3|3|S5,S9,S7|1
EARTH_CASCADE_REFILL|3|3|S5,S9,S9|1
EARTH_CASCADE_REFILL|3|3|S6,S1,S3|1
EARTH_CASCADE_REFILL|3|3|S6,S2,S1|1
EARTH_CASCADE_REFILL|3|3|S6,S3,S1|1
EARTH_CASCADE_REFILL|3|3|S6,S3,S5|1
EARTH_CASCADE_REFILL|3|3|S6,S4,S4|2
EARTH_CASCADE_REFILL|3|3|S6,S5,S2|1
EARTH_CASCADE_REFILL|3|3|S6,S5,S7|1
EARTH_CASCADE_REFILL|3|3|S6,S6,S2|1
EARTH_CASCADE_REFILL|3|3|S6,S6,S6|1
EARTH_CASCADE_REFILL|3|3|S6,S6,S9|1
EARTH_CASCADE_REFILL|3|3|S6,S7,S4|2
EARTH_CASCADE_REFILL|3|3|S6,S7,S9|1
EARTH_CASCADE_REFILL|3|3|S6,S9,S6|1
EARTH_CASCADE_REFILL|3|3|S7,S2,S5|2
EARTH_CASCADE_REFILL|3|3|S7,S2,S7|1
EARTH_CASCADE_REFILL|3|3|S7,S3,S3|1
EARTH_CASCADE_REFILL|3|3|S7,S4,S6|1
EARTH_CASCADE_REFILL|3|3|S7,S4,S7|1
EARTH_CASCADE_REFILL|3|3|S7,S4,S8|1
EARTH_CASCADE_REFILL|3|3|S7,S5,S5|1
EARTH_CASCADE_REFILL|3|3|S7,S5,S6|1
EARTH_CASCADE_REFILL|3|3|S7,S6,S5|1
EARTH_CASCADE_REFILL|3|3|S7,S6,S9|1
EARTH_CASCADE_REFILL|3|3|S7,S7,S4|1
EARTH_CASCADE_REFILL|3|3|S7,S7,S7|1
EARTH_CASCADE_REFILL|3|3|S7,S8,S9|1
EARTH_CASCADE_REFILL|3|3|S7,S9,S9|1
EARTH_CASCADE_REFILL|3|3|S8,S4,S2|1
EARTH_CASCADE_REFILL|3|3|S8,S5,S3|1
EARTH_CASCADE_REFILL|3|3|S8,S5,S5|1
EARTH_CASCADE_REFILL|3|3|S8,S6,S5|2
EARTH_CASCADE_REFILL|3|3|S8,S6,S8|1
EARTH_CASCADE_REFILL|3|3|S8,S6,S9|1
EARTH_CASCADE_REFILL|3|3|S8,S8,S2|2
EARTH_CASCADE_REFILL|3|3|S8,S8,S4|1
EARTH_CASCADE_REFILL|3|3|S8,S8,S6|1
EARTH_CASCADE_REFILL|3|3|S8,S8,S7|1
EARTH_CASCADE_REFILL|3|3|S8,S9,S5|1
EARTH_CASCADE_REFILL|3|3|S9,S1,S8|1
EARTH_CASCADE_REFILL|3|3|S9,S2,S3|1
EARTH_CASCADE_REFILL|3|3|S9,S3,S1|1
EARTH_CASCADE_REFILL|3|3|S9,S3,S2|1
EARTH_CASCADE_REFILL|3|3|S9,S3,S4|1
EARTH_CASCADE_REFILL|3|3|S9,S3,S8|1
EARTH_CASCADE_REFILL|3|3|S9,S4,S5|1
EARTH_CASCADE_REFILL|3|3|S9,S4,S7|3
EARTH_CASCADE_REFILL|3|3|S9,S6,S7|1
EARTH_CASCADE_REFILL|3|3|S9,S6,S9|1
EARTH_CASCADE_REFILL|3|3|S9,S8,S2|1
EARTH_CASCADE_REFILL|3|3|S9,S8,S8|1
EARTH_CASCADE_REFILL|3|3|S9,S8,S9|1
EARTH_CASCADE_REFILL|3|3|S9,S9,S3|1
EARTH_CASCADE_REFILL|3|4|S2,S2,S3,S9|1
EARTH_CASCADE_REFILL|3|4|S2,S3,S9,S6|1
EARTH_CASCADE_REFILL|3|4|S2,S5,S5,S4|1
EARTH_CASCADE_REFILL|3|4|S2,S7,S1,S2|1
EARTH_CASCADE_REFILL|3|4|S2,S7,S8,S2|1
EARTH_CASCADE_REFILL|3|4|S3,S3,S2,S2|1
EARTH_CASCADE_REFILL|3|4|S3,S3,S5,S4|1
EARTH_CASCADE_REFILL|3|4|S3,S4,S3,S4|1
EARTH_CASCADE_REFILL|3|4|S3,S8,S4,S4|1
EARTH_CASCADE_REFILL|3|4|S4,S2,S4,S4|1
EARTH_CASCADE_REFILL|3|4|S4,S3,S9,S3|1
EARTH_CASCADE_REFILL|3|4|S4,S4,S5,S2|1
EARTH_CASCADE_REFILL|3|4|S5,S2,S6,S4|1
EARTH_CASCADE_REFILL|3|4|S5,S7,S6,S3|3
EARTH_CASCADE_REFILL|3|4|S5,S9,S4,S6|1
EARTH_CASCADE_REFILL|3|4|S5,S9,S9,S8|1
EARTH_CASCADE_REFILL|3|4|S6,S2,S1,S9|1
EARTH_CASCADE_REFILL|3|4|S6,S3,S2,S6|1
EARTH_CASCADE_REFILL|3|4|S6,S6,S2,S2|1
EARTH_CASCADE_REFILL|3|4|S6,S6,S8,S7|1
EARTH_CASCADE_REFILL|3|4|S7,S2,S5,S9|1
EARTH_CASCADE_REFILL|3|4|S7,S3,S4,S9|1
EARTH_CASCADE_REFILL|3|4|S7,S3,S5,S6|1
EARTH_CASCADE_REFILL|3|4|S7,S4,S8,S6|1
EARTH_CASCADE_REFILL|3|4|S7,S5,S3,S7|2
EARTH_CASCADE_REFILL|3|4|S7,S5,S5,S4|1
EARTH_CASCADE_REFILL|3|4|S7,S5,S6,S9|1
EARTH_CASCADE_REFILL|3|4|S7,S5,S7,S2|1
EARTH_CASCADE_REFILL|3|4|S7,S5,S9,S2|1
EARTH_CASCADE_REFILL|3|4|S7,S6,S6,S6|1
EARTH_CASCADE_REFILL|3|4|S7,S7,S4,S4|1
EARTH_CASCADE_REFILL|3|4|S7,S7,S7,S3|1
EARTH_CASCADE_REFILL|3|4|S7,S8,S5,S2|1
EARTH_CASCADE_REFILL|3|4|S8,S2,S3,S9|1
EARTH_CASCADE_REFILL|3|4|S8,S6,S8,S5|1
EARTH_CASCADE_REFILL|3|4|S8,S8,S8,S2|1
EARTH_CASCADE_REFILL|3|4|S9,S4,S4,S2|1
EARTH_CASCADE_REFILL|3|4|S9,S4,S7,S5|1
EARTH_CASCADE_REFILL|3|4|S9,S7,S3,S9|1
EARTH_CASCADE_REFILL|3|4|S9,S7,S8,S9|1
EARTH_CASCADE_REFILL|3|4|S9,S9,S3,S5|1
EARTH_CASCADE_REFILL|3|4|S9,S9,S4,S6|1
EARTH_CASCADE_REFILL|3|4|S9,S9,S7,S4|1
EARTH_CASCADE_REFILL|3|5|S2,S7,S8,S3,S2|1
EARTH_CASCADE_REFILL|3|5|S4,S2,S8,S9,S7|2
EARTH_CASCADE_REFILL|3|5|S6,S2,S7,S4,S3|1
EARTH_CASCADE_REFILL|3|5|S6,S3,S3,S3,S3|1
EARTH_CASCADE_REFILL|3|5|S7,S6,S5,S9,S6|1
EARTH_CASCADE_REFILL|3|5|S9,S2,S6,S6,S9|1
EARTH_CASCADE_REFILL|3|5|S9,S4,S9,S2,S8|1
EARTH_CASCADE_REFILL|3|5|S9,S7,S1,S3,S6|1
EARTH_CASCADE_REFILL|4|1|S1|2
EARTH_CASCADE_REFILL|4|1|S2|30
EARTH_CASCADE_REFILL|4|1|S3|34
EARTH_CASCADE_REFILL|4|1|S4|30
EARTH_CASCADE_REFILL|4|1|S5|21
EARTH_CASCADE_REFILL|4|1|S6|21
EARTH_CASCADE_REFILL|4|1|S7|35
EARTH_CASCADE_REFILL|4|1|S8|21
EARTH_CASCADE_REFILL|4|1|S9|38
EARTH_CASCADE_REFILL|4|2|S1,S7|1
EARTH_CASCADE_REFILL|4|2|S1,S9|1
EARTH_CASCADE_REFILL|4|2|S2,S2|7
EARTH_CASCADE_REFILL|4|2|S2,S3|3
EARTH_CASCADE_REFILL|4|2|S2,S4|3
EARTH_CASCADE_REFILL|4|2|S2,S5|3
EARTH_CASCADE_REFILL|4|2|S2,S6|1
EARTH_CASCADE_REFILL|4|2|S2,S7|1
EARTH_CASCADE_REFILL|4|2|S2,S8|1
EARTH_CASCADE_REFILL|4|2|S2,S9|2
EARTH_CASCADE_REFILL|4|2|S3,S3|4
EARTH_CASCADE_REFILL|4|2|S3,S4|3
EARTH_CASCADE_REFILL|4|2|S3,S5|1
EARTH_CASCADE_REFILL|4|2|S3,S6|4
EARTH_CASCADE_REFILL|4|2|S3,S8|1
EARTH_CASCADE_REFILL|4|2|S3,S9|1
EARTH_CASCADE_REFILL|4|2|S4,S2|1
EARTH_CASCADE_REFILL|4|2|S4,S3|2
EARTH_CASCADE_REFILL|4|2|S4,S4|2
EARTH_CASCADE_REFILL|4|2|S4,S5|2
EARTH_CASCADE_REFILL|4|2|S4,S6|2
EARTH_CASCADE_REFILL|4|2|S4,S7|3
EARTH_CASCADE_REFILL|4|2|S4,S8|3
EARTH_CASCADE_REFILL|4|2|S4,S9|4
EARTH_CASCADE_REFILL|4|2|S5,S2|4
EARTH_CASCADE_REFILL|4|2|S5,S4|2
EARTH_CASCADE_REFILL|4|2|S5,S5|2
EARTH_CASCADE_REFILL|4|2|S5,S6|4
EARTH_CASCADE_REFILL|4|2|S5,S8|2
EARTH_CASCADE_REFILL|4|2|S5,S9|1
EARTH_CASCADE_REFILL|4|2|S6,S1|1
EARTH_CASCADE_REFILL|4|2|S6,S2|5
EARTH_CASCADE_REFILL|4|2|S6,S3|1
EARTH_CASCADE_REFILL|4|2|S6,S4|1
EARTH_CASCADE_REFILL|4|2|S6,S5|3
EARTH_CASCADE_REFILL|4|2|S6,S7|1
EARTH_CASCADE_REFILL|4|2|S6,S9|3
EARTH_CASCADE_REFILL|4|2|S7,S2|2
EARTH_CASCADE_REFILL|4|2|S7,S3|3
EARTH_CASCADE_REFILL|4|2|S7,S4|4
EARTH_CASCADE_REFILL|4|2|S7,S5|1
EARTH_CASCADE_REFILL|4|2|S7,S6|4
EARTH_CASCADE_REFILL|4|2|S7,S7|2
EARTH_CASCADE_REFILL|4|2|S7,S8|1
EARTH_CASCADE_REFILL|4|2|S7,S9|3
EARTH_CASCADE_REFILL|4|2|S8,S2|1
EARTH_CASCADE_REFILL|4|2|S8,S3|1
EARTH_CASCADE_REFILL|4|2|S8,S4|1
EARTH_CASCADE_REFILL|4|2|S8,S5|5
EARTH_CASCADE_REFILL|4|2|S8,S6|2
EARTH_CASCADE_REFILL|4|2|S8,S7|1
EARTH_CASCADE_REFILL|4|2|S8,S8|3
EARTH_CASCADE_REFILL|4|2|S8,S9|1
EARTH_CASCADE_REFILL|4|2|S9,S2|3
EARTH_CASCADE_REFILL|4|2|S9,S3|2
EARTH_CASCADE_REFILL|4|2|S9,S4|3
EARTH_CASCADE_REFILL|4|2|S9,S6|1
EARTH_CASCADE_REFILL|4|2|S9,S7|3
EARTH_CASCADE_REFILL|4|2|S9,S8|2
EARTH_CASCADE_REFILL|4|3|S1,S6,S1|1
EARTH_CASCADE_REFILL|4|3|S1,S8,S4|1
EARTH_CASCADE_REFILL|4|3|S1,S8,S7|1
EARTH_CASCADE_REFILL|4|3|S1,S9,S2|1
EARTH_CASCADE_REFILL|4|3|S2,S4,S4|1
EARTH_CASCADE_REFILL|4|3|S2,S5,S2|1
EARTH_CASCADE_REFILL|4|3|S2,S8,S8|1
EARTH_CASCADE_REFILL|4|3|S3,S4,S9|1
EARTH_CASCADE_REFILL|4|3|S3,S6,S4|1
EARTH_CASCADE_REFILL|4|3|S3,S8,S9|1
EARTH_CASCADE_REFILL|4|3|S3,S9,S2|1
EARTH_CASCADE_REFILL|4|3|S3,S9,S5|1
EARTH_CASCADE_REFILL|4|3|S4,S2,S5|1
EARTH_CASCADE_REFILL|4|3|S4,S2,S8|1
EARTH_CASCADE_REFILL|4|3|S4,S5,S5|2
EARTH_CASCADE_REFILL|4|3|S4,S5,S8|1
EARTH_CASCADE_REFILL|4|3|S4,S7,S2|1
EARTH_CASCADE_REFILL|4|3|S4,S8,S4|1
EARTH_CASCADE_REFILL|4|3|S4,S8,S9|1
EARTH_CASCADE_REFILL|4|3|S5,S2,S8|1
EARTH_CASCADE_REFILL|4|3|S5,S2,S9|1
EARTH_CASCADE_REFILL|4|3|S5,S5,S5|2
EARTH_CASCADE_REFILL|4|3|S5,S6,S4|1
EARTH_CASCADE_REFILL|4|3|S5,S6,S6|1
EARTH_CASCADE_REFILL|4|3|S5,S7,S1|1
EARTH_CASCADE_REFILL|4|3|S5,S7,S5|1
EARTH_CASCADE_REFILL|4|3|S5,S8,S3|1
EARTH_CASCADE_REFILL|4|3|S5,S8,S4|1
EARTH_CASCADE_REFILL|4|3|S5,S9,S7|1
EARTH_CASCADE_REFILL|4|3|S5,S9,S9|2
EARTH_CASCADE_REFILL|4|3|S6,S2,S3|1
EARTH_CASCADE_REFILL|4|3|S6,S3,S3|1
EARTH_CASCADE_REFILL|4|3|S6,S4,S8|1
EARTH_CASCADE_REFILL|4|3|S6,S5,S2|1
EARTH_CASCADE_REFILL|4|3|S6,S6,S3|1
EARTH_CASCADE_REFILL|4|3|S6,S8,S5|1
EARTH_CASCADE_REFILL|4|3|S7,S5,S5|1
EARTH_CASCADE_REFILL|4|3|S7,S6,S4|1
EARTH_CASCADE_REFILL|4|3|S7,S9,S8|1
EARTH_CASCADE_REFILL|4|3|S7,S9,S9|1
EARTH_CASCADE_REFILL|4|3|S8,S2,S3|1
EARTH_CASCADE_REFILL|4|3|S8,S2,S7|1
EARTH_CASCADE_REFILL|4|3|S8,S3,S3|1
EARTH_CASCADE_REFILL|4|3|S8,S3,S5|1
EARTH_CASCADE_REFILL|4|3|S8,S4,S3|1
EARTH_CASCADE_REFILL|4|3|S8,S4,S7|1
EARTH_CASCADE_REFILL|4|3|S8,S6,S4|1
EARTH_CASCADE_REFILL|4|3|S8,S7,S7|1
EARTH_CASCADE_REFILL|4|3|S8,S8,S9|1
EARTH_CASCADE_REFILL|4|3|S8,S9,S4|1
EARTH_CASCADE_REFILL|4|3|S9,S1,S2|1
EARTH_CASCADE_REFILL|4|3|S9,S3,S9|1
EARTH_CASCADE_REFILL|4|3|S9,S4,S3|1
EARTH_CASCADE_REFILL|4|3|S9,S7,S9|1
EARTH_CASCADE_REFILL|4|3|S9,S8,S9|2
EARTH_CASCADE_REFILL|4|3|S9,S9,S3|1
EARTH_CASCADE_REFILL|4|4|S1,S4,S7,S1|1
EARTH_CASCADE_REFILL|4|4|S2,S4,S5,S2|1
EARTH_CASCADE_REFILL|4|4|S2,S6,S5,S1|1
EARTH_CASCADE_REFILL|4|4|S2,S7,S5,S4|1
EARTH_CASCADE_REFILL|4|4|S3,S3,S4,S4|1
EARTH_CASCADE_REFILL|4|4|S4,S2,S7,S2|1
EARTH_CASCADE_REFILL|4|4|S4,S7,S3,S7|1
EARTH_CASCADE_REFILL|4|4|S5,S1,S8,S7|1
EARTH_CASCADE_REFILL|4|4|S5,S3,S5,S4|2
EARTH_CASCADE_REFILL|4|4|S5,S3,S9,S8|1
EARTH_CASCADE_REFILL|4|4|S5,S4,S4,S5|1
EARTH_CASCADE_REFILL|4|4|S5,S5,S6,S4|3
EARTH_CASCADE_REFILL|4|4|S5,S5,S9,S9|1
EARTH_CASCADE_REFILL|4|4|S5,S8,S3,S3|1
EARTH_CASCADE_REFILL|4|4|S5,S9,S5,S3|1
EARTH_CASCADE_REFILL|4|4|S7,S2,S6,S8|1
EARTH_CASCADE_REFILL|4|4|S7,S8,S3,S3|1
EARTH_CASCADE_REFILL|4|4|S8,S3,S3,S3|2
EARTH_CASCADE_REFILL|4|4|S8,S6,S3,S7|1
EARTH_CASCADE_REFILL|4|4|S8,S6,S6,S8|1
EARTH_CASCADE_REFILL|4|4|S8,S7,S3,S8|1
EARTH_CASCADE_REFILL|4|4|S8,S8,S2,S9|1
EARTH_CASCADE_REFILL|4|4|S8,S9,S2,S5|1
EARTH_CASCADE_REFILL|4|4|S9,S4,S2,S5|1
EARTH_CASCADE_REFILL|4|4|S9,S8,S8,S8|1
EARTH_CASCADE_REFILL|4|5|S6,S7,S3,S8,S2|1
EARTH_CASCADE_REFILL|4|5|S9,S8,S1,S3,S2|1
EARTH_REFILL|0|1|S2|11
EARTH_REFILL|0|1|S3|6
EARTH_REFILL|0|1|S4|9
EARTH_REFILL|0|1|S5|13
EARTH_REFILL|0|1|S6|1
EARTH_REFILL|0|1|S7|5
EARTH_REFILL|0|1|S8|8
EARTH_REFILL|0|1|S9|5
EARTH_REFILL|0|2|S1,S2|1
EARTH_REFILL|0|2|S1,S6|2
EARTH_REFILL|0|2|S2,S1|1
EARTH_REFILL|0|2|S2,S2|5
EARTH_REFILL|0|2|S2,S3|1
EARTH_REFILL|0|2|S2,S7|1
EARTH_REFILL|0|2|S2,S8|1
EARTH_REFILL|0|2|S2,S9|1
EARTH_REFILL|0|2|S3,S1|1
EARTH_REFILL|0|2|S3,S3|3
EARTH_REFILL|0|2|S3,S4|2
EARTH_REFILL|0|2|S3,S5|2
EARTH_REFILL|0|2|S3,S7|1
EARTH_REFILL|0|2|S3,S8|1
EARTH_REFILL|0|2|S3,S9|1
EARTH_REFILL|0|2|S4,S1|1
EARTH_REFILL|0|2|S4,S2|2
EARTH_REFILL|0|2|S4,S3|6
EARTH_REFILL|0|2|S4,S4|2
EARTH_REFILL|0|2|S4,S5|4
EARTH_REFILL|0|2|S4,S7|2
EARTH_REFILL|0|2|S4,S8|3
EARTH_REFILL|0|2|S4,S9|4
EARTH_REFILL|0|2|S5,S2|1
EARTH_REFILL|0|2|S5,S3|2
EARTH_REFILL|0|2|S5,S4|3
EARTH_REFILL|0|2|S5,S5|3
EARTH_REFILL|0|2|S5,S7|2
EARTH_REFILL|0|2|S5,S8|2
EARTH_REFILL|0|2|S5,S9|3
EARTH_REFILL|0|2|S6,S2|1
EARTH_REFILL|0|2|S6,S4|1
EARTH_REFILL|0|2|S6,S5|2
EARTH_REFILL|0|2|S6,S6|1
EARTH_REFILL|0|2|S6,S7|2
EARTH_REFILL|0|2|S6,S8|1
EARTH_REFILL|0|2|S6,S9|1
EARTH_REFILL|0|2|S7,S2|3
EARTH_REFILL|0|2|S7,S3|3
EARTH_REFILL|0|2|S7,S4|2
EARTH_REFILL|0|2|S7,S5|4
EARTH_REFILL|0|2|S7,S7|5
EARTH_REFILL|0|2|S7,S8|5
EARTH_REFILL|0|2|S7,S9|3
EARTH_REFILL|0|2|S8,S2|1
EARTH_REFILL|0|2|S8,S3|1
EARTH_REFILL|0|2|S8,S5|2
EARTH_REFILL|0|2|S8,S7|3
EARTH_REFILL|0|2|S8,S8|4
EARTH_REFILL|0|2|S8,S9|3
EARTH_REFILL|0|2|S9,S2|2
EARTH_REFILL|0|2|S9,S3|3
EARTH_REFILL|0|2|S9,S5|1
EARTH_REFILL|0|2|S9,S9|1
EARTH_REFILL|0|3|S1,S1,S3|1
EARTH_REFILL|0|3|S1,S8,S5|2
EARTH_REFILL|0|3|S2,S1,S4|1
EARTH_REFILL|0|3|S2,S2,S2|1
EARTH_REFILL|0|3|S2,S3,S6|1
EARTH_REFILL|0|3|S2,S4,S4|1
EARTH_REFILL|0|3|S2,S4,S7|1
EARTH_REFILL|0|3|S2,S6,S9|1
EARTH_REFILL|0|3|S2,S8,S2|1
EARTH_REFILL|0|3|S2,S8,S6|1
EARTH_REFILL|0|3|S2,S8,S7|1
EARTH_REFILL|0|3|S2,S9,S2|1
EARTH_REFILL|0|3|S2,S9,S5|1
EARTH_REFILL|0|3|S3,S2,S2|1
EARTH_REFILL|0|3|S3,S3,S3|1
EARTH_REFILL|0|3|S3,S3,S5|1
EARTH_REFILL|0|3|S3,S4,S2|1
EARTH_REFILL|0|3|S3,S4,S9|1
EARTH_REFILL|0|3|S3,S5,S2|1
EARTH_REFILL|0|3|S3,S5,S4|1
EARTH_REFILL|0|3|S3,S5,S8|1
EARTH_REFILL|0|3|S3,S5,S9|1
EARTH_REFILL|0|3|S3,S6,S5|1
EARTH_REFILL|0|3|S3,S7,S9|1
EARTH_REFILL|0|3|S3,S9,S7|2
EARTH_REFILL|0|3|S4,S3,S2|1
EARTH_REFILL|0|3|S4,S3,S3|2
EARTH_REFILL|0|3|S4,S3,S5|1
EARTH_REFILL|0|3|S4,S6,S5|1
EARTH_REFILL|0|3|S4,S6,S8|1
EARTH_REFILL|0|3|S4,S7,S4|1
EARTH_REFILL|0|3|S4,S7,S6|1
EARTH_REFILL|0|3|S4,S7,S7|1
EARTH_REFILL|0|3|S4,S9,S7|1
EARTH_REFILL|0|3|S5,S1,S2|1
EARTH_REFILL|0|3|S5,S2,S3|1
EARTH_REFILL|0|3|S5,S2,S8|1
EARTH_REFILL|0|3|S5,S3,S7|1
EARTH_REFILL|0|3|S5,S4,S6|1
EARTH_REFILL|0|3|S5,S4,S7|1
EARTH_REFILL|0|3|S5,S5,S3|1
EARTH_REFILL|0|3|S5,S5,S5|1
EARTH_REFILL|0|3|S5,S6,S9|2
EARTH_REFILL|0|3|S5,S8,S7|1
EARTH_REFILL|0|3|S5,S9,S4|1
EARTH_REFILL|0|3|S6,S3,S2|1
EARTH_REFILL|0|3|S6,S3,S4|3
EARTH_REFILL|0|3|S6,S4,S2|1
EARTH_REFILL|0|3|S6,S4,S4|1
EARTH_REFILL|0|3|S6,S4,S6|1
EARTH_REFILL|0|3|S6,S5,S3|1
EARTH_REFILL|0|3|S6,S5,S5|1
EARTH_REFILL|0|3|S6,S6,S3|1
EARTH_REFILL|0|3|S6,S6,S6|1
EARTH_REFILL|0|3|S6,S7,S7|1
EARTH_REFILL|0|3|S6,S8,S5|1
EARTH_REFILL|0|3|S6,S9,S4|1
EARTH_REFILL|0|3|S6,S9,S5|1
EARTH_REFILL|0|3|S6,S9,S9|1
EARTH_REFILL|0|3|S7,S2,S3|1
EARTH_REFILL|0|3|S7,S4,S2|1
EARTH_REFILL|0|3|S7,S4,S4|1
EARTH_REFILL|0|3|S7,S5,S8|1
EARTH_REFILL|0|3|S7,S5,S9|1
EARTH_REFILL|0|3|S7,S6,S2|1
EARTH_REFILL|0|3|S7,S7,S2|1
EARTH_REFILL|0|3|S7,S8,S8|1
EARTH_REFILL|0|3|S7,S9,S3|2
EARTH_REFILL|0|3|S7,S9,S7|1
EARTH_REFILL|0|3|S7,S9,S9|1
EARTH_REFILL|0|3|S8,S1,S9|1
EARTH_REFILL|0|3|S8,S2,S2|1
EARTH_REFILL|0|3|S8,S2,S6|1
EARTH_REFILL|0|3|S8,S3,S4|1
EARTH_REFILL|0|3|S8,S4,S1|1
EARTH_REFILL|0|3|S8,S4,S2|1
EARTH_REFILL|0|3|S8,S4,S3|1
EARTH_REFILL|0|3|S8,S4,S4|1
EARTH_REFILL|0|3|S8,S4,S5|1
EARTH_REFILL|0|3|S8,S5,S7|1
EARTH_REFILL|0|3|S8,S5,S9|1
EARTH_REFILL|0|3|S8,S6,S5|1
EARTH_REFILL|0|3|S8,S7,S3|2
EARTH_REFILL|0|3|S8,S7,S9|1
EARTH_REFILL|0|3|S8,S8,S8|1
EARTH_REFILL|0|3|S8,S9,S3|1
EARTH_REFILL|0|3|S8,S9,S5|1
EARTH_REFILL|0|3|S9,S1,S4|2
EARTH_REFILL|0|3|S9,S3,S3|1
EARTH_REFILL|0|3|S9,S4,S4|1
EARTH_REFILL|0|3|S9,S5,S7|2
EARTH_REFILL|0|3|S9,S5,S8|1
EARTH_REFILL|0|3|S9,S6,S5|1
EARTH_REFILL|0|3|S9,S6,S8|1
EARTH_REFILL|0|3|S9,S8,S2|1
EARTH_REFILL|0|3|S9,S9,S2|2
EARTH_REFILL|0|3|S9,S9,S3|2
EARTH_REFILL|0|4|S2,S1,S7,S2|1
EARTH_REFILL|0|4|S2,S2,S2,S6|1
EARTH_REFILL|0|4|S2,S2,S7,S8|1
EARTH_REFILL|0|4|S2,S3,S9,S5|1
EARTH_REFILL|0|4|S2,S4,S9,S9|1
EARTH_REFILL|0|4|S2,S6,S1,S2|1
EARTH_REFILL|0|4|S2,S7,S7,S5|1
EARTH_REFILL|0|4|S3,S4,S7,S2|1
EARTH_REFILL|0|4|S3,S9,S2,S9|1
EARTH_REFILL|0|4|S4,S4,S3,S3|1
EARTH_REFILL|0|4|S4,S6,S9,S3|1
EARTH_REFILL|0|4|S4,S9,S2,S4|1
EARTH_REFILL|0|4|S5,S2,S4,S4|1
EARTH_REFILL|0|4|S5,S3,S6,S8|2
EARTH_REFILL|0|4|S5,S3,S9,S5|1
EARTH_REFILL|0|4|S5,S4,S7,S9|1
EARTH_REFILL|0|4|S5,S8,S2,S5|1
EARTH_REFILL|0|4|S5,S9,S2,S6|1
EARTH_REFILL|0|4|S6,S3,S3,S2|1
EARTH_REFILL|0|4|S6,S4,S2,S6|1
EARTH_REFILL|0|4|S6,S6,S2,S8|1
EARTH_REFILL|0|4|S6,S6,S3,S4|1
EARTH_REFILL|0|4|S7,S2,S2,S2|1
EARTH_REFILL|0|4|S7,S4,S8,S7|1
EARTH_REFILL|0|4|S7,S7,S2,S3|1
EARTH_REFILL|0|4|S7,S8,S9,S5|1
EARTH_REFILL|0|4|S8,S3,S5,S5|1
EARTH_REFILL|0|4|S8,S5,S9,S6|1
EARTH_REFILL|0|4|S8,S9,S4,S5|1
EARTH_REFILL|0|4|S9,S2,S7,S6|1
EARTH_REFILL|0|4|S9,S4,S3,S2|1
EARTH_REFILL|0|4|S9,S7,S4,S8|1
EARTH_REFILL|0|4|S9,S7,S8,S2|1
EARTH_REFILL|0|4|S9,S7,S8,S5|1
EARTH_REFILL|0|4|S9,S7,S9,S3|1
EARTH_REFILL|0|4|S9,S9,S6,S5|1
EARTH_REFILL|0|5|S2,S4,S2,S4,S4|1
EARTH_REFILL|0|5|S5,S3,S9,S4,S2|1
EARTH_REFILL|0|5|S5,S9,S2,S4,S7|1
EARTH_REFILL|0|5|S6,S1,S7,S5,S3|1
EARTH_REFILL|0|5|S6,S6,S5,S8,S8|1
EARTH_REFILL|0|5|S8,S8,S8,S1,S8|1
EARTH_REFILL|0|5|S9,S6,S3,S2,S5|1
EARTH_REFILL|1|1|S1|1
EARTH_REFILL|1|1|S2|6
EARTH_REFILL|1|1|S3|5
EARTH_REFILL|1|1|S4|8
EARTH_REFILL|1|1|S5|10
EARTH_REFILL|1|1|S6|4
EARTH_REFILL|1|1|S7|1
EARTH_REFILL|1|1|S8|1
EARTH_REFILL|1|1|S9|2
EARTH_REFILL|1|2|S1,S1|1
EARTH_REFILL|1|2|S2,S1|1
EARTH_REFILL|1|2|S2,S2|4
EARTH_REFILL|1|2|S2,S3|2
EARTH_REFILL|1|2|S2,S5|2
EARTH_REFILL|1|2|S2,S7|5
EARTH_REFILL|1|2|S2,S8|2
EARTH_REFILL|1|2|S3,S2|1
EARTH_REFILL|1|2|S3,S3|1
EARTH_REFILL|1|2|S3,S5|4
EARTH_REFILL|1|2|S3,S7|1
EARTH_REFILL|1|2|S3,S8|1
EARTH_REFILL|1|2|S4,S2|1
EARTH_REFILL|1|2|S4,S3|3
EARTH_REFILL|1|2|S4,S4|2
EARTH_REFILL|1|2|S4,S5|1
EARTH_REFILL|1|2|S4,S6|1
EARTH_REFILL|1|2|S4,S7|1
EARTH_REFILL|1|2|S4,S8|3
EARTH_REFILL|1|2|S4,S9|3
EARTH_REFILL|1|2|S5,S1|1
EARTH_REFILL|1|2|S5,S2|1
EARTH_REFILL|1|2|S5,S3|2
EARTH_REFILL|1|2|S5,S4|3
EARTH_REFILL|1|2|S5,S5|8
EARTH_REFILL|1|2|S5,S6|3
EARTH_REFILL|1|2|S5,S8|3
EARTH_REFILL|1|2|S5,S9|4
EARTH_REFILL|1|2|S6,S2|1
EARTH_REFILL|1|2|S6,S3|4
EARTH_REFILL|1|2|S6,S4|3
EARTH_REFILL|1|2|S6,S5|3
EARTH_REFILL|1|2|S6,S6|2
EARTH_REFILL|1|2|S6,S7|1
EARTH_REFILL|1|2|S6,S8|2
EARTH_REFILL|1|2|S7,S2|3
EARTH_REFILL|1|2|S7,S3|2
EARTH_REFILL|1|2|S7,S4|2
EARTH_REFILL|1|2|S7,S5|2
EARTH_REFILL|1|2|S7,S6|3
EARTH_REFILL|1|2|S7,S7|3
EARTH_REFILL|1|2|S7,S9|4
EARTH_REFILL|1|2|S8,S2|2
EARTH_REFILL|1|2|S8,S3|1
EARTH_REFILL|1|2|S8,S6|2
EARTH_REFILL|1|2|S8,S7|2
EARTH_REFILL|1|2|S8,S8|2
EARTH_REFILL|1|2|S9,S2|3
EARTH_REFILL|1|2|S9,S4|2
EARTH_REFILL|1|2|S9,S5|3
EARTH_REFILL|1|2|S9,S6|2
EARTH_REFILL|1|2|S9,S7|3
EARTH_REFILL|1|2|S9,S8|1
EARTH_REFILL|1|3|S1,S3,S2|2
EARTH_REFILL|1|3|S1,S5,S2|1
EARTH_REFILL|1|3|S2,S2,S2|1
EARTH_REFILL|1|3|S2,S2,S5|1
EARTH_REFILL|1|3|S2,S2,S6|1
EARTH_REFILL|1|3|S2,S2,S8|3
EARTH_REFILL|1|3|S2,S3,S1|1
EARTH_REFILL|1|3|S2,S3,S4|1
EARTH_REFILL|1|3|S2,S4,S4|2
EARTH_REFILL|1|3|S2,S4,S5|1
EARTH_REFILL|1|3|S2,S5,S2|1
EARTH_REFILL|1|3|S2,S5,S3|1
EARTH_REFILL|1|3|S2,S5,S9|1
EARTH_REFILL|1|3|S2,S6,S6|2
EARTH_REFILL|1|3|S2,S7,S3|1
EARTH_REFILL|1|3|S2,S7,S5|1
EARTH_REFILL|1|3|S2,S8,S4|1
EARTH_REFILL|1|3|S2,S9,S2|1
EARTH_REFILL|1|3|S2,S9,S3|1
EARTH_REFILL|1|3|S2,S9,S5|2
EARTH_REFILL|1|3|S3,S2,S3|1
EARTH_REFILL|1|3|S3,S2,S8|1
EARTH_REFILL|1|3|S3,S3,S2|1
EARTH_REFILL|1|3|S3,S3,S3|1
EARTH_REFILL|1|3|S3,S3,S5|1
EARTH_REFILL|1|3|S3,S4,S5|3
EARTH_REFILL|1|3|S3,S5,S1|1
EARTH_REFILL|1|3|S3,S5,S9|1
EARTH_REFILL|1|3|S3,S7,S8|2
EARTH_REFILL|1|3|S3,S9,S5|1
EARTH_REFILL|1|3|S4,S2,S2|2
EARTH_REFILL|1|3|S4,S2,S3|1
EARTH_REFILL|1|3|S4,S2,S4|1
EARTH_REFILL|1|3|S4,S3,S6|3
EARTH_REFILL|1|3|S4,S4,S2|1
EARTH_REFILL|1|3|S4,S4,S4|1
EARTH_REFILL|1|3|S4,S4,S5|1
EARTH_REFILL|1|3|S4,S5,S2|1
EARTH_REFILL|1|3|S4,S6,S5|1
EARTH_REFILL|1|3|S4,S6,S9|1
EARTH_REFILL|1|3|S4,S7,S4|1
EARTH_REFILL|1|3|S4,S7,S5|1
EARTH_REFILL|1|3|S4,S9,S1|1
EARTH_REFILL|1|3|S4,S9,S3|1
EARTH_REFILL|1|3|S4,S9,S8|1
EARTH_REFILL|1|3|S5,S2,S2|3
EARTH_REFILL|1|3|S5,S2,S3|1
EARTH_REFILL|1|3|S5,S3,S3|1
EARTH_REFILL|1|3|S5,S3,S7|1
EARTH_REFILL|1|3|S5,S4,S2|1
EARTH_REFILL|1|3|S5,S4,S4|2
EARTH_REFILL|1|3|S5,S4,S9|1
EARTH_REFILL|1|3|S5,S5,S7|1
EARTH_REFILL|1|3|S5,S6,S2|1
EARTH_REFILL|1|3|S5,S7,S5|1
EARTH_REFILL|1|3|S5,S7,S7|1
EARTH_REFILL|1|3|S5,S7,S8|1
EARTH_REFILL|1|3|S5,S8,S3|1
EARTH_REFILL|1|3|S5,S9,S5|1
EARTH_REFILL|1|3|S6,S2,S3|3
EARTH_REFILL|1|3|S6,S3,S5|2
EARTH_REFILL|1|3|S6,S3,S8|1
EARTH_REFILL|1|3|S6,S4,S4|1
EARTH_REFILL|1|3|S6,S4,S9|2
EARTH_REFILL|1|3|S6,S5,S6|1
EARTH_REFILL|1|3|S6,S6,S4|1
EARTH_REFILL|1|3|S6,S7,S1|1
EARTH_REFILL|1|3|S6,S7,S2|1
EARTH_REFILL|1|3|S6,S7,S9|1
EARTH_REFILL|1|3|S6,S8,S8|1
EARTH_REFILL|1|3|S7,S2,S2|1
EARTH_REFILL|1|3|S7,S2,S5|1
EARTH_REFILL|1|3|S7,S4,S5|2
EARTH_REFILL|1|3|S7,S4,S7|1
EARTH_REFILL|1|3|S7,S5,S3|1
EARTH_REFILL|1|3|S7,S7,S4|1
EARTH_REFILL|1|3|S7,S7,S5|1
EARTH_REFILL|1|3|S7,S7,S7|1
EARTH_REFILL|1|3|S7,S7,S8|1
EARTH_REFILL|1|3|S7,S8,S3|1
EARTH_REFILL|1|3|S7,S9,S3|1
EARTH_REFILL|1|3|S8,S1,S3|1
EARTH_REFILL|1|3|S8,S2,S2|1
EARTH_REFILL|1|3|S8,S4,S4|1
EARTH_REFILL|1|3|S8,S4,S9|1
EARTH_REFILL|1|3|S8,S5,S2|1
EARTH_REFILL|1|3|S8,S7,S7|2
EARTH_REFILL|1|3|S8,S8,S3|1
EARTH_REFILL|1|3|S9,S2,S8|2
EARTH_REFILL|1|3|S9,S3,S4|1
EARTH_REFILL|1|3|S9,S3,S5|1
EARTH_REFILL|1|3|S9,S4,S9|2
EARTH_REFILL|1|3|S9,S6,S4|1
EARTH_REFILL|1|3|S9,S6,S6|1
EARTH_REFILL|1|3|S9,S7,S2|1
EARTH_REFILL|1|3|S9,S7,S5|1
EARTH_REFILL|1|3|S9,S9,S2|1
EARTH_REFILL|1|4|S2,S2,S2,S2|1
EARTH_REFILL|1|4|S2,S2,S3,S4|1
EARTH_REFILL|1|4|S2,S4,S2,S2|1
EARTH_REFILL|1|4|S2,S6,S4,S8|1
EARTH_REFILL|1|4|S2,S6,S5,S7|1
EARTH_REFILL|1|4|S2,S7,S7,S3|1
EARTH_REFILL|1|4|S2,S8,S8,S5|1
EARTH_REFILL|1|4|S3,S3,S4,S5|1
EARTH_REFILL|1|4|S3,S3,S7,S5|1
EARTH_REFILL|1|4|S3,S4,S4,S4|1
EARTH_REFILL|1|4|S3,S6,S6,S1|1
EARTH_REFILL|1|4|S3,S8,S2,S1|1
EARTH_REFILL|1|4|S4,S2,S2,S2|1
EARTH_REFILL|1|4|S4,S3,S4,S8|2
EARTH_REFILL|1|4|S4,S4,S3,S9|1
EARTH_REFILL|1|4|S4,S5,S2,S5|1
EARTH_REFILL|1|4|S4,S5,S6,S5|1
EARTH_REFILL|1|4|S4,S5,S7,S7|1
EARTH_REFILL|1|4|S4,S6,S3,S1|1
EARTH_REFILL|1|4|S5,S2,S2,S3|1
EARTH_REFILL|1|4|S5,S2,S2,S5|1
EARTH_REFILL|1|4|S5,S3,S8,S8|1
EARTH_REFILL|1|4|S5,S7,S2,S5|1
EARTH_REFILL|1|4|S5,S8,S2,S4|1
EARTH_REFILL|1|4|S5,S9,S9,S7|1
EARTH_REFILL|1|4|S6,S3,S2,S6|1
EARTH_REFILL|1|4|S6,S4,S2,S5|2
EARTH_REFILL|1|4|S6,S5,S8,S3|1
EARTH_REFILL|1|4|S6,S6,S4,S4|1
EARTH_REFILL|1|4|S6,S7,S7,S6|1
EARTH_REFILL|1|4|S7,S9,S6,S7|1
EARTH_REFILL|1|4|S8,S2,S9,S9|1
EARTH_REFILL|1|4|S8,S8,S4,S5|1
EARTH_REFILL|1|4|S9,S1,S9,S2|1
EARTH_REFILL|1|4|S9,S3,S2,S2|1
EARTH_REFILL|1|4|S9,S3,S3,S1|1
EARTH_REFILL|1|4|S9,S6,S5,S2|1
EARTH_REFILL|1|4|S9,S9,S1,S4|1
EARTH_REFILL|1|5|S3,S2,S5,S9,S7|2
EARTH_REFILL|1|5|S3,S3,S6,S3,S4|1
EARTH_REFILL|1|5|S3,S7,S3,S5,S4|1
EARTH_REFILL|1|5|S4,S4,S2,S7,S6|1
EARTH_REFILL|1|5|S4,S9,S9,S9,S3|1
EARTH_REFILL|1|5|S6,S3,S2,S2,S2|1
EARTH_REFILL|2|1|S1|2
EARTH_REFILL|2|1|S2|11
EARTH_REFILL|2|1|S3|20
EARTH_REFILL|2|1|S4|9
EARTH_REFILL|2|1|S5|13
EARTH_REFILL|2|1|S6|1
EARTH_REFILL|2|1|S7|5
EARTH_REFILL|2|1|S8|4
EARTH_REFILL|2|1|S9|5
EARTH_REFILL|2|2|S1,S7|1
EARTH_REFILL|2|2|S2,S2|1
EARTH_REFILL|2|2|S2,S3|2
EARTH_REFILL|2|2|S2,S5|2
EARTH_REFILL|2|2|S2,S6|2
EARTH_REFILL|2|2|S2,S7|1
EARTH_REFILL|2|2|S2,S8|1
EARTH_REFILL|2|2|S2,S9|2
EARTH_REFILL|2|2|S3,S1|1
EARTH_REFILL|2|2|S3,S2|3
EARTH_REFILL|2|2|S3,S3|1
EARTH_REFILL|2|2|S3,S4|1
EARTH_REFILL|2|2|S3,S5|1
EARTH_REFILL|2|2|S3,S9|1
EARTH_REFILL|2|2|S4,S1|1
EARTH_REFILL|2|2|S4,S2|4
EARTH_REFILL|2|2|S4,S3|3
EARTH_REFILL|2|2|S4,S4|9
EARTH_REFILL|2|2|S4,S5|1
EARTH_REFILL|2|2|S4,S6|2
EARTH_REFILL|2|2|S4,S7|3
EARTH_REFILL|2|2|S5,S1|1
EARTH_REFILL|2|2|S5,S2|3
EARTH_REFILL|2|2|S5,S3|4
EARTH_REFILL|2|2|S5,S4|3
EARTH_REFILL|2|2|S5,S5|1
EARTH_REFILL|2|2|S5,S6|2
EARTH_REFILL|2|2|S5,S7|2
EARTH_REFILL|2|2|S5,S8|7
EARTH_REFILL|2|2|S5,S9|2
EARTH_REFILL|2|2|S6,S1|2
EARTH_REFILL|2|2|S6,S2|1
EARTH_REFILL|2|2|S6,S4|1
EARTH_REFILL|2|2|S6,S5|2
EARTH_REFILL|2|2|S6,S7|1
EARTH_REFILL|2|2|S6,S8|1
EARTH_REFILL|2|2|S7,S2|1
EARTH_REFILL|2|2|S7,S3|3
EARTH_REFILL|2|2|S7,S4|2
EARTH_REFILL|2|2|S7,S5|3
EARTH_REFILL|2|2|S7,S6|1
EARTH_REFILL|2|2|S7,S8|1
EARTH_REFILL|2|2|S7,S9|2
EARTH_REFILL|2|2|S8,S2|4
EARTH_REFILL|2|2|S8,S3|3
EARTH_REFILL|2|2|S8,S4|4
EARTH_REFILL|2|2|S8,S7|1
EARTH_REFILL|2|2|S8,S8|1
EARTH_REFILL|2|2|S8,S9|1
EARTH_REFILL|2|2|S9,S3|2
EARTH_REFILL|2|2|S9,S4|2
EARTH_REFILL|2|2|S9,S5|2
EARTH_REFILL|2|2|S9,S6|1
EARTH_REFILL|2|2|S9,S8|1
EARTH_REFILL|2|2|S9,S9|1
EARTH_REFILL|2|3|S2,S1,S4|1
EARTH_REFILL|2|3|S2,S2,S9|1
EARTH_REFILL|2|3|S2,S3,S5|1
EARTH_REFILL|2|3|S2,S4,S3|1
EARTH_REFILL|2|3|S2,S4,S6|1
EARTH_REFILL|2|3|S2,S5,S3|1
EARTH_REFILL|2|3|S2,S7,S3|1
EARTH_REFILL|2|3|S2,S7,S6|1
EARTH_REFILL|2|3|S3,S2,S1|1
EARTH_REFILL|2|3|S3,S2,S2|1
EARTH_REFILL|2|3|S3,S2,S4|1
EARTH_REFILL|2|3|S3,S3,S1|1
EARTH_REFILL|2|3|S3,S3,S4|2
EARTH_REFILL|2|3|S3,S3,S9|1
EARTH_REFILL|2|3|S3,S4,S2|1
EARTH_REFILL|2|3|S3,S4,S5|1
EARTH_REFILL|2|3|S3,S4,S8|1
EARTH_REFILL|2|3|S3,S5,S9|1
EARTH_REFILL|2|3|S3,S6,S8|1
EARTH_REFILL|2|3|S3,S7,S3|1
EARTH_REFILL|2|3|S3,S8,S2|1
EARTH_REFILL|2|3|S3,S8,S6|1
EARTH_REFILL|2|3|S3,S8,S8|1
EARTH_REFILL|2|3|S4,S1,S5|1
EARTH_REFILL|2|3|S4,S2,S2|2
EARTH_REFILL|2|3|S4,S3,S2|2
EARTH_REFILL|2|3|S4,S3,S5|1
EARTH_REFILL|2|3|S4,S4,S4|1
EARTH_REFILL|2|3|S4,S6,S3|1
EARTH_REFILL|2|3|S4,S6,S5|1
EARTH_REFILL|2|3|S4,S7,S3|2
EARTH_REFILL|2|3|S4,S7,S4|1
EARTH_REFILL|2|3|S4,S7,S7|1
EARTH_REFILL|2|3|S4,S8,S8|1
EARTH_REFILL|2|3|S4,S9,S2|1
EARTH_REFILL|2|3|S4,S9,S5|1
EARTH_REFILL|2|3|S5,S2,S1|1
EARTH_REFILL|2|3|S5,S3,S2|1
EARTH_REFILL|2|3|S5,S3,S4|1
EARTH_REFILL|2|3|S5,S3,S9|1
EARTH_REFILL|2|3|S5,S4,S2|1
EARTH_REFILL|2|3|S5,S4,S3|1
EARTH_REFILL|2|3|S5,S4,S4|2
EARTH_REFILL|2|3|S5,S5,S2|1
EARTH_REFILL|2|3|S5,S5,S4|3
EARTH_REFILL|2|3|S5,S7,S7|1
EARTH_REFILL|2|3|S6,S1,S4|1
EARTH_REFILL|2|3|S6,S2,S1|1
EARTH_REFILL|2|3|S6,S2,S9|1
EARTH_REFILL|2|3|S6,S3,S4|1
EARTH_REFILL|2|3|S6,S3,S9|1
EARTH_REFILL|2|3|S6,S4,S3|1
EARTH_REFILL|2|3|S6,S4,S6|1
EARTH_REFILL|2|3|S6,S6,S3|1
EARTH_REFILL|2|3|S6,S6,S5|1
EARTH_REFILL|2|3|S6,S6,S6|2
EARTH_REFILL|2|3|S6,S7,S5|1
EARTH_REFILL|2|3|S6,S7,S9|1
EARTH_REFILL|2|3|S6,S9,S6|1
EARTH_REFILL|2|3|S7,S2,S3|1
EARTH_REFILL|2|3|S7,S3,S3|2
EARTH_REFILL|2|3|S7,S4,S2|2
EARTH_REFILL|2|3|S7,S4,S3|1
EARTH_REFILL|2|3|S7,S5,S1|1
EARTH_REFILL|2|3|S7,S5,S2|1
EARTH_REFILL|2|3|S7,S5,S3|1
EARTH_REFILL|2|3|S7,S5,S9|1
EARTH_REFILL|2|3|S7,S7,S3|2
EARTH_REFILL|2|3|S7,S8,S2|1
EARTH_REFILL|2|3|S8,S3,S3|1
EARTH_REFILL|2|3|S8,S4,S7|1
EARTH_REFILL|2|3|S8,S4,S9|1
EARTH_REFILL|2|3|S8,S5,S2|1
EARTH_REFILL|2|3|S8,S6,S5|1
EARTH_REFILL|2|3|S8,S8,S1|1
EARTH_REFILL|2|3|S8,S8,S2|1
EARTH_REFILL|2|3|S9,S2,S2|1
EARTH_REFILL|2|3|S9,S4,S2|1
EARTH_REFILL|2|3|S9,S5,S3|1
EARTH_REFILL|2|3|S9,S7,S2|1
EARTH_REFILL|2|3|S9,S9,S2|1
EARTH_REFILL|2|3|S9,S9,S3|1
EARTH_REFILL|2|3|S9,S9,S5|1
EARTH_REFILL|2|3|S9,S9,S7|2
EARTH_REFILL|2|4|S1,S3,S7,S7|1
EARTH_REFILL|2|4|S1,S3,S9,S2|1
EARTH_REFILL|2|4|S1,S8,S6,S4|1
EARTH_REFILL|2|4|S2,S2,S2,S2|1
EARTH_REFILL|2|4|S2,S4,S3,S3|1
EARTH_REFILL|2|4|S2,S5,S3,S2|1
EARTH_REFILL|2|4|S2,S5,S4,S6|1
EARTH_REFILL|2|4|S2,S6,S7,S4|1
EARTH_REFILL|2|4|S2,S8,S4,S5|1
EARTH_REFILL|2|4|S2,S9,S4,S4|2
EARTH_REFILL|2|4|S3,S2,S3,S4|1
EARTH_REFILL|2|4|S3,S2,S3,S5|1
EARTH_REFILL|2|4|S3,S2,S4,S8|2
EARTH_REFILL|2|4|S3,S4,S9,S5|2
EARTH_REFILL|2|4|S3,S5,S5,S4|1
EARTH_REFILL|2|4|S3,S8,S3,S5|1
EARTH_REFILL|2|4|S4,S1,S3,S2|1
EARTH_REFILL|2|4|S4,S6,S6,S9|1
EARTH_REFILL|2|4|S4,S9,S4,S2|1
EARTH_REFILL|2|4|S5,S3,S4,S2|1
EARTH_REFILL|2|4|S5,S5,S5,S7|1
EARTH_REFILL|2|4|S5,S8,S6,S3|1
EARTH_REFILL|2|4|S5,S9,S2,S2|1
EARTH_REFILL|2|4|S6,S3,S5,S5|1
EARTH_REFILL|2|4|S6,S6,S5,S3|1
EARTH_REFILL|2|4|S7,S2,S9,S3|1
EARTH_REFILL|2|4|S7,S6,S3,S5|1
EARTH_REFILL|2|4|S7,S6,S6,S4|1
EARTH_REFILL|2|4|S7,S7,S2,S5|1
EARTH_REFILL|2|4|S8,S2,S8,S6|1
EARTH_REFILL|2|4|S8,S3,S5,S5|1
EARTH_REFILL|2|4|S8,S4,S9,S4|1
EARTH_REFILL|2|4|S8,S5,S5,S5|1
EARTH_REFILL|2|4|S8,S8,S8,S9|1
EARTH_REFILL|2|4|S8,S8,S9,S7|1
EARTH_REFILL|2|4|S9,S3,S4,S8|1
EARTH_REFILL|2|4|S9,S6,S5,S4|1
EARTH_REFILL|2|4|S9,S9,S4,S4|1
EARTH_REFILL|2|5|S2,S2,S6,S2,S4|1
EARTH_REFILL|2|5|S9,S2,S5,S3,S5|1
EARTH_REFILL|3|1|S2|13
EARTH_REFILL|3|1|S3|11
EARTH_REFILL|3|1|S4|6
EARTH_REFILL|3|1|S5|9
EARTH_REFILL|3|1|S6|5
EARTH_REFILL|3|1|S7|6
EARTH_REFILL|3|1|S8|6
EARTH_REFILL|3|1|S9|4
EARTH_REFILL|3|2|S1,S2|1
EARTH_REFILL|3|2|S1,S5|1
EARTH_REFILL|3|2|S1,S6|1
EARTH_REFILL|3|2|S1,S9|1
EARTH_REFILL|3|2|S2,S2|3
EARTH_REFILL|3|2|S2,S3|1
EARTH_REFILL|3|2|S2,S4|2
EARTH_REFILL|3|2|S2,S5|2
EARTH_REFILL|3|2|S2,S6|2
EARTH_REFILL|3|2|S2,S7|1
EARTH_REFILL|3|2|S2,S8|1
EARTH_REFILL|3|2|S3,S1|2
EARTH_REFILL|3|2|S3,S2|4
EARTH_REFILL|3|2|S3,S3|5
EARTH_REFILL|3|2|S3,S4|2
EARTH_REFILL|3|2|S3,S5|2
EARTH_REFILL|3|2|S3,S6|1
EARTH_REFILL|3|2|S3,S7|1
EARTH_REFILL|3|2|S4,S2|3
EARTH_REFILL|3|2|S4,S3|3
EARTH_REFILL|3|2|S4,S4|2
EARTH_REFILL|3|2|S4,S5|5
EARTH_REFILL|3|2|S4,S6|1
EARTH_REFILL|3|2|S4,S7|1
EARTH_REFILL|3|2|S4,S8|2
EARTH_REFILL|3|2|S4,S9|2
EARTH_REFILL|3|2|S5,S1|2
EARTH_REFILL|3|2|S5,S2|5
EARTH_REFILL|3|2|S5,S3|1
EARTH_REFILL|3|2|S5,S4|4
EARTH_REFILL|3|2|S5,S5|2
EARTH_REFILL|3|2|S5,S6|1
EARTH_REFILL|3|2|S5,S8|2
EARTH_REFILL|3|2|S5,S9|2
EARTH_REFILL|3|2|S6,S2|2
EARTH_REFILL|3|2|S6,S3|1
EARTH_REFILL|3|2|S6,S4|3
EARTH_REFILL|3|2|S6,S5|2
EARTH_REFILL|3|2|S6,S6|3
EARTH_REFILL|3|2|S6,S7|1
EARTH_REFILL|3|2|S6,S8|1
EARTH_REFILL|3|2|S7,S3|1
EARTH_REFILL|3|2|S7,S4|2
EARTH_REFILL|3|2|S7,S5|1
EARTH_REFILL|3|2|S8,S2|2
EARTH_REFILL|3|2|S8,S4|1
EARTH_REFILL|3|2|S8,S5|1
EARTH_REFILL|3|2|S8,S6|2
EARTH_REFILL|3|2|S8,S7|3
EARTH_REFILL|3|2|S8,S8|1
EARTH_REFILL|3|2|S8,S9|1
EARTH_REFILL|3|2|S9,S2|1
EARTH_REFILL|3|2|S9,S4|6
EARTH_REFILL|3|2|S9,S6|1
EARTH_REFILL|3|2|S9,S8|2
EARTH_REFILL|3|2|S9,S9|2
EARTH_REFILL|3|3|S1,S5,S2|1
EARTH_REFILL|3|3|S1,S8,S3|1
EARTH_REFILL|3|3|S2,S2,S3|2
EARTH_REFILL|3|3|S2,S2,S4|1
EARTH_REFILL|3|3|S2,S2,S7|2
EARTH_REFILL|3|3|S2,S3,S5|2
EARTH_REFILL|3|3|S2,S4,S2|1
EARTH_REFILL|3|3|S2,S4,S3|2
EARTH_REFILL|3|3|S2,S6,S6|1
EARTH_REFILL|3|3|S2,S6,S7|2
EARTH_REFILL|3|3|S2,S6,S9|1
EARTH_REFILL|3|3|S2,S8,S4|1
EARTH_REFILL|3|3|S2,S8,S7|1
EARTH_REFILL|3|3|S3,S2,S2|1
EARTH_REFILL|3|3|S3,S2,S3|1
EARTH_REFILL|3|3|S3,S2,S4|1
EARTH_REFILL|3|3|S3,S3,S1|1
EARTH_REFILL|3|3|S3,S4,S7|1
EARTH_REFILL|3|3|S3,S5,S3|1
EARTH_REFILL|3|3|S3,S6,S5|1
EARTH_REFILL|3|3|S3,S6,S8|1
EARTH_REFILL|3|3|S3,S7,S3|1
EARTH_REFILL|3|3|S3,S7,S4|1
EARTH_REFILL|3|3|S3,S8,S4|1
EARTH_REFILL|3|3|S3,S8,S6|1
EARTH_REFILL|3|3|S3,S8,S7|1
EARTH_REFILL|3|3|S3,S9,S9|1
EARTH_REFILL|3|3|S4,S1,S3|1
EARTH_REFILL|3|3|S4,S2,S2|1
EARTH_REFILL|3|3|S4,S2,S4|1
EARTH_REFILL|3|3|S4,S4,S3|1
EARTH_REFILL|3|3|S4,S4,S7|1
EARTH_REFILL|3|3|S4,S6,S3|1
EARTH_REFILL|3|3|S4,S7,S2|1
EARTH_REFILL|3|3|S4,S7,S7|1
EARTH_REFILL|3|3|S4,S8,S8|1
EARTH_REFILL|3|3|S4,S9,S4|1
EARTH_REFILL|3|3|S5,S2,S2|1
EARTH_REFILL|3|3|S5,S3,S7|1
EARTH_REFILL|3|3|S5,S4,S1|1
EARTH_REFILL|3|3|S5,S5,S3|1
EARTH_REFILL|3|3|S5,S5,S5|3
EARTH_REFILL|3|3|S5,S6,S8|2
EARTH_REFILL|3|3|S5,S8,S6|1
EARTH_REFILL|3|3|S6,S3,S3|1
EARTH_REFILL|3|3|S6,S4,S1|1
EARTH_REFILL|3|3|S6,S4,S3|1
EARTH_REFILL|3|3|S6,S5,S2|1
EARTH_REFILL|3|3|S6,S5,S7|1
EARTH_REFILL|3|3|S6,S7,S7|1
EARTH_REFILL|3|3|S6,S8,S3|1
EARTH_REFILL|3|3|S6,S8,S4|1
EARTH_REFILL|3|3|S6,S8,S7|1
EARTH_REFILL|3|3|S6,S8,S8|1
EARTH_REFILL|3|3|S7,S2,S2|1
EARTH_REFILL|3|3|S7,S3,S3|1
EARTH_REFILL|3|3|S7,S3,S5|1
EARTH_REFILL|3|3|S7,S4,S5|1
EARTH_REFILL|3|3|S7,S4,S9|2
EARTH_REFILL|3|3|S7,S5,S1|1
EARTH_REFILL|3|3|S7,S5,S5|2
EARTH_REFILL|3|3|S7,S6,S3|1
EARTH_REFILL|3|3|S7,S7,S8|1
EARTH_REFILL|3|3|S7,S8,S8|1
EARTH_REFILL|3|3|S8,S2,S3|1
EARTH_REFILL|3|3|S8,S3,S4|1
EARTH_REFILL|3|3|S8,S4,S3|1
EARTH_REFILL|3|3|S8,S4,S5|1
EARTH_REFILL|3|3|S8,S6,S9|1
EARTH_REFILL|3|3|S8,S7,S2|3
EARTH_REFILL|3|3|S8,S7,S9|1
EARTH_REFILL|3|3|S8,S8,S3|1
EARTH_REFILL|3|3|S8,S9,S9|1
EARTH_REFILL|3|3|S9,S2,S2|1
EARTH_REFILL|3|3|S9,S2,S3|1
EARTH_REFILL|3|3|S9,S2,S7|1
EARTH_REFILL|3|3|S9,S3,S4|1
EARTH_REFILL|3|3|S9,S5,S9|1
EARTH_REFILL|3|3|S9,S6,S5|1
EARTH_REFILL|3|3|S9,S8,S3|1
EARTH_REFILL|3|3|S9,S8,S7|2
EARTH_REFILL|3|3|S9,S9,S1|1
EARTH_REFILL|3|3|S9,S9,S9|1
EARTH_REFILL|3|4|S2,S1,S2,S2|1
EARTH_REFILL|3|4|S2,S2,S7,S9|1
EARTH_REFILL|3|4|S2,S4,S1,S4|1
EARTH_REFILL|3|4|S2,S6,S2,S4|1
EARTH_REFILL|3|4|S2,S8,S2,S3|1
EARTH_REFILL|3|4|S2,S8,S5,S2|1
EARTH_REFILL|3|4|S2,S9,S5,S2|1
EARTH_REFILL|3|4|S3,S4,S2,S5|2
EARTH_REFILL|3|4|S3,S5,S8,S5|1
EARTH_REFILL|3|4|S3,S6,S3,S3|1
EARTH_REFILL|3|4|S4,S4,S4,S3|1
EARTH_REFILL|3|4|S4,S4,S7,S2|1
EARTH_REFILL|3|4|S4,S4,S9,S6|1
EARTH_REFILL|3|4|S4,S6,S9,S9|1
EARTH_REFILL|3|4|S4,S7,S6,S5|1
EARTH_REFILL|3|4|S4,S8,S3,S3|1
EARTH_REFILL|3|4|S4,S9,S3,S3|1
EARTH_REFILL|3|4|S5,S3,S4,S6|1
EARTH_REFILL|3|4|S5,S5,S3,S3|1
EARTH_REFILL|3|4|S5,S6,S2,S6|1
EARTH_REFILL|3|4|S5,S6,S7,S2|1
EARTH_REFILL|3|4|S6,S2,S2,S5|1
EARTH_REFILL|3|4|S6,S5,S3,S8|1
EARTH_REFILL|3|4|S6,S6,S6,S3|1
EARTH_REFILL|3|4|S6,S7,S9,S9|2
EARTH_REFILL|3|4|S6,S8,S7,S4|1
EARTH_REFILL|3|4|S7,S1,S4,S2|1
EARTH_REFILL|3|4|S7,S1,S5,S4|1
EARTH_REFILL|3|4|S7,S5,S4,S2|1
EARTH_REFILL|3|4|S7,S7,S7,S8|1
EARTH_REFILL|3|4|S7,S8,S4,S5|1
EARTH_REFILL|3|4|S8,S2,S6,S7|1
EARTH_REFILL|3|4|S8,S3,S2,S9|1
EARTH_REFILL|3|4|S8,S9,S3,S2|2
EARTH_REFILL|3|4|S8,S9,S6,S8|1
EARTH_REFILL|3|4|S9,S2,S4,S5|1
EARTH_REFILL|3|4|S9,S4,S4,S3|2
EARTH_REFILL|3|4|S9,S5,S9,S6|1
EARTH_REFILL|3|4|S9,S6,S2,S2|2
EARTH_REFILL|3|4|S9,S6,S4,S2|1
EARTH_REFILL|3|4|S9,S6,S5,S9|1
EARTH_REFILL|3|4|S9,S9,S1,S2|1
EARTH_REFILL|3|4|S9,S9,S9,S9|1
EARTH_REFILL|3|5|S2,S5,S1,S5,S3|1
EARTH_REFILL|3|5|S2,S6,S4,S2,S3|1
EARTH_REFILL|3|5|S2,S6,S6,S7,S5|1
EARTH_REFILL|3|5|S4,S9,S2,S6,S4|1
EARTH_REFILL|3|5|S6,S4,S3,S2,S3|1
EARTH_REFILL|3|5|S6,S6,S1,S9,S2|1
EARTH_REFILL|3|5|S6,S9,S3,S5,S3|1
EARTH_REFILL|3|5|S7,S5,S6,S3,S6|1
EARTH_REFILL|3|5|S8,S8,S8,S4,S7|1
EARTH_REFILL|4|1|S2|8
EARTH_REFILL|4|1|S3|10
EARTH_REFILL|4|1|S4|4
EARTH_REFILL|4|1|S5|4
EARTH_REFILL|4|1|S6|8
EARTH_REFILL|4|1|S7|7
EARTH_REFILL|4|1|S8|4
EARTH_REFILL|4|1|S9|5
EARTH_REFILL|4|2|S1,S8|1
EARTH_REFILL|4|2|S2,S2|4
EARTH_REFILL|4|2|S2,S3|1
EARTH_REFILL|4|2|S2,S4|2
EARTH_REFILL|4|2|S2,S5|1
EARTH_REFILL|4|2|S2,S6|3
EARTH_REFILL|4|2|S2,S8|3
EARTH_REFILL|4|2|S2,S9|1
EARTH_REFILL|4|2|S3,S2|1
EARTH_REFILL|4|2|S3,S3|3
EARTH_REFILL|4|2|S3,S4|1
EARTH_REFILL|4|2|S3,S6|2
EARTH_REFILL|4|2|S3,S7|1
EARTH_REFILL|4|2|S3,S8|1
EARTH_REFILL|4|2|S3,S9|1
EARTH_REFILL|4|2|S4,S2|3
EARTH_REFILL|4|2|S4,S4|3
EARTH_REFILL|4|2|S4,S5|2
EARTH_REFILL|4|2|S4,S8|1
EARTH_REFILL|4|2|S5,S2|1
EARTH_REFILL|4|2|S5,S3|1
EARTH_REFILL|4|2|S5,S4|3
EARTH_REFILL|4|2|S5,S5|3
EARTH_REFILL|4|2|S5,S7|2
EARTH_REFILL|4|2|S5,S8|2
EARTH_REFILL|4|2|S5,S9|1
EARTH_REFILL|4|2|S6,S2|1
EARTH_REFILL|4|2|S6,S3|1
EARTH_REFILL|4|2|S6,S6|2
EARTH_REFILL|4|2|S6,S7|4
EARTH_REFILL|4|2|S6,S8|3
EARTH_REFILL|4|2|S6,S9|1
EARTH_REFILL|4|2|S7,S2|1
EARTH_REFILL|4|2|S7,S3|2
EARTH_REFILL|4|2|S7,S4|3
EARTH_REFILL|4|2|S7,S5|2
EARTH_REFILL|4|2|S7,S6|2
EARTH_REFILL|4|2|S7,S8|2
EARTH_REFILL|4|2|S7,S9|1
EARTH_REFILL|4|2|S8,S1|2
EARTH_REFILL|4|2|S8,S2|3
EARTH_REFILL|4|2|S8,S3|1
EARTH_REFILL|4|2|S8,S4|1
EARTH_REFILL|4|2|S8,S5|4
EARTH_REFILL|4|2|S8,S6|2
EARTH_REFILL|4|2|S8,S8|1
EARTH_REFILL|4|2|S8,S9|1
EARTH_REFILL|4|2|S9,S5|2
EARTH_REFILL|4|2|S9,S7|1
EARTH_REFILL|4|2|S9,S8|2
EARTH_REFILL|4|2|S9,S9|3
EARTH_REFILL|4|3|S1,S3,S5|1
EARTH_REFILL|4|3|S2,S2,S9|1
EARTH_REFILL|4|3|S2,S4,S4|1
EARTH_REFILL|4|3|S2,S4,S7|1
EARTH_REFILL|4|3|S2,S4,S8|1
EARTH_REFILL|4|3|S2,S5,S2|2
EARTH_REFILL|4|3|S2,S5,S9|1
EARTH_REFILL|4|3|S2,S7,S8|1
EARTH_REFILL|4|3|S2,S7,S9|1
EARTH_REFILL|4|3|S2,S9,S3|1
EARTH_REFILL|4|3|S2,S9,S5|1
EARTH_REFILL|4|3|S2,S9,S9|1
EARTH_REFILL|4|3|S3,S2,S2|1
EARTH_REFILL|4|3|S3,S2,S7|1
EARTH_REFILL|4|3|S3,S2,S8|1
EARTH_REFILL|4|3|S3,S3,S2|1
EARTH_REFILL|4|3|S3,S3,S4|4
EARTH_REFILL|4|3|S3,S3,S9|2
EARTH_REFILL|4|3|S3,S5,S4|1
EARTH_REFILL|4|3|S3,S5,S8|1
EARTH_REFILL|4|3|S3,S6,S4|2
EARTH_REFILL|4|3|S3,S8,S5|1
EARTH_REFILL|4|3|S3,S9,S8|1
EARTH_REFILL|4|3|S3,S9,S9|1
EARTH_REFILL|4|3|S4,S1,S2|2
EARTH_REFILL|4|3|S4,S3,S1|1
EARTH_REFILL|4|3|S4,S3,S4|1
EARTH_REFILL|4|3|S4,S4,S3|1
EARTH_REFILL|4|3|S4,S4,S9|1
EARTH_REFILL|4|3|S4,S5,S3|1
EARTH_REFILL|4|3|S4,S5,S6|1
EARTH_REFILL|4|3|S4,S6,S4|1
EARTH_REFILL|4|3|S4,S7,S8|1
EARTH_REFILL|4|3|S4,S8,S3|1
EARTH_REFILL|4|3|S4,S8,S7|1
EARTH_REFILL|4|3|S4,S9,S8|1
EARTH_REFILL|4|3|S5,S2,S6|1
EARTH_REFILL|4|3|S5,S3,S2|1
EARTH_REFILL|4|3|S5,S3,S3|2
EARTH_REFILL|4|3|S5,S3,S5|1
EARTH_REFILL|4|3|S5,S3,S6|1
EARTH_REFILL|4|3|S5,S4,S5|1
EARTH_REFILL|4|3|S5,S4,S6|1
EARTH_REFILL|4|3|S5,S5,S3|1
EARTH_REFILL|4|3|S5,S5,S5|1
EARTH_REFILL|4|3|S5,S5,S8|1
EARTH_REFILL|4|3|S5,S7,S2|2
EARTH_REFILL|4|3|S5,S7,S5|3
EARTH_REFILL|4|3|S5,S7,S7|1
EARTH_REFILL|4|3|S5,S8,S2|1
EARTH_REFILL|4|3|S5,S9,S7|1
EARTH_REFILL|4|3|S6,S2,S2|1
EARTH_REFILL|4|3|S6,S2,S3|2
EARTH_REFILL|4|3|S6,S2,S4|1
EARTH_REFILL|4|3|S6,S2,S5|2
EARTH_REFILL|4|3|S6,S5,S5|1
EARTH_REFILL|4|3|S6,S5,S8|1
EARTH_REFILL|4|3|S6,S6,S6|1
EARTH_REFILL|4|3|S6,S6,S9|1
EARTH_REFILL|4|3|S6,S7,S3|2
EARTH_REFILL|4|3|S6,S7,S6|1
EARTH_REFILL|4|3|S6,S9,S2|1
EARTH_REFILL|4|3|S6,S9,S9|1
EARTH_REFILL|4|3|S7,S1,S7|1
EARTH_REFILL|4|3|S7,S3,S4|1
EARTH_REFILL|4|3|S7,S3,S7|1
EARTH_REFILL|4|3|S7,S3,S9|1
EARTH_REFILL|4|3|S7,S4,S4|1
EARTH_REFILL|4|3|S7,S4,S8|1
EARTH_REFILL|4|3|S7,S5,S1|1
EARTH_REFILL|4|3|S7,S6,S2|1
EARTH_REFILL|4|3|S7,S7,S7|2
EARTH_REFILL|4|3|S8,S2,S8|2
EARTH_REFILL|4|3|S8,S3,S3|1
EARTH_REFILL|4|3|S8,S3,S9|1
EARTH_REFILL|4|3|S8,S4,S6|1
EARTH_REFILL|4|3|S8,S5,S5|1
EARTH_REFILL|4|3|S8,S7,S9|1
EARTH_REFILL|4|3|S8,S8,S8|1
EARTH_REFILL|4|3|S8,S9,S2|1
EARTH_REFILL|4|3|S8,S9,S9|1
EARTH_REFILL|4|3|S9,S1,S2|1
EARTH_REFILL|4|3|S9,S1,S3|1
EARTH_REFILL|4|3|S9,S2,S2|1
EARTH_REFILL|4|3|S9,S2,S3|2
EARTH_REFILL|4|3|S9,S2,S4|1
EARTH_REFILL|4|3|S9,S2,S6|1
EARTH_REFILL|4|3|S9,S3,S3|1
EARTH_REFILL|4|3|S9,S3,S4|1
EARTH_REFILL|4|3|S9,S3,S6|1
EARTH_REFILL|4|3|S9,S4,S2|1
EARTH_REFILL|4|3|S9,S4,S7|1
EARTH_REFILL|4|3|S9,S4,S9|1
EARTH_REFILL|4|3|S9,S5,S2|1
EARTH_REFILL|4|3|S9,S5,S9|1
EARTH_REFILL|4|3|S9,S6,S4|1
EARTH_REFILL|4|3|S9,S6,S7|2
EARTH_REFILL|4|3|S9,S7,S4|1
EARTH_REFILL|4|3|S9,S8,S9|1
EARTH_REFILL|4|3|S9,S9,S9|2
EARTH_REFILL|4|4|S2,S2,S6,S4|1
EARTH_REFILL|4|4|S2,S2,S9,S9|1
EARTH_REFILL|4|4|S2,S3,S1,S7|1
EARTH_REFILL|4|4|S2,S5,S9,S4|1
EARTH_REFILL|4|4|S3,S2,S5,S8|1
EARTH_REFILL|4|4|S3,S3,S5,S7|1
EARTH_REFILL|4|4|S3,S4,S2,S2|1
EARTH_REFILL|4|4|S3,S5,S7,S5|1
EARTH_REFILL|4|4|S4,S3,S3,S7|1
EARTH_REFILL|4|4|S4,S5,S3,S9|1
EARTH_REFILL|4|4|S4,S6,S2,S4|1
EARTH_REFILL|4|4|S4,S6,S8,S5|1
EARTH_REFILL|4|4|S4,S7,S4,S2|1
EARTH_REFILL|4|4|S4,S7,S8,S2|1
EARTH_REFILL|4|4|S4,S8,S4,S8|1
EARTH_REFILL|4|4|S4,S8,S8,S3|1
EARTH_REFILL|4|4|S5,S2,S3,S2|1
EARTH_REFILL|4|4|S5,S2,S4,S4|1
EARTH_REFILL|4|4|S5,S4,S3,S2|1
EARTH_REFILL|4|4|S5,S4,S3,S6|1
EARTH_REFILL|4|4|S5,S7,S6,S7|1
EARTH_REFILL|4|4|S5,S8,S8,S5|1
EARTH_REFILL|4|4|S5,S9,S8,S3|1
EARTH_REFILL|4|4|S5,S9,S8,S5|2
EARTH_REFILL|4|4|S6,S2,S5,S5|1
EARTH_REFILL|4|4|S6,S3,S3,S3|1
EARTH_REFILL|4|4|S6,S4,S6,S4|2
EARTH_REFILL|4|4|S6,S5,S5,S2|1
EARTH_REFILL|4|4|S6,S7,S2,S2|1
EARTH_REFILL|4|4|S6,S8,S6,S5|1
EARTH_REFILL|4|4|S6,S8,S6,S9|1
EARTH_REFILL|4|4|S6,S9,S5,S7|1
EARTH_REFILL|4|4|S7,S2,S7,S2|1
EARTH_REFILL|4|4|S7,S2,S7,S9|1
EARTH_REFILL|4|4|S7,S5,S8,S4|1
EARTH_REFILL|4|4|S7,S7,S5,S9|1
EARTH_REFILL|4|4|S7,S9,S8,S4|1
EARTH_REFILL|4|4|S8,S6,S8,S5|1
EARTH_REFILL|4|4|S9,S5,S5,S8|1
EARTH_REFILL|4|4|S9,S7,S8,S6|1
EARTH_REFILL|4|4|S9,S8,S3,S5|1
EARTH_REFILL|4|4|S9,S8,S5,S8|1
EARTH_REFILL|4|4|S9,S9,S7,S3|1
EARTH_REFILL|4|4|S9,S9,S7,S6|1
EARTH_REFILL|4|5|S1,S9,S2,S8,S9|1
EARTH_REFILL|4|5|S2,S2,S8,S4,S2|1
EARTH_REFILL|4|5|S3,S2,S6,S2,S4|1
EARTH_REFILL|4|5|S3,S3,S7,S8,S3|1
EARTH_REFILL|4|5|S5,S6,S6,S9,S7|1
EARTH_REFILL|4|5|S6,S3,S9,S3,S5|1
EARTH_REFILL|4|5|S8,S3,S6,S7,S4|2
EARTH_REFILL|4|5|S8,S6,S5,S3,S3|1
EARTH_REFILL|4|5|S8,S6,S5,S6,S2|2
FIRE_CASCADE_REFILL|0|1|S1|1
FIRE_CASCADE_REFILL|0|1|S2|8
FIRE_CASCADE_REFILL|0|1|S3|5
FIRE_CASCADE_REFILL|0|1|S4|7
FIRE_CASCADE_REFILL|0|1|S5|2
FIRE_CASCADE_REFILL|0|1|S6|5
FIRE_CASCADE_REFILL|0|1|S7|5
FIRE_CASCADE_REFILL|0|1|S8|10
FIRE_CASCADE_REFILL|0|1|S9|8
FIRE_CASCADE_REFILL|0|2|S1,S6|1
FIRE_CASCADE_REFILL|0|2|S2,S2|1
FIRE_CASCADE_REFILL|0|2|S2,S7|1
FIRE_CASCADE_REFILL|0|2|S3,S6|1
FIRE_CASCADE_REFILL|0|2|S4,S2|1
FIRE_CASCADE_REFILL|0|2|S4,S8|1
FIRE_CASCADE_REFILL|0|2|S4,S9|1
FIRE_CASCADE_REFILL|0|2|S5,S4|2
FIRE_CASCADE_REFILL|0|2|S6,S7|1
FIRE_CASCADE_REFILL|0|2|S6,S8|2
FIRE_CASCADE_REFILL|0|2|S6,S9|2
FIRE_CASCADE_REFILL|0|2|S7,S2|1
FIRE_CASCADE_REFILL|0|2|S7,S7|2
FIRE_CASCADE_REFILL|0|2|S7,S9|1
FIRE_CASCADE_REFILL|0|2|S8,S3|1
FIRE_CASCADE_REFILL|0|2|S9,S2|1
FIRE_CASCADE_REFILL|0|3|S1,S5,S2|1
FIRE_CASCADE_REFILL|0|3|S2,S1,S9|1
FIRE_CASCADE_REFILL|0|3|S2,S2,S3|1
FIRE_CASCADE_REFILL|0|3|S2,S2,S7|1
FIRE_CASCADE_REFILL|0|3|S2,S4,S1|1
FIRE_CASCADE_REFILL|0|3|S2,S4,S3|1
FIRE_CASCADE_REFILL|0|3|S2,S6,S2|1
FIRE_CASCADE_REFILL|0|3|S2,S7,S5|1
FIRE_CASCADE_REFILL|0|3|S2,S7,S6|1
FIRE_CASCADE_REFILL|0|3|S2,S9,S5|1
FIRE_CASCADE_REFILL|0|3|S3,S1,S3|1
FIRE_CASCADE_REFILL|0|3|S3,S2,S9|1
FIRE_CASCADE_REFILL|0|3|S3,S6,S5|1
FIRE_CASCADE_REFILL|0|3|S3,S8,S9|1
FIRE_CASCADE_REFILL|0|3|S4,S3,S7|1
FIRE_CASCADE_REFILL|0|3|S4,S4,S7|1
FIRE_CASCADE_REFILL|0|3|S4,S4,S8|1
FIRE_CASCADE_REFILL|0|3|S4,S4,S9|1
FIRE_CASCADE_REFILL|0|3|S4,S6,S8|1
FIRE_CASCADE_REFILL|0|3|S4,S8,S5|1
FIRE_CASCADE_REFILL|0|3|S4,S8,S8|1
FIRE_CASCADE_REFILL|0|3|S4,S8,S9|1
FIRE_CASCADE_REFILL|0|3|S5,S3,S9|1
FIRE_CASCADE_REFILL|0|3|S5,S6,S6|2
FIRE_CASCADE_REFILL|0|3|S5,S8,S8|1
FIRE_CASCADE_REFILL|0|3|S6,S4,S3|1
FIRE_CASCADE_REFILL|0|3|S6,S4,S6|1
FIRE_CASCADE_REFILL|0|3|S7,S2,S6|1
FIRE_CASCADE_REFILL|0|3|S7,S4,S2|1
FIRE_CASCADE_REFILL|0|3|S7,S4,S6|1
FIRE_CASCADE_REFILL|0|3|S7,S7,S6|1
FIRE_CASCADE_REFILL|0|3|S8,S3,S4|1
FIRE_CASCADE_REFILL|0|3|S8,S4,S2|1
FIRE_CASCADE_REFILL|0|3|S8,S4,S5|1
FIRE_CASCADE_REFILL|0|3|S9,S2,S7|1
FIRE_CASCADE_REFILL|0|3|S9,S7,S9|1
FIRE_CASCADE_REFILL|0|3|S9,S8,S7|1
FIRE_CASCADE_REFILL|0|4|S2,S4,S7,S8|1
FIRE_CASCADE_REFILL|0|4|S3,S5,S8,S7|1
FIRE_CASCADE_REFILL|0|4|S4,S6,S6,S7|1
FIRE_CASCADE_REFILL|0|4|S4,S8,S8,S3|2
FIRE_CASCADE_REFILL|0|4|S5,S5,S7,S9|1
FIRE_CASCADE_REFILL|0|4|S6,S6,S5,S5|1
FIRE_CASCADE_REFILL|0|4|S6,S7,S8,S5|1
FIRE_CASCADE_REFILL|0|4|S7,S4,S1,S4|1
FIRE_CASCADE_REFILL|0|4|S7,S7,S9,S8|1
FIRE_CASCADE_REFILL|0|4|S8,S2,S3,S2|1
FIRE_CASCADE_REFILL|0|4|S8,S6,S2,S3|1
FIRE_CASCADE_REFILL|0|4|S8,S6,S5,S1|1
FIRE_CASCADE_REFILL|0|4|S8,S9,S4,S3|1
FIRE_CASCADE_REFILL|0|4|S8,S9,S7,S9|1
FIRE_CASCADE_REFILL|0|4|S9,S4,S4,S6|1
FIRE_CASCADE_REFILL|0|5|S1,S3,S7,S2,S7|1
FIRE_CASCADE_REFILL|0|5|S1,S8,S2,S9,S6|1
FIRE_CASCADE_REFILL|0|5|S2,S2,S3,S8,S3|1
FIRE_CASCADE_REFILL|0|5|S2,S2,S4,S3,S4|1
FIRE_CASCADE_REFILL|0|5|S2,S2,S6,S8,S5|1
FIRE_CASCADE_REFILL|0|5|S2,S2,S7,S7,S5|1
FIRE_CASCADE_REFILL|0|5|S2,S3,S8,S3,S2|3
FIRE_CASCADE_REFILL|0|5|S2,S4,S4,S9,S3|1
FIRE_CASCADE_REFILL|0|5|S2,S4,S5,S7,S6|1
FIRE_CASCADE_REFILL|0|5|S2,S5,S2,S6,S8|1
FIRE_CASCADE_REFILL|0|5|S2,S5,S5,S8,S5|1
FIRE_CASCADE_REFILL|0|5|S2,S5,S7,S9,S2|1
FIRE_CASCADE_REFILL|0|5|S2,S5,S8,S6,S2|1
FIRE_CASCADE_REFILL|0|5|S2,S6,S2,S5,S2|1
FIRE_CASCADE_REFILL|0|5|S2,S6,S3,S7,S6|1
FIRE_CASCADE_REFILL|0|5|S2,S6,S4,S1,S2|1
FIRE_CASCADE_REFILL|0|5|S2,S6,S4,S5,S6|1
FIRE_CASCADE_REFILL|0|5|S2,S6,S7,S4,S5|1
FIRE_CASCADE_REFILL|0|5|S2,S6,S8,S4,S9|1
FIRE_CASCADE_REFILL|0|5|S2,S6,S8,S9,S7|1
FIRE_CASCADE_REFILL|0|5|S2,S7,S2,S9,S2|1
FIRE_CASCADE_REFILL|0|5|S2,S7,S4,S5,S3|1
FIRE_CASCADE_REFILL|0|5|S2,S7,S6,S7,S4|1
FIRE_CASCADE_REFILL|0|5|S2,S7,S7,S5,S9|1
FIRE_CASCADE_REFILL|0|5|S2,S7,S7,S7,S2|1
FIRE_CASCADE_REFILL|0|5|S2,S8,S2,S8,S6|1
FIRE_CASCADE_REFILL|0|5|S2,S8,S5,S7,S2|1
FIRE_CASCADE_REFILL|0|5|S2,S8,S7,S2,S2|1
FIRE_CASCADE_REFILL|0|5|S2,S8,S7,S2,S5|1
FIRE_CASCADE_REFILL|0|5|S2,S8,S7,S4,S2|1
FIRE_CASCADE_REFILL|0|5|S2,S9,S3,S3,S5|1
FIRE_CASCADE_REFILL|0|5|S2,S9,S7,S9,S2|1
FIRE_CASCADE_REFILL|0|5|S3,S2,S2,S4,S5|1
FIRE_CASCADE_REFILL|0|5|S3,S2,S4,S2,S2|1
FIRE_CASCADE_REFILL|0|5|S3,S2,S5,S5,S6|1
FIRE_CASCADE_REFILL|0|5|S3,S3,S7,S4,S1|1
FIRE_CASCADE_REFILL|0|5|S3,S4,S3,S6,S8|1
FIRE_CASCADE_REFILL|0|5|S3,S4,S8,S9,S8|1
FIRE_CASCADE_REFILL|0|5|S3,S5,S3,S2,S6|1
FIRE_CASCADE_REFILL|0|5|S3,S5,S4,S4,S9|1
FIRE_CASCADE_REFILL|0|5|S3,S6,S3,S4,S7|1
FIRE_CASCADE_REFILL|0|5|S3,S6,S6,S7,S2|1
FIRE_CASCADE_REFILL|0|5|S3,S7,S6,S3,S5|1
FIRE_CASCADE_REFILL|0|5|S3,S7,S7,S7,S6|1
FIRE_CASCADE_REFILL|0|5|S3,S7,S8,S6,S5|1
FIRE_CASCADE_REFILL|0|5|S3,S7,S8,S7,S4|1
FIRE_CASCADE_REFILL|0|5|S3,S8,S2,S4,S6|1
FIRE_CASCADE_REFILL|0|5|S3,S8,S7,S5,S4|1
FIRE_CASCADE_REFILL|0|5|S3,S9,S6,S8,S9|1
FIRE_CASCADE_REFILL|0|5|S4,S1,S3,S5,S6|1
FIRE_CASCADE_REFILL|0|5|S4,S2,S2,S9,S8|1
FIRE_CASCADE_REFILL|0|5|S4,S2,S3,S5,S7|1
FIRE_CASCADE_REFILL|0|5|S4,S2,S4,S7,S3|1
FIRE_CASCADE_REFILL|0|5|S4,S2,S7,S8,S9|2
FIRE_CASCADE_REFILL|0|5|S4,S3,S5,S6,S9|1
FIRE_CASCADE_REFILL|0|5|S4,S3,S5,S9,S6|1
FIRE_CASCADE_REFILL|0|5|S4,S3,S7,S3,S4|1
FIRE_CASCADE_REFILL|0|5|S4,S4,S3,S8,S6|1
FIRE_CASCADE_REFILL|0|5|S4,S4,S4,S6,S8|1
FIRE_CASCADE_REFILL|0|5|S4,S4,S7,S6,S7|1
FIRE_CASCADE_REFILL|0|5|S4,S4,S9,S8,S8|1
FIRE_CASCADE_REFILL|0|5|S4,S5,S2,S7,S6|1
FIRE_CASCADE_REFILL|0|5|S4,S6,S3,S7,S2|1
FIRE_CASCADE_REFILL|0|5|S4,S6,S5,S2,S5|1
FIRE_CASCADE_REFILL|0|5|S4,S7,S2,S2,S3|1
FIRE_CASCADE_REFILL|0|5|S4,S7,S4,S7,S6|1
FIRE_CASCADE_REFILL|0|5|S4,S7,S6,S8,S6|1
FIRE_CASCADE_REFILL|0|5|S4,S7,S8,S7,S5|1
FIRE_CASCADE_REFILL|0|5|S4,S8,S3,S4,S8|1
FIRE_CASCADE_REFILL|0|5|S4,S8,S4,S5,S8|1
FIRE_CASCADE_REFILL|0|5|S4,S8,S5,S2,S4|1
FIRE_CASCADE_REFILL|0|5|S4,S8,S7,S4,S5|1
FIRE_CASCADE_REFILL|0|5|S4,S8,S8,S2,S5|1
FIRE_CASCADE_REFILL|0|5|S4,S8,S9,S2,S4|1
FIRE_CASCADE_REFILL|0|5|S4,S9,S7,S8,S4|1
FIRE_CASCADE_REFILL|0|5|S4,S9,S8,S6,S3|2
FIRE_CASCADE_REFILL|0|5|S5,S1,S5,S8,S9|1
FIRE_CASCADE_REFILL|0|5|S5,S2,S4,S6,S9|1
FIRE_CASCADE_REFILL|0|5|S5,S3,S3,S5,S2|1
FIRE_CASCADE_REFILL|0|5|S5,S3,S3,S9,S7|1
FIRE_CASCADE_REFILL|0|5|S5,S3,S9,S6,S2|1
FIRE_CASCADE_REFILL|0|5|S5,S4,S9,S4,S3|1
FIRE_CASCADE_REFILL|0|5|S5,S5,S2,S7,S4|1
FIRE_CASCADE_REFILL|0|5|S5,S5,S2,S7,S6|1
FIRE_CASCADE_REFILL|0|5|S5,S6,S7,S6,S3|1
FIRE_CASCADE_REFILL|0|5|S5,S7,S9,S5,S4|1
FIRE_CASCADE_REFILL|0|5|S5,S8,S2,S2,S6|1
FIRE_CASCADE_REFILL|0|5|S5,S8,S4,S9,S2|1
FIRE_CASCADE_REFILL|0|5|S5,S8,S5,S3,S4|1
FIRE_CASCADE_REFILL|0|5|S5,S8,S5,S8,S9|1
FIRE_CASCADE_REFILL|0|5|S5,S8,S6,S5,S4|1
FIRE_CASCADE_REFILL|0|5|S5,S9,S8,S3,S7|1
FIRE_CASCADE_REFILL|0|5|S6,S2,S2,S9,S8|1
FIRE_CASCADE_REFILL|0|5|S6,S2,S3,S6,S7|1
FIRE_CASCADE_REFILL|0|5|S6,S2,S3,S8,S5|1
FIRE_CASCADE_REFILL|0|5|S6,S2,S4,S2,S7|1
FIRE_CASCADE_REFILL|0|5|S6,S2,S4,S8,S2|1
FIRE_CASCADE_REFILL|0|5|S6,S2,S5,S2,S2|1
FIRE_CASCADE_REFILL|0|5|S6,S2,S5,S9,S7|1
FIRE_CASCADE_REFILL|0|5|S6,S2,S6,S9,S6|1
FIRE_CASCADE_REFILL|0|5|S6,S2,S8,S3,S3|1
FIRE_CASCADE_REFILL|0|5|S6,S3,S2,S4,S5|1
FIRE_CASCADE_REFILL|0|5|S6,S3,S3,S8,S6|1
FIRE_CASCADE_REFILL|0|5|S6,S3,S8,S2,S4|1
FIRE_CASCADE_REFILL|0|5|S6,S5,S4,S4,S3|1
FIRE_CASCADE_REFILL|0|5|S6,S5,S4,S7,S8|1
FIRE_CASCADE_REFILL|0|5|S6,S5,S8,S4,S5|1
FIRE_CASCADE_REFILL|0|5|S6,S5,S9,S6,S7|1
FIRE_CASCADE_REFILL|0|5|S6,S6,S9,S3,S2|1
FIRE_CASCADE_REFILL|0|5|S6,S7,S9,S9,S5|1
FIRE_CASCADE_REFILL|0|5|S6,S8,S3,S8,S5|1
FIRE_CASCADE_REFILL|0|5|S6,S8,S7,S4,S3|1
FIRE_CASCADE_REFILL|0|5|S6,S8,S8,S2,S9|1
FIRE_CASCADE_REFILL|0|5|S6,S9,S6,S2,S7|1
FIRE_CASCADE_REFILL|0|5|S7,S3,S9,S6,S5|2
FIRE_CASCADE_REFILL|0|5|S7,S4,S2,S2,S9|1
FIRE_CASCADE_REFILL|0|5|S7,S4,S6,S3,S9|1
FIRE_CASCADE_REFILL|0|5|S7,S4,S9,S8,S6|1
FIRE_CASCADE_REFILL|0|5|S7,S5,S6,S8,S9|1
FIRE_CASCADE_REFILL|0|5|S7,S6,S3,S9,S8|1
FIRE_CASCADE_REFILL|0|5|S7,S6,S4,S3,S9|2
FIRE_CASCADE_REFILL|0|5|S7,S6,S5,S2,S4|2
FIRE_CASCADE_REFILL|0|5|S7,S6,S9,S6,S6|1
FIRE_CASCADE_REFILL|0|5|S7,S7,S7,S6,S9|1
FIRE_CASCADE_REFILL|0|5|S7,S8,S4,S6,S9|1
FIRE_CASCADE_REFILL|0|5|S7,S8,S6,S2,S2|1
FIRE_CASCADE_REFILL|0|5|S7,S8,S6,S4,S7|1
FIRE_CASCADE_REFILL|0|5|S7,S8,S9,S5,S3|2
FIRE_CASCADE_REFILL|0|5|S7,S9,S2,S7,S2|1
FIRE_CASCADE_REFILL|0|5|S7,S9,S3,S6,S7|1
FIRE_CASCADE_REFILL|0|5|S7,S9,S3,S9,S7|1
FIRE_CASCADE_REFILL|0|5|S7,S9,S6,S7,S6|1
FIRE_CASCADE_REFILL|0|5|S7,S9,S8,S5,S7|2
FIRE_CASCADE_REFILL|0|5|S8,S1,S4,S5,S9|1
FIRE_CASCADE_REFILL|0|5|S8,S2,S2,S3,S2|1
FIRE_CASCADE_REFILL|0|5|S8,S3,S4,S5,S4|1
FIRE_CASCADE_REFILL|0|5|S8,S3,S5,S6,S5|1
FIRE_CASCADE_REFILL|0|5|S8,S3,S8,S5,S3|1
FIRE_CASCADE_REFILL|0|5|S8,S4,S4,S5,S8|1
FIRE_CASCADE_REFILL|0|5|S8,S4,S8,S7,S8|1
FIRE_CASCADE_REFILL|0|5|S8,S6,S4,S6,S3|1
FIRE_CASCADE_REFILL|0|5|S8,S6,S7,S5,S2|1
FIRE_CASCADE_REFILL|0|5|S8,S6,S8,S5,S4|1
FIRE_CASCADE_REFILL|0|5|S8,S7,S2,S7,S2|1
FIRE_CASCADE_REFILL|0|5|S8,S7,S9,S7,S3|2
FIRE_CASCADE_REFILL|0|5|S8,S7,S9,S9,S2|1
FIRE_CASCADE_REFILL|0|5|S8,S8,S2,S7,S8|1
FIRE_CASCADE_REFILL|0|5|S8,S9,S2,S8,S9|2
FIRE_CASCADE_REFILL|0|5|S8,S9,S7,S9,S3|1
FIRE_CASCADE_REFILL|0|5|S9,S2,S5,S9,S9|1
FIRE_CASCADE_REFILL|0|5|S9,S2,S7,S5,S2|1
FIRE_CASCADE_REFILL|0|5|S9,S3,S5,S9,S5|1
FIRE_CASCADE_REFILL|0|5|S9,S3,S6,S3,S4|1
FIRE_CASCADE_REFILL|0|5|S9,S3,S7,S3,S9|1
FIRE_CASCADE_REFILL|0|5|S9,S3,S8,S2,S5|1
FIRE_CASCADE_REFILL|0|5|S9,S3,S8,S7,S9|1
FIRE_CASCADE_REFILL|0|5|S9,S4,S3,S3,S2|1
FIRE_CASCADE_REFILL|0|5|S9,S4,S8,S8,S6|1
FIRE_CASCADE_REFILL|0|5|S9,S4,S9,S7,S3|1
FIRE_CASCADE_REFILL|0|5|S9,S6,S2,S8,S7|1
FIRE_CASCADE_REFILL|0|5|S9,S6,S6,S3,S8|1
FIRE_CASCADE_REFILL|0|5|S9,S6,S8,S3,S6|1
FIRE_CASCADE_REFILL|0|5|S9,S7,S2,S5,S7|1
FIRE_CASCADE_REFILL|0|5|S9,S7,S2,S9,S3|1
FIRE_CASCADE_REFILL|0|5|S9,S7,S3,S4,S8|1
FIRE_CASCADE_REFILL|0|5|S9,S7,S4,S7,S1|1
FIRE_CASCADE_REFILL|0|5|S9,S7,S5,S6,S3|2
FIRE_CASCADE_REFILL|0|5|S9,S8,S4,S2,S7|1
FIRE_CASCADE_REFILL|0|5|S9,S8,S7,S3,S3|2
FIRE_CASCADE_REFILL|0|5|S9,S8,S7,S8,S2|1
FIRE_CASCADE_REFILL|0|5|S9,S8,S8,S5,S3|1
FIRE_CASCADE_REFILL|0|5|S9,S8,S9,S3,S2|3
FIRE_CASCADE_REFILL|0|5|S9,S9,S1,S3,S7|1
FIRE_CASCADE_REFILL|0|5|S9,S9,S5,S3,S4|1
FIRE_CASCADE_REFILL|0|5|S9,S9,S7,S3,S9|1
FIRE_CASCADE_REFILL|0|5|S9,S9,S7,S8,S4|1
FIRE_CASCADE_REFILL|0|5|S9,S9,S9,S3,S4|1
FIRE_CASCADE_REFILL|0|5|S9,S9,S9,S7,S6|1
FIRE_CASCADE_REFILL|1|1|S1|2
FIRE_CASCADE_REFILL|1|1|S2|12
FIRE_CASCADE_REFILL|1|1|S3|6
FIRE_CASCADE_REFILL|1|1|S4|10
FIRE_CASCADE_REFILL|1|1|S5|7
FIRE_CASCADE_REFILL|1|1|S6|10
FIRE_CASCADE_REFILL|1|1|S7|12
FIRE_CASCADE_REFILL|1|1|S8|3
FIRE_CASCADE_REFILL|1|1|S9|14
FIRE_CASCADE_REFILL|1|2|S2,S1|1
FIRE_CASCADE_REFILL|1|2|S2,S2|1
FIRE_CASCADE_REFILL|1|2|S2,S4|2
FIRE_CASCADE_REFILL|1|2|S2,S8|3
FIRE_CASCADE_REFILL|1|2|S3,S3|1
FIRE_CASCADE_REFILL|1|2|S3,S5|1
FIRE_CASCADE_REFILL|1|2|S3,S6|3
FIRE_CASCADE_REFILL|1|2|S3,S7|2
FIRE_CASCADE_REFILL|1|2|S3,S9|1
FIRE_CASCADE_REFILL|1|2|S4,S3|1
FIRE_CASCADE_REFILL|1|2|S4,S4|2
FIRE_CASCADE_REFILL|1|2|S4,S5|1
FIRE_CASCADE_REFILL|1|2|S4,S6|1
FIRE_CASCADE_REFILL|1|2|S4,S7|1
FIRE_CASCADE_REFILL|1|2|S4,S8|4
FIRE_CASCADE_REFILL|1|2|S4,S9|1
FIRE_CASCADE_REFILL|1|2|S5,S2|1
FIRE_CASCADE_REFILL|1|2|S5,S3|2
FIRE_CASCADE_REFILL|1|2|S5,S4|4
FIRE_CASCADE_REFILL|1|2|S5,S6|1
FIRE_CASCADE_REFILL|1|2|S6,S3|1
FIRE_CASCADE_REFILL|1|2|S6,S4|3
FIRE_CASCADE_REFILL|1|2|S6,S5|1
FIRE_CASCADE_REFILL|1|2|S6,S8|1
FIRE_CASCADE_REFILL|1|2|S7,S3|1
FIRE_CASCADE_REFILL|1|2|S7,S5|1
FIRE_CASCADE_REFILL|1|2|S7,S6|3
FIRE_CASCADE_REFILL|1|2|S7,S7|1
FIRE_CASCADE_REFILL|1|2|S8,S3|2
FIRE_CASCADE_REFILL|1|2|S8,S5|2
FIRE_CASCADE_REFILL|1|2|S8,S6|1
FIRE_CASCADE_REFILL|1|2|S9,S2|1
FIRE_CASCADE_REFILL|1|2|S9,S4|1
FIRE_CASCADE_REFILL|1|2|S9,S7|1
FIRE_CASCADE_REFILL|1|3|S1,S9,S7|1
FIRE_CASCADE_REFILL|1|3|S2,S2,S2|1
FIRE_CASCADE_REFILL|1|3|S2,S4,S4|1
FIRE_CASCADE_REFILL|1|3|S2,S7,S2|1
FIRE_CASCADE_REFILL|1|3|S3,S6,S9|1
FIRE_CASCADE_REFILL|1|3|S3,S8,S2|1
FIRE_CASCADE_REFILL|1|3|S4,S2,S7|1
FIRE_CASCADE_REFILL|1|3|S4,S2,S9|1
FIRE_CASCADE_REFILL|1|3|S4,S3,S2|1
FIRE_CASCADE_REFILL|1|3|S4,S5,S2|1
FIRE_CASCADE_REFILL|1|3|S4,S8,S8|1
FIRE_CASCADE_REFILL|1|3|S5,S2,S2|2
FIRE_CASCADE_REFILL|1|3|S5,S2,S9|1
FIRE_CASCADE_REFILL|1|3|S5,S6,S6|1
FIRE_CASCADE_REFILL|1|3|S5,S8,S7|1
FIRE_CASCADE_REFILL|1|3|S6,S3,S9|1
FIRE_CASCADE_REFILL|1|3|S6,S4,S7|1
FIRE_CASCADE_REFILL|1|3|S6,S6,S6|1
FIRE_CASCADE_REFILL|1|3|S6,S8,S7|1
FIRE_CASCADE_REFILL|1|3|S6,S9,S4|2
FIRE_CASCADE_REFILL|1|3|S7,S3,S4|1
FIRE_CASCADE_REFILL|1|3|S7,S4,S3|1
FIRE_CASCADE_REFILL|1|3|S7,S4,S5|1
FIRE_CASCADE_REFILL|1|3|S7,S8,S7|1
FIRE_CASCADE_REFILL|1|3|S7,S9,S3|1
FIRE_CASCADE_REFILL|1|3|S7,S9,S6|1
FIRE_CASCADE_REFILL|1|3|S8,S2,S1|1
FIRE_CASCADE_REFILL|1|3|S8,S4,S2|1
FIRE_CASCADE_REFILL|1|3|S8,S9,S6|1
FIRE_CASCADE_REFILL|1|3|S8,S9,S9|1
FIRE_CASCADE_REFILL|1|3|S9,S2,S9|1
FIRE_CASCADE_REFILL|1|3|S9,S3,S9|2
FIRE_CASCADE_REFILL|1|3|S9,S6,S7|1
FIRE_CASCADE_REFILL|1|3|S9,S8,S5|1
FIRE_CASCADE_REFILL|1|3|S9,S9,S7|1
FIRE_CASCADE_REFILL|1|4|S2,S7,S6,S2|1
FIRE_CASCADE_REFILL|1|4|S2,S8,S5,S7|1
FIRE_CASCADE_REFILL|1|4|S2,S9,S7,S8|1
FIRE_CASCADE_REFILL|1|4|S3,S4,S2,S3|1
FIRE_CASCADE_REFILL|1|4|S3,S4,S4,S2|1
FIRE_CASCADE_REFILL|1|4|S3,S7,S5,S7|1
FIRE_CASCADE_REFILL|1|4|S3,S7,S7,S9|1
FIRE_CASCADE_REFILL|1|4|S5,S4,S5,S6|1
FIRE_CASCADE_REFILL|1|4|S5,S9,S4,S6|1
FIRE_CASCADE_REFILL|1|4|S6,S5,S3,S9|2
FIRE_CASCADE_REFILL|1|4|S6,S6,S3,S2|1
FIRE_CASCADE_REFILL|1|4|S6,S6,S7,S8|1
FIRE_CASCADE_REFILL|1|4|S6,S7,S3,S3|1
FIRE_CASCADE_REFILL|1|4|S6,S8,S8,S7|1
FIRE_CASCADE_REFILL|1|4|S7,S3,S8,S4|2
FIRE_CASCADE_REFILL|1|4|S9,S1,S2,S6|1
FIRE_CASCADE_REFILL|1|4|S9,S5,S4,S8|1
FIRE_CASCADE_REFILL|1|4|S9,S5,S7,S5|1
FIRE_CASCADE_REFILL|1|5|S1,S2,S2,S9,S2|1
FIRE_CASCADE_REFILL|1|5|S2,S2,S6,S4,S2|1
FIRE_CASCADE_REFILL|1|5|S2,S2,S6,S8,S9|1
FIRE_CASCADE_REFILL|1|5|S2,S2,S7,S5,S8|1
FIRE_CASCADE_REFILL|1|5|S2,S2,S7,S8,S3|1
FIRE_CASCADE_REFILL|1|5|S2,S3,S2,S8,S4|1
FIRE_CASCADE_REFILL|1|5|S2,S3,S3,S9,S8|1
FIRE_CASCADE_REFILL|1|5|S2,S3,S8,S8,S4|1
FIRE_CASCADE_REFILL|1|5|S2,S3,S9,S9,S8|1
FIRE_CASCADE_REFILL|1|5|S2,S4,S2,S8,S6|1
FIRE_CASCADE_REFILL|1|5|S2,S4,S5,S8,S9|1
FIRE_CASCADE_REFILL|1|5|S2,S4,S8,S9,S9|1
FIRE_CASCADE_REFILL|1|5|S2,S4,S9,S4,S3|1
FIRE_CASCADE_REFILL|1|5|S2,S5,S6,S4,S4|1
FIRE_CASCADE_REFILL|1|5|S2,S6,S5,S3,S5|1
FIRE_CASCADE_REFILL|1|5|S2,S7,S1,S4,S7|1
FIRE_CASCADE_REFILL|1|5|S2,S7,S3,S2,S4|1
FIRE_CASCADE_REFILL|1|5|S2,S7,S4,S5,S2|1
FIRE_CASCADE_REFILL|1|5|S2,S7,S5,S3,S6|1
FIRE_CASCADE_REFILL|1|5|S2,S8,S3,S5,S2|1
FIRE_CASCADE_REFILL|1|5|S2,S8,S5,S2,S2|1
FIRE_CASCADE_REFILL|1|5|S2,S8,S6,S5,S2|1
FIRE_CASCADE_REFILL|1|5|S2,S8,S8,S2,S6|1
FIRE_CASCADE_REFILL|1|5|S2,S9,S3,S3,S5|2
FIRE_CASCADE_REFILL|1|5|S2,S9,S7,S7,S8|1
FIRE_CASCADE_REFILL|1|5|S2,S9,S8,S2,S5|1
FIRE_CASCADE_REFILL|1|5|S2,S9,S8,S8,S7|1
FIRE_CASCADE_REFILL|1|5|S2,S9,S8,S8,S8|1
FIRE_CASCADE_REFILL|1|5|S3,S2,S7,S2,S8|1
FIRE_CASCADE_REFILL|1|5|S3,S4,S6,S5,S3|1
FIRE_CASCADE_REFILL|1|5|S3,S4,S8,S9,S5|1
FIRE_CASCADE_REFILL|1|5|S3,S5,S6,S3,S6|2
FIRE_CASCADE_REFILL|1|5|S3,S6,S3,S3,S9|1
FIRE_CASCADE_REFILL|1|5|S3,S6,S8,S6,S5|1
FIRE_CASCADE_REFILL|1|5|S3,S7,S3,S4,S7|1
FIRE_CASCADE_REFILL|1|5|S3,S7,S9,S4,S2|1
FIRE_CASCADE_REFILL|1|5|S3,S7,S9,S9,S8|1
FIRE_CASCADE_REFILL|1|5|S3,S8,S7,S4,S2|2
FIRE_CASCADE_REFILL|1|5|S3,S8,S9,S9,S5|1
FIRE_CASCADE_REFILL|1|5|S3,S9,S4,S5,S4|1
FIRE_CASCADE_REFILL|1|5|S3,S9,S6,S8,S9|1
FIRE_CASCADE_REFILL|1|5|S3,S9,S9,S4,S7|1
FIRE_CASCADE_REFILL|1|5|S4,S2,S6,S7,S4|1
FIRE_CASCADE_REFILL|1|5|S4,S2,S8,S7,S8|1
FIRE_CASCADE_REFILL|1|5|S4,S3,S1,S7,S9|1
FIRE_CASCADE_REFILL|1|5|S4,S3,S3,S2,S9|1
FIRE_CASCADE_REFILL|1|5|S4,S3,S6,S2,S1|1
FIRE_CASCADE_REFILL|1|5|S4,S3,S9,S2,S3|1
FIRE_CASCADE_REFILL|1|5|S4,S4,S2,S7,S5|1
FIRE_CASCADE_REFILL|1|5|S4,S4,S5,S8,S4|1
FIRE_CASCADE_REFILL|1|5|S4,S5,S1,S7,S9|1
FIRE_CASCADE_REFILL|1|5|S4,S5,S3,S9,S9|1
FIRE_CASCADE_REFILL|1|5|S4,S5,S7,S9,S4|1
FIRE_CASCADE_REFILL|1|5|S4,S6,S2,S5,S5|1
FIRE_CASCADE_REFILL|1|5|S4,S6,S3,S4,S9|1
FIRE_CASCADE_REFILL|1|5|S4,S6,S5,S2,S6|1
FIRE_CASCADE_REFILL|1|5|S4,S6,S6,S2,S4|1
FIRE_CASCADE_REFILL|1|5|S4,S6,S7,S4,S4|2
FIRE_CASCADE_REFILL|1|5|S4,S6,S8,S4,S5|1
FIRE_CASCADE_REFILL|1|5|S4,S7,S2,S4,S3|1
FIRE_CASCADE_REFILL|1|5|S4,S7,S3,S5,S5|1
FIRE_CASCADE_REFILL|1|5|S4,S7,S4,S6,S1|1
FIRE_CASCADE_REFILL|1|5|S4,S7,S5,S5,S8|1
FIRE_CASCADE_REFILL|1|5|S4,S8,S4,S7,S8|1
FIRE_CASCADE_REFILL|1|5|S4,S9,S5,S4,S6|1
FIRE_CASCADE_REFILL|1|5|S4,S9,S6,S5,S3|1
FIRE_CASCADE_REFILL|1|5|S5,S2,S4,S6,S6|1
FIRE_CASCADE_REFILL|1|5|S5,S2,S6,S2,S9|1
FIRE_CASCADE_REFILL|1|5|S5,S2,S8,S6,S2|1
FIRE_CASCADE_REFILL|1|5|S5,S3,S3,S7,S8|1
FIRE_CASCADE_REFILL|1|5|S5,S3,S7,S6,S7|1
FIRE_CASCADE_REFILL|1|5|S5,S4,S3,S2,S4|1
FIRE_CASCADE_REFILL|1|5|S5,S4,S3,S7,S3|2
FIRE_CASCADE_REFILL|1|5|S5,S4,S3,S8,S3|2
FIRE_CASCADE_REFILL|1|5|S5,S4,S5,S4,S3|1
FIRE_CASCADE_REFILL|1|5|S5,S4,S5,S8,S4|1
FIRE_CASCADE_REFILL|1|5|S5,S4,S7,S9,S6|1
FIRE_CASCADE_REFILL|1|5|S5,S5,S2,S5,S3|1
FIRE_CASCADE_REFILL|1|5|S5,S5,S4,S8,S3|1
FIRE_CASCADE_REFILL|1|5|S5,S5,S7,S7,S6|3
FIRE_CASCADE_REFILL|1|5|S5,S6,S2,S5,S9|1
FIRE_CASCADE_REFILL|1|5|S5,S6,S4,S5,S3|1
FIRE_CASCADE_REFILL|1|5|S5,S6,S8,S5,S2|1
FIRE_CASCADE_REFILL|1|5|S5,S7,S3,S9,S9|2
FIRE_CASCADE_REFILL|1|5|S5,S7,S4,S4,S6|1
FIRE_CASCADE_REFILL|1|5|S5,S7,S5,S8,S3|1
FIRE_CASCADE_REFILL|1|5|S5,S7,S5,S8,S9|1
FIRE_CASCADE_REFILL|1|5|S5,S7,S6,S2,S1|1
FIRE_CASCADE_REFILL|1|5|S5,S8,S9,S7,S5|1
FIRE_CASCADE_REFILL|1|5|S5,S9,S6,S2,S5|1
FIRE_CASCADE_REFILL|1|5|S5,S9,S7,S3,S3|1
FIRE_CASCADE_REFILL|1|5|S6,S2,S3,S3,S4|1
FIRE_CASCADE_REFILL|1|5|S6,S2,S8,S3,S3|1
FIRE_CASCADE_REFILL|1|5|S6,S2,S9,S1,S3|1
FIRE_CASCADE_REFILL|1|5|S6,S3,S8,S6,S5|1
FIRE_CASCADE_REFILL|1|5|S6,S4,S2,S9,S3|1
FIRE_CASCADE_REFILL|1|5|S6,S4,S7,S9,S1|1
FIRE_CASCADE_REFILL|1|5|S6,S4,S9,S7,S4|1
FIRE_CASCADE_REFILL|1|5|S6,S5,S6,S5,S3|1
FIRE_CASCADE_REFILL|1|5|S6,S5,S7,S6,S4|1
FIRE_CASCADE_REFILL|1|5|S6,S6,S9,S5,S3|1
FIRE_CASCADE_REFILL|1|5|S6,S7,S5,S4,S8|1
FIRE_CASCADE_REFILL|1|5|S6,S7,S6,S5,S2|1
FIRE_CASCADE_REFILL|1|5|S6,S7,S6,S6,S4|1
FIRE_CASCADE_REFILL|1|5|S6,S8,S7,S8,S2|1
FIRE_CASCADE_REFILL|1|5|S7,S1,S9,S2,S3|1
FIRE_CASCADE_REFILL|1|5|S7,S2,S2,S6,S4|1
FIRE_CASCADE_REFILL|1|5|S7,S3,S3,S3,S3|1
FIRE_CASCADE_REFILL|1|5|S7,S3,S3,S5,S3|1
FIRE_CASCADE_REFILL|1|5|S7,S3,S4,S5,S3|1
FIRE_CASCADE_REFILL|1|5|S7,S3,S5,S8,S1|1
FIRE_CASCADE_REFILL|1|5|S7,S3,S5,S9,S4|1
FIRE_CASCADE_REFILL|1|5|S7,S4,S4,S2,S3|1
FIRE_CASCADE_REFILL|1|5|S7,S4,S8,S8,S9|1
FIRE_CASCADE_REFILL|1|5|S7,S4,S9,S5,S2|1
FIRE_CASCADE_REFILL|1|5|S7,S5,S3,S5,S6|1
FIRE_CASCADE_REFILL|1|5|S7,S6,S4,S9,S5|1
FIRE_CASCADE_REFILL|1|5|S7,S6,S4,S9,S7|1
FIRE_CASCADE_REFILL|1|5|S7,S6,S5,S4,S4|1
FIRE_CASCADE_REFILL|1|5|S7,S7,S2,S7,S4|1
FIRE_CASCADE_REFILL|1|5|S7,S7,S3,S5,S4|1
FIRE_CASCADE_REFILL|1|5|S7,S7,S3,S5,S5|1
FIRE_CASCADE_REFILL|1|5|S7,S7,S4,S2,S3|1
FIRE_CASCADE_REFILL|1|5|S7,S7,S4,S7,S8|1
FIRE_CASCADE_REFILL|1|5|S7,S7,S8,S2,S3|1
FIRE_CASCADE_REFILL|1|5|S7,S8,S8,S2,S6|1
FIRE_CASCADE_REFILL|1|5|S7,S9,S8,S6,S6|2
FIRE_CASCADE_REFILL|1|5|S7,S9,S9,S8,S9|1
FIRE_CASCADE_REFILL|1|5|S8,S2,S2,S3,S9|1
FIRE_CASCADE_REFILL|1|5|S8,S2,S3,S2,S7|1
FIRE_CASCADE_REFILL|1|5|S8,S2,S3,S8,S6|1
FIRE_CASCADE_REFILL|1|5|S8,S3,S2,S2,S9|1
FIRE_CASCADE_REFILL|1|5|S8,S3,S6,S9,S3|1
FIRE_CASCADE_REFILL|1|5|S8,S4,S2,S7,S4|1
FIRE_CASCADE_REFILL|1|5|S8,S4,S2,S9,S7|2
FIRE_CASCADE_REFILL|1|5|S8,S6,S3,S8,S3|1
FIRE_CASCADE_REFILL|1|5|S8,S6,S4,S3,S3|1
FIRE_CASCADE_REFILL|1|5|S8,S6,S7,S9,S6|1
FIRE_CASCADE_REFILL|1|5|S8,S7,S2,S2,S4|1
FIRE_CASCADE_REFILL|1|5|S8,S7,S3,S2,S8|1
FIRE_CASCADE_REFILL|1|5|S8,S7,S5,S6,S8|1
FIRE_CASCADE_REFILL|1|5|S8,S7,S9,S6,S9|1
FIRE_CASCADE_REFILL|1|5|S8,S8,S3,S5,S9|1
FIRE_CASCADE_REFILL|1|5|S8,S9,S2,S2,S9|1
FIRE_CASCADE_REFILL|1|5|S8,S9,S3,S4,S9|1
FIRE_CASCADE_REFILL|1|5|S8,S9,S7,S8,S2|2
FIRE_CASCADE_REFILL|1|5|S9,S2,S7,S4,S3|1
FIRE_CASCADE_REFILL|1|5|S9,S2,S7,S9,S6|1
FIRE_CASCADE_REFILL|1|5|S9,S2,S9,S4,S5|1
FIRE_CASCADE_REFILL|1|5|S9,S3,S5,S4,S4|1
FIRE_CASCADE_REFILL|1|5|S9,S3,S6,S8,S2|1
FIRE_CASCADE_REFILL|1|5|S9,S3,S7,S2,S9|1
FIRE_CASCADE_REFILL|1|5|S9,S3,S7,S3,S8|1
FIRE_CASCADE_REFILL|1|5|S9,S3,S8,S2,S7|1
FIRE_CASCADE_REFILL|1|5|S9,S3,S9,S4,S3|1
FIRE_CASCADE_REFILL|1|5|S9,S4,S8,S8,S8|2
FIRE_CASCADE_REFILL|1|5|S9,S5,S5,S9,S4|1
FIRE_CASCADE_REFILL|1|5|S9,S5,S6,S9,S4|1
FIRE_CASCADE_REFILL|1|5|S9,S6,S4,S8,S8|1
FIRE_CASCADE_REFILL|1|5|S9,S6,S8,S4,S3|1
FIRE_CASCADE_REFILL|1|5|S9,S7,S2,S9,S6|1
FIRE_CASCADE_REFILL|1|5|S9,S8,S2,S6,S4|1
FIRE_CASCADE_REFILL|1|5|S9,S8,S3,S4,S2|1
FIRE_CASCADE_REFILL|1|5|S9,S8,S5,S8,S2|1
FIRE_CASCADE_REFILL|1|5|S9,S8,S7,S4,S6|1
FIRE_CASCADE_REFILL|1|5|S9,S8,S7,S9,S3|1
FIRE_CASCADE_REFILL|1|5|S9,S8,S7,S9,S7|2
FIRE_CASCADE_REFILL|1|5|S9,S9,S2,S2,S6|1
FIRE_CASCADE_REFILL|1|5|S9,S9,S8,S5,S6|1
FIRE_CASCADE_REFILL|1|5|S9,S9,S9,S5,S6|1
FIRE_CASCADE_REFILL|2|1|S1|2
FIRE_CASCADE_REFILL|2|1|S2|11
FIRE_CASCADE_REFILL|2|1|S3|4
FIRE_CASCADE_REFILL|2|1|S4|14
FIRE_CASCADE_REFILL|2|1|S5|7
FIRE_CASCADE_REFILL|2|1|S6|12
FIRE_CASCADE_REFILL|2|1|S7|18
FIRE_CASCADE_REFILL|2|1|S8|10
FIRE_CASCADE_REFILL|2|1|S9|5
FIRE_CASCADE_REFILL|2|2|S2,S2|2
FIRE_CASCADE_REFILL|2|2|S2,S5|1
FIRE_CASCADE_REFILL|2|2|S2,S7|2
FIRE_CASCADE_REFILL|2|2|S3,S1|1
FIRE_CASCADE_REFILL|2|2|S3,S2|1
FIRE_CASCADE_REFILL|2|2|S3,S4|1
FIRE_CASCADE_REFILL|2|2|S3,S5|2
FIRE_CASCADE_REFILL|2|2|S3,S9|1
FIRE_CASCADE_REFILL|2|2|S4,S2|2
FIRE_CASCADE_REFILL|2|2|S4,S3|2
FIRE_CASCADE_REFILL|2|2|S4,S4|1
FIRE_CASCADE_REFILL|2|2|S4,S6|3
FIRE_CASCADE_REFILL|2|2|S4,S9|1
FIRE_CASCADE_REFILL|2|2|S5,S2|3
FIRE_CASCADE_REFILL|2|2|S5,S4|2
FIRE_CASCADE_REFILL|2|2|S5,S5|1
FIRE_CASCADE_REFILL|2|2|S5,S6|1
FIRE_CASCADE_REFILL|2|2|S5,S8|2
FIRE_CASCADE_REFILL|2|2|S5,S9|1
FIRE_CASCADE_REFILL|2|2|S6,S2|1
FIRE_CASCADE_REFILL|2|2|S6,S4|4
FIRE_CASCADE_REFILL|2|2|S6,S5|1
FIRE_CASCADE_REFILL|2|2|S6,S7|2
FIRE_CASCADE_REFILL|2|2|S6,S9|1
FIRE_CASCADE_REFILL|2|2|S7,S2|2
FIRE_CASCADE_REFILL|2|2|S7,S3|2
FIRE_CASCADE_REFILL|2|2|S7,S4|1
FIRE_CASCADE_REFILL|2|2|S7,S5|1
FIRE_CASCADE_REFILL|2|2|S7,S7|1
FIRE_CASCADE_REFILL|2|2|S8,S2|1
FIRE_CASCADE_REFILL|2|2|S8,S4|1
FIRE_CASCADE_REFILL|2|2|S8,S5|2
FIRE_CASCADE_REFILL|2|2|S8,S6|2
FIRE_CASCADE_REFILL|2|2|S8,S9|1
FIRE_CASCADE_REFILL|2|2|S9,S1|1
FIRE_CASCADE_REFILL|2|2|S9,S4|1
FIRE_CASCADE_REFILL|2|2|S9,S6|2
FIRE_CASCADE_REFILL|2|3|S1,S3,S3|1
FIRE_CASCADE_REFILL|2|3|S1,S5,S9|1
FIRE_CASCADE_REFILL|2|3|S1,S6,S3|1
FIRE_CASCADE_REFILL|2|3|S2,S1,S2|1
FIRE_CASCADE_REFILL|2|3|S2,S2,S2|1
FIRE_CASCADE_REFILL|2|3|S2,S2,S4|1
FIRE_CASCADE_REFILL|2|3|S2,S4,S7|1
FIRE_CASCADE_REFILL|2|3|S2,S4,S8|1
FIRE_CASCADE_REFILL|2|3|S2,S6,S6|1
FIRE_CASCADE_REFILL|2|3|S2,S7,S5|1
FIRE_CASCADE_REFILL|2|3|S2,S8,S4|1
FIRE_CASCADE_REFILL|2|3|S2,S9,S5|1
FIRE_CASCADE_REFILL|2|3|S2,S9,S8|1
FIRE_CASCADE_REFILL|2|3|S3,S2,S6|1
FIRE_CASCADE_REFILL|2|3|S3,S4,S8|1
FIRE_CASCADE_REFILL|2|3|S3,S6,S9|1
FIRE_CASCADE_REFILL|2|3|S3,S9,S4|1
FIRE_CASCADE_REFILL|2|3|S4,S1,S4|1
FIRE_CASCADE_REFILL|2|3|S4,S1,S9|1
FIRE_CASCADE_REFILL|2|3|S4,S4,S3|1
FIRE_CASCADE_REFILL|2|3|S4,S4,S7|1
FIRE_CASCADE_REFILL|2|3|S5,S2,S3|1
FIRE_CASCADE_REFILL|2|3|S5,S4,S6|1
FIRE_CASCADE_REFILL|2|3|S5,S5,S8|1
FIRE_CASCADE_REFILL|2|3|S5,S6,S1|1
FIRE_CASCADE_REFILL|2|3|S5,S6,S7|1
FIRE_CASCADE_REFILL|2|3|S5,S8,S2|1
FIRE_CASCADE_REFILL|2|3|S5,S8,S9|1
FIRE_CASCADE_REFILL|2|3|S6,S2,S1|1
FIRE_CASCADE_REFILL|2|3|S6,S2,S2|1
FIRE_CASCADE_REFILL|2|3|S6,S2,S8|1
FIRE_CASCADE_REFILL|2|3|S6,S3,S4|1
FIRE_CASCADE_REFILL|2|3|S6,S4,S6|1
FIRE_CASCADE_REFILL|2|3|S7,S2,S7|1
FIRE_CASCADE_REFILL|2|3|S7,S4,S8|2
FIRE_CASCADE_REFILL|2|3|S7,S5,S9|1
FIRE_CASCADE_REFILL|2|3|S7,S6,S8|2
FIRE_CASCADE_REFILL|2|3|S7,S9,S9|1
FIRE_CASCADE_REFILL|2|3|S8,S3,S4|1
FIRE_CASCADE_REFILL|2|3|S8,S8,S7|1
FIRE_CASCADE_REFILL|2|3|S8,S9,S8|1
FIRE_CASCADE_REFILL|2|3|S9,S1,S3|1
FIRE_CASCADE_REFILL|2|3|S9,S4,S8|1
FIRE_CASCADE_REFILL|2|3|S9,S4,S9|1
FIRE_CASCADE_REFILL|2|3|S9,S6,S6|1
FIRE_CASCADE_REFILL|2|3|S9,S6,S7|1
FIRE_CASCADE_REFILL|2|3|S9,S7,S8|1
FIRE_CASCADE_REFILL|2|3|S9,S8,S3|1
FIRE_CASCADE_REFILL|2|3|S9,S9,S4|1
FIRE_CASCADE_REFILL|2|3|S9,S9,S6|1
FIRE_CASCADE_REFILL|2|4|S1,S5,S9,S7|2
FIRE_CASCADE_REFILL|2|4|S2,S2,S4,S7|1
FIRE_CASCADE_REFILL|2|4|S2,S3,S4,S7|1
FIRE_CASCADE_REFILL|2|4|S2,S9,S1,S5|1
FIRE_CASCADE_REFILL|2|4|S3,S2,S4,S8|1
FIRE_CASCADE_REFILL|2|4|S3,S3,S1,S5|1
FIRE_CASCADE_REFILL|2|4|S3,S3,S5,S5|1
FIRE_CASCADE_REFILL|2|4|S3,S5,S5,S2|1
FIRE_CASCADE_REFILL|2|4|S5,S3,S8,S5|1
FIRE_CASCADE_REFILL|2|4|S5,S7,S5,S4|1
FIRE_CASCADE_REFILL|2|4|S5,S7,S7,S7|1
FIRE_CASCADE_REFILL|2|4|S6,S6,S7,S6|1
FIRE_CASCADE_REFILL|2|4|S6,S6,S9,S2|1
FIRE_CASCADE_REFILL|2|4|S6,S8,S6,S9|1
FIRE_CASCADE_REFILL|2|4|S6,S8,S7,S9|1
FIRE_CASCADE_REFILL|2|4|S7,S5,S3,S4|1
FIRE_CASCADE_REFILL|2|4|S7,S5,S5,S2|1
FIRE_CASCADE_REFILL|2|4|S7,S7,S7,S5|1
FIRE_CASCADE_REFILL|2|4|S8,S8,S3,S7|1
FIRE_CASCADE_REFILL|2|4|S8,S8,S7,S4|1
FIRE_CASCADE_REFILL|2|4|S8,S9,S3,S4|1
FIRE_CASCADE_REFILL|2|4|S9,S2,S7,S4|1
FIRE_CASCADE_REFILL|2|4|S9,S9,S7,S4|1
FIRE_CASCADE_REFILL|2|4|S9,S9,S8,S4|1
FIRE_CASCADE_REFILL|2|5|S1,S3,S8,S4,S3|1
FIRE_CASCADE_REFILL|2|5|S2,S2,S4,S4,S2|1
FIRE_CASCADE_REFILL|2|5|S2,S2,S6,S3,S5|1
FIRE_CASCADE_REFILL|2|5|S2,S2,S9,S3,S8|1
FIRE_CASCADE_REFILL|2|5|S2,S3,S4,S5,S6|1
FIRE_CASCADE_REFILL|2|5|S2,S3,S4,S6,S7|1
FIRE_CASCADE_REFILL|2|5|S2,S3,S4,S6,S8|1
FIRE_CASCADE_REFILL|2|5|S2,S3,S4,S9,S5|2
FIRE_CASCADE_REFILL|2|5|S2,S3,S5,S2,S6|1
FIRE_CASCADE_REFILL|2|5|S2,S3,S6,S5,S5|1
FIRE_CASCADE_REFILL|2|5|S2,S3,S6,S8,S4|1
FIRE_CASCADE_REFILL|2|5|S2,S3,S8,S8,S9|1
FIRE_CASCADE_REFILL|2|5|S2,S4,S4,S9,S1|1
FIRE_CASCADE_REFILL|2|5|S2,S4,S7,S8,S5|1
FIRE_CASCADE_REFILL|2|5|S2,S4,S9,S7,S7|1
FIRE_CASCADE_REFILL|2|5|S2,S5,S2,S7,S7|1
FIRE_CASCADE_REFILL|2|5|S2,S5,S3,S6,S7|1
FIRE_CASCADE_REFILL|2|5|S2,S5,S5,S6,S6|1
FIRE_CASCADE_REFILL|2|5|S2,S5,S9,S7,S2|1
FIRE_CASCADE_REFILL|2|5|S2,S6,S4,S9,S5|1
FIRE_CASCADE_REFILL|2|5|S2,S6,S6,S9,S6|1
FIRE_CASCADE_REFILL|2|5|S2,S6,S7,S2,S3|1
FIRE_CASCADE_REFILL|2|5|S2,S7,S5,S5,S3|1
FIRE_CASCADE_REFILL|2|5|S2,S7,S6,S8,S3|1
FIRE_CASCADE_REFILL|2|5|S2,S8,S3,S6,S7|1
FIRE_CASCADE_REFILL|2|5|S2,S8,S9,S2,S8|2
FIRE_CASCADE_REFILL|2|5|S2,S9,S6,S4,S9|1
FIRE_CASCADE_REFILL|2|5|S3,S3,S3,S5,S2|1
FIRE_CASCADE_REFILL|2|5|S3,S3,S5,S7,S9|3
FIRE_CASCADE_REFILL|2|5|S3,S3,S9,S3,S5|1
FIRE_CASCADE_REFILL|2|5|S3,S4,S3,S8,S7|1
FIRE_CASCADE_REFILL|2|5|S3,S4,S4,S9,S7|1
FIRE_CASCADE_REFILL|2|5|S3,S4,S7,S7,S4|1
FIRE_CASCADE_REFILL|2|5|S3,S4,S8,S2,S2|1
FIRE_CASCADE_REFILL|2|5|S3,S5,S1,S7,S8|1
FIRE_CASCADE_REFILL|2|5|S3,S5,S4,S2,S4|1
FIRE_CASCADE_REFILL|2|5|S3,S5,S5,S7,S6|1
FIRE_CASCADE_REFILL|2|5|S3,S5,S8,S6,S8|1
FIRE_CASCADE_REFILL|2|5|S3,S6,S7,S8,S8|1
FIRE_CASCADE_REFILL|2|5|S3,S7,S3,S1,S7|1
FIRE_CASCADE_REFILL|2|5|S3,S7,S3,S6,S4|1
FIRE_CASCADE_REFILL|2|5|S3,S7,S6,S9,S6|1
FIRE_CASCADE_REFILL|2|5|S3,S7,S7,S8,S5|1
FIRE_CASCADE_REFILL|2|5|S3,S7,S7,S9,S8|1
FIRE_CASCADE_REFILL|2|5|S3,S8,S2,S9,S7|1
FIRE_CASCADE_REFILL|2|5|S3,S8,S3,S3,S5|1
FIRE_CASCADE_REFILL|2|5|S3,S8,S7,S5,S9|1
FIRE_CASCADE_REFILL|2|5|S3,S9,S6,S5,S3|1
FIRE_CASCADE_REFILL|2|5|S4,S2,S6,S5,S9|1
FIRE_CASCADE_REFILL|2|5|S4,S2,S6,S8,S6|1
FIRE_CASCADE_REFILL|2|5|S4,S2,S7,S9,S1|1
FIRE_CASCADE_REFILL|2|5|S4,S2,S8,S2,S6|1
FIRE_CASCADE_REFILL|2|5|S4,S3,S7,S4,S4|1
FIRE_CASCADE_REFILL|2|5|S4,S4,S4,S6,S6|1
FIRE_CASCADE_REFILL|2|5|S4,S4,S5,S7,S9|1
FIRE_CASCADE_REFILL|2|5|S4,S5,S3,S4,S4|1
FIRE_CASCADE_REFILL|2|5|S4,S5,S4,S6,S6|1
FIRE_CASCADE_REFILL|2|5|S4,S6,S2,S5,S9|1
FIRE_CASCADE_REFILL|2|5|S4,S6,S5,S3,S2|1
FIRE_CASCADE_REFILL|2|5|S4,S7,S2,S8,S3|1
FIRE_CASCADE_REFILL|2|5|S4,S9,S9,S6,S5|1
FIRE_CASCADE_REFILL|2|5|S5,S2,S3,S4,S4|1
FIRE_CASCADE_REFILL|2|5|S5,S2,S5,S3,S2|1
FIRE_CASCADE_REFILL|2|5|S5,S2,S5,S6,S9|1
FIRE_CASCADE_REFILL|2|5|S5,S3,S2,S7,S6|1
FIRE_CASCADE_REFILL|2|5|S5,S3,S5,S2,S8|1
FIRE_CASCADE_REFILL|2|5|S5,S3,S7,S4,S7|1
FIRE_CASCADE_REFILL|2|5|S5,S3,S8,S5,S2|1
FIRE_CASCADE_REFILL|2|5|S5,S3,S9,S9,S8|1
FIRE_CASCADE_REFILL|2|5|S5,S4,S3,S8,S4|1
FIRE_CASCADE_REFILL|2|5|S5,S4,S5,S7,S3|1
FIRE_CASCADE_REFILL|2|5|S5,S4,S8,S7,S6|1
FIRE_CASCADE_REFILL|2|5|S5,S5,S2,S6,S2|2
FIRE_CASCADE_REFILL|2|5|S5,S5,S2,S8,S2|1
FIRE_CASCADE_REFILL|2|5|S5,S5,S7,S6,S7|1
FIRE_CASCADE_REFILL|2|5|S5,S5,S8,S9,S3|1
FIRE_CASCADE_REFILL|2|5|S5,S6,S4,S9,S2|1
FIRE_CASCADE_REFILL|2|5|S5,S7,S3,S2,S6|1
FIRE_CASCADE_REFILL|2|5|S5,S7,S5,S9,S9|1
FIRE_CASCADE_REFILL|2|5|S5,S7,S7,S7,S2|1
FIRE_CASCADE_REFILL|2|5|S5,S7,S9,S8,S7|1
FIRE_CASCADE_REFILL|2|5|S5,S8,S2,S6,S2|1
FIRE_CASCADE_REFILL|2|5|S5,S8,S8,S2,S8|1
FIRE_CASCADE_REFILL|2|5|S5,S9,S3,S4,S4|1
FIRE_CASCADE_REFILL|2|5|S5,S9,S3,S5,S4|1
FIRE_CASCADE_REFILL|2|5|S5,S9,S4,S3,S6|1
FIRE_CASCADE_REFILL|2|5|S5,S9,S4,S4,S9|1
FIRE_CASCADE_REFILL|2|5|S5,S9,S5,S5,S6|1
FIRE_CASCADE_REFILL|2|5|S5,S9,S5,S9,S4|2
FIRE_CASCADE_REFILL|2|5|S6,S2,S2,S2,S8|1
FIRE_CASCADE_REFILL|2|5|S6,S2,S3,S7,S2|1
FIRE_CASCADE_REFILL|2|5|S6,S2,S4,S4,S7|1
FIRE_CASCADE_REFILL|2|5|S6,S2,S7,S4,S9|1
FIRE_CASCADE_REFILL|2|5|S6,S3,S2,S4,S6|1
FIRE_CASCADE_REFILL|2|5|S6,S3,S6,S8,S3|1
FIRE_CASCADE_REFILL|2|5|S6,S3,S6,S9,S4|1
FIRE_CASCADE_REFILL|2|5|S6,S3,S7,S2,S5|1
FIRE_CASCADE_REFILL|2|5|S6,S4,S4,S7,S1|1
FIRE_CASCADE_REFILL|2|5|S6,S5,S7,S3,S8|1
FIRE_CASCADE_REFILL|2|5|S6,S7,S2,S2,S2|1
FIRE_CASCADE_REFILL|2|5|S6,S7,S5,S8,S2|1
FIRE_CASCADE_REFILL|2|5|S6,S8,S2,S6,S9|1
FIRE_CASCADE_REFILL|2|5|S6,S8,S2,S8,S1|2
FIRE_CASCADE_REFILL|2|5|S6,S8,S5,S6,S8|1
FIRE_CASCADE_REFILL|2|5|S6,S8,S6,S3,S9|2
FIRE_CASCADE_REFILL|2|5|S6,S9,S6,S9,S3|1
FIRE_CASCADE_REFILL|2|5|S7,S2,S4,S3,S4|1
FIRE_CASCADE_REFILL|2|5|S7,S3,S5,S8,S3|1
FIRE_CASCADE_REFILL|2|5|S7,S4,S2,S3,S8|1
FIRE_CASCADE_REFILL|2|5|S7,S4,S4,S6,S4|1
FIRE_CASCADE_REFILL|2|5|S7,S4,S7,S7,S8|1
FIRE_CASCADE_REFILL|2|5|S7,S4,S8,S6,S6|1
FIRE_CASCADE_REFILL|2|5|S7,S4,S8,S9,S4|1
FIRE_CASCADE_REFILL|2|5|S7,S5,S3,S2,S5|1
FIRE_CASCADE_REFILL|2|5|S7,S5,S3,S7,S8|1
FIRE_CASCADE_REFILL|2|5|S7,S5,S9,S8,S8|1
FIRE_CASCADE_REFILL|2|5|S7,S6,S4,S5,S4|1
FIRE_CASCADE_REFILL|2|5|S7,S6,S6,S9,S3|1
FIRE_CASCADE_REFILL|2|5|S7,S7,S6,S4,S6|1
FIRE_CASCADE_REFILL|2|5|S7,S7,S8,S8,S5|1
FIRE_CASCADE_REFILL|2|5|S7,S7,S8,S8,S8|1
FIRE_CASCADE_REFILL|2|5|S7,S8,S2,S3,S2|1
FIRE_CASCADE_REFILL|2|5|S7,S8,S2,S7,S9|1
FIRE_CASCADE_REFILL|2|5|S7,S8,S7,S5,S3|1
FIRE_CASCADE_REFILL|2|5|S7,S9,S2,S4,S6|1
FIRE_CASCADE_REFILL|2|5|S7,S9,S3,S4,S8|1
FIRE_CASCADE_REFILL|2|5|S7,S9,S3,S5,S8|2
FIRE_CASCADE_REFILL|2|5|S7,S9,S3,S7,S5|1
FIRE_CASCADE_REFILL|2|5|S7,S9,S5,S4,S5|1
FIRE_CASCADE_REFILL|2|5|S7,S9,S9,S5,S6|1
FIRE_CASCADE_REFILL|2|5|S8,S2,S8,S8,S4|1
FIRE_CASCADE_REFILL|2|5|S8,S3,S2,S6,S9|1
FIRE_CASCADE_REFILL|2|5|S8,S3,S7,S3,S6|1
FIRE_CASCADE_REFILL|2|5|S8,S3,S8,S3,S2|1
FIRE_CASCADE_REFILL|2|5|S8,S4,S5,S5,S6|1
FIRE_CASCADE_REFILL|2|5|S8,S4,S6,S3,S2|1
FIRE_CASCADE_REFILL|2|5|S8,S5,S2,S6,S5|1
FIRE_CASCADE_REFILL|2|5|S8,S5,S3,S8,S9|1
FIRE_CASCADE_REFILL|2|5|S8,S5,S4,S4,S2|1
FIRE_CASCADE_REFILL|2|5|S8,S5,S5,S2,S9|1
FIRE_CASCADE_REFILL|2|5|S8,S5,S9,S6,S7|1
FIRE_CASCADE_REFILL|2|5|S8,S6,S4,S3,S3|1
FIRE_CASCADE_REFILL|2|5|S8,S6,S9,S9,S7|1
FIRE_CASCADE_REFILL|2|5|S8,S7,S5,S4,S4|1
FIRE_CASCADE_REFILL|2|5|S8,S7,S5,S6,S2|1
FIRE_CASCADE_REFILL|2|5|S8,S7,S6,S2,S9|1
FIRE_CASCADE_REFILL|2|5|S8,S7,S6,S9,S2|1
FIRE_CASCADE_REFILL|2|5|S8,S7,S7,S5,S4|1
FIRE_CASCADE_REFILL|2|5|S8,S8,S4,S3,S7|1
FIRE_CASCADE_REFILL|2|5|S8,S8,S9,S8,S5|1
FIRE_CASCADE_REFILL|2|5|S8,S9,S2,S3,S4|1
FIRE_CASCADE_REFILL|2|5|S8,S9,S4,S5,S5|1
FIRE_CASCADE_REFILL|2|5|S8,S9,S8,S6,S7|1
FIRE_CASCADE_REFILL|2|5|S9,S1,S3,S8,S7|1
FIRE_CASCADE_REFILL|2|5|S9,S1,S3,S8,S9|2
FIRE_CASCADE_REFILL|2|5|S9,S2,S5,S2,S6|1
FIRE_CASCADE_REFILL|2|5|S9,S2,S5,S9,S9|2
FIRE_CASCADE_REFILL|2|5|S9,S2,S7,S5,S7|1
FIRE_CASCADE_REFILL|2|5|S9,S2,S9,S3,S4|1
FIRE_CASCADE_REFILL|2|5|S9,S3,S5,S2,S4|1
FIRE_CASCADE_REFILL|2|5|S9,S3,S5,S7,S7|2
FIRE_CASCADE_REFILL|2|5|S9,S3,S9,S3,S2|1
FIRE_CASCADE_REFILL|2|5|S9,S4,S2,S8,S6|1
FIRE_CASCADE_REFILL|2|5|S9,S4,S3,S3,S3|1
FIRE_CASCADE_REFILL|2|5|S9,S4,S3,S4,S4|1
FIRE_CASCADE_REFILL|2|5|S9,S4,S8,S3,S8|1
FIRE_CASCADE_REFILL|2|5|S9,S5,S9,S8,S2|1
FIRE_CASCADE_REFILL|2|5|S9,S6,S6,S3,S7|1
FIRE_CASCADE_REFILL|2|5|S9,S6,S7,S4,S4|2
FIRE_CASCADE_REFILL|2|5|S9,S6,S9,S5,S6|1
FIRE_CASCADE_REFILL|2|5|S9,S6,S9,S8,S4|1
FIRE_CASCADE_REFILL|2|5|S9,S6,S9,S9,S9|1
FIRE_CASCADE_REFILL|2|5|S9,S7,S3,S4,S4|1
FIRE_CASCADE_REFILL|2|5|S9,S7,S4,S2,S9|1
FIRE_CASCADE_REFILL|2|5|S9,S7,S4,S3,S6|1
FIRE_CASCADE_REFILL|2|5|S9,S7,S9,S4,S4|2
FIRE_CASCADE_REFILL|2|5|S9,S8,S7,S3,S5|1
FIRE_CASCADE_REFILL|2|5|S9,S8,S8,S6,S8|1
FIRE_CASCADE_REFILL|3|1|S1|4
FIRE_CASCADE_REFILL|3|1|S2|16
FIRE_CASCADE_REFILL|3|1|S3|7
FIRE_CASCADE_REFILL|3|1|S4|11
FIRE_CASCADE_REFILL|3|1|S5|9
FIRE_CASCADE_REFILL|3|1|S6|8
FIRE_CASCADE_REFILL|3|1|S7|7
FIRE_CASCADE_REFILL|3|1|S8|13
FIRE_CASCADE_REFILL|3|1|S9|8
FIRE_CASCADE_REFILL|3|2|S1,S7|1
FIRE_CASCADE_REFILL|3|2|S2,S2|1
FIRE_CASCADE_REFILL|3|2|S2,S6|2
FIRE_CASCADE_REFILL|3|2|S2,S7|1
FIRE_CASCADE_REFILL|3|2|S2,S8|3
FIRE_CASCADE_REFILL|3|2|S2,S9|1
FIRE_CASCADE_REFILL|3|2|S3,S2|4
FIRE_CASCADE_REFILL|3|2|S3,S6|2
FIRE_CASCADE_REFILL|3|2|S3,S8|1
FIRE_CASCADE_REFILL|3|2|S3,S9|1
FIRE_CASCADE_REFILL|3|2|S4,S3|1
FIRE_CASCADE_REFILL|3|2|S4,S4|3
FIRE_CASCADE_REFILL|3|2|S4,S5|2
FIRE_CASCADE_REFILL|3|2|S4,S6|3
FIRE_CASCADE_REFILL|3|2|S4,S7|2
FIRE_CASCADE_REFILL|3|2|S4,S8|2
FIRE_CASCADE_REFILL|3|2|S4,S9|1
FIRE_CASCADE_REFILL|3|2|S5,S3|1
FIRE_CASCADE_REFILL|3|2|S5,S6|1
FIRE_CASCADE_REFILL|3|2|S5,S7|1
FIRE_CASCADE_REFILL|3|2|S5,S8|2
FIRE_CASCADE_REFILL|3|2|S5,S9|1
FIRE_CASCADE_REFILL|3|2|S6,S9|1
FIRE_CASCADE_REFILL|3|2|S7,S2|1
FIRE_CASCADE_REFILL|3|2|S7,S3|1
FIRE_CASCADE_REFILL|3|2|S7,S4|1
FIRE_CASCADE_REFILL|3|2|S8,S4|1
FIRE_CASCADE_REFILL|3|2|S8,S7|1
FIRE_CASCADE_REFILL|3|2|S8,S9|4
FIRE_CASCADE_REFILL|3|2|S9,S3|2
FIRE_CASCADE_REFILL|3|2|S9,S5|2
FIRE_CASCADE_REFILL|3|2|S9,S6|1
FIRE_CASCADE_REFILL|3|2|S9,S7|2
FIRE_CASCADE_REFILL|3|2|S9,S8|2
FIRE_CASCADE_REFILL|3|3|S2,S3,S9|1
FIRE_CASCADE_REFILL|3|3|S2,S4,S5|1
FIRE_CASCADE_REFILL|3|3|S2,S4,S7|2
FIRE_CASCADE_REFILL|3|3|S2,S6,S3|1
FIRE_CASCADE_REFILL|3|3|S3,S2,S5|1
FIRE_CASCADE_REFILL|3|3|S3,S2,S9|1
FIRE_CASCADE_REFILL|3|3|S3,S3,S3|1
FIRE_CASCADE_REFILL|3|3|S3,S7,S7|1
FIRE_CASCADE_REFILL|3|3|S4,S3,S5|1
FIRE_CASCADE_REFILL|3|3|S4,S3,S7|1
FIRE_CASCADE_REFILL|3|3|S4,S4,S3|1
FIRE_CASCADE_REFILL|3|3|S4,S4,S6|1
FIRE_CASCADE_REFILL|3|3|S4,S6,S4|1
FIRE_CASCADE_REFILL|3|3|S4,S8,S7|1
FIRE_CASCADE_REFILL|3|3|S5,S4,S9|1
FIRE_CASCADE_REFILL|3|3|S5,S5,S4|1
FIRE_CASCADE_REFILL|3|3|S5,S5,S6|1
FIRE_CASCADE_REFILL|3|3|S6,S2,S5|1
FIRE_CASCADE_REFILL|3|3|S6,S3,S4|1
FIRE_CASCADE_REFILL|3|3|S6,S4,S7|1
FIRE_CASCADE_REFILL|3|3|S6,S6,S6|1
FIRE_CASCADE_REFILL|3|3|S6,S7,S9|1
FIRE_CASCADE_REFILL|3|3|S7,S2,S3|1
FIRE_CASCADE_REFILL|3|3|S7,S2,S5|1
FIRE_CASCADE_REFILL|3|3|S7,S5,S7|3
FIRE_CASCADE_REFILL|3|3|S7,S6,S6|1
FIRE_CASCADE_REFILL|3|3|S8,S3,S5|1
FIRE_CASCADE_REFILL|3|3|S8,S5,S6|1
FIRE_CASCADE_REFILL|3|3|S8,S6,S3|2
FIRE_CASCADE_REFILL|3|3|S8,S6,S9|1
FIRE_CASCADE_REFILL|3|3|S8,S7,S4|1
FIRE_CASCADE_REFILL|3|3|S8,S8,S8|1
FIRE_CASCADE_REFILL|3|3|S8,S9,S3|1
FIRE_CASCADE_REFILL|3|3|S8,S9,S7|1
FIRE_CASCADE_REFILL|3|3|S8,S9,S9|1
FIRE_CASCADE_REFILL|3|3|S9,S1,S4|1
FIRE_CASCADE_REFILL|3|3|S9,S5,S6|2
FIRE_CASCADE_REFILL|3|3|S9,S6,S8|2
FIRE_CASCADE_REFILL|3|3|S9,S7,S7|1
FIRE_CASCADE_REFILL|3|4|S2,S2,S2,S2|1
FIRE_CASCADE_REFILL|3|4|S2,S3,S7,S5|1
FIRE_CASCADE_REFILL|3|4|S2,S6,S6,S2|1
FIRE_CASCADE_REFILL|3|4|S2,S7,S3,S6|1
FIRE_CASCADE_REFILL|3|4|S2,S7,S6,S6|1
FIRE_CASCADE_REFILL|3|4|S3,S8,S6,S7|1
FIRE_CASCADE_REFILL|3|4|S4,S3,S3,S2|1
FIRE_CASCADE_REFILL|3|4|S4,S4,S4,S4|1
FIRE_CASCADE_REFILL|3|4|S5,S2,S9,S3|1
FIRE_CASCADE_REFILL|3|4|S5,S5,S6,S2|1
FIRE_CASCADE_REFILL|3|4|S5,S5,S9,S7|1
FIRE_CASCADE_REFILL|3|4|S6,S2,S3,S2|1
FIRE_CASCADE_REFILL|3|4|S6,S3,S2,S5|2
FIRE_CASCADE_REFILL|3|4|S7,S8,S9,S7|1
FIRE_CASCADE_REFILL|3|4|S8,S3,S5,S6|1
FIRE_CASCADE_REFILL|3|4|S8,S7,S5,S6|1
FIRE_CASCADE_REFILL|3|4|S9,S8,S8,S4|1
FIRE_CASCADE_REFILL|3|5|S1,S2,S9,S8,S9|1
FIRE_CASCADE_REFILL|3|5|S1,S7,S4,S6,S7|1
FIRE_CASCADE_REFILL|3|5|S1,S8,S3,S9,S5|1
FIRE_CASCADE_REFILL|3|5|S1,S9,S3,S8,S3|1
FIRE_CASCADE_REFILL|3|5|S1,S9,S5,S8,S7|1
FIRE_CASCADE_REFILL|3|5|S2,S2,S2,S5,S4|1
FIRE_CASCADE_REFILL|3|5|S2,S2,S2,S7,S6|2
FIRE_CASCADE_REFILL|3|5|S2,S2,S4,S3,S2|1
FIRE_CASCADE_REFILL|3|5|S2,S2,S8,S5,S8|1
FIRE_CASCADE_REFILL|3|5|S2,S2,S9,S5,S8|1
FIRE_CASCADE_REFILL|3|5|S2,S3,S2,S2,S6|1
FIRE_CASCADE_REFILL|3|5|S2,S3,S5,S3,S7|2
FIRE_CASCADE_REFILL|3|5|S2,S3,S6,S2,S9|1
FIRE_CASCADE_REFILL|3|5|S2,S3,S6,S8,S6|1
FIRE_CASCADE_REFILL|3|5|S2,S4,S3,S2,S9|1
FIRE_CASCADE_REFILL|3|5|S2,S4,S4,S4,S8|1
FIRE_CASCADE_REFILL|3|5|S2,S5,S5,S9,S3|1
FIRE_CASCADE_REFILL|3|5|S2,S5,S8,S2,S7|1
FIRE_CASCADE_REFILL|3|5|S2,S6,S2,S6,S3|1
FIRE_CASCADE_REFILL|3|5|S2,S6,S5,S3,S8|1
FIRE_CASCADE_REFILL|3|5|S2,S7,S6,S6,S7|1
FIRE_CASCADE_REFILL|3|5|S2,S7,S7,S9,S5|1
FIRE_CASCADE_REFILL|3|5|S2,S7,S8,S8,S4|1
FIRE_CASCADE_REFILL|3|5|S2,S7,S8,S9,S7|1
FIRE_CASCADE_REFILL|3|5|S2,S8,S2,S5,S9|1
FIRE_CASCADE_REFILL|3|5|S2,S8,S8,S7,S5|1
FIRE_CASCADE_REFILL|3|5|S2,S8,S9,S4,S5|1
FIRE_CASCADE_REFILL|3|5|S2,S9,S2,S5,S8|1
FIRE_CASCADE_REFILL|3|5|S2,S9,S9,S6,S4|1
FIRE_CASCADE_REFILL|3|5|S3,S1,S8,S9,S7|1
FIRE_CASCADE_REFILL|3|5|S3,S2,S5,S3,S7|2
FIRE_CASCADE_REFILL|3|5|S3,S2,S6,S1,S3|1
FIRE_CASCADE_REFILL|3|5|S3,S2,S6,S3,S9|1
FIRE_CASCADE_REFILL|3|5|S3,S2,S7,S3,S6|1
FIRE_CASCADE_REFILL|3|5|S3,S3,S5,S5,S5|1
FIRE_CASCADE_REFILL|3|5|S3,S3,S5,S9,S8|1
FIRE_CASCADE_REFILL|3|5|S3,S4,S2,S7,S8|1
FIRE_CASCADE_REFILL|3|5|S3,S4,S9,S4,S6|1
FIRE_CASCADE_REFILL|3|5|S3,S4,S9,S4,S7|1
FIRE_CASCADE_REFILL|3|5|S3,S5,S5,S3,S8|1
FIRE_CASCADE_REFILL|3|5|S3,S6,S9,S9,S3|2
FIRE_CASCADE_REFILL|3|5|S3,S8,S6,S8,S5|1
FIRE_CASCADE_REFILL|3|5|S3,S8,S8,S5,S8|1
FIRE_CASCADE_REFILL|3|5|S3,S8,S9,S5,S2|1
FIRE_CASCADE_REFILL|3|5|S3,S9,S4,S9,S5|1
FIRE_CASCADE_REFILL|3|5|S3,S9,S5,S5,S7|1
FIRE_CASCADE_REFILL|3|5|S4,S2,S4,S7,S4|1
FIRE_CASCADE_REFILL|3|5|S4,S2,S5,S8,S5|1
FIRE_CASCADE_REFILL|3|5|S4,S2,S7,S5,S9|3
FIRE_CASCADE_REFILL|3|5|S4,S2,S7,S9,S6|1
FIRE_CASCADE_REFILL|3|5|S4,S2,S9,S4,S4|1
FIRE_CASCADE_REFILL|3|5|S4,S2,S9,S6,S8|1
FIRE_CASCADE_REFILL|3|5|S4,S3,S2,S3,S7|1
FIRE_CASCADE_REFILL|3|5|S4,S3,S4,S9,S5|1
FIRE_CASCADE_REFILL|3|5|S4,S3,S7,S3,S5|1
FIRE_CASCADE_REFILL|3|5|S4,S3,S8,S9,S5|1
FIRE_CASCADE_REFILL|3|5|S4,S5,S5,S3,S8|1
FIRE_CASCADE_REFILL|3|5|S4,S6,S2,S7,S2|1
FIRE_CASCADE_REFILL|3|5|S4,S6,S8,S3,S2|1
FIRE_CASCADE_REFILL|3|5|S4,S6,S8,S8,S5|1
FIRE_CASCADE_REFILL|3|5|S4,S7,S2,S6,S8|1
FIRE_CASCADE_REFILL|3|5|S4,S7,S5,S7,S9|1
FIRE_CASCADE_REFILL|3|5|S4,S7,S5,S9,S5|1
FIRE_CASCADE_REFILL|3|5|S4,S7,S7,S9,S1|1
FIRE_CASCADE_REFILL|3|5|S4,S7,S8,S7,S2|1
FIRE_CASCADE_REFILL|3|5|S4,S8,S4,S6,S4|1
FIRE_CASCADE_REFILL|3|5|S4,S8,S5,S4,S3|1
FIRE_CASCADE_REFILL|3|5|S4,S8,S5,S6,S3|1
FIRE_CASCADE_REFILL|3|5|S4,S8,S9,S5,S9|1
FIRE_CASCADE_REFILL|3|5|S4,S8,S9,S6,S6|1
FIRE_CASCADE_REFILL|3|5|S4,S9,S5,S3,S7|1
FIRE_CASCADE_REFILL|3|5|S5,S1,S2,S7,S5|1
FIRE_CASCADE_REFILL|3|5|S5,S2,S7,S3,S8|1
FIRE_CASCADE_REFILL|3|5|S5,S2,S7,S8,S3|1
FIRE_CASCADE_REFILL|3|5|S5,S2,S9,S6,S8|1
FIRE_CASCADE_REFILL|3|5|S5,S2,S9,S7,S7|1
FIRE_CASCADE_REFILL|3|5|S5,S3,S6,S4,S3|1
FIRE_CASCADE_REFILL|3|5|S5,S3,S6,S4,S7|1
FIRE_CASCADE_REFILL|3|5|S5,S3,S8,S7,S7|1
FIRE_CASCADE_REFILL|3|5|S5,S4,S3,S3,S6|1
FIRE_CASCADE_REFILL|3|5|S5,S4,S4,S6,S5|2
FIRE_CASCADE_REFILL|3|5|S5,S4,S4,S8,S8|1
FIRE_CASCADE_REFILL|3|5|S5,S4,S6,S6,S7|1
FIRE_CASCADE_REFILL|3|5|S5,S4,S7,S2,S7|1
FIRE_CASCADE_REFILL|3|5|S5,S4,S7,S2,S8|1
FIRE_CASCADE_REFILL|3|5|S5,S5,S9,S7,S4|1
FIRE_CASCADE_REFILL|3|5|S5,S6,S3,S5,S6|1
FIRE_CASCADE_REFILL|3|5|S5,S6,S6,S8,S4|1
FIRE_CASCADE_REFILL|3|5|S5,S7,S3,S9,S7|1
FIRE_CASCADE_REFILL|3|5|S5,S7,S8,S7,S8|1
FIRE_CASCADE_REFILL|3|5|S5,S8,S7,S8,S6|1
FIRE_CASCADE_REFILL|3|5|S5,S9,S1,S9,S5|1
FIRE_CASCADE_REFILL|3|5|S5,S9,S5,S8,S8|1
FIRE_CASCADE_REFILL|3|5|S5,S9,S7,S9,S5|1
FIRE_CASCADE_REFILL|3|5|S6,S2,S6,S8,S2|1
FIRE_CASCADE_REFILL|3|5|S6,S3,S4,S6,S4|1
FIRE_CASCADE_REFILL|3|5|S6,S3,S5,S8,S8|1
FIRE_CASCADE_REFILL|3|5|S6,S3,S7,S3,S7|1
FIRE_CASCADE_REFILL|3|5|S6,S3,S9,S5,S4|1
FIRE_CASCADE_REFILL|3|5|S6,S4,S3,S5,S2|1
FIRE_CASCADE_REFILL|3|5|S6,S5,S5,S6,S2|1
FIRE_CASCADE_REFILL|3|5|S6,S5,S5,S9,S6|2
FIRE_CASCADE_REFILL|3|5|S6,S5,S9,S4,S9|1
FIRE_CASCADE_REFILL|3|5|S6,S5,S9,S5,S5|2
FIRE_CASCADE_REFILL|3|5|S6,S6,S8,S9,S5|1
FIRE_CASCADE_REFILL|3|5|S6,S6,S9,S2,S6|2
FIRE_CASCADE_REFILL|3|5|S6,S7,S3,S4,S2|1
FIRE_CASCADE_REFILL|3|5|S6,S7,S4,S7,S5|1
FIRE_CASCADE_REFILL|3|5|S6,S8,S2,S2,S2|1
FIRE_CASCADE_REFILL|3|5|S6,S8,S2,S8,S7|1
FIRE_CASCADE_REFILL|3|5|S6,S8,S2,S9,S6|1
FIRE_CASCADE_REFILL|3|5|S6,S8,S8,S6,S3|1
FIRE_CASCADE_REFILL|3|5|S6,S9,S6,S6,S4|1
FIRE_CASCADE_REFILL|3|5|S7,S2,S9,S7,S4|1
FIRE_CASCADE_REFILL|3|5|S7,S3,S4,S7,S7|1
FIRE_CASCADE_REFILL|3|5|S7,S3,S8,S2,S9|1
FIRE_CASCADE_REFILL|3|5|S7,S4,S2,S6,S5|1
FIRE_CASCADE_REFILL|3|5|S7,S4,S6,S5,S8|1
FIRE_CASCADE_REFILL|3|5|S7,S4,S7,S7,S5|1
FIRE_CASCADE_REFILL|3|5|S7,S5,S5,S8,S4|1
FIRE_CASCADE_REFILL|3|5|S7,S6,S2,S4,S6|1
FIRE_CASCADE_REFILL|3|5|S7,S6,S6,S7,S7|2
FIRE_CASCADE_REFILL|3|5|S7,S7,S4,S2,S3|1
FIRE_CASCADE_REFILL|3|5|S7,S7,S9,S7,S3|1
FIRE_CASCADE_REFILL|3|5|S7,S8,S4,S2,S6|1
FIRE_CASCADE_REFILL|3|5|S7,S8,S7,S2,S5|1
FIRE_CASCADE_REFILL|3|5|S7,S8,S9,S2,S6|1
FIRE_CASCADE_REFILL|3|5|S7,S9,S2,S2,S2|1
FIRE_CASCADE_REFILL|3|5|S7,S9,S8,S4,S3|1
FIRE_CASCADE_REFILL|3|5|S7,S9,S9,S6,S5|1
FIRE_CASCADE_REFILL|3|5|S8,S2,S3,S5,S6|1
FIRE_CASCADE_REFILL|3|5|S8,S2,S4,S5,S8|1
FIRE_CASCADE_REFILL|3|5|S8,S2,S6,S2,S7|1
FIRE_CASCADE_REFILL|3|5|S8,S3,S3,S7,S8|1
FIRE_CASCADE_REFILL|3|5|S8,S3,S9,S6,S4|1
FIRE_CASCADE_REFILL|3|5|S8,S4,S7,S8,S6|1
FIRE_CASCADE_REFILL|3|5|S8,S5,S8,S9,S2|1
FIRE_CASCADE_REFILL|3|5|S8,S6,S2,S6,S9|2
FIRE_CASCADE_REFILL|3|5|S8,S6,S7,S6,S6|1
FIRE_CASCADE_REFILL|3|5|S8,S6,S7,S9,S9|1
FIRE_CASCADE_REFILL|3|5|S8,S7,S4,S6,S4|1
FIRE_CASCADE_REFILL|3|5|S8,S7,S7,S5,S6|2
FIRE_CASCADE_REFILL|3|5|S8,S7,S9,S2,S5|1
FIRE_CASCADE_REFILL|3|5|S8,S8,S4,S8,S4|1
FIRE_CASCADE_REFILL|3|5|S8,S8,S9,S1,S4|1
FIRE_CASCADE_REFILL|3|5|S8,S8,S9,S8,S3|1
FIRE_CASCADE_REFILL|3|5|S8,S9,S6,S8,S7|1
FIRE_CASCADE_REFILL|3|5|S8,S9,S9,S3,S5|1
FIRE_CASCADE_REFILL|3|5|S9,S1,S8,S5,S8|1
FIRE_CASCADE_REFILL|3|5|S9,S2,S3,S4,S7|1
FIRE_CASCADE_REFILL|3|5|S9,S2,S3,S8,S9|1
FIRE_CASCADE_REFILL|3|5|S9,S2,S4,S5,S9|1
FIRE_CASCADE_REFILL|3|5|S9,S2,S6,S3,S9|2
FIRE_CASCADE_REFILL|3|5|S9,S2,S6,S4,S4|1
FIRE_CASCADE_REFILL|3|5|S9,S2,S8,S9,S7|1
FIRE_CASCADE_REFILL|3|5|S9,S3,S2,S4,S5|1
FIRE_CASCADE_REFILL|3|5|S9,S3,S5,S6,S8|1
FIRE_CASCADE_REFILL|3|5|S9,S4,S1,S9,S8|1
FIRE_CASCADE_REFILL|3|5|S9,S4,S6,S4,S3|1
FIRE_CASCADE_REFILL|3|5|S9,S4,S7,S6,S5|1
FIRE_CASCADE_REFILL|3|5|S9,S5,S6,S2,S2|1
FIRE_CASCADE_REFILL|3|5|S9,S5,S9,S6,S5|1
FIRE_CASCADE_REFILL|3|5|S9,S6,S2,S4,S3|1
FIRE_CASCADE_REFILL|3|5|S9,S6,S5,S5,S5|1
FIRE_CASCADE_REFILL|3|5|S9,S6,S8,S7,S8|1
FIRE_CASCADE_REFILL|3|5|S9,S7,S3,S7,S6|1
FIRE_CASCADE_REFILL|3|5|S9,S7,S4,S2,S3|1
FIRE_CASCADE_REFILL|3|5|S9,S7,S4,S2,S6|1
FIRE_CASCADE_REFILL|3|5|S9,S8,S5,S7,S7|1
FIRE_CASCADE_REFILL|3|5|S9,S8,S6,S2,S6|1
FIRE_CASCADE_REFILL|3|5|S9,S8,S9,S3,S3|1
FIRE_CASCADE_REFILL|3|5|S9,S9,S3,S9,S9|1
FIRE_CASCADE_REFILL|3|5|S9,S9,S8,S4,S6|1
FIRE_CASCADE_REFILL|4|1|S1|2
FIRE_CASCADE_REFILL|4|1|S2|9
FIRE_CASCADE_REFILL|4|1|S3|11
FIRE_CASCADE_REFILL|4|1|S4|14
FIRE_CASCADE_REFILL|4|1|S5|8
FIRE_CASCADE_REFILL|4|1|S6|12
FIRE_CASCADE_REFILL|4|1|S7|7
FIRE_CASCADE_REFILL|4|1|S8|3
FIRE_CASCADE_REFILL|4|1|S9|11
FIRE_CASCADE_REFILL|4|2|S2,S3|1
FIRE_CASCADE_REFILL|4|2|S2,S5|1
FIRE_CASCADE_REFILL|4|2|S2,S6|1
FIRE_CASCADE_REFILL|4|2|S2,S7|1
FIRE_CASCADE_REFILL|4|2|S3,S4|2
FIRE_CASCADE_REFILL|4|2|S3,S6|1
FIRE_CASCADE_REFILL|4|2|S4,S7|2
FIRE_CASCADE_REFILL|4|2|S5,S5|1
FIRE_CASCADE_REFILL|4|2|S5,S6|1
FIRE_CASCADE_REFILL|4|2|S5,S8|1
FIRE_CASCADE_REFILL|4|2|S6,S3|2
FIRE_CASCADE_REFILL|4|2|S7,S3|1
FIRE_CASCADE_REFILL|4|2|S7,S6|1
FIRE_CASCADE_REFILL|4|2|S7,S9|1
FIRE_CASCADE_REFILL|4|2|S8,S5|2
FIRE_CASCADE_REFILL|4|2|S8,S7|1
FIRE_CASCADE_REFILL|4|2|S8,S9|1
FIRE_CASCADE_REFILL|4|2|S9,S3|1
FIRE_CASCADE_REFILL|4|2|S9,S4|1
FIRE_CASCADE_REFILL|4|2|S9,S5|2
FIRE_CASCADE_REFILL|4|2|S9,S6|1
FIRE_CASCADE_REFILL|4|2|S9,S8|1
FIRE_CASCADE_REFILL|4|2|S9,S9|1
FIRE_CASCADE_REFILL|4|3|S2,S2,S5|1
FIRE_CASCADE_REFILL|4|3|S2,S2,S6|1
FIRE_CASCADE_REFILL|4|3|S2,S4,S7|1
FIRE_CASCADE_REFILL|4|3|S2,S5,S7|1
FIRE_CASCADE_REFILL|4|3|S2,S7,S2|1
FIRE_CASCADE_REFILL|4|3|S3,S2,S4|1
FIRE_CASCADE_REFILL|4|3|S3,S3,S3|1
FIRE_CASCADE_REFILL|4|3|S3,S4,S3|1
FIRE_CASCADE_REFILL|4|3|S3,S5,S2|1
FIRE_CASCADE_REFILL|4|3|S3,S8,S3|1
FIRE_CASCADE_REFILL|4|3|S3,S9,S4|1
FIRE_CASCADE_REFILL|4|3|S3,S9,S9|1
FIRE_CASCADE_REFILL|4|3|S4,S3,S3|1
FIRE_CASCADE_REFILL|4|3|S4,S7,S6|1
FIRE_CASCADE_REFILL|4|3|S4,S7,S9|2
FIRE_CASCADE_REFILL|4|3|S5,S7,S9|1
FIRE_CASCADE_REFILL|4|3|S5,S8,S8|1
FIRE_CASCADE_REFILL|4|3|S6,S2,S2|1
FIRE_CASCADE_REFILL|4|3|S6,S3,S9|1
FIRE_CASCADE_REFILL|4|3|S6,S4,S7|1
FIRE_CASCADE_REFILL|4|3|S6,S5,S5|1
FIRE_CASCADE_REFILL|4|3|S6,S5,S8|1
FIRE_CASCADE_REFILL|4|3|S6,S7,S4|1
FIRE_CASCADE_REFILL|4|3|S6,S7,S5|1
FIRE_CASCADE_REFILL|4|3|S6,S7,S7|1
FIRE_CASCADE_REFILL|4|3|S6,S7,S8|1
FIRE_CASCADE_REFILL|4|3|S7,S3,S1|1
FIRE_CASCADE_REFILL|4|3|S7,S3,S5|1
FIRE_CASCADE_REFILL|4|3|S7,S8,S4|1
FIRE_CASCADE_REFILL|4|3|S8,S2,S4|2
FIRE_CASCADE_REFILL|4|3|S8,S3,S5|1
FIRE_CASCADE_REFILL|4|3|S8,S4,S7|1
FIRE_CASCADE_REFILL|4|3|S8,S6,S6|1
FIRE_CASCADE_REFILL|4|3|S8,S8,S5|1
FIRE_CASCADE_REFILL|4|3|S9,S3,S9|1
FIRE_CASCADE_REFILL|4|3|S9,S8,S7|1
FIRE_CASCADE_REFILL|4|3|S9,S9,S3|1
FIRE_CASCADE_REFILL|4|3|S9,S9,S8|1
FIRE_CASCADE_REFILL|4|4|S2,S6,S4,S2|1
FIRE_CASCADE_REFILL|4|4|S3,S4,S4,S6|1
FIRE_CASCADE_REFILL|4|4|S3,S5,S5,S5|1
FIRE_CASCADE_REFILL|4|4|S4,S7,S2,S9|1
FIRE_CASCADE_REFILL|4|4|S4,S9,S7,S8|1
FIRE_CASCADE_REFILL|4|4|S4,S9,S7,S9|1
FIRE_CASCADE_REFILL|4|4|S6,S2,S5,S3|1
FIRE_CASCADE_REFILL|4|4|S7,S8,S9,S8|1
FIRE_CASCADE_REFILL|4|4|S8,S2,S9,S3|1
FIRE_CASCADE_REFILL|4|4|S8,S8,S4,S5|1
FIRE_CASCADE_REFILL|4|4|S9,S4,S7,S8|1
FIRE_CASCADE_REFILL|4|4|S9,S8,S4,S7|1
FIRE_CASCADE_REFILL|4|5|S1,S3,S9,S5,S8|1
FIRE_CASCADE_REFILL|4|5|S1,S4,S4,S2,S5|1
FIRE_CASCADE_REFILL|4|5|S1,S5,S2,S9,S5|1
FIRE_CASCADE_REFILL|4|5|S1,S6,S1,S5,S2|1
FIRE_CASCADE_REFILL|4|5|S2,S1,S7,S8,S9|1
FIRE_CASCADE_REFILL|4|5|S2,S2,S1,S8,S9|2
FIRE_CASCADE_REFILL|4|5|S2,S2,S6,S8,S4|1
FIRE_CASCADE_REFILL|4|5|S2,S2,S7,S6,S3|1
FIRE_CASCADE_REFILL|4|5|S2,S3,S6,S5,S6|1
FIRE_CASCADE_REFILL|4|5|S2,S3,S9,S3,S6|2
FIRE_CASCADE_REFILL|4|5|S2,S4,S5,S6,S4|1
FIRE_CASCADE_REFILL|4|5|S2,S4,S7,S2,S8|1
FIRE_CASCADE_REFILL|4|5|S2,S4,S7,S8,S8|1
FIRE_CASCADE_REFILL|4|5|S2,S4,S9,S6,S6|1
FIRE_CASCADE_REFILL|4|5|S2,S5,S5,S4,S2|1
FIRE_CASCADE_REFILL|4|5|S2,S6,S8,S6,S9|1
FIRE_CASCADE_REFILL|4|5|S2,S7,S4,S2,S6|1
FIRE_CASCADE_REFILL|4|5|S2,S7,S4,S4,S3|1
FIRE_CASCADE_REFILL|4|5|S2,S7,S9,S5,S3|1
FIRE_CASCADE_REFILL|4|5|S2,S8,S2,S8,S7|1
FIRE_CASCADE_REFILL|4|5|S2,S8,S7,S3,S7|1
FIRE_CASCADE_REFILL|4|5|S2,S8,S8,S8,S5|1
FIRE_CASCADE_REFILL|4|5|S2,S9,S7,S5,S1|1
FIRE_CASCADE_REFILL|4|5|S2,S9,S9,S5,S7|2
FIRE_CASCADE_REFILL|4|5|S3,S1,S7,S9,S6|1
FIRE_CASCADE_REFILL|4|5|S3,S2,S7,S4,S7|1
FIRE_CASCADE_REFILL|4|5|S3,S3,S7,S8,S9|1
FIRE_CASCADE_REFILL|4|5|S3,S4,S5,S2,S6|1
FIRE_CASCADE_REFILL|4|5|S3,S4,S7,S3,S4|2
FIRE_CASCADE_REFILL|4|5|S3,S4,S7,S6,S8|1
FIRE_CASCADE_REFILL|4|5|S3,S5,S4,S2,S3|1
FIRE_CASCADE_REFILL|4|5|S3,S6,S2,S3,S9|1
FIRE_CASCADE_REFILL|4|5|S3,S6,S4,S6,S3|1
FIRE_CASCADE_REFILL|4|5|S3,S6,S6,S3,S4|1
FIRE_CASCADE_REFILL|4|5|S3,S7,S4,S8,S4|2
FIRE_CASCADE_REFILL|4|5|S3,S7,S6,S5,S6|1
FIRE_CASCADE_REFILL|4|5|S3,S8,S3,S6,S9|1
FIRE_CASCADE_REFILL|4|5|S3,S8,S4,S5,S6|1
FIRE_CASCADE_REFILL|4|5|S3,S9,S3,S9,S9|1
FIRE_CASCADE_REFILL|4|5|S3,S9,S5,S2,S4|1
FIRE_CASCADE_REFILL|4|5|S3,S9,S6,S2,S2|1
FIRE_CASCADE_REFILL|4|5|S3,S9,S6,S3,S5|1
FIRE_CASCADE_REFILL|4|5|S4,S2,S5,S7,S2|1
FIRE_CASCADE_REFILL|4|5|S4,S2,S7,S3,S3|1
FIRE_CASCADE_REFILL|4|5|S4,S3,S3,S4,S6|1
FIRE_CASCADE_REFILL|4|5|S4,S3,S6,S3,S9|1
FIRE_CASCADE_REFILL|4|5|S4,S3,S6,S9,S2|1
FIRE_CASCADE_REFILL|4|5|S4,S3,S7,S9,S3|1
FIRE_CASCADE_REFILL|4|5|S4,S3,S8,S6,S3|1
FIRE_CASCADE_REFILL|4|5|S4,S4,S8,S2,S9|1
FIRE_CASCADE_REFILL|4|5|S4,S5,S6,S3,S4|1
FIRE_CASCADE_REFILL|4|5|S4,S6,S2,S4,S8|2
FIRE_CASCADE_REFILL|4|5|S4,S6,S4,S7,S8|1
FIRE_CASCADE_REFILL|4|5|S4,S7,S4,S2,S8|1
FIRE_CASCADE_REFILL|4|5|S4,S7,S8,S9,S9|1
FIRE_CASCADE_REFILL|4|5|S4,S7,S9,S7,S8|1
FIRE_CASCADE_REFILL|4|5|S4,S8,S2,S2,S5|1
FIRE_CASCADE_REFILL|4|5|S4,S8,S7,S5,S6|1
FIRE_CASCADE_REFILL|4|5|S4,S8,S8,S6,S6|1
FIRE_CASCADE_REFILL|4|5|S4,S9,S2,S8,S5|1
FIRE_CASCADE_REFILL|4|5|S5,S1,S6,S4,S7|2
FIRE_CASCADE_REFILL|4|5|S5,S2,S5,S5,S5|2
FIRE_CASCADE_REFILL|4|5|S5,S2,S6,S7,S6|1
FIRE_CASCADE_REFILL|4|5|S5,S2,S8,S2,S3|1
FIRE_CASCADE_REFILL|4|5|S5,S3,S4,S5,S9|1
FIRE_CASCADE_REFILL|4|5|S5,S5,S2,S8,S6|1
FIRE_CASCADE_REFILL|4|5|S5,S5,S5,S3,S8|1
FIRE_CASCADE_REFILL|4|5|S5,S6,S7,S8,S2|1
FIRE_CASCADE_REFILL|4|5|S5,S6,S9,S2,S3|1
FIRE_CASCADE_REFILL|4|5|S5,S7,S6,S1,S6|1
FIRE_CASCADE_REFILL|4|5|S5,S7,S8,S6,S9|1
FIRE_CASCADE_REFILL|4|5|S5,S8,S3,S3,S4|1
FIRE_CASCADE_REFILL|4|5|S5,S8,S3,S6,S6|1
FIRE_CASCADE_REFILL|4|5|S5,S8,S3,S8,S8|1
FIRE_CASCADE_REFILL|4|5|S5,S8,S4,S6,S5|1
FIRE_CASCADE_REFILL|4|5|S5,S8,S7,S5,S3|1
FIRE_CASCADE_REFILL|4|5|S5,S9,S2,S7,S2|1
FIRE_CASCADE_REFILL|4|5|S5,S9,S3,S3,S2|1
FIRE_CASCADE_REFILL|4|5|S5,S9,S6,S6,S8|1
FIRE_CASCADE_REFILL|4|5|S6,S3,S1,S4,S3|1
FIRE_CASCADE_REFILL|4|5|S6,S3,S2,S3,S3|1
FIRE_CASCADE_REFILL|4|5|S6,S3,S3,S2,S2|1
FIRE_CASCADE_REFILL|4|5|S6,S3,S4,S8,S7|1
FIRE_CASCADE_REFILL|4|5|S6,S3,S5,S5,S3|1
FIRE_CASCADE_REFILL|4|5|S6,S4,S4,S3,S3|1
FIRE_CASCADE_REFILL|4|5|S6,S4,S4,S7,S2|1
FIRE_CASCADE_REFILL|4|5|S6,S4,S4,S7,S4|1
FIRE_CASCADE_REFILL|4|5|S6,S4,S4,S8,S9|1
FIRE_CASCADE_REFILL|4|5|S6,S4,S5,S3,S8|1
FIRE_CASCADE_REFILL|4|5|S6,S5,S9,S8,S9|1
FIRE_CASCADE_REFILL|4|5|S6,S6,S3,S6,S2|1
FIRE_CASCADE_REFILL|4|5|S6,S6,S4,S3,S4|1
FIRE_CASCADE_REFILL|4|5|S6,S6,S4,S4,S6|1
FIRE_CASCADE_REFILL|4|5|S6,S6,S5,S4,S8|1
FIRE_CASCADE_REFILL|4|5|S6,S6,S9,S9,S9|1
FIRE_CASCADE_REFILL|4|5|S6,S7,S4,S2,S7|1
FIRE_CASCADE_REFILL|4|5|S6,S7,S4,S4,S8|1
FIRE_CASCADE_REFILL|4|5|S6,S7,S6,S5,S2|1
FIRE_CASCADE_REFILL|4|5|S6,S8,S2,S8,S8|1
FIRE_CASCADE_REFILL|4|5|S6,S8,S3,S8,S7|1
FIRE_CASCADE_REFILL|4|5|S6,S8,S4,S9,S8|1
FIRE_CASCADE_REFILL|4|5|S6,S8,S5,S6,S6|1
FIRE_CASCADE_REFILL|4|5|S6,S8,S7,S8,S3|1
FIRE_CASCADE_REFILL|4|5|S6,S9,S3,S7,S6|1
FIRE_CASCADE_REFILL|4|5|S6,S9,S4,S4,S8|1
FIRE_CASCADE_REFILL|4|5|S7,S2,S2,S4,S3|1
FIRE_CASCADE_REFILL|4|5|S7,S2,S4,S4,S6|1
FIRE_CASCADE_REFILL|4|5|S7,S2,S6,S9,S6|1
FIRE_CASCADE_REFILL|4|5|S7,S3,S6,S5,S8|1
FIRE_CASCADE_REFILL|4|5|S7,S3,S7,S5,S2|1
FIRE_CASCADE_REFILL|4|5|S7,S3,S8,S7,S5|1
FIRE_CASCADE_REFILL|4|5|S7,S4,S2,S9,S3|2
FIRE_CASCADE_REFILL|4|5|S7,S4,S3,S8,S5|1
FIRE_CASCADE_REFILL|4|5|S7,S4,S7,S2,S3|1
FIRE_CASCADE_REFILL|4|5|S7,S4,S8,S7,S5|1
FIRE_CASCADE_REFILL|4|5|S7,S5,S4,S7,S7|1
FIRE_CASCADE_REFILL|4|5|S7,S5,S8,S8,S3|1
FIRE_CASCADE_REFILL|4|5|S7,S5,S9,S7,S9|1
FIRE_CASCADE_REFILL|4|5|S7,S5,S9,S9,S5|1
FIRE_CASCADE_REFILL|4|5|S7,S6,S2,S7,S4|1
FIRE_CASCADE_REFILL|4|5|S7,S6,S2,S7,S7|1
FIRE_CASCADE_REFILL|4|5|S7,S6,S3,S5,S3|1
FIRE_CASCADE_REFILL|4|5|S7,S6,S4,S3,S9|1
FIRE_CASCADE_REFILL|4|5|S7,S6,S9,S7,S8|1
FIRE_CASCADE_REFILL|4|5|S7,S7,S6,S5,S2|1
FIRE_CASCADE_REFILL|4|5|S7,S7,S9,S7,S5|1
FIRE_CASCADE_REFILL|4|5|S7,S8,S2,S9,S9|1
FIRE_CASCADE_REFILL|4|5|S7,S9,S6,S4,S6|1
FIRE_CASCADE_REFILL|4|5|S7,S9,S6,S5,S2|1
FIRE_CASCADE_REFILL|4|5|S7,S9,S7,S2,S4|1
FIRE_CASCADE_REFILL|4|5|S7,S9,S7,S3,S7|1
FIRE_CASCADE_REFILL|4|5|S7,S9,S8,S7,S9|1
FIRE_CASCADE_REFILL|4|5|S8,S2,S2,S8,S3|1
FIRE_CASCADE_REFILL|4|5|S8,S2,S3,S4,S3|1
FIRE_CASCADE_REFILL|4|5|S8,S2,S6,S9,S7|3
FIRE_CASCADE_REFILL|4|5|S8,S3,S7,S5,S6|1
FIRE_CASCADE_REFILL|4|5|S8,S3,S8,S1,S2|1
FIRE_CASCADE_REFILL|4|5|S8,S3,S9,S7,S5|1
FIRE_CASCADE_REFILL|4|5|S8,S4,S6,S3,S2|1
FIRE_CASCADE_REFILL|4|5|S8,S4,S9,S8,S2|1
FIRE_CASCADE_REFILL|4|5|S8,S5,S7,S8,S7|1
FIRE_CASCADE_REFILL|4|5|S8,S5,S7,S9,S7|2
FIRE_CASCADE_REFILL|4|5|S8,S6,S4,S3,S7|1
FIRE_CASCADE_REFILL|4|5|S8,S7,S3,S6,S2|1
FIRE_CASCADE_REFILL|4|5|S8,S8,S2,S6,S7|1
FIRE_CASCADE_REFILL|4|5|S8,S8,S3,S3,S4|1
FIRE_CASCADE_REFILL|4|5|S8,S8,S3,S5,S2|1
FIRE_CASCADE_REFILL|4|5|S8,S8,S8,S8,S7|1
FIRE_CASCADE_REFILL|4|5|S8,S9,S7,S2,S7|1
FIRE_CASCADE_REFILL|4|5|S8,S9,S9,S4,S6|1
FIRE_CASCADE_REFILL|4|5|S9,S3,S3,S8,S7|1
FIRE_CASCADE_REFILL|4|5|S9,S3,S3,S9,S2|1
FIRE_CASCADE_REFILL|4|5|S9,S3,S6,S2,S7|1
FIRE_CASCADE_REFILL|4|5|S9,S3,S7,S5,S6|1
FIRE_CASCADE_REFILL|4|5|S9,S3,S9,S3,S9|1
FIRE_CASCADE_REFILL|4|5|S9,S4,S1,S4,S6|1
FIRE_CASCADE_REFILL|4|5|S9,S4,S2,S7,S3|1
FIRE_CASCADE_REFILL|4|5|S9,S4,S3,S9,S4|1
FIRE_CASCADE_REFILL|4|5|S9,S4,S5,S8,S8|1
FIRE_CASCADE_REFILL|4|5|S9,S4,S6,S9,S3|1
FIRE_CASCADE_REFILL|4|5|S9,S4,S8,S9,S5|2
FIRE_CASCADE_REFILL|4|5|S9,S5,S5,S3,S4|1
FIRE_CASCADE_REFILL|4|5|S9,S5,S8,S2,S5|1
FIRE_CASCADE_REFILL|4|5|S9,S6,S7,S2,S8|1
FIRE_CASCADE_REFILL|4|5|S9,S6,S9,S9,S9|1
FIRE_CASCADE_REFILL|4|5|S9,S8,S3,S3,S2|1
FIRE_CASCADE_REFILL|4|5|S9,S8,S4,S3,S1|1
FIRE_CASCADE_REFILL|4|5|S9,S8,S6,S1,S5|1
FIRE_CASCADE_REFILL|4|5|S9,S9,S2,S4,S3|2
FIRE_CASCADE_REFILL|4|5|S9,S9,S5,S5,S4|1
GIANT_REFILL|0|1|S1|6
GIANT_REFILL|0|1|S2|96
GIANT_REFILL|0|1|S3|118
GIANT_REFILL|0|1|S4|103
GIANT_REFILL|0|1|S5|100
GIANT_REFILL|0|2|S1,S2|1
GIANT_REFILL|0|2|S2,S1|1
GIANT_REFILL|0|2|S2,S2|32
GIANT_REFILL|0|2|S2,S3|16
GIANT_REFILL|0|2|S2,S4|21
GIANT_REFILL|0|2|S2,S5|12
GIANT_REFILL|0|2|S3,S1|1
GIANT_REFILL|0|2|S3,S2|14
GIANT_REFILL|0|2|S3,S3|28
GIANT_REFILL|0|2|S3,S4|17
GIANT_REFILL|0|2|S3,S5|17
GIANT_REFILL|0|2|S4,S2|22
GIANT_REFILL|0|2|S4,S3|24
GIANT_REFILL|0|2|S4,S4|37
GIANT_REFILL|0|2|S4,S5|14
GIANT_REFILL|0|2|S5,S1|1
GIANT_REFILL|0|2|S5,S2|18
GIANT_REFILL|0|2|S5,S3|22
GIANT_REFILL|0|2|S5,S4|13
GIANT_REFILL|0|2|S5,S5|26
GIANT_REFILL|0|3|S1,S2,S3|1
GIANT_REFILL|0|3|S1,S3,S3|2
GIANT_REFILL|0|3|S1,S4,S5|2
GIANT_REFILL|0|3|S2,S2,S1|1
GIANT_REFILL|0|3|S2,S2,S2|13
GIANT_REFILL|0|3|S2,S2,S3|2
GIANT_REFILL|0|3|S2,S2,S4|6
GIANT_REFILL|0|3|S2,S2,S5|4
GIANT_REFILL|0|3|S2,S3,S2|8
GIANT_REFILL|0|3|S2,S3,S3|2
GIANT_REFILL|0|3|S2,S3,S4|5
GIANT_REFILL|0|3|S2,S4,S2|2
GIANT_REFILL|0|3|S2,S4,S3|1
GIANT_REFILL|0|3|S2,S4,S4|7
GIANT_REFILL|0|3|S2,S4,S5|2
GIANT_REFILL|0|3|S2,S5,S2|9
GIANT_REFILL|0|3|S2,S5,S3|4
GIANT_REFILL|0|3|S2,S5,S4|3
GIANT_REFILL|0|3|S2,S5,S5|5
GIANT_REFILL|0|3|S3,S2,S2|5
GIANT_REFILL|0|3|S3,S2,S3|4
GIANT_REFILL|0|3|S3,S2,S4|1
GIANT_REFILL|0|3|S3,S2,S5|1
GIANT_REFILL|0|3|S3,S3,S2|2
GIANT_REFILL|0|3|S3,S3,S3|11
GIANT_REFILL|0|3|S3,S3,S4|3
GIANT_REFILL|0|3|S3,S3,S5|1
GIANT_REFILL|0|3|S3,S4,S4|2
GIANT_REFILL|0|3|S3,S5,S2|4
GIANT_REFILL|0|3|S3,S5,S3|3
GIANT_REFILL|0|3|S3,S5,S4|2
GIANT_REFILL|0|3|S3,S5,S5|4
GIANT_REFILL|0|3|S4,S2,S2|4
GIANT_REFILL|0|3|S4,S2,S4|2
GIANT_REFILL|0|3|S4,S2,S5|4
GIANT_REFILL|0|3|S4,S3,S2|2
GIANT_REFILL|0|3|S4,S3,S3|7
GIANT_REFILL|0|3|S4,S3,S4|5
GIANT_REFILL|0|3|S4,S3,S5|2
GIANT_REFILL|0|3|S4,S4,S1|2
GIANT_REFILL|0|3|S4,S4,S2|1
GIANT_REFILL|0|3|S4,S4,S3|4
GIANT_REFILL|0|3|S4,S4,S4|7
GIANT_REFILL|0|3|S4,S4,S5|5
GIANT_REFILL|0|3|S4,S5,S1|1
GIANT_REFILL|0|3|S4,S5,S2|2
GIANT_REFILL|0|3|S4,S5,S4|3
GIANT_REFILL|0|3|S4,S5,S5|4
GIANT_REFILL|0|3|S5,S2,S2|4
GIANT_REFILL|0|3|S5,S2,S3|3
GIANT_REFILL|0|3|S5,S2,S4|2
GIANT_REFILL|0|3|S5,S2,S5|3
GIANT_REFILL|0|3|S5,S3,S2|4
GIANT_REFILL|0|3|S5,S3,S3|4
GIANT_REFILL|0|3|S5,S3,S4|4
GIANT_REFILL|0|3|S5,S3,S5|6
GIANT_REFILL|0|3|S5,S4,S2|1
GIANT_REFILL|0|3|S5,S4,S3|4
GIANT_REFILL|0|3|S5,S4,S4|2
GIANT_REFILL|0|3|S5,S5,S1|1
GIANT_REFILL|0|3|S5,S5,S2|10
GIANT_REFILL|0|3|S5,S5,S3|1
GIANT_REFILL|0|3|S5,S5,S4|5
GIANT_REFILL|0|3|S5,S5,S5|11
GIANT_REFILL|0|4|S1,S2,S3,S2|1
GIANT_REFILL|0|4|S1,S3,S2,S2|1
GIANT_REFILL|0|4|S1,S4,S5,S5|1
GIANT_REFILL|0|4|S2,S2,S2,S2|2
GIANT_REFILL|0|4|S2,S2,S2,S5|3
GIANT_REFILL|0|4|S2,S2,S3,S5|1
GIANT_REFILL|0|4|S2,S2,S4,S2|3
GIANT_REFILL|0|4|S2,S2,S4,S4|1
GIANT_REFILL|0|4|S2,S2,S4,S5|1
GIANT_REFILL|0|4|S2,S2,S5,S4|1
GIANT_REFILL|0|4|S2,S2,S5,S5|1
GIANT_REFILL|0|4|S2,S3,S2,S3|1
GIANT_REFILL|0|4|S2,S3,S3,S3|4
GIANT_REFILL|0|4|S2,S3,S4,S4|1
GIANT_REFILL|0|4|S2,S3,S5,S3|1
GIANT_REFILL|0|4|S2,S4,S2,S2|1
GIANT_REFILL|0|4|S2,S4,S2,S5|1
GIANT_REFILL|0|4|S2,S4,S3,S3|1
GIANT_REFILL|0|4|S2,S4,S4,S4|1
GIANT_REFILL|0|4|S2,S4,S5,S1|1
GIANT_REFILL|0|4|S2,S4,S5,S3|1
GIANT_REFILL|0|4|S2,S5,S2,S1|1
GIANT_REFILL|0|4|S2,S5,S2,S2|1
GIANT_REFILL|0|4|S2,S5,S3,S2|1
GIANT_REFILL|0|4|S2,S5,S4,S3|1
GIANT_REFILL|0|4|S2,S5,S5,S4|1
GIANT_REFILL|0|4|S3,S2,S2,S2|1
GIANT_REFILL|0|4|S3,S2,S2,S4|1
GIANT_REFILL|0|4|S3,S2,S3,S5|1
GIANT_REFILL|0|4|S3,S2,S5,S5|1
GIANT_REFILL|0|4|S3,S3,S1,S2|1
GIANT_REFILL|0|4|S3,S3,S2,S3|2
GIANT_REFILL|0|4|S3,S3,S3,S2|3
GIANT_REFILL|0|4|S3,S3,S3,S3|6
GIANT_REFILL|0|4|S3,S3,S4,S3|2
GIANT_REFILL|0|4|S3,S3,S5,S2|1
GIANT_REFILL|0|4|S3,S3,S5,S3|1
GIANT_REFILL|0|4|S3,S3,S5,S4|1
GIANT_REFILL|0|4|S3,S3,S5,S5|1
GIANT_REFILL|0|4|S3,S4,S4,S3|1
GIANT_REFILL|0|4|S3,S4,S4,S4|1
GIANT_REFILL|0|4|S3,S4,S5,S3|2
GIANT_REFILL|0|4|S3,S5,S2,S2|1
GIANT_REFILL|0|4|S3,S5,S2,S4|1
GIANT_REFILL|0|4|S3,S5,S2,S5|1
GIANT_REFILL|0|4|S3,S5,S3,S3|2
GIANT_REFILL|0|4|S3,S5,S3,S5|1
GIANT_REFILL|0|4|S4,S2,S2,S2|2
GIANT_REFILL|0|4|S4,S2,S2,S5|1
GIANT_REFILL|0|4|S4,S2,S3,S2|1
GIANT_REFILL|0|4|S4,S2,S3,S4|1
GIANT_REFILL|0|4|S4,S2,S4,S5|1
GIANT_REFILL|0|4|S4,S2,S5,S4|1
GIANT_REFILL|0|4|S4,S3,S1,S2|1
GIANT_REFILL|0|4|S4,S3,S2,S4|1
GIANT_REFILL|0|4|S4,S3,S3,S3|1
GIANT_REFILL|0|4|S4,S3,S4,S4|1
GIANT_REFILL|0|4|S4,S3,S5,S3|1
GIANT_REFILL|0|4|S4,S4,S3,S4|2
GIANT_REFILL|0|4|S4,S4,S4,S2|3
GIANT_REFILL|0|4|S4,S4,S4,S3|1
GIANT_REFILL|0|4|S4,S4,S4,S4|1
GIANT_REFILL|0|4|S4,S4,S5,S2|1
GIANT_REFILL|0|4|S4,S4,S5,S4|1
GIANT_REFILL|0|4|S4,S5,S3,S5|1
GIANT_REFILL|0|4|S4,S5,S4,S5|1
GIANT_REFILL|0|4|S5,S2,S2,S4|1
GIANT_REFILL|0|4|S5,S2,S2,S5|1
GIANT_REFILL|0|4|S5,S2,S3,S2|2
GIANT_REFILL|0|4|S5,S2,S3,S3|1
GIANT_REFILL|0|4|S5,S2,S4,S2|1
GIANT_REFILL|0|4|S5,S3,S2,S2|2
GIANT_REFILL|0|4|S5,S3,S3,S2|1
GIANT_REFILL|0|4|S5,S3,S3,S3|2
GIANT_REFILL|0|4|S5,S3,S5,S2|1
GIANT_REFILL|0|4|S5,S3,S5,S3|1
GIANT_REFILL|0|4|S5,S3,S5,S5|1
GIANT_REFILL|0|4|S5,S4,S2,S3|1
GIANT_REFILL|0|4|S5,S4,S2,S5|1
GIANT_REFILL|0|4|S5,S4,S3,S4|1
GIANT_REFILL|0|4|S5,S4,S4,S5|1
GIANT_REFILL|0|4|S5,S4,S5,S5|1
GIANT_REFILL|0|4|S5,S5,S3,S3|2
GIANT_REFILL|0|4|S5,S5,S3,S5|1
GIANT_REFILL|0|4|S5,S5,S4,S2|4
GIANT_REFILL|0|4|S5,S5,S4,S3|1
GIANT_REFILL|0|4|S5,S5,S5,S2|2
GIANT_REFILL|0|4|S5,S5,S5,S3|1
GIANT_REFILL|0|4|S5,S5,S5,S4|1
GIANT_REFILL|0|4|S5,S5,S5,S5|3
GIANT_REFILL|0|5|S2,S3,S2,S3,S3|1
GIANT_REFILL|0|5|S2,S3,S4,S5,S5|1
GIANT_REFILL|0|5|S2,S4,S2,S2,S2|1
GIANT_REFILL|0|5|S2,S4,S2,S5,S5|1
GIANT_REFILL|0|5|S2,S4,S3,S5,S4|2
GIANT_REFILL|0|5|S2,S5,S2,S2,S2|1
GIANT_REFILL|0|5|S2,S5,S5,S5,S5|1
GIANT_REFILL|0|5|S3,S2,S5,S2,S2|1
GIANT_REFILL|0|5|S3,S3,S2,S4,S3|1
GIANT_REFILL|0|5|S3,S3,S3,S3,S2|1
GIANT_REFILL|0|5|S3,S3,S3,S3,S5|1
GIANT_REFILL|0|5|S3,S3,S4,S5,S3|1
GIANT_REFILL|0|5|S3,S4,S5,S4,S5|1
GIANT_REFILL|0|5|S4,S1,S4,S4,S4|1
GIANT_REFILL|0|5|S4,S2,S2,S2,S4|1
GIANT_REFILL|0|5|S4,S2,S2,S4,S4|1
GIANT_REFILL|0|5|S4,S2,S4,S5,S5|1
GIANT_REFILL|0|5|S4,S4,S3,S4,S4|1
GIANT_REFILL|0|5|S4,S4,S4,S2,S4|1
GIANT_REFILL|0|5|S4,S4,S4,S3,S5|1
GIANT_REFILL|0|5|S4,S5,S4,S3,S5|1
GIANT_REFILL|0|5|S5,S2,S3,S5,S2|1
GIANT_REFILL|0|5|S5,S2,S4,S2,S4|1
GIANT_REFILL|0|5|S5,S2,S5,S4,S2|1
GIANT_REFILL|0|5|S5,S3,S3,S5,S3|2
GIANT_REFILL|0|5|S5,S3,S5,S3,S5|1
GIANT_REFILL|0|5|S5,S3,S5,S5,S2|1
GIANT_REFILL|0|5|S5,S5,S3,S3,S2|1
GIANT_REFILL|1|1|S1|5
GIANT_REFILL|1|1|S2|108
GIANT_REFILL|1|1|S3|117
GIANT_REFILL|1|1|S4|103
GIANT_REFILL|1|1|S5|113
GIANT_REFILL|1|2|S1,S2|1
GIANT_REFILL|1|2|S1,S3|2
GIANT_REFILL|1|2|S1,S4|3
GIANT_REFILL|1|2|S1,S5|2
GIANT_REFILL|1|2|S2,S1|3
GIANT_REFILL|1|2|S2,S2|45
GIANT_REFILL|1|2|S2,S3|16
GIANT_REFILL|1|2|S2,S4|17
GIANT_REFILL|1|2|S2,S5|23
GIANT_REFILL|1|2|S3,S1|1
GIANT_REFILL|1|2|S3,S2|20
GIANT_REFILL|1|2|S3,S3|48
GIANT_REFILL|1|2|S3,S4|35
GIANT_REFILL|1|2|S3,S5|21
GIANT_REFILL|1|2|S4,S2|24
GIANT_REFILL|1|2|S4,S3|23
GIANT_REFILL|1|2|S4,S4|38
GIANT_REFILL|1|2|S4,S5|25
GIANT_REFILL|1|2|S5,S1|3
GIANT_REFILL|1|2|S5,S2|28
GIANT_REFILL|1|2|S5,S3|21
GIANT_REFILL|1|2|S5,S4|20
GIANT_REFILL|1|2|S5,S5|51
GIANT_REFILL|1|3|S1,S2,S2|1
GIANT_REFILL|1|3|S1,S2,S3|1
GIANT_REFILL|1|3|S1,S3,S3|3
GIANT_REFILL|1|3|S1,S3,S5|2
GIANT_REFILL|1|3|S1,S5,S4|1
GIANT_REFILL|1|3|S2,S1,S2|1
GIANT_REFILL|1|3|S2,S1,S4|1
GIANT_REFILL|1|3|S2,S2,S2|18
GIANT_REFILL|1|3|S2,S2,S3|9
GIANT_REFILL|1|3|S2,S2,S4|6
GIANT_REFILL|1|3|S2,S2,S5|3
GIANT_REFILL|1|3|S2,S3,S2|6
GIANT_REFILL|1|3|S2,S3,S3|5
GIANT_REFILL|1|3|S2,S3,S4|6
GIANT_REFILL|1|3|S2,S3,S5|6
GIANT_REFILL|1|3|S2,S4,S1|1
GIANT_REFILL|1|3|S2,S4,S2|5
GIANT_REFILL|1|3|S2,S4,S3|6
GIANT_REFILL|1|3|S2,S4,S4|4
GIANT_REFILL|1|3|S2,S4,S5|1
GIANT_REFILL|1|3|S2,S5,S1|1
GIANT_REFILL|1|3|S2,S5,S2|5
GIANT_REFILL|1|3|S2,S5,S3|7
GIANT_REFILL|1|3|S2,S5,S4|1
GIANT_REFILL|1|3|S2,S5,S5|13
GIANT_REFILL|1|3|S3,S1,S4|1
GIANT_REFILL|1|3|S3,S2,S2|14
GIANT_REFILL|1|3|S3,S2,S3|8
GIANT_REFILL|1|3|S3,S2,S4|3
GIANT_REFILL|1|3|S3,S2,S5|4
GIANT_REFILL|1|3|S3,S3,S1|2
GIANT_REFILL|1|3|S3,S3,S2|5
GIANT_REFILL|1|3|S3,S3,S3|16
GIANT_REFILL|1|3|S3,S3,S4|6
GIANT_REFILL|1|3|S3,S3,S5|8
GIANT_REFILL|1|3|S3,S4,S1|1
GIANT_REFILL|1|3|S3,S4,S2|4
GIANT_REFILL|1|3|S3,S4,S3|12
GIANT_REFILL|1|3|S3,S4,S4|5
GIANT_REFILL|1|3|S3,S4,S5|6
GIANT_REFILL|1|3|S3,S5,S2|2
GIANT_REFILL|1|3|S3,S5,S3|5
GIANT_REFILL|1|3|S3,S5,S4|3
GIANT_REFILL|1|3|S3,S5,S5|4
GIANT_REFILL|1|3|S4,S2,S2|8
GIANT_REFILL|1|3|S4,S2,S3|3
GIANT_REFILL|1|3|S4,S2,S4|4
GIANT_REFILL|1|3|S4,S2,S5|4
GIANT_REFILL|1|3|S4,S3,S2|2
GIANT_REFILL|1|3|S4,S3,S3|4
GIANT_REFILL|1|3|S4,S3,S4|10
GIANT_REFILL|1|3|S4,S3,S5|4
GIANT_REFILL|1|3|S4,S4,S2|7
GIANT_REFILL|1|3|S4,S4,S3|7
GIANT_REFILL|1|3|S4,S4,S4|11
GIANT_REFILL|1|3|S4,S4,S5|3
GIANT_REFILL|1|3|S4,S5,S2|6
GIANT_REFILL|1|3|S4,S5,S3|2
GIANT_REFILL|1|3|S4,S5,S4|5
GIANT_REFILL|1|3|S4,S5,S5|6
GIANT_REFILL|1|3|S5,S1,S2|1
GIANT_REFILL|1|3|S5,S2,S2|8
GIANT_REFILL|1|3|S5,S2,S3|2
GIANT_REFILL|1|3|S5,S2,S4|3
GIANT_REFILL|1|3|S5,S2,S5|5
GIANT_REFILL|1|3|S5,S3,S2|4
GIANT_REFILL|1|3|S5,S3,S3|1
GIANT_REFILL|1|3|S5,S3,S4|4
GIANT_REFILL|1|3|S5,S3,S5|7
GIANT_REFILL|1|3|S5,S4,S2|4
GIANT_REFILL|1|3|S5,S4,S3|2
GIANT_REFILL|1|3|S5,S4,S4|4
GIANT_REFILL|1|3|S5,S4,S5|2
GIANT_REFILL|1|3|S5,S5,S1|1
GIANT_REFILL|1|3|S5,S5,S2|8
GIANT_REFILL|1|3|S5,S5,S3|5
GIANT_REFILL|1|3|S5,S5,S4|6
GIANT_REFILL|1|3|S5,S5,S5|12
GIANT_REFILL|1|4|S1,S2,S2,S2|1
GIANT_REFILL|1|4|S1,S2,S2,S5|1
GIANT_REFILL|1|4|S1,S4,S4,S2|1
GIANT_REFILL|1|4|S1,S4,S5,S3|1
GIANT_REFILL|1|4|S1,S5,S3,S4|1
GIANT_REFILL|1|4|S2,S2,S2,S2|11
GIANT_REFILL|1|4|S2,S2,S2,S3|1
GIANT_REFILL|1|4|S2,S2,S2,S4|1
GIANT_REFILL|1|4|S2,S2,S3,S2|3
GIANT_REFILL|1|4|S2,S2,S4,S2|2
GIANT_REFILL|1|4|S2,S2,S4,S4|1
GIANT_REFILL|1|4|S2,S2,S5,S5|2
GIANT_REFILL|1|4|S2,S3,S2,S2|2
GIANT_REFILL|1|4|S2,S3,S2,S5|1
GIANT_REFILL|1|4|S2,S3,S3,S2|2
GIANT_REFILL|1|4|S2,S3,S3,S4|1
GIANT_REFILL|1|4|S2,S3,S4,S1|1
GIANT_REFILL|1|4|S2,S3,S4,S2|2
GIANT_REFILL|1|4|S2,S3,S4,S4|1
GIANT_REFILL|1|4|S2,S3,S5,S5|1
GIANT_REFILL|1|4|S2,S4,S2,S2|1
GIANT_REFILL|1|4|S2,S4,S2,S4|1
GIANT_REFILL|1|4|S2,S4,S3,S3|1
GIANT_REFILL|1|4|S2,S4,S4,S2|1
GIANT_REFILL|1|4|S2,S4,S4,S4|2
GIANT_REFILL|1|4|S2,S4,S5,S3|1
GIANT_REFILL|1|4|S2,S5,S2,S2|2
GIANT_REFILL|1|4|S2,S5,S2,S3|1
GIANT_REFILL|1|4|S2,S5,S3,S3|1
GIANT_REFILL|1|4|S2,S5,S3,S4|1
GIANT_REFILL|1|4|S2,S5,S3,S5|1
GIANT_REFILL|1|4|S2,S5,S5,S2|1
GIANT_REFILL|1|4|S2,S5,S5,S3|1
GIANT_REFILL|1|4|S2,S5,S5,S5|1
GIANT_REFILL|1|4|S3,S1,S5,S4|1
GIANT_REFILL|1|4|S3,S2,S2,S2|1
GIANT_REFILL|1|4|S3,S2,S2,S3|2
GIANT_REFILL|1|4|S3,S2,S2,S4|1
GIANT_REFILL|1|4|S3,S2,S2,S5|2
GIANT_REFILL|1|4|S3,S2,S3,S3|2
GIANT_REFILL|1|4|S3,S2,S3,S5|1
GIANT_REFILL|1|4|S3,S2,S4,S3|1
GIANT_REFILL|1|4|S3,S2,S5,S3|1
GIANT_REFILL|1|4|S3,S2,S5,S4|1
GIANT_REFILL|1|4|S3,S2,S5,S5|2
GIANT_REFILL|1|4|S3,S3,S2,S3|2
GIANT_REFILL|1|4|S3,S3,S3,S2|1
GIANT_REFILL|1|4|S3,S3,S3,S3|1
GIANT_REFILL|1|4|S3,S3,S4,S2|1
GIANT_REFILL|1|4|S3,S3,S4,S3|1
GIANT_REFILL|1|4|S3,S3,S4,S5|1
GIANT_REFILL|1|4|S3,S3,S5,S2|1
GIANT_REFILL|1|4|S3,S4,S3,S3|1
GIANT_REFILL|1|4|S3,S4,S3,S4|1
GIANT_REFILL|1|4|S3,S4,S3,S5|1
GIANT_REFILL|1|4|S3,S4,S4,S4|1
GIANT_REFILL|1|4|S3,S4,S4,S5|1
GIANT_REFILL|1|4|S3,S4,S5,S3|1
GIANT_REFILL|1|4|S3,S4,S5,S4|1
GIANT_REFILL|1|4|S3,S5,S3,S4|1
GIANT_REFILL|1|4|S3,S5,S4,S3|1
GIANT_REFILL|1|4|S3,S5,S4,S4|2
GIANT_REFILL|1|4|S3,S5,S5,S3|1
GIANT_REFILL|1|4|S3,S5,S5,S5|1
GIANT_REFILL|1|4|S4,S1,S4,S1|1
GIANT_REFILL|1|4|S4,S2,S2,S2|2
GIANT_REFILL|1|4|S4,S2,S2,S5|1
GIANT_REFILL|1|4|S4,S2,S3,S2|1
GIANT_REFILL|1|4|S4,S2,S3,S3|1
GIANT_REFILL|1|4|S4,S2,S4,S2|2
GIANT_REFILL|1|4|S4,S2,S4,S4|2
GIANT_REFILL|1|4|S4,S2,S5,S5|1
GIANT_REFILL|1|4|S4,S3,S2,S2|1
GIANT_REFILL|1|4|S4,S3,S2,S5|1
GIANT_REFILL|1|4|S4,S3,S4,S3|1
GIANT_REFILL|1|4|S4,S3,S4,S4|1
GIANT_REFILL|1|4|S4,S3,S4,S5|1
GIANT_REFILL|1|4|S4,S3,S5,S4|1
GIANT_REFILL|1|4|S4,S3,S5,S5|1
GIANT_REFILL|1|4|S4,S4,S2,S2|3
GIANT_REFILL|1|4|S4,S4,S2,S3|1
GIANT_REFILL|1|4|S4,S4,S2,S5|1
GIANT_REFILL|1|4|S4,S4,S3,S5|1
GIANT_REFILL|1|4|S4,S4,S4,S1|1
GIANT_REFILL|1|4|S4,S4,S4,S2|1
GIANT_REFILL|1|4|S4,S4,S4,S4|1
GIANT_REFILL|1|4|S4,S4,S4,S5|1
GIANT_REFILL|1|4|S4,S4,S5,S2|1
GIANT_REFILL|1|4|S4,S4,S5,S4|1
GIANT_REFILL|1|4|S4,S5,S2,S4|1
GIANT_REFILL|1|4|S4,S5,S3,S3|2
GIANT_REFILL|1|4|S4,S5,S3,S4|2
GIANT_REFILL|1|4|S4,S5,S4,S2|1
GIANT_REFILL|1|4|S4,S5,S4,S5|2
GIANT_REFILL|1|4|S4,S5,S5,S2|1
GIANT_REFILL|1|4|S4,S5,S5,S4|4
GIANT_REFILL|1|4|S4,S5,S5,S5|3
GIANT_REFILL|1|4|S5,S2,S2,S2|2
GIANT_REFILL|1|4|S5,S2,S2,S5|1
GIANT_REFILL|1|4|S5,S2,S3,S2|1
GIANT_REFILL|1|4|S5,S2,S3,S4|1
GIANT_REFILL|1|4|S5,S2,S4,S2|1
GIANT_REFILL|1|4|S5,S2,S4,S4|2
GIANT_REFILL|1|4|S5,S2,S5,S2|1
GIANT_REFILL|1|4|S5,S2,S5,S3|1
GIANT_REFILL|1|4|S5,S2,S5,S5|2
GIANT_REFILL|1|4|S5,S3,S2,S4|1
GIANT_REFILL|1|4|S5,S3,S2,S5|1
GIANT_REFILL|1|4|S5,S3,S3,S3|1
GIANT_REFILL|1|4|S5,S3,S4,S3|1
GIANT_REFILL|1|4|S5,S3,S4,S4|2
GIANT_REFILL|1|4|S5,S3,S4,S5|1
GIANT_REFILL|1|4|S5,S3,S5,S2|1
GIANT_REFILL|1|4|S5,S3,S5,S3|2
GIANT_REFILL|1|4|S5,S3,S5,S5|1
GIANT_REFILL|1|4|S5,S4,S2,S5|1
GIANT_REFILL|1|4|S5,S4,S3,S3|4
GIANT_REFILL|1|4|S5,S4,S4,S4|1
GIANT_REFILL|1|4|S5,S4,S5,S4|1
GIANT_REFILL|1|4|S5,S4,S5,S5|2
GIANT_REFILL|1|4|S5,S5,S1,S5|1
GIANT_REFILL|1|4|S5,S5,S2,S5|2
GIANT_REFILL|1|4|S5,S5,S3,S5|2
GIANT_REFILL|1|4|S5,S5,S4,S4|1
GIANT_REFILL|1|4|S5,S5,S4,S5|1
GIANT_REFILL|1|4|S5,S5,S5,S3|2
GIANT_REFILL|1|4|S5,S5,S5,S4|3
GIANT_REFILL|1|4|S5,S5,S5,S5|4
GIANT_REFILL|1|5|S1,S3,S3,S5,S3|1
GIANT_REFILL|1|5|S2,S2,S2,S4,S2|1
GIANT_REFILL|1|5|S2,S2,S2,S4,S4|1
GIANT_REFILL|1|5|S2,S2,S2,S5,S2|1
GIANT_REFILL|1|5|S2,S2,S3,S3,S4|1
GIANT_REFILL|1|5|S2,S2,S4,S2,S3|1
GIANT_REFILL|1|5|S2,S2,S4,S3,S4|1
GIANT_REFILL|1|5|S2,S2,S5,S3,S3|1
GIANT_REFILL|1|5|S2,S3,S2,S3,S3|1
GIANT_REFILL|1|5|S2,S3,S2,S3,S4|2
GIANT_REFILL|1|5|S2,S3,S2,S5,S3|2
GIANT_REFILL|1|5|S2,S4,S3,S3,S3|1
GIANT_REFILL|1|5|S2,S4,S4,S2,S3|3
GIANT_REFILL|1|5|S2,S4,S4,S4,S5|1
GIANT_REFILL|1|5|S2,S4,S5,S5,S5|1
GIANT_REFILL|1|5|S2,S5,S1,S2,S2|1
GIANT_REFILL|1|5|S2,S5,S2,S2,S2|1
GIANT_REFILL|1|5|S2,S5,S2,S2,S3|1
GIANT_REFILL|1|5|S2,S5,S4,S3,S5|2
GIANT_REFILL|1|5|S2,S5,S5,S5,S5|1
GIANT_REFILL|1|5|S3,S2,S2,S3,S4|1
GIANT_REFILL|1|5|S3,S3,S2,S2,S4|1
GIANT_REFILL|1|5|S3,S3,S2,S3,S3|1
GIANT_REFILL|1|5|S3,S3,S3,S3,S3|4
GIANT_REFILL|1|5|S3,S3,S3,S3,S4|1
GIANT_REFILL|1|5|S3,S3,S3,S4,S3|1
GIANT_REFILL|1|5|S3,S3,S5,S2,S3|1
GIANT_REFILL|1|5|S3,S3,S5,S5,S4|1
GIANT_REFILL|1|5|S3,S4,S2,S5,S5|3
GIANT_REFILL|1|5|S3,S4,S4,S4,S4|1
GIANT_REFILL|1|5|S3,S5,S2,S4,S2|1
GIANT_REFILL|1|5|S3,S5,S3,S4,S3|1
GIANT_REFILL|1|5|S3,S5,S4,S3,S1|1
GIANT_REFILL|1|5|S3,S5,S5,S5,S2|1
GIANT_REFILL|1|5|S4,S2,S2,S2,S2|1
GIANT_REFILL|1|5|S4,S3,S2,S4,S5|1
GIANT_REFILL|1|5|S4,S3,S3,S3,S3|1
GIANT_REFILL|1|5|S4,S4,S1,S4,S5|1
GIANT_REFILL|1|5|S4,S4,S3,S4,S5|1
GIANT_REFILL|1|5|S4,S4,S4,S4,S2|1
GIANT_REFILL|1|5|S4,S4,S4,S4,S3|1
GIANT_REFILL|1|5|S4,S4,S4,S4,S4|1
GIANT_REFILL|1|5|S4,S4,S4,S5,S4|1
GIANT_REFILL|1|5|S4,S4,S5,S2,S3|1
GIANT_REFILL|1|5|S4,S4,S5,S4,S4|2
GIANT_REFILL|1|5|S4,S5,S2,S5,S2|1
GIANT_REFILL|1|5|S4,S5,S5,S4,S2|1
GIANT_REFILL|1|5|S4,S5,S5,S5,S4|1
GIANT_REFILL|1|5|S5,S2,S2,S2,S2|1
GIANT_REFILL|1|5|S5,S2,S2,S5,S3|1
GIANT_REFILL|1|5|S5,S2,S4,S2,S3|1
GIANT_REFILL|1|5|S5,S3,S3,S1,S4|1
GIANT_REFILL|1|5|S5,S3,S5,S3,S4|1
GIANT_REFILL|1|5|S5,S3,S5,S5,S3|1
GIANT_REFILL|1|5|S5,S4,S5,S5,S2|1
GIANT_REFILL|1|5|S5,S5,S4,S5,S4|1
GIANT_REFILL|1|5|S5,S5,S5,S2,S3|1
GIANT_REFILL|1|5|S5,S5,S5,S2,S5|1
GIANT_REFILL|1|5|S5,S5,S5,S5,S5|2
GIANT_REFILL|2|1|S1|3
GIANT_REFILL|2|1|S2|116
GIANT_REFILL|2|1|S3|102
GIANT_REFILL|2|1|S4|101
GIANT_REFILL|2|1|S5|109
GIANT_REFILL|2|2|S1,S1|1
GIANT_REFILL|2|2|S1,S2|3
GIANT_REFILL|2|2|S1,S3|2
GIANT_REFILL|2|2|S1,S4|3
GIANT_REFILL|2|2|S1,S5|3
GIANT_REFILL|2|2|S2,S2|70
GIANT_REFILL|2|2|S2,S3|37
GIANT_REFILL|2|2|S2,S4|19
GIANT_REFILL|2|2|S2,S5|31
GIANT_REFILL|2|2|S3,S1|4
GIANT_REFILL|2|2|S3,S2|18
GIANT_REFILL|2|2|S3,S3|50
GIANT_REFILL|2|2|S3,S4|23
GIANT_REFILL|2|2|S3,S5|28
GIANT_REFILL|2|2|S4,S1|2
GIANT_REFILL|2|2|S4,S2|17
GIANT_REFILL|2|2|S4,S3|23
GIANT_REFILL|2|2|S4,S4|53
GIANT_REFILL|2|2|S4,S5|27
GIANT_REFILL|2|2|S5,S1|3
GIANT_REFILL|2|2|S5,S2|23
GIANT_REFILL|2|2|S5,S3|34
GIANT_REFILL|2|2|S5,S4|25
GIANT_REFILL|2|2|S5,S5|58
GIANT_REFILL|2|3|S1,S1,S3|1
GIANT_REFILL|2|3|S1,S2,S2|1
GIANT_REFILL|2|3|S1,S2,S4|2
GIANT_REFILL|2|3|S1,S3,S4|2
GIANT_REFILL|2|3|S1,S4,S1|1
GIANT_REFILL|2|3|S2,S1,S2|1
GIANT_REFILL|2|3|S2,S2,S2|17
GIANT_REFILL|2|3|S2,S2,S3|7
GIANT_REFILL|2|3|S2,S2,S4|7
GIANT_REFILL|2|3|S2,S2,S5|7
GIANT_REFILL|2|3|S2,S3,S1|1
GIANT_REFILL|2|3|S2,S3,S2|6
GIANT_REFILL|2|3|S2,S3,S3|11
GIANT_REFILL|2|3|S2,S3,S4|1
GIANT_REFILL|2|3|S2,S3,S5|4
GIANT_REFILL|2|3|S2,S4,S2|3
GIANT_REFILL|2|3|S2,S4,S3|9
GIANT_REFILL|2|3|S2,S4,S4|8
GIANT_REFILL|2|3|S2,S4,S5|3
GIANT_REFILL|2|3|S2,S5,S1|1
GIANT_REFILL|2|3|S2,S5,S2|3
GIANT_REFILL|2|3|S2,S5,S3|7
GIANT_REFILL|2|3|S2,S5,S4|4
GIANT_REFILL|2|3|S2,S5,S5|8
GIANT_REFILL|2|3|S3,S1,S3|2
GIANT_REFILL|2|3|S3,S2,S1|2
GIANT_REFILL|2|3|S3,S2,S2|8
GIANT_REFILL|2|3|S3,S2,S3|4
GIANT_REFILL|2|3|S3,S2,S4|4
GIANT_REFILL|2|3|S3,S2,S5|8
GIANT_REFILL|2|3|S3,S3,S2|1
GIANT_REFILL|2|3|S3,S3,S3|16
GIANT_REFILL|2|3|S3,S3,S4|7
GIANT_REFILL|2|3|S3,S3,S5|9
GIANT_REFILL|2|3|S3,S4,S1|1
GIANT_REFILL|2|3|S3,S4,S2|2
GIANT_REFILL|2|3|S3,S4,S3|5
GIANT_REFILL|2|3|S3,S4,S4|8
GIANT_REFILL|2|3|S3,S4,S5|5
GIANT_REFILL|2|3|S3,S5,S2|8
GIANT_REFILL|2|3|S3,S5,S3|9
GIANT_REFILL|2|3|S3,S5,S4|3
GIANT_REFILL|2|3|S3,S5,S5|7
GIANT_REFILL|2|3|S4,S1,S2|1
GIANT_REFILL|2|3|S4,S1,S4|2
GIANT_REFILL|2|3|S4,S1,S5|1
GIANT_REFILL|2|3|S4,S2,S2|11
GIANT_REFILL|2|3|S4,S2,S3|5
GIANT_REFILL|2|3|S4,S2,S4|5
GIANT_REFILL|2|3|S4,S2,S5|5
GIANT_REFILL|2|3|S4,S3,S3|8
GIANT_REFILL|2|3|S4,S3,S4|7
GIANT_REFILL|2|3|S4,S3,S5|1
GIANT_REFILL|2|3|S4,S4,S1|1
GIANT_REFILL|2|3|S4,S4,S2|9
GIANT_REFILL|2|3|S4,S4,S3|8
GIANT_REFILL|2|3|S4,S4,S4|21
GIANT_REFILL|2|3|S4,S4,S5|5
GIANT_REFILL|2|3|S4,S5,S2|2
GIANT_REFILL|2|3|S4,S5,S3|5
GIANT_REFILL|2|3|S4,S5,S4|10
GIANT_REFILL|2|3|S4,S5,S5|3
GIANT_REFILL|2|3|S5,S1,S2|1
GIANT_REFILL|2|3|S5,S2,S2|6
GIANT_REFILL|2|3|S5,S2,S3|4
GIANT_REFILL|2|3|S5,S2,S4|2
GIANT_REFILL|2|3|S5,S2,S5|9
GIANT_REFILL|2|3|S5,S3,S2|6
GIANT_REFILL|2|3|S5,S3,S3|6
GIANT_REFILL|2|3|S5,S3,S4|4
GIANT_REFILL|2|3|S5,S3,S5|5
GIANT_REFILL|2|3|S5,S4,S2|5
GIANT_REFILL|2|3|S5,S4,S3|5
GIANT_REFILL|2|3|S5,S4,S4|3
GIANT_REFILL|2|3|S5,S4,S5|7
GIANT_REFILL|2|3|S5,S5,S2|3
GIANT_REFILL|2|3|S5,S5,S3|6
GIANT_REFILL|2|3|S5,S5,S4|5
GIANT_REFILL|2|3|S5,S5,S5|19
GIANT_REFILL|2|4|S2,S1,S2,S3|1
GIANT_REFILL|2|4|S2,S1,S4,S3|1
GIANT_REFILL|2|4|S2,S2,S2,S2|1
GIANT_REFILL|2|4|S2,S2,S2,S3|1
GIANT_REFILL|2|4|S2,S2,S3,S4|1
GIANT_REFILL|2|4|S2,S2,S3,S5|1
GIANT_REFILL|2|4|S2,S2,S4,S2|1
GIANT_REFILL|2|4|S2,S2,S4,S3|1
GIANT_REFILL|2|4|S2,S2,S4,S4|1
GIANT_REFILL|2|4|S2,S2,S5,S1|1
GIANT_REFILL|2|4|S2,S2,S5,S5|1
GIANT_REFILL|2|4|S2,S3,S2,S2|2
GIANT_REFILL|2|4|S2,S3,S2,S3|5
GIANT_REFILL|2|4|S2,S3,S2,S5|1
GIANT_REFILL|2|4|S2,S3,S3,S3|1
GIANT_REFILL|2|4|S2,S3,S3,S4|1
GIANT_REFILL|2|4|S2,S3,S3,S5|2
GIANT_REFILL|2|4|S2,S3,S5,S3|2
GIANT_REFILL|2|4|S2,S3,S5,S4|1
GIANT_REFILL|2|4|S2,S4,S2,S5|1
GIANT_REFILL|2|4|S2,S4,S3,S3|1
GIANT_REFILL|2|4|S2,S4,S3,S5|1
GIANT_REFILL|2|4|S2,S4,S4,S4|2
GIANT_REFILL|2|4|S2,S4,S5,S5|1
GIANT_REFILL|2|4|S2,S5,S2,S2|4
GIANT_REFILL|2|4|S2,S5,S2,S5|1
GIANT_REFILL|2|4|S2,S5,S3,S4|1
GIANT_REFILL|2|4|S2,S5,S3,S5|2
GIANT_REFILL|2|4|S2,S5,S4,S2|3
GIANT_REFILL|2|4|S2,S5,S4,S5|1
GIANT_REFILL|2|4|S2,S5,S5,S2|1
GIANT_REFILL|2|4|S2,S5,S5,S5|4
GIANT_REFILL|2|4|S3,S1,S2,S3|1
GIANT_REFILL|2|4|S3,S1,S3,S3|1
GIANT_REFILL|2|4|S3,S2,S2,S2|1
GIANT_REFILL|2|4|S3,S2,S2,S3|2
GIANT_REFILL|2|4|S3,S2,S3,S3|2
GIANT_REFILL|2|4|S3,S2,S3,S5|1
GIANT_REFILL|2|4|S3,S2,S4,S3|1
GIANT_REFILL|2|4|S3,S2,S5,S2|1
GIANT_REFILL|2|4|S3,S2,S5,S3|1
GIANT_REFILL|2|4|S3,S3,S2,S2|1
GIANT_REFILL|2|4|S3,S3,S2,S3|2
GIANT_REFILL|2|4|S3,S3,S2,S4|2
GIANT_REFILL|2|4|S3,S3,S3,S1|2
GIANT_REFILL|2|4|S3,S3,S3,S2|2
GIANT_REFILL|2|4|S3,S3,S3,S3|4
GIANT_REFILL|2|4|S3,S3,S3,S4|2
GIANT_REFILL|2|4|S3,S3,S3,S5|3
GIANT_REFILL|2|4|S3,S3,S4,S3|3
GIANT_REFILL|2|4|S3,S3,S4,S5|1
GIANT_REFILL|2|4|S3,S3,S5,S2|1
GIANT_REFILL|2|4|S3,S3,S5,S3|2
GIANT_REFILL|2|4|S3,S3,S5,S4|2
GIANT_REFILL|2|4|S3,S3,S5,S5|1
GIANT_REFILL|2|4|S3,S4,S2,S4|1
GIANT_REFILL|2|4|S3,S4,S3,S4|4
GIANT_REFILL|2|4|S3,S4,S3,S5|1
GIANT_REFILL|2|4|S3,S4,S4,S3|2
GIANT_REFILL|2|4|S3,S4,S4,S4|3
GIANT_REFILL|2|4|S3,S4,S4,S5|1
GIANT_REFILL|2|4|S3,S4,S5,S2|1
GIANT_REFILL|2|4|S3,S4,S5,S3|1
GIANT_REFILL|2|4|S3,S5,S3,S2|1
GIANT_REFILL|2|4|S3,S5,S3,S3|1
GIANT_REFILL|2|4|S3,S5,S4,S3|1
GIANT_REFILL|2|4|S3,S5,S4,S4|1
GIANT_REFILL|2|4|S3,S5,S4,S5|1
GIANT_REFILL|2|4|S3,S5,S5,S3|1
GIANT_REFILL|2|4|S3,S5,S5,S5|2
GIANT_REFILL|2|4|S4,S1,S5,S5|1
GIANT_REFILL|2|4|S4,S2,S2,S2|1
GIANT_REFILL|2|4|S4,S2,S2,S4|2
GIANT_REFILL|2|4|S4,S2,S3,S2|1
GIANT_REFILL|2|4|S4,S2,S4,S4|2
GIANT_REFILL|2|4|S4,S2,S4,S5|1
GIANT_REFILL|2|4|S4,S2,S5,S2|1
GIANT_REFILL|2|4|S4,S2,S5,S3|1
GIANT_REFILL|2|4|S4,S2,S5,S5|1
GIANT_REFILL|2|4|S4,S3,S2,S4|2
GIANT_REFILL|2|4|S4,S3,S2,S5|3
GIANT_REFILL|2|4|S4,S3,S3,S3|2
GIANT_REFILL|2|4|S4,S3,S3,S4|1
GIANT_REFILL|2|4|S4,S3,S3,S5|1
GIANT_REFILL|2|4|S4,S3,S4,S2|1
GIANT_REFILL|2|4|S4,S3,S4,S3|1
GIANT_REFILL|2|4|S4,S3,S5,S3|2
GIANT_REFILL|2|4|S4,S4,S1,S4|1
GIANT_REFILL|2|4|S4,S4,S2,S1|1
GIANT_REFILL|2|4|S4,S4,S2,S3|1
GIANT_REFILL|2|4|S4,S4,S2,S5|1
GIANT_REFILL|2|4|S4,S4,S4,S1|1
GIANT_REFILL|2|4|S4,S4,S4,S4|3
GIANT_REFILL|2|4|S4,S4,S4,S5|2
GIANT_REFILL|2|4|S4,S4,S5,S3|1
GIANT_REFILL|2|4|S4,S4,S5,S4|1
GIANT_REFILL|2|4|S4,S4,S5,S5|1
GIANT_REFILL|2|4|S4,S5,S2,S3|1
GIANT_REFILL|2|4|S4,S5,S2,S4|1
GIANT_REFILL|2|4|S4,S5,S2,S5|1
GIANT_REFILL|2|4|S4,S5,S3,S5|1
GIANT_REFILL|2|4|S4,S5,S4,S3|1
GIANT_REFILL|2|4|S4,S5,S4,S5|3
GIANT_REFILL|2|4|S4,S5,S5,S2|3
GIANT_REFILL|2|4|S4,S5,S5,S3|1
GIANT_REFILL|2|4|S4,S5,S5,S5|2
GIANT_REFILL|2|4|S5,S1,S2,S2|1
GIANT_REFILL|2|4|S5,S2,S2,S2|2
GIANT_REFILL|2|4|S5,S2,S2,S3|1
GIANT_REFILL|2|4|S5,S2,S2,S4|1
GIANT_REFILL|2|4|S5,S2,S2,S5|1
GIANT_REFILL|2|4|S5,S2,S3,S3|3
GIANT_REFILL|2|4|S5,S2,S4,S2|1
GIANT_REFILL|2|4|S5,S2,S4,S3|1
GIANT_REFILL|2|4|S5,S2,S4,S5|1
GIANT_REFILL|2|4|S5,S2,S5,S1|1
GIANT_REFILL|2|4|S5,S2,S5,S5|3
GIANT_REFILL|2|4|S5,S3,S2,S2|2
GIANT_REFILL|2|4|S5,S3,S2,S5|4
GIANT_REFILL|2|4|S5,S3,S3,S2|2
GIANT_REFILL|2|4|S5,S3,S3,S3|2
GIANT_REFILL|2|4|S5,S3,S3,S5|1
GIANT_REFILL|2|4|S5,S3,S4,S3|1
GIANT_REFILL|2|4|S5,S3,S4,S5|1
GIANT_REFILL|2|4|S5,S3,S5,S2|1
GIANT_REFILL|2|4|S5,S3,S5,S4|2
GIANT_REFILL|2|4|S5,S4,S2,S2|2
GIANT_REFILL|2|4|S5,S4,S2,S4|1
GIANT_REFILL|2|4|S5,S4,S2,S5|1
GIANT_REFILL|2|4|S5,S4,S3,S2|2
GIANT_REFILL|2|4|S5,S4,S3,S5|2
GIANT_REFILL|2|4|S5,S4,S4,S3|1
GIANT_REFILL|2|4|S5,S4,S4,S4|1
GIANT_REFILL|2|4|S5,S4,S4,S5|1
GIANT_REFILL|2|4|S5,S4,S5,S2|2
GIANT_REFILL|2|4|S5,S4,S5,S3|1
GIANT_REFILL|2|4|S5,S4,S5,S4|1
GIANT_REFILL|2|4|S5,S5,S2,S2|3
GIANT_REFILL|2|4|S5,S5,S2,S3|1
GIANT_REFILL|2|4|S5,S5,S2,S4|3
GIANT_REFILL|2|4|S5,S5,S2,S5|2
GIANT_REFILL|2|4|S5,S5,S3,S5|4
GIANT_REFILL|2|4|S5,S5,S4,S2|2
GIANT_REFILL|2|4|S5,S5,S4,S4|1
GIANT_REFILL|2|4|S5,S5,S4,S5|1
GIANT_REFILL|2|4|S5,S5,S5,S2|1
GIANT_REFILL|2|4|S5,S5,S5,S3|1
GIANT_REFILL|2|4|S5,S5,S5,S4|1
GIANT_REFILL|2|4|S5,S5,S5,S5|2
GIANT_REFILL|2|5|S1,S3,S2,S4,S3|1
GIANT_REFILL|2|5|S1,S3,S3,S4,S5|1
GIANT_REFILL|2|5|S1,S3,S4,S3,S2|1
GIANT_REFILL|2|5|S2,S2,S2,S2,S2|1
GIANT_REFILL|2|5|S2,S2,S3,S5,S3|1
GIANT_REFILL|2|5|S2,S2,S4,S2,S2|1
GIANT_REFILL|2|5|S2,S2,S4,S5,S2|1
GIANT_REFILL|2|5|S2,S2,S5,S4,S3|1
GIANT_REFILL|2|5|S2,S3,S3,S2,S2|1
GIANT_REFILL|2|5|S2,S3,S3,S2,S3|1
GIANT_REFILL|2|5|S2,S3,S4,S2,S4|1
GIANT_REFILL|2|5|S2,S3,S5,S2,S3|1
GIANT_REFILL|2|5|S2,S3,S5,S5,S3|1
GIANT_REFILL|2|5|S2,S4,S2,S2,S3|1
GIANT_REFILL|2|5|S2,S4,S4,S5,S3|1
GIANT_REFILL|2|5|S2,S4,S5,S2,S2|1
GIANT_REFILL|2|5|S2,S5,S2,S5,S2|1
GIANT_REFILL|2|5|S2,S5,S3,S3,S5|1
GIANT_REFILL|2|5|S2,S5,S4,S2,S5|1
GIANT_REFILL|2|5|S2,S5,S5,S2,S5|1
GIANT_REFILL|2|5|S3,S2,S5,S3,S4|1
GIANT_REFILL|2|5|S3,S3,S2,S3,S3|1
GIANT_REFILL|2|5|S3,S3,S2,S5,S2|1
GIANT_REFILL|2|5|S3,S3,S3,S3,S3|2
GIANT_REFILL|2|5|S3,S4,S1,S5,S4|1
GIANT_REFILL|2|5|S3,S4,S2,S3,S4|1
GIANT_REFILL|2|5|S3,S4,S2,S5,S2|1
GIANT_REFILL|2|5|S3,S4,S4,S4,S4|1
GIANT_REFILL|2|5|S3,S4,S4,S5,S3|1
GIANT_REFILL|2|5|S3,S5,S2,S2,S2|1
GIANT_REFILL|2|5|S3,S5,S4,S3,S3|1
GIANT_REFILL|2|5|S3,S5,S5,S3,S5|1
GIANT_REFILL|2|5|S3,S5,S5,S5,S2|2
GIANT_REFILL|2|5|S4,S2,S2,S4,S5|1
GIANT_REFILL|2|5|S4,S2,S4,S1,S3|1
GIANT_REFILL|2|5|S4,S2,S4,S3,S4|1
GIANT_REFILL|2|5|S4,S2,S4,S4,S5|1
GIANT_REFILL|2|5|S4,S2,S5,S2,S4|2
GIANT_REFILL|2|5|S4,S2,S5,S5,S2|1
GIANT_REFILL|2|5|S4,S3,S1,S3,S3|1
GIANT_REFILL|2|5|S4,S3,S2,S2,S3|1
GIANT_REFILL|2|5|S4,S3,S2,S2,S4|2
GIANT_REFILL|2|5|S4,S3,S4,S4,S2|1
GIANT_REFILL|2|5|S4,S3,S5,S2,S3|1
GIANT_REFILL|2|5|S4,S4,S2,S2,S2|1
GIANT_REFILL|2|5|S4,S4,S2,S5,S5|1
GIANT_REFILL|2|5|S4,S4,S3,S3,S4|1
GIANT_REFILL|2|5|S4,S4,S3,S3,S5|2
GIANT_REFILL|2|5|S4,S4,S4,S2,S4|1
GIANT_REFILL|2|5|S4,S4,S4,S2,S5|1
GIANT_REFILL|2|5|S4,S4,S4,S4,S3|1
GIANT_REFILL|2|5|S4,S4,S4,S5,S4|2
GIANT_REFILL|2|5|S4,S4,S5,S4,S3|2
GIANT_REFILL|2|5|S4,S5,S5,S5,S5|1
GIANT_REFILL|2|5|S5,S2,S2,S2,S3|1
GIANT_REFILL|2|5|S5,S2,S2,S5,S3|1
GIANT_REFILL|2|5|S5,S3,S3,S3,S3|1
GIANT_REFILL|2|5|S5,S3,S3,S5,S4|1
GIANT_REFILL|2|5|S5,S4,S1,S4,S4|1
GIANT_REFILL|2|5|S5,S4,S2,S3,S5|1
GIANT_REFILL|2|5|S5,S4,S2,S5,S4|1
GIANT_REFILL|2|5|S5,S4,S3,S2,S3|1
GIANT_REFILL|2|5|S5,S4,S4,S3,S3|1
GIANT_REFILL|2|5|S5,S4,S4,S3,S4|2
GIANT_REFILL|2|5|S5,S4,S4,S5,S4|1
GIANT_REFILL|2|5|S5,S4,S5,S5,S5|1
GIANT_REFILL|2|5|S5,S5,S2,S2,S5|1
GIANT_REFILL|2|5|S5,S5,S3,S2,S2|2
GIANT_REFILL|2|5|S5,S5,S3,S3,S3|1
GIANT_REFILL|2|5|S5,S5,S4,S2,S4|1
GIANT_REFILL|2|5|S5,S5,S5,S3,S4|1
GIANT_REFILL|2|5|S5,S5,S5,S4,S4|1
GIANT_REFILL|2|5|S5,S5,S5,S5,S4|1
GIANT_REFILL|3|1|S1|7
GIANT_REFILL|3|1|S2|108
GIANT_REFILL|3|1|S3|104
GIANT_REFILL|3|1|S4|98
GIANT_REFILL|3|1|S5|106
GIANT_REFILL|3|2|S1,S2|2
GIANT_REFILL|3|2|S1,S3|1
GIANT_REFILL|3|2|S1,S5|4
GIANT_REFILL|3|2|S2,S2|52
GIANT_REFILL|3|2|S2,S3|23
GIANT_REFILL|3|2|S2,S4|25
GIANT_REFILL|3|2|S2,S5|23
GIANT_REFILL|3|2|S3,S1|3
GIANT_REFILL|3|2|S3,S2|20
GIANT_REFILL|3|2|S3,S3|43
GIANT_REFILL|3|2|S3,S4|23
GIANT_REFILL|3|2|S3,S5|23
GIANT_REFILL|3|2|S4,S1|4
GIANT_REFILL|3|2|S4,S2|22
GIANT_REFILL|3|2|S4,S3|20
GIANT_REFILL|3|2|S4,S4|41
GIANT_REFILL|3|2|S4,S5|20
GIANT_REFILL|3|2|S5,S1|3
GIANT_REFILL|3|2|S5,S2|17
GIANT_REFILL|3|2|S5,S3|18
GIANT_REFILL|3|2|S5,S4|21
GIANT_REFILL|3|2|S5,S5|54
GIANT_REFILL|3|3|S1,S2,S2|1
GIANT_REFILL|3|3|S1,S2,S4|2
GIANT_REFILL|3|3|S1,S3,S2|2
GIANT_REFILL|3|3|S1,S3,S3|3
GIANT_REFILL|3|3|S1,S3,S5|1
GIANT_REFILL|3|3|S1,S4,S5|2
GIANT_REFILL|3|3|S1,S5,S2|1
GIANT_REFILL|3|3|S1,S5,S5|1
GIANT_REFILL|3|3|S2,S1,S2|1
GIANT_REFILL|3|3|S2,S1,S3|2
GIANT_REFILL|3|3|S2,S1,S5|1
GIANT_REFILL|3|3|S2,S2,S2|12
GIANT_REFILL|3|3|S2,S2,S3|3
GIANT_REFILL|3|3|S2,S2,S4|6
GIANT_REFILL|3|3|S2,S2,S5|5
GIANT_REFILL|3|3|S2,S3,S2|3
GIANT_REFILL|3|3|S2,S3,S3|2
GIANT_REFILL|3|3|S2,S3,S4|2
GIANT_REFILL|3|3|S2,S3,S5|2
GIANT_REFILL|3|3|S2,S4,S1|1
GIANT_REFILL|3|3|S2,S4,S2|5
GIANT_REFILL|3|3|S2,S4,S3|3
GIANT_REFILL|3|3|S2,S4,S4|5
GIANT_REFILL|3|3|S2,S4,S5|5
GIANT_REFILL|3|3|S2,S5,S1|1
GIANT_REFILL|3|3|S2,S5,S2|9
GIANT_REFILL|3|3|S2,S5,S3|3
GIANT_REFILL|3|3|S2,S5,S4|4
GIANT_REFILL|3|3|S2,S5,S5|7
GIANT_REFILL|3|3|S3,S1,S2|1
GIANT_REFILL|3|3|S3,S2,S2|2
GIANT_REFILL|3|3|S3,S2,S3|3
GIANT_REFILL|3|3|S3,S2,S4|3
GIANT_REFILL|3|3|S3,S2,S5|5
GIANT_REFILL|3|3|S3,S3,S2|6
GIANT_REFILL|3|3|S3,S3,S3|14
GIANT_REFILL|3|3|S3,S3,S4|7
GIANT_REFILL|3|3|S3,S3,S5|6
GIANT_REFILL|3|3|S3,S4,S2|4
GIANT_REFILL|3|3|S3,S4,S3|6
GIANT_REFILL|3|3|S3,S4,S4|6
GIANT_REFILL|3|3|S3,S4,S5|3
GIANT_REFILL|3|3|S3,S5,S2|3
GIANT_REFILL|3|3|S3,S5,S3|9
GIANT_REFILL|3|3|S3,S5,S4|2
GIANT_REFILL|3|3|S3,S5,S5|4
GIANT_REFILL|3|3|S4,S1,S4|1
GIANT_REFILL|3|3|S4,S2,S1|1
GIANT_REFILL|3|3|S4,S2,S2|8
GIANT_REFILL|3|3|S4,S2,S3|3
GIANT_REFILL|3|3|S4,S2,S4|3
GIANT_REFILL|3|3|S4,S2,S5|3
GIANT_REFILL|3|3|S4,S3,S3|7
GIANT_REFILL|3|3|S4,S3,S4|4
GIANT_REFILL|3|3|S4,S3,S5|3
GIANT_REFILL|3|3|S4,S4,S2|5
GIANT_REFILL|3|3|S4,S4,S3|3
GIANT_REFILL|3|3|S4,S4,S4|17
GIANT_REFILL|3|3|S4,S4,S5|14
GIANT_REFILL|3|3|S4,S5,S2|3
GIANT_REFILL|3|3|S4,S5,S3|7
GIANT_REFILL|3|3|S4,S5,S4|5
GIANT_REFILL|3|3|S4,S5,S5|9
GIANT_REFILL|3|3|S5,S1,S3|1
GIANT_REFILL|3|3|S5,S2,S2|5
GIANT_REFILL|3|3|S5,S2,S4|1
GIANT_REFILL|3|3|S5,S2,S5|4
GIANT_REFILL|3|3|S5,S3,S2|4
GIANT_REFILL|3|3|S5,S3,S3|5
GIANT_REFILL|3|3|S5,S3,S4|9
GIANT_REFILL|3|3|S5,S3,S5|7
GIANT_REFILL|3|3|S5,S4,S1|1
GIANT_REFILL|3|3|S5,S4,S2|3
GIANT_REFILL|3|3|S5,S4,S3|6
GIANT_REFILL|3|3|S5,S4,S4|4
GIANT_REFILL|3|3|S5,S4,S5|10
GIANT_REFILL|3|3|S5,S5,S2|7
GIANT_REFILL|3|3|S5,S5,S3|6
GIANT_REFILL|3|3|S5,S5,S4|6
GIANT_REFILL|3|3|S5,S5,S5|15
GIANT_REFILL|3|4|S1,S3,S4,S2|1
GIANT_REFILL|3|4|S1,S4,S2,S2|1
GIANT_REFILL|3|4|S1,S4,S5,S3|1
GIANT_REFILL|3|4|S1,S5,S4,S5|1
GIANT_REFILL|3|4|S2,S1,S2,S2|1
GIANT_REFILL|3|4|S2,S2,S2,S2|7
GIANT_REFILL|3|4|S2,S2,S2,S4|3
GIANT_REFILL|3|4|S2,S2,S2,S5|1
GIANT_REFILL|3|4|S2,S2,S3,S2|1
GIANT_REFILL|3|4|S2,S2,S3,S3|1
GIANT_REFILL|3|4|S2,S2,S3,S4|3
GIANT_REFILL|3|4|S2,S2,S4,S2|2
GIANT_REFILL|3|4|S2,S2,S4,S3|1
GIANT_REFILL|3|4|S2,S2,S4,S5|1
GIANT_REFILL|3|4|S2,S2,S5,S3|1
GIANT_REFILL|3|4|S2,S2,S5,S5|6
GIANT_REFILL|3|4|S2,S3,S2,S4|1
GIANT_REFILL|3|4|S2,S3,S2,S5|1
GIANT_REFILL|3|4|S2,S3,S3,S3|3
GIANT_REFILL|3|4|S2,S3,S3,S4|1
GIANT_REFILL|3|4|S2,S3,S3,S5|1
GIANT_REFILL|3|4|S2,S3,S5,S3|1
GIANT_REFILL|3|4|S2,S3,S5,S4|1
GIANT_REFILL|3|4|S2,S3,S5,S5|1
GIANT_REFILL|3|4|S2,S4,S2,S2|1
GIANT_REFILL|3|4|S2,S4,S2,S5|1
GIANT_REFILL|3|4|S2,S4,S3,S3|3
GIANT_REFILL|3|4|S2,S4,S3,S4|4
GIANT_REFILL|3|4|S2,S4,S4,S2|1
GIANT_REFILL|3|4|S2,S4,S4,S3|1
GIANT_REFILL|3|4|S2,S4,S4,S4|1
GIANT_REFILL|3|4|S2,S4,S4,S5|2
GIANT_REFILL|3|4|S2,S4,S5,S2|1
GIANT_REFILL|3|4|S2,S5,S2,S2|2
GIANT_REFILL|3|4|S2,S5,S2,S3|1
GIANT_REFILL|3|4|S2,S5,S2,S4|2
GIANT_REFILL|3|4|S2,S5,S3,S4|2
GIANT_REFILL|3|4|S2,S5,S3,S5|1
GIANT_REFILL|3|4|S2,S5,S4,S3|1
GIANT_REFILL|3|4|S2,S5,S5,S2|1
GIANT_REFILL|3|4|S2,S5,S5,S3|2
GIANT_REFILL|3|4|S2,S5,S5,S5|1
GIANT_REFILL|3|4|S3,S1,S2,S2|2
GIANT_REFILL|3|4|S3,S1,S2,S3|1
GIANT_REFILL|3|4|S3,S1,S3,S3|1
GIANT_REFILL|3|4|S3,S1,S5,S2|1
GIANT_REFILL|3|4|S3,S2,S2,S2|1
GIANT_REFILL|3|4|S3,S2,S2,S3|1
GIANT_REFILL|3|4|S3,S2,S2,S4|1
GIANT_REFILL|3|4|S3,S2,S3,S3|1
GIANT_REFILL|3|4|S3,S2,S3,S5|2
GIANT_REFILL|3|4|S3,S2,S4,S3|1
GIANT_REFILL|3|4|S3,S2,S4,S5|1
GIANT_REFILL|3|4|S3,S2,S5,S3|2
GIANT_REFILL|3|4|S3,S3,S2,S1|1
GIANT_REFILL|3|4|S3,S3,S2,S3|1
GIANT_REFILL|3|4|S3,S3,S2,S5|2
GIANT_REFILL|3|4|S3,S3,S3,S3|3
GIANT_REFILL|3|4|S3,S3,S3,S4|1
GIANT_REFILL|3|4|S3,S3,S3,S5|1
GIANT_REFILL|3|4|S3,S3,S4,S3|1
GIANT_REFILL|3|4|S3,S3,S4,S4|2
GIANT_REFILL|3|4|S3,S3,S4,S5|1
GIANT_REFILL|3|4|S3,S3,S5,S3|2
GIANT_REFILL|3|4|S3,S3,S5,S4|1
GIANT_REFILL|3|4|S3,S3,S5,S5|3
GIANT_REFILL|3|4|S3,S4,S2,S4|1
GIANT_REFILL|3|4|S3,S4,S2,S5|1
GIANT_REFILL|3|4|S3,S4,S3,S3|2
GIANT_REFILL|3|4|S3,S4,S5,S2|1
GIANT_REFILL|3|4|S3,S4,S5,S3|1
GIANT_REFILL|3|4|S3,S5,S2,S3|1
GIANT_REFILL|3|4|S3,S5,S3,S2|2
GIANT_REFILL|3|4|S3,S5,S3,S3|3
GIANT_REFILL|3|4|S3,S5,S4,S3|1
GIANT_REFILL|3|4|S3,S5,S5,S1|1
GIANT_REFILL|3|4|S3,S5,S5,S3|1
GIANT_REFILL|3|4|S3,S5,S5,S4|1
GIANT_REFILL|3|4|S3,S5,S5,S5|2
GIANT_REFILL|3|4|S4,S1,S2,S2|1
GIANT_REFILL|3|4|S4,S2,S2,S2|1
GIANT_REFILL|3|4|S4,S2,S2,S5|1
GIANT_REFILL|3|4|S4,S2,S3,S2|1
GIANT_REFILL|3|4|S4,S2,S3,S3|1
GIANT_REFILL|3|4|S4,S2,S3,S5|2
GIANT_REFILL|3|4|S4,S2,S4,S2|2
GIANT_REFILL|3|4|S4,S2,S4,S3|1
GIANT_REFILL|3|4|S4,S2,S4,S4|1
GIANT_REFILL|3|4|S4,S2,S5,S2|1
GIANT_REFILL|3|4|S4,S2,S5,S4|1
GIANT_REFILL|3|4|S4,S2,S5,S5|2
GIANT_REFILL|3|4|S4,S3,S2,S2|2
GIANT_REFILL|3|4|S4,S3,S2,S3|2
GIANT_REFILL|3|4|S4,S3,S2,S4|1
GIANT_REFILL|3|4|S4,S3,S2,S5|1
GIANT_REFILL|3|4|S4,S3,S3,S2|1
GIANT_REFILL|3|4|S4,S3,S3,S3|1
GIANT_REFILL|3|4|S4,S3,S3,S5|3
GIANT_REFILL|3|4|S4,S3,S4,S2|2
GIANT_REFILL|3|4|S4,S3,S4,S4|1
GIANT_REFILL|3|4|S4,S3,S5,S2|1
GIANT_REFILL|3|4|S4,S4,S2,S2|1
GIANT_REFILL|3|4|S4,S4,S2,S4|3
GIANT_REFILL|3|4|S4,S4,S3,S2|1
GIANT_REFILL|3|4|S4,S4,S3,S5|1
GIANT_REFILL|3|4|S4,S4,S4,S2|1
GIANT_REFILL|3|4|S4,S4,S4,S3|1
GIANT_REFILL|3|4|S4,S4,S4,S4|7
GIANT_REFILL|3|4|S4,S4,S5,S3|1
GIANT_REFILL|3|4|S4,S5,S2,S2|1
GIANT_REFILL|3|4|S4,S5,S2,S5|1
GIANT_REFILL|3|4|S4,S5,S4,S3|1
GIANT_REFILL|3|4|S4,S5,S4,S4|2
GIANT_REFILL|3|4|S4,S5,S4,S5|2
GIANT_REFILL|3|4|S4,S5,S5,S3|1
GIANT_REFILL|3|4|S4,S5,S5,S4|1
GIANT_REFILL|3|4|S4,S5,S5,S5|2
GIANT_REFILL|3|4|S5,S2,S2,S5|2
GIANT_REFILL|3|4|S5,S2,S3,S3|1
GIANT_REFILL|3|4|S5,S2,S3,S4|1
GIANT_REFILL|3|4|S5,S2,S3,S5|1
GIANT_REFILL|3|4|S5,S2,S4,S2|1
GIANT_REFILL|3|4|S5,S2,S4,S5|1
GIANT_REFILL|3|4|S5,S2,S5,S3|2
GIANT_REFILL|3|4|S5,S2,S5,S5|1
GIANT_REFILL|3|4|S5,S3,S2,S3|1
GIANT_REFILL|3|4|S5,S3,S2,S5|2
GIANT_REFILL|3|4|S5,S3,S3,S2|1
GIANT_REFILL|3|4|S5,S3,S4,S2|1
GIANT_REFILL|3|4|S5,S3,S4,S5|1
GIANT_REFILL|3|4|S5,S3,S5,S4|1
GIANT_REFILL|3|4|S5,S3,S5,S5|2
GIANT_REFILL|3|4|S5,S4,S2,S2|2
GIANT_REFILL|3|4|S5,S4,S2,S4|1
GIANT_REFILL|3|4|S5,S4,S3,S3|1
GIANT_REFILL|3|4|S5,S4,S3,S5|1
GIANT_REFILL|3|4|S5,S4,S4,S2|1
GIANT_REFILL|3|4|S5,S4,S4,S4|2
GIANT_REFILL|3|4|S5,S4,S5,S2|1
GIANT_REFILL|3|4|S5,S4,S5,S3|1
GIANT_REFILL|3|4|S5,S4,S5,S4|2
GIANT_REFILL|3|4|S5,S4,S5,S5|1
GIANT_REFILL|3|4|S5,S5,S2,S2|1
GIANT_REFILL|3|4|S5,S5,S2,S4|1
GIANT_REFILL|3|4|S5,S5,S2,S5|3
GIANT_REFILL|3|4|S5,S5,S3,S5|1
GIANT_REFILL|3|4|S5,S5,S4,S3|2
GIANT_REFILL|3|4|S5,S5,S5,S3|3
GIANT_REFILL|3|4|S5,S5,S5,S5|3
GIANT_REFILL|3|5|S1,S2,S2,S2,S2|1
GIANT_REFILL|3|5|S2,S2,S2,S2,S1|1
GIANT_REFILL|3|5|S2,S2,S2,S2,S2|1
GIANT_REFILL|3|5|S2,S2,S2,S2,S5|1
GIANT_REFILL|3|5|S2,S2,S2,S4,S2|1
GIANT_REFILL|3|5|S2,S2,S2,S5,S2|2
GIANT_REFILL|3|5|S2,S2,S3,S2,S5|1
GIANT_REFILL|3|5|S2,S3,S2,S2,S2|2
GIANT_REFILL|3|5|S2,S3,S3,S2,S3|1
GIANT_REFILL|3|5|S2,S4,S2,S4,S2|1
GIANT_REFILL|3|5|S2,S4,S3,S2,S2|1
GIANT_REFILL|3|5|S2,S4,S5,S2,S2|1
GIANT_REFILL|3|5|S2,S4,S5,S2,S4|1
GIANT_REFILL|3|5|S2,S5,S2,S2,S5|1
GIANT_REFILL|3|5|S2,S5,S2,S5,S2|1
GIANT_REFILL|3|5|S2,S5,S4,S4,S5|1
GIANT_REFILL|3|5|S3,S2,S4,S2,S4|1
GIANT_REFILL|3|5|S3,S3,S1,S2,S5|1
GIANT_REFILL|3|5|S3,S3,S2,S5,S5|1
GIANT_REFILL|3|5|S3,S3,S3,S1,S5|1
GIANT_REFILL|3|5|S3,S3,S3,S3,S5|1
GIANT_REFILL|3|5|S3,S3,S3,S4,S2|1
GIANT_REFILL|3|5|S3,S3,S3,S4,S3|2
GIANT_REFILL|3|5|S3,S3,S4,S4,S2|1
GIANT_REFILL|3|5|S3,S3,S5,S5,S2|1
GIANT_REFILL|3|5|S3,S3,S5,S5,S5|1
GIANT_REFILL|3|5|S3,S4,S3,S4,S4|1
GIANT_REFILL|3|5|S3,S5,S2,S5,S5|1
GIANT_REFILL|3|5|S3,S5,S3,S3,S2|1
GIANT_REFILL|3|5|S3,S5,S4,S3,S5|1
GIANT_REFILL|3|5|S4,S2,S2,S2,S2|1
GIANT_REFILL|3|5|S4,S2,S2,S4,S4|1
GIANT_REFILL|3|5|S4,S2,S5,S2,S5|1
GIANT_REFILL|3|5|S4,S2,S5,S4,S3|1
GIANT_REFILL|3|5|S4,S2,S5,S5,S5|1
GIANT_REFILL|3|5|S4,S3,S2,S2,S4|1
GIANT_REFILL|3|5|S4,S3,S3,S3,S5|2
GIANT_REFILL|3|5|S4,S3,S4,S3,S5|1
GIANT_REFILL|3|5|S4,S3,S5,S4,S3|2
GIANT_REFILL|3|5|S4,S4,S2,S4,S5|1
GIANT_REFILL|3|5|S4,S4,S3,S3,S3|1
GIANT_REFILL|3|5|S4,S4,S4,S4,S4|2
GIANT_REFILL|3|5|S4,S4,S4,S5,S4|1
GIANT_REFILL|3|5|S4,S4,S5,S4,S4|1
GIANT_REFILL|3|5|S4,S5,S4,S2,S5|1
GIANT_REFILL|3|5|S4,S5,S4,S5,S4|1
GIANT_REFILL|3|5|S5,S2,S2,S2,S2|1
GIANT_REFILL|3|5|S5,S2,S2,S4,S1|1
GIANT_REFILL|3|5|S5,S2,S3,S3,S3|1
GIANT_REFILL|3|5|S5,S2,S4,S5,S2|1
GIANT_REFILL|3|5|S5,S2,S5,S2,S5|1
GIANT_REFILL|3|5|S5,S2,S5,S4,S4|1
GIANT_REFILL|3|5|S5,S2,S5,S5,S5|1
GIANT_REFILL|3|5|S5,S3,S2,S5,S5|1
GIANT_REFILL|3|5|S5,S3,S5,S3,S3|1
GIANT_REFILL|3|5|S5,S4,S2,S5,S2|1
GIANT_REFILL|3|5|S5,S4,S3,S3,S3|1
GIANT_REFILL|3|5|S5,S4,S4,S4,S5|1
GIANT_REFILL|3|5|S5,S4,S5,S3,S5|1
GIANT_REFILL|3|5|S5,S5,S2,S2,S2|1
GIANT_REFILL|3|5|S5,S5,S2,S2,S5|1
GIANT_REFILL|3|5|S5,S5,S4,S3,S3|1
GIANT_REFILL|3|5|S5,S5,S5,S3,S3|1
GIANT_REFILL|3|5|S5,S5,S5,S5,S3|1
GIANT_REFILL|3|5|S5,S5,S5,S5,S5|1
GIANT_REFILL|4|1|S1|9
GIANT_REFILL|4|1|S2|116
GIANT_REFILL|4|1|S3|95
GIANT_REFILL|4|1|S4|92
GIANT_REFILL|4|1|S5|96
GIANT_REFILL|4|2|S1,S2|1
GIANT_REFILL|4|2|S1,S3|1
GIANT_REFILL|4|2|S1,S4|1
GIANT_REFILL|4|2|S1,S5|1
GIANT_REFILL|4|2|S2,S1|1
GIANT_REFILL|4|2|S2,S2|42
GIANT_REFILL|4|2|S2,S3|16
GIANT_REFILL|4|2|S2,S4|15
GIANT_REFILL|4|2|S2,S5|20
GIANT_REFILL|4|2|S3,S1|1
GIANT_REFILL|4|2|S3,S2|16
GIANT_REFILL|4|2|S3,S3|32
GIANT_REFILL|4|2|S3,S4|16
GIANT_REFILL|4|2|S3,S5|25
GIANT_REFILL|4|2|S4,S1|1
GIANT_REFILL|4|2|S4,S2|18
GIANT_REFILL|4|2|S4,S3|19
GIANT_REFILL|4|2|S4,S4|28
GIANT_REFILL|4|2|S4,S5|14
GIANT_REFILL|4|2|S5,S2|15
GIANT_REFILL|4|2|S5,S3|21
GIANT_REFILL|4|2|S5,S4|20
GIANT_REFILL|4|2|S5,S5|24
GIANT_REFILL|4|3|S1,S2,S5|1
GIANT_REFILL|4|3|S1,S3,S5|1
GIANT_REFILL|4|3|S2,S2,S1|1
GIANT_REFILL|4|3|S2,S2,S2|7
GIANT_REFILL|4|3|S2,S2,S4|3
GIANT_REFILL|4|3|S2,S2,S5|2
GIANT_REFILL|4|3|S2,S3,S1|1
GIANT_REFILL|4|3|S2,S3,S2|4
GIANT_REFILL|4|3|S2,S3,S3|5
GIANT_REFILL|4|3|S2,S3,S4|1
GIANT_REFILL|4|3|S2,S3,S5|4
GIANT_REFILL|4|3|S2,S4,S2|6
GIANT_REFILL|4|3|S2,S4,S4|7
GIANT_REFILL|4|3|S2,S4,S5|2
GIANT_REFILL|4|3|S2,S5,S2|9
GIANT_REFILL|4|3|S2,S5,S3|1
GIANT_REFILL|4|3|S2,S5,S4|1
GIANT_REFILL|4|3|S2,S5,S5|2
GIANT_REFILL|4|3|S3,S1,S5|1
GIANT_REFILL|4|3|S3,S2,S2|3
GIANT_REFILL|4|3|S3,S2,S3|11
GIANT_REFILL|4|3|S3,S2,S4|4
GIANT_REFILL|4|3|S3,S2,S5|1
GIANT_REFILL|4|3|S3,S3,S1|1
GIANT_REFILL|4|3|S3,S3,S2|3
GIANT_REFILL|4|3|S3,S3,S3|7
GIANT_REFILL|4|3|S3,S3,S4|3
GIANT_REFILL|4|3|S3,S3,S5|7
GIANT_REFILL|4|3|S3,S4,S2|4
GIANT_REFILL|4|3|S3,S4,S3|1
GIANT_REFILL|4|3|S3,S4,S4|2
GIANT_REFILL|4|3|S3,S4,S5|2
GIANT_REFILL|4|3|S3,S5,S2|1
GIANT_REFILL|4|3|S3,S5,S3|2
GIANT_REFILL|4|3|S3,S5,S4|5
GIANT_REFILL|4|3|S3,S5,S5|3
GIANT_REFILL|4|3|S4,S2,S2|1
GIANT_REFILL|4|3|S4,S2,S3|2
GIANT_REFILL|4|3|S4,S2,S4|5
GIANT_REFILL|4|3|S4,S2,S5|4
GIANT_REFILL|4|3|S4,S3,S2|3
GIANT_REFILL|4|3|S4,S3,S3|6
GIANT_REFILL|4|3|S4,S3,S4|5
GIANT_REFILL|4|3|S4,S3,S5|2
GIANT_REFILL|4|3|S4,S4,S2|2
GIANT_REFILL|4|3|S4,S4,S3|1
GIANT_REFILL|4|3|S4,S4,S4|9
GIANT_REFILL|4|3|S4,S4,S5|4
GIANT_REFILL|4|3|S4,S5,S2|1
GIANT_REFILL|4|3|S4,S5,S3|3
GIANT_REFILL|4|3|S4,S5,S4|2
GIANT_REFILL|4|3|S5,S2,S2|1
GIANT_REFILL|4|3|S5,S2,S3|1
GIANT_REFILL|4|3|S5,S2,S5|5
GIANT_REFILL|4|3|S5,S3,S1|1
GIANT_REFILL|4|3|S5,S3,S2|2
GIANT_REFILL|4|3|S5,S3,S3|2
GIANT_REFILL|4|3|S5,S3,S4|4
GIANT_REFILL|4|3|S5,S3,S5|1
GIANT_REFILL|4|3|S5,S4,S2|1
GIANT_REFILL|4|3|S5,S4,S3|3
GIANT_REFILL|4|3|S5,S4,S4|3
GIANT_REFILL|4|3|S5,S4,S5|4
GIANT_REFILL|4|3|S5,S5,S2|5
GIANT_REFILL|4|3|S5,S5,S3|3
GIANT_REFILL|4|3|S5,S5,S4|5
GIANT_REFILL|4|3|S5,S5,S5|11
GIANT_REFILL|4|4|S2,S2,S2,S2|2
GIANT_REFILL|4|4|S2,S2,S2,S3|1
GIANT_REFILL|4|4|S2,S2,S4,S2|1
GIANT_REFILL|4|4|S2,S2,S4,S3|1
GIANT_REFILL|4|4|S2,S2,S5,S2|1
GIANT_REFILL|4|4|S2,S3,S2,S2|1
GIANT_REFILL|4|4|S2,S3,S2,S5|3
GIANT_REFILL|4|4|S2,S3,S3,S3|2
GIANT_REFILL|4|4|S2,S3,S5,S2|2
GIANT_REFILL|4|4|S2,S4,S2,S3|1
GIANT_REFILL|4|4|S2,S4,S4,S4|3
GIANT_REFILL|4|4|S2,S4,S5,S3|1
GIANT_REFILL|4|4|S2,S5,S2,S5|1
GIANT_REFILL|4|4|S2,S5,S3,S3|1
GIANT_REFILL|4|4|S2,S5,S4,S5|1
GIANT_REFILL|4|4|S3,S1,S2,S3|2
GIANT_REFILL|4|4|S3,S2,S3,S2|1
GIANT_REFILL|4|4|S3,S2,S5,S2|2
GIANT_REFILL|4|4|S3,S3,S2,S3|3
GIANT_REFILL|4|4|S3,S3,S3,S2|2
GIANT_REFILL|4|4|S3,S3,S3,S3|1
GIANT_REFILL|4|4|S3,S3,S3,S4|1
GIANT_REFILL|4|4|S3,S3,S4,S3|3
GIANT_REFILL|4|4|S3,S3,S4,S4|1
GIANT_REFILL|4|4|S3,S3,S5,S3|2
GIANT_REFILL|4|4|S3,S4,S2,S2|2
GIANT_REFILL|4|4|S3,S4,S3,S2|2
GIANT_REFILL|4|4|S3,S4,S3,S3|1
GIANT_REFILL|4|4|S3,S4,S3,S5|1
GIANT_REFILL|4|4|S3,S4,S4,S3|1
GIANT_REFILL|4|4|S3,S4,S4,S4|1
GIANT_REFILL|4|4|S3,S4,S5,S3|1
GIANT_REFILL|4|4|S3,S4,S5,S4|1
GIANT_REFILL|4|4|S3,S5,S2,S3|2
GIANT_REFILL|4|4|S3,S5,S3,S3|1
GIANT_REFILL|4|4|S3,S5,S3,S4|1
GIANT_REFILL|4|4|S3,S5,S4,S2|2
GIANT_REFILL|4|4|S3,S5,S4,S4|1
GIANT_REFILL|4|4|S3,S5,S4,S5|1
GIANT_REFILL|4|4|S3,S5,S5,S4|1
GIANT_REFILL|4|4|S3,S5,S5,S5|2
GIANT_REFILL|4|4|S4,S2,S2,S4|2
GIANT_REFILL|4|4|S4,S2,S3,S3|1
GIANT_REFILL|4|4|S4,S2,S4,S4|1
GIANT_REFILL|4|4|S4,S2,S5,S2|1
GIANT_REFILL|4|4|S4,S2,S5,S5|1
GIANT_REFILL|4|4|S4,S3,S2,S2|1
GIANT_REFILL|4|4|S4,S3,S2,S4|2
GIANT_REFILL|4|4|S4,S4,S1,S3|1
GIANT_REFILL|4|4|S4,S4,S2,S5|1
GIANT_REFILL|4|4|S4,S4,S3,S4|1
GIANT_REFILL|4|4|S4,S4,S4,S4|5
GIANT_REFILL|4|4|S4,S4,S4,S5|1
GIANT_REFILL|4|4|S4,S4,S5,S4|1
GIANT_REFILL|4|4|S4,S5,S2,S2|2
GIANT_REFILL|4|4|S4,S5,S4,S2|1
GIANT_REFILL|4|4|S4,S5,S4,S5|1
GIANT_REFILL|4|4|S4,S5,S5,S5|4
GIANT_REFILL|4|4|S5,S2,S2,S4|1
GIANT_REFILL|4|4|S5,S2,S5,S5|1
GIANT_REFILL|4|4|S5,S3,S2,S2|1
GIANT_REFILL|4|4|S5,S3,S3,S4|1
GIANT_REFILL|4|4|S5,S3,S3,S5|2
GIANT_REFILL|4|4|S5,S3,S5,S5|2
GIANT_REFILL|4|4|S5,S4,S2,S2|1
GIANT_REFILL|4|4|S5,S4,S2,S3|1
GIANT_REFILL|4|4|S5,S4,S2,S4|1
GIANT_REFILL|4|4|S5,S4,S4,S3|1
GIANT_REFILL|4|4|S5,S4,S4,S5|1
GIANT_REFILL|4|4|S5,S5,S2,S2|1
GIANT_REFILL|4|4|S5,S5,S2,S4|1
GIANT_REFILL|4|4|S5,S5,S4,S2|1
GIANT_REFILL|4|4|S5,S5,S4,S4|1
GIANT_REFILL|4|4|S5,S5,S4,S5|4
GIANT_REFILL|4|4|S5,S5,S5,S4|1
GIANT_REFILL|4|4|S5,S5,S5,S5|6
GIANT_REFILL|4|5|S2,S2,S2,S5,S5|1
GIANT_REFILL|4|5|S2,S2,S3,S2,S3|1
GIANT_REFILL|4|5|S2,S2,S5,S3,S5|1
GIANT_REFILL|4|5|S2,S4,S2,S2,S2|1
GIANT_REFILL|4|5|S2,S5,S5,S2,S2|1
GIANT_REFILL|4|5|S3,S2,S2,S2,S2|1
GIANT_REFILL|4|5|S3,S3,S4,S3,S3|1
GIANT_REFILL|4|5|S3,S4,S4,S5,S4|1
GIANT_REFILL|4|5|S3,S5,S3,S3,S2|1
GIANT_REFILL|4|5|S3,S5,S5,S2,S5|1
GIANT_REFILL|4|5|S4,S2,S3,S5,S5|1
GIANT_REFILL|4|5|S4,S2,S5,S4,S2|1
GIANT_REFILL|4|5|S4,S3,S2,S3,S5|1
GIANT_REFILL|4|5|S4,S3,S3,S3,S3|1
GIANT_REFILL|4|5|S4,S3,S4,S3,S5|1
GIANT_REFILL|4|5|S4,S4,S2,S3,S3|1
GIANT_REFILL|4|5|S4,S4,S2,S4,S2|1
GIANT_REFILL|4|5|S4,S4,S2,S4,S4|1
GIANT_REFILL|4|5|S4,S4,S2,S5,S3|1
GIANT_REFILL|4|5|S4,S4,S3,S4,S2|2
GIANT_REFILL|4|5|S4,S4,S3,S4,S4|1
GIANT_REFILL|4|5|S4,S4,S4,S5,S4|1
GIANT_REFILL|4|5|S4,S5,S3,S5,S5|1
GIANT_REFILL|4|5|S5,S3,S3,S4,S5|1
GIANT_REFILL|4|5|S5,S3,S4,S5,S3|1
GIANT_REFILL|4|5|S5,S3,S5,S4,S5|1
GIANT_REFILL|4|5|S5,S4,S5,S3,S4|1
GIANT_REFILL|4|5|S5,S5,S3,S5,S5|1
GIANT_REFILL|4|5|S5,S5,S5,S2,S3|1
GIANT_REFILL|4|5|S5,S5,S5,S5,S2|1
GIANT_REFILL|4|5|S5,S5,S5,S5,S4|1
PAID_INITIAL|0|5|S1,S1,S5,S9,S4|1
PAID_INITIAL|0|5|S1,S2,S4,S8,S5|1
PAID_INITIAL|0|5|S1,S2,S5,S3,S6|1
PAID_INITIAL|0|5|S1,S2,S6,S6,S7|1
PAID_INITIAL|0|5|S1,S2,S9,S4,S7|1
PAID_INITIAL|0|5|S1,S3,S4,S8,S5|1
PAID_INITIAL|0|5|S1,S3,S5,S4,S6|1
PAID_INITIAL|0|5|S1,S3,S6,S2,S9|1
PAID_INITIAL|0|5|S1,S3,S8,S9,S6|1
PAID_INITIAL|0|5|S1,S4,S4,S6,S2|1
PAID_INITIAL|0|5|S1,S4,S7,S3,S6|1
PAID_INITIAL|0|5|S1,S4,S9,S5,S8|1
PAID_INITIAL|0|5|S1,S5,S2,S9,S5|1
PAID_INITIAL|0|5|S1,S5,S5,S3,S7|1
PAID_INITIAL|0|5|S1,S5,S9,S5,S4|1
PAID_INITIAL|0|5|S1,S5,S9,S7,S2|1
PAID_INITIAL|0|5|S1,S6,S5,S4,S6|1
PAID_INITIAL|0|5|S1,S6,S7,S8,S4|1
PAID_INITIAL|0|5|S1,S7,S1,S4,S6|1
PAID_INITIAL|0|5|S1,S7,S2,S4,S7|1
PAID_INITIAL|0|5|S1,S7,S3,S8,S7|1
PAID_INITIAL|0|5|S1,S7,S4,S7,S5|1
PAID_INITIAL|0|5|S1,S7,S5,S6,S4|1
PAID_INITIAL|0|5|S1,S7,S7,S7,S4|1
PAID_INITIAL|0|5|S1,S7,S9,S3,S9|1
PAID_INITIAL|0|5|S1,S7,S9,S8,S2|1
PAID_INITIAL|0|5|S1,S8,S2,S6,S6|1
PAID_INITIAL|0|5|S1,S8,S4,S4,S5|1
PAID_INITIAL|0|5|S1,S8,S5,S9,S7|2
PAID_INITIAL|0|5|S1,S8,S6,S5,S6|1
PAID_INITIAL|0|5|S1,S9,S3,S8,S2|1
PAID_INITIAL|0|5|S1,S9,S7,S3,S7|1
PAID_INITIAL|0|5|S1,S9,S8,S6,S9|1
PAID_INITIAL|0|5|S1,S9,S9,S9,S7|1
PAID_INITIAL|0|5|S2,S1,S2,S6,S7|1
PAID_INITIAL|0|5|S2,S1,S3,S9,S4|1
PAID_INITIAL|0|5|S2,S1,S4,S5,S2|1
PAID_INITIAL|0|5|S2,S2,S1,S5,S7|1
PAID_INITIAL|0|5|S2,S2,S1,S8,S9|1
PAID_INITIAL|0|5|S2,S2,S2,S7,S5|2
PAID_INITIAL|0|5|S2,S2,S2,S9,S3|1
PAID_INITIAL|0|5|S2,S2,S3,S4,S6|1
PAID_INITIAL|0|5|S2,S2,S3,S9,S6|1
PAID_INITIAL|0|5|S2,S2,S5,S7,S6|1
PAID_INITIAL|0|5|S2,S2,S5,S8,S8|1
PAID_INITIAL|0|5|S2,S2,S5,S9,S8|1
PAID_INITIAL|0|5|S2,S2,S6,S2,S5|1
PAID_INITIAL|0|5|S2,S2,S6,S3,S2|1
PAID_INITIAL|0|5|S2,S2,S6,S4,S7|1
PAID_INITIAL|0|5|S2,S2,S6,S6,S7|1
PAID_INITIAL|0|5|S2,S2,S6,S8,S2|1
PAID_INITIAL|0|5|S2,S2,S6,S9,S2|1
PAID_INITIAL|0|5|S2,S2,S7,S5,S7|1
PAID_INITIAL|0|5|S2,S2,S7,S7,S2|1
PAID_INITIAL|0|5|S2,S2,S7,S7,S6|1
PAID_INITIAL|0|5|S2,S2,S7,S9,S7|1
PAID_INITIAL|0|5|S2,S2,S8,S5,S2|1
PAID_INITIAL|0|5|S2,S2,S8,S5,S6|1
PAID_INITIAL|0|5|S2,S2,S8,S6,S3|1
PAID_INITIAL|0|5|S2,S2,S8,S6,S7|1
PAID_INITIAL|0|5|S2,S2,S9,S2,S3|1
PAID_INITIAL|0|5|S2,S2,S9,S4,S4|1
PAID_INITIAL|0|5|S2,S3,S1,S9,S4|1
PAID_INITIAL|0|5|S2,S3,S2,S4,S9|1
PAID_INITIAL|0|5|S2,S3,S2,S7,S6|1
PAID_INITIAL|0|5|S2,S3,S2,S7,S9|1
PAID_INITIAL|0|5|S2,S3,S2,S9,S7|1
PAID_INITIAL|0|5|S2,S3,S3,S2,S7|1
PAID_INITIAL|0|5|S2,S3,S3,S7,S6|1
PAID_INITIAL|0|5|S2,S3,S4,S2,S3|1
PAID_INITIAL|0|5|S2,S3,S4,S7,S5|1
PAID_INITIAL|0|5|S2,S3,S5,S6,S5|1
PAID_INITIAL|0|5|S2,S3,S6,S3,S6|1
PAID_INITIAL|0|5|S2,S3,S6,S4,S8|1
PAID_INITIAL|0|5|S2,S3,S6,S5,S9|1
PAID_INITIAL|0|5|S2,S3,S7,S5,S6|2
PAID_INITIAL|0|5|S2,S3,S8,S1,S6|1
PAID_INITIAL|0|5|S2,S3,S8,S3,S9|1
PAID_INITIAL|0|5|S2,S3,S8,S4,S5|1
PAID_INITIAL|0|5|S2,S3,S8,S6,S4|1
PAID_INITIAL|0|5|S2,S3,S8,S8,S5|1
PAID_INITIAL|0|5|S2,S3,S9,S2,S3|1
PAID_INITIAL|0|5|S2,S3,S9,S4,S7|1
PAID_INITIAL|0|5|S2,S3,S9,S9,S8|1
PAID_INITIAL|0|5|S2,S4,S2,S5,S6|1
PAID_INITIAL|0|5|S2,S4,S2,S7,S2|1
PAID_INITIAL|0|5|S2,S4,S2,S7,S4|1
PAID_INITIAL|0|5|S2,S4,S2,S7,S5|1
PAID_INITIAL|0|5|S2,S4,S3,S3,S6|1
PAID_INITIAL|0|5|S2,S4,S3,S6,S8|1
PAID_INITIAL|0|5|S2,S4,S4,S3,S6|1
PAID_INITIAL|0|5|S2,S4,S4,S3,S8|1
PAID_INITIAL|0|5|S2,S4,S4,S4,S7|1
PAID_INITIAL|0|5|S2,S4,S4,S7,S2|1
PAID_INITIAL|0|5|S2,S4,S4,S9,S7|1
PAID_INITIAL|0|5|S2,S4,S6,S3,S7|1
PAID_INITIAL|0|5|S2,S4,S6,S5,S7|1
PAID_INITIAL|0|5|S2,S4,S6,S9,S6|1
PAID_INITIAL|0|5|S2,S4,S7,S4,S4|1
PAID_INITIAL|0|5|S2,S4,S7,S5,S9|1
PAID_INITIAL|0|5|S2,S4,S7,S8,S7|1
PAID_INITIAL|0|5|S2,S4,S8,S1,S4|1
PAID_INITIAL|0|5|S2,S4,S8,S2,S7|1
PAID_INITIAL|0|5|S2,S4,S8,S5,S7|1
PAID_INITIAL|0|5|S2,S4,S8,S7,S4|1
PAID_INITIAL|0|5|S2,S4,S8,S8,S6|1
PAID_INITIAL|0|5|S2,S4,S8,S8,S7|1
PAID_INITIAL|0|5|S2,S4,S8,S9,S4|1
PAID_INITIAL|0|5|S2,S4,S9,S2,S7|1
PAID_INITIAL|0|5|S2,S4,S9,S7,S6|1
PAID_INITIAL|0|5|S2,S4,S9,S8,S7|1
PAID_INITIAL|0|5|S2,S4,S9,S9,S3|1
PAID_INITIAL|0|5|S2,S4,S9,S9,S9|1
PAID_INITIAL|0|5|S2,S5,S2,S4,S6|1
PAID_INITIAL|0|5|S2,S5,S3,S3,S9|1
PAID_INITIAL|0|5|S2,S5,S3,S6,S6|1
PAID_INITIAL|0|5|S2,S5,S3,S7,S4|1
PAID_INITIAL|0|5|S2,S5,S4,S2,S9|1
PAID_INITIAL|0|5|S2,S5,S4,S6,S9|1
PAID_INITIAL|0|5|S2,S5,S4,S7,S7|1
PAID_INITIAL|0|5|S2,S5,S6,S3,S9|1
PAID_INITIAL|0|5|S2,S5,S6,S4,S2|1
PAID_INITIAL|0|5|S2,S5,S6,S4,S5|1
PAID_INITIAL|0|5|S2,S5,S6,S8,S6|1
PAID_INITIAL|0|5|S2,S5,S7,S6,S3|1
PAID_INITIAL|0|5|S2,S5,S7,S9,S8|1
PAID_INITIAL|0|5|S2,S5,S8,S6,S5|1
PAID_INITIAL|0|5|S2,S5,S8,S7,S3|1
PAID_INITIAL|0|5|S2,S5,S8,S9,S4|1
PAID_INITIAL|0|5|S2,S5,S8,S9,S8|1
PAID_INITIAL|0|5|S2,S5,S9,S6,S9|1
PAID_INITIAL|0|5|S2,S6,S1,S4,S5|1
PAID_INITIAL|0|5|S2,S6,S2,S4,S4|1
PAID_INITIAL|0|5|S2,S6,S2,S4,S8|1
PAID_INITIAL|0|5|S2,S6,S2,S6,S7|1
PAID_INITIAL|0|5|S2,S6,S3,S3,S3|1
PAID_INITIAL|0|5|S2,S6,S3,S7,S4|1
PAID_INITIAL|0|5|S2,S6,S4,S5,S4|1
PAID_INITIAL|0|5|S2,S6,S4,S5,S7|1
PAID_INITIAL|0|5|S2,S6,S5,S1,S5|1
PAID_INITIAL|0|5|S2,S6,S5,S2,S2|1
PAID_INITIAL|0|5|S2,S6,S5,S5,S6|1
PAID_INITIAL|0|5|S2,S6,S5,S9,S4|1
PAID_INITIAL|0|5|S2,S6,S5,S9,S7|1
PAID_INITIAL|0|5|S2,S6,S6,S3,S2|1
PAID_INITIAL|0|5|S2,S6,S6,S6,S3|3
PAID_INITIAL|0|5|S2,S6,S6,S8,S5|1
PAID_INITIAL|0|5|S2,S6,S7,S5,S3|1
PAID_INITIAL|0|5|S2,S6,S7,S6,S9|1
PAID_INITIAL|0|5|S2,S6,S7,S7,S4|1
PAID_INITIAL|0|5|S2,S6,S7,S7,S5|1
PAID_INITIAL|0|5|S2,S6,S7,S8,S6|1
PAID_INITIAL|0|5|S2,S6,S7,S9,S5|1
PAID_INITIAL|0|5|S2,S6,S8,S4,S2|1
PAID_INITIAL|0|5|S2,S6,S8,S4,S6|1
PAID_INITIAL|0|5|S2,S6,S8,S5,S3|1
PAID_INITIAL|0|5|S2,S7,S3,S4,S4|1
PAID_INITIAL|0|5|S2,S7,S6,S2,S2|1
PAID_INITIAL|0|5|S2,S7,S6,S9,S8|1
PAID_INITIAL|0|5|S2,S7,S8,S2,S2|1
PAID_INITIAL|0|5|S2,S7,S8,S3,S6|1
PAID_INITIAL|0|5|S2,S7,S8,S9,S4|1
PAID_INITIAL|0|5|S2,S7,S8,S9,S6|1
PAID_INITIAL|0|5|S2,S8,S1,S6,S4|1
PAID_INITIAL|0|5|S2,S8,S2,S3,S4|1
PAID_INITIAL|0|5|S2,S8,S2,S4,S2|1
PAID_INITIAL|0|5|S2,S8,S2,S7,S9|1
PAID_INITIAL|0|5|S2,S8,S2,S9,S2|1
PAID_INITIAL|0|5|S2,S8,S3,S3,S3|1
PAID_INITIAL|0|5|S2,S8,S3,S4,S3|1
PAID_INITIAL|0|5|S2,S8,S3,S6,S5|1
PAID_INITIAL|0|5|S2,S8,S3,S8,S2|1
PAID_INITIAL|0|5|S2,S8,S3,S9,S9|1
PAID_INITIAL|0|5|S2,S8,S4,S2,S3|1
PAID_INITIAL|0|5|S2,S8,S4,S4,S2|1
PAID_INITIAL|0|5|S2,S8,S4,S4,S8|1
PAID_INITIAL|0|5|S2,S8,S4,S6,S5|1
PAID_INITIAL|0|5|S2,S8,S5,S7,S8|1
PAID_INITIAL|0|5|S2,S8,S5,S9,S6|1
PAID_INITIAL|0|5|S2,S8,S5,S9,S7|1
PAID_INITIAL|0|5|S2,S8,S6,S9,S4|1
PAID_INITIAL|0|5|S2,S8,S6,S9,S6|1
PAID_INITIAL|0|5|S2,S8,S7,S8,S2|1
PAID_INITIAL|0|5|S2,S8,S7,S9,S4|1
PAID_INITIAL|0|5|S2,S8,S9,S3,S9|1
PAID_INITIAL|0|5|S2,S8,S9,S6,S6|1
PAID_INITIAL|0|5|S2,S9,S1,S4,S8|1
PAID_INITIAL|0|5|S2,S9,S2,S4,S7|1
PAID_INITIAL|0|5|S2,S9,S2,S5,S3|1
PAID_INITIAL|0|5|S2,S9,S3,S7,S5|1
PAID_INITIAL|0|5|S2,S9,S3,S9,S5|1
PAID_INITIAL|0|5|S2,S9,S5,S5,S7|1
PAID_INITIAL|0|5|S2,S9,S5,S7,S6|1
PAID_INITIAL|0|5|S2,S9,S5,S8,S9|1
PAID_INITIAL|0|5|S2,S9,S6,S8,S6|1
PAID_INITIAL|0|5|S2,S9,S7,S6,S4|1
PAID_INITIAL|0|5|S2,S9,S7,S7,S2|1
PAID_INITIAL|0|5|S2,S9,S7,S8,S8|1
PAID_INITIAL|0|5|S2,S9,S8,S2,S6|1
PAID_INITIAL|0|5|S2,S9,S8,S3,S5|1
PAID_INITIAL|0|5|S2,S9,S8,S4,S5|1
PAID_INITIAL|0|5|S2,S9,S9,S5,S4|1
PAID_INITIAL|0|5|S3,S1,S3,S3,S6|1
PAID_INITIAL|0|5|S3,S1,S5,S6,S8|1
PAID_INITIAL|0|5|S3,S1,S9,S5,S9|1
PAID_INITIAL|0|5|S3,S2,S2,S5,S1|1
PAID_INITIAL|0|5|S3,S2,S2,S6,S3|1
PAID_INITIAL|0|5|S3,S2,S2,S8,S2|1
PAID_INITIAL|0|5|S3,S2,S2,S9,S4|1
PAID_INITIAL|0|5|S3,S2,S2,S9,S6|1
PAID_INITIAL|0|5|S3,S2,S2,S9,S9|1
PAID_INITIAL|0|5|S3,S2,S3,S5,S4|1
PAID_INITIAL|0|5|S3,S2,S3,S6,S9|1
PAID_INITIAL|0|5|S3,S2,S4,S5,S4|1
PAID_INITIAL|0|5|S3,S2,S4,S8,S3|1
PAID_INITIAL|0|5|S3,S2,S4,S9,S5|1
PAID_INITIAL|0|5|S3,S2,S5,S8,S7|1
PAID_INITIAL|0|5|S3,S2,S5,S9,S7|1
PAID_INITIAL|0|5|S3,S2,S6,S3,S7|1
PAID_INITIAL|0|5|S3,S2,S8,S2,S2|1
PAID_INITIAL|0|5|S3,S2,S8,S6,S8|1
PAID_INITIAL|0|5|S3,S2,S8,S7,S6|1
PAID_INITIAL|0|5|S3,S2,S8,S9,S3|1
PAID_INITIAL|0|5|S3,S2,S9,S4,S5|1
PAID_INITIAL|0|5|S3,S2,S9,S4,S7|1
PAID_INITIAL|0|5|S3,S3,S1,S8,S5|1
PAID_INITIAL|0|5|S3,S3,S2,S3,S9|1
PAID_INITIAL|0|5|S3,S3,S2,S7,S2|1
PAID_INITIAL|0|5|S3,S3,S2,S8,S3|1
PAID_INITIAL|0|5|S3,S3,S3,S1,S6|1
PAID_INITIAL|0|5|S3,S3,S3,S3,S4|1
PAID_INITIAL|0|5|S3,S3,S3,S6,S4|1
PAID_INITIAL|0|5|S3,S3,S3,S6,S8|1
PAID_INITIAL|0|5|S3,S3,S3,S7,S5|1
PAID_INITIAL|0|5|S3,S3,S4,S3,S8|1
PAID_INITIAL|0|5|S3,S3,S4,S6,S2|1
PAID_INITIAL|0|5|S3,S3,S4,S8,S3|1
PAID_INITIAL|0|5|S3,S3,S5,S8,S2|1
PAID_INITIAL|0|5|S3,S3,S6,S2,S7|1
PAID_INITIAL|0|5|S3,S3,S6,S9,S9|1
PAID_INITIAL|0|5|S3,S3,S7,S1,S5|1
PAID_INITIAL|0|5|S3,S3,S7,S3,S6|1
PAID_INITIAL|0|5|S3,S3,S7,S6,S3|1
PAID_INITIAL|0|5|S3,S3,S7,S6,S9|1
PAID_INITIAL|0|5|S3,S3,S7,S7,S5|1
PAID_INITIAL|0|5|S3,S3,S8,S2,S1|1
PAID_INITIAL|0|5|S3,S3,S8,S2,S2|1
PAID_INITIAL|0|5|S3,S3,S8,S5,S4|1
PAID_INITIAL|0|5|S3,S3,S8,S7,S5|1
PAID_INITIAL|0|5|S3,S3,S9,S4,S9|1
PAID_INITIAL|0|5|S3,S3,S9,S7,S3|1
PAID_INITIAL|0|5|S3,S3,S9,S8,S3|1
PAID_INITIAL|0|5|S3,S4,S2,S8,S9|1
PAID_INITIAL|0|5|S3,S4,S3,S3,S5|1
PAID_INITIAL|0|5|S3,S4,S3,S5,S4|1
PAID_INITIAL|0|5|S3,S4,S3,S6,S4|1
PAID_INITIAL|0|5|S3,S4,S4,S8,S2|1
PAID_INITIAL|0|5|S3,S4,S4,S8,S5|1
PAID_INITIAL|0|5|S3,S4,S5,S5,S3|1
PAID_INITIAL|0|5|S3,S4,S5,S7,S5|1
PAID_INITIAL|0|5|S3,S4,S5,S9,S6|1
PAID_INITIAL|0|5|S3,S4,S6,S3,S2|1
PAID_INITIAL|0|5|S3,S4,S6,S8,S7|1
PAID_INITIAL|0|5|S3,S4,S6,S8,S8|1
PAID_INITIAL|0|5|S3,S4,S7,S3,S9|1
PAID_INITIAL|0|5|S3,S4,S7,S6,S6|1
PAID_INITIAL|0|5|S3,S4,S8,S2,S5|1
PAID_INITIAL|0|5|S3,S4,S8,S2,S6|1
PAID_INITIAL|0|5|S3,S4,S8,S3,S3|1
PAID_INITIAL|0|5|S3,S4,S8,S8,S7|1
PAID_INITIAL|0|5|S3,S4,S9,S2,S9|1
PAID_INITIAL|0|5|S3,S4,S9,S3,S3|1
PAID_INITIAL|0|5|S3,S4,S9,S5,S3|1
PAID_INITIAL|0|5|S3,S4,S9,S6,S7|1
PAID_INITIAL|0|5|S3,S4,S9,S8,S4|1
PAID_INITIAL|0|5|S3,S4,S9,S8,S5|1
PAID_INITIAL|0|5|S3,S5,S2,S2,S5|1
PAID_INITIAL|0|5|S3,S5,S2,S6,S5|1
PAID_INITIAL|0|5|S3,S5,S2,S9,S8|1
PAID_INITIAL|0|5|S3,S5,S3,S4,S3|1
PAID_INITIAL|0|5|S3,S5,S3,S5,S4|1
PAID_INITIAL|0|5|S3,S5,S3,S7,S7|1
PAID_INITIAL|0|5|S3,S5,S3,S8,S4|1
PAID_INITIAL|0|5|S3,S5,S3,S8,S5|1
PAID_INITIAL|0|5|S3,S5,S4,S3,S9|1
PAID_INITIAL|0|5|S3,S5,S4,S5,S4|1
PAID_INITIAL|0|5|S3,S5,S5,S6,S7|1
PAID_INITIAL|0|5|S3,S5,S5,S7,S4|1
PAID_INITIAL|0|5|S3,S5,S5,S7,S9|1
PAID_INITIAL|0|5|S3,S5,S6,S4,S2|1
PAID_INITIAL|0|5|S3,S5,S6,S5,S8|1
PAID_INITIAL|0|5|S3,S5,S6,S7,S9|1
PAID_INITIAL|0|5|S3,S5,S7,S5,S4|1
PAID_INITIAL|0|5|S3,S5,S7,S8,S8|1
PAID_INITIAL|0|5|S3,S5,S8,S3,S7|1
PAID_INITIAL|0|5|S3,S5,S8,S7,S9|1
PAID_INITIAL|0|5|S3,S5,S8,S8,S8|1
PAID_INITIAL|0|5|S3,S5,S9,S3,S5|1
PAID_INITIAL|0|5|S3,S5,S9,S5,S5|1
PAID_INITIAL|0|5|S3,S5,S9,S5,S9|1
PAID_INITIAL|0|5|S3,S5,S9,S9,S9|1
PAID_INITIAL|0|5|S3,S6,S2,S6,S3|1
PAID_INITIAL|0|5|S3,S6,S2,S9,S8|1
PAID_INITIAL|0|5|S3,S6,S3,S4,S2|1
PAID_INITIAL|0|5|S3,S6,S3,S4,S6|1
PAID_INITIAL|0|5|S3,S6,S3,S4,S7|1
PAID_INITIAL|0|5|S3,S6,S4,S8,S7|2
PAID_INITIAL|0|5|S3,S6,S4,S8,S9|1
PAID_INITIAL|0|5|S3,S6,S4,S9,S7|1
PAID_INITIAL|0|5|S3,S6,S5,S3,S4|1
PAID_INITIAL|0|5|S3,S6,S6,S6,S7|1
PAID_INITIAL|0|5|S3,S6,S6,S7,S3|1
PAID_INITIAL|0|5|S3,S6,S6,S8,S6|1
PAID_INITIAL|0|5|S3,S6,S6,S9,S6|1
PAID_INITIAL|0|5|S3,S6,S7,S5,S4|1
PAID_INITIAL|0|5|S3,S6,S8,S5,S2|1
PAID_INITIAL|0|5|S3,S6,S9,S2,S6|1
PAID_INITIAL|0|5|S3,S6,S9,S6,S5|1
PAID_INITIAL|0|5|S3,S6,S9,S7,S5|1
PAID_INITIAL|0|5|S3,S7,S2,S2,S9|1
PAID_INITIAL|0|5|S3,S7,S2,S3,S4|1
PAID_INITIAL|0|5|S3,S7,S2,S6,S5|1
PAID_INITIAL|0|5|S3,S7,S2,S8,S3|1
PAID_INITIAL|0|5|S3,S7,S2,S8,S4|1
PAID_INITIAL|0|5|S3,S7,S2,S9,S8|1
PAID_INITIAL|0|5|S3,S7,S3,S5,S9|1
PAID_INITIAL|0|5|S3,S7,S3,S6,S9|1
PAID_INITIAL|0|5|S3,S7,S4,S7,S8|1
PAID_INITIAL|0|5|S3,S7,S5,S5,S4|1
PAID_INITIAL|0|5|S3,S7,S5,S6,S2|1
PAID_INITIAL|0|5|S3,S7,S5,S7,S2|1
PAID_INITIAL|0|5|S3,S7,S6,S3,S5|1
PAID_INITIAL|0|5|S3,S7,S6,S6,S4|1
PAID_INITIAL|0|5|S3,S7,S6,S6,S6|2
PAID_INITIAL|0|5|S3,S7,S6,S6,S8|1
PAID_INITIAL|0|5|S3,S7,S6,S8,S3|1
PAID_INITIAL|0|5|S3,S7,S7,S2,S2|2
PAID_INITIAL|0|5|S3,S7,S7,S2,S8|1
PAID_INITIAL|0|5|S3,S7,S7,S4,S3|1
PAID_INITIAL|0|5|S3,S7,S7,S4,S8|1
PAID_INITIAL|0|5|S3,S7,S7,S7,S4|2
PAID_INITIAL|0|5|S3,S7,S8,S3,S2|1
PAID_INITIAL|0|5|S3,S7,S9,S4,S7|1
PAID_INITIAL|0|5|S3,S7,S9,S8,S9|1
PAID_INITIAL|0|5|S3,S8,S2,S4,S6|1
PAID_INITIAL|0|5|S3,S8,S2,S5,S3|1
PAID_INITIAL|0|5|S3,S8,S2,S6,S3|1
PAID_INITIAL|0|5|S3,S8,S2,S8,S7|1
PAID_INITIAL|0|5|S3,S8,S3,S6,S7|1
PAID_INITIAL|0|5|S3,S8,S3,S7,S3|1
PAID_INITIAL|0|5|S3,S8,S3,S9,S2|1
PAID_INITIAL|0|5|S3,S8,S4,S4,S8|2
PAID_INITIAL|0|5|S3,S8,S4,S8,S5|1
PAID_INITIAL|0|5|S3,S8,S4,S8,S7|1
PAID_INITIAL|0|5|S3,S8,S4,S8,S9|1
PAID_INITIAL|0|5|S3,S8,S5,S1,S9|1
PAID_INITIAL|0|5|S3,S8,S5,S5,S8|1
PAID_INITIAL|0|5|S3,S8,S5,S7,S3|1
PAID_INITIAL|0|5|S3,S8,S5,S8,S7|1
PAID_INITIAL|0|5|S3,S8,S6,S4,S6|1
PAID_INITIAL|0|5|S3,S8,S6,S5,S9|1
PAID_INITIAL|0|5|S3,S8,S7,S4,S4|2
PAID_INITIAL|0|5|S3,S8,S7,S7,S6|1
PAID_INITIAL|0|5|S3,S8,S7,S8,S5|1
PAID_INITIAL|0|5|S3,S8,S8,S4,S8|1
PAID_INITIAL|0|5|S3,S8,S8,S5,S5|1
PAID_INITIAL|0|5|S3,S8,S8,S9,S1|1
PAID_INITIAL|0|5|S3,S8,S8,S9,S6|1
PAID_INITIAL|0|5|S3,S8,S9,S3,S3|1
PAID_INITIAL|0|5|S3,S8,S9,S3,S4|1
PAID_INITIAL|0|5|S3,S8,S9,S4,S2|1
PAID_INITIAL|0|5|S3,S8,S9,S4,S7|1
PAID_INITIAL|0|5|S3,S9,S2,S4,S2|1
PAID_INITIAL|0|5|S3,S9,S2,S4,S4|1
PAID_INITIAL|0|5|S3,S9,S2,S5,S5|1
PAID_INITIAL|0|5|S3,S9,S2,S6,S8|1
PAID_INITIAL|0|5|S3,S9,S2,S8,S9|1
PAID_INITIAL|0|5|S3,S9,S2,S9,S3|1
PAID_INITIAL|0|5|S3,S9,S3,S1,S9|1
PAID_INITIAL|0|5|S3,S9,S3,S6,S9|1
PAID_INITIAL|0|5|S3,S9,S3,S7,S2|1
PAID_INITIAL|0|5|S3,S9,S4,S4,S4|1
PAID_INITIAL|0|5|S3,S9,S5,S3,S6|1
PAID_INITIAL|0|5|S3,S9,S5,S4,S3|1
PAID_INITIAL|0|5|S3,S9,S5,S5,S1|1
PAID_INITIAL|0|5|S3,S9,S6,S2,S4|1
PAID_INITIAL|0|5|S3,S9,S6,S6,S2|1
PAID_INITIAL|0|5|S3,S9,S7,S6,S7|1
PAID_INITIAL|0|5|S3,S9,S7,S9,S1|1
PAID_INITIAL|0|5|S3,S9,S8,S5,S3|1
PAID_INITIAL|0|5|S3,S9,S8,S6,S3|1
PAID_INITIAL|0|5|S3,S9,S8,S7,S5|1
PAID_INITIAL|0|5|S3,S9,S8,S7,S8|1
PAID_INITIAL|0|5|S3,S9,S8,S9,S8|1
PAID_INITIAL|0|5|S3,S9,S9,S8,S8|1
PAID_INITIAL|0|5|S4,S1,S3,S3,S4|1
PAID_INITIAL|0|5|S4,S1,S6,S8,S3|1
PAID_INITIAL|0|5|S4,S1,S7,S4,S4|1
PAID_INITIAL|0|5|S4,S2,S2,S4,S7|1
PAID_INITIAL|0|5|S4,S2,S3,S4,S2|1
PAID_INITIAL|0|5|S4,S2,S3,S7,S2|1
PAID_INITIAL|0|5|S4,S2,S4,S5,S1|1
PAID_INITIAL|0|5|S4,S2,S4,S7,S7|1
PAID_INITIAL|0|5|S4,S2,S5,S2,S9|1
PAID_INITIAL|0|5|S4,S2,S5,S9,S9|1
PAID_INITIAL|0|5|S4,S2,S6,S3,S8|1
PAID_INITIAL|0|5|S4,S2,S6,S6,S4|1
PAID_INITIAL|0|5|S4,S2,S6,S8,S3|1
PAID_INITIAL|0|5|S4,S2,S6,S9,S9|1
PAID_INITIAL|0|5|S4,S2,S7,S4,S9|1
PAID_INITIAL|0|5|S4,S2,S7,S6,S6|1
PAID_INITIAL|0|5|S4,S2,S7,S7,S8|1
PAID_INITIAL|0|5|S4,S3,S2,S3,S4|1
PAID_INITIAL|0|5|S4,S3,S2,S6,S5|1
PAID_INITIAL|0|5|S4,S3,S3,S2,S5|1
PAID_INITIAL|0|5|S4,S3,S3,S9,S3|1
PAID_INITIAL|0|5|S4,S3,S4,S6,S4|1
PAID_INITIAL|0|5|S4,S3,S4,S6,S7|1
PAID_INITIAL|0|5|S4,S3,S5,S1,S6|1
PAID_INITIAL|0|5|S4,S3,S5,S4,S1|1
PAID_INITIAL|0|5|S4,S3,S5,S7,S7|1
PAID_INITIAL|0|5|S4,S3,S6,S8,S4|2
PAID_INITIAL|0|5|S4,S3,S6,S9,S9|1
PAID_INITIAL|0|5|S4,S3,S7,S3,S7|1
PAID_INITIAL|0|5|S4,S3,S7,S5,S9|1
PAID_INITIAL|0|5|S4,S3,S7,S6,S9|1
PAID_INITIAL|0|5|S4,S3,S8,S3,S9|1
PAID_INITIAL|0|5|S4,S3,S8,S4,S4|1
PAID_INITIAL|0|5|S4,S3,S9,S7,S6|1
PAID_INITIAL|0|5|S4,S3,S9,S8,S4|1
PAID_INITIAL|0|5|S4,S4,S2,S9,S3|1
PAID_INITIAL|0|5|S4,S4,S3,S2,S8|1
PAID_INITIAL|0|5|S4,S4,S3,S3,S7|1
PAID_INITIAL|0|5|S4,S4,S3,S5,S4|1
PAID_INITIAL|0|5|S4,S4,S3,S7,S5|1
PAID_INITIAL|0|5|S4,S4,S3,S9,S3|1
PAID_INITIAL|0|5|S4,S4,S4,S3,S2|1
PAID_INITIAL|0|5|S4,S4,S4,S5,S4|1
PAID_INITIAL|0|5|S4,S4,S4,S6,S5|1
PAID_INITIAL|0|5|S4,S4,S4,S8,S7|1
PAID_INITIAL|0|5|S4,S4,S4,S9,S4|1
PAID_INITIAL|0|5|S4,S4,S4,S9,S9|1
PAID_INITIAL|0|5|S4,S4,S5,S2,S3|1
PAID_INITIAL|0|5|S4,S4,S5,S2,S5|1
PAID_INITIAL|0|5|S4,S4,S5,S3,S3|1
PAID_INITIAL|0|5|S4,S4,S5,S7,S2|1
PAID_INITIAL|0|5|S4,S4,S5,S8,S4|1
PAID_INITIAL|0|5|S4,S4,S6,S2,S3|1
PAID_INITIAL|0|5|S4,S4,S6,S4,S8|1
PAID_INITIAL|0|5|S4,S4,S6,S7,S8|1
PAID_INITIAL|0|5|S4,S4,S7,S2,S7|1
PAID_INITIAL|0|5|S4,S4,S7,S2,S9|1
PAID_INITIAL|0|5|S4,S4,S8,S2,S3|1
PAID_INITIAL|0|5|S4,S4,S8,S4,S4|1
PAID_INITIAL|0|5|S4,S4,S8,S5,S5|1
PAID_INITIAL|0|5|S4,S4,S8,S9,S7|1
PAID_INITIAL|0|5|S4,S4,S9,S3,S2|1
PAID_INITIAL|0|5|S4,S4,S9,S3,S6|1
PAID_INITIAL|0|5|S4,S4,S9,S9,S5|1
PAID_INITIAL|0|5|S4,S5,S2,S3,S5|1
PAID_INITIAL|0|5|S4,S5,S2,S5,S5|1
PAID_INITIAL|0|5|S4,S5,S2,S6,S4|1
PAID_INITIAL|0|5|S4,S5,S3,S6,S3|1
PAID_INITIAL|0|5|S4,S5,S3,S7,S9|1
PAID_INITIAL|0|5|S4,S5,S3,S8,S5|1
PAID_INITIAL|0|5|S4,S5,S3,S9,S4|1
PAID_INITIAL|0|5|S4,S5,S4,S3,S5|1
PAID_INITIAL|0|5|S4,S5,S4,S7,S4|2
PAID_INITIAL|0|5|S4,S5,S4,S8,S7|2
PAID_INITIAL|0|5|S4,S5,S4,S9,S7|1
PAID_INITIAL|0|5|S4,S5,S5,S5,S2|1
PAID_INITIAL|0|5|S4,S5,S5,S6,S5|1
PAID_INITIAL|0|5|S4,S5,S5,S9,S7|1
PAID_INITIAL|0|5|S4,S5,S6,S2,S6|1
PAID_INITIAL|0|5|S4,S5,S6,S2,S7|1
PAID_INITIAL|0|5|S4,S5,S6,S3,S7|1
PAID_INITIAL|0|5|S4,S5,S6,S8,S4|1
PAID_INITIAL|0|5|S4,S5,S7,S3,S7|1
PAID_INITIAL|0|5|S4,S5,S7,S7,S4|1
PAID_INITIAL|0|5|S4,S5,S8,S4,S5|1
PAID_INITIAL|0|5|S4,S5,S8,S6,S7|1
PAID_INITIAL|0|5|S4,S5,S9,S7,S7|1
PAID_INITIAL|0|5|S4,S5,S9,S8,S8|1
PAID_INITIAL|0|5|S4,S6,S1,S2,S6|1
PAID_INITIAL|0|5|S4,S6,S2,S2,S4|1
PAID_INITIAL|0|5|S4,S6,S3,S5,S5|1
PAID_INITIAL|0|5|S4,S6,S3,S6,S3|1
PAID_INITIAL|0|5|S4,S6,S3,S9,S6|1
PAID_INITIAL|0|5|S4,S6,S4,S2,S2|1
PAID_INITIAL|0|5|S4,S6,S4,S8,S9|1
PAID_INITIAL|0|5|S4,S6,S5,S3,S5|1
PAID_INITIAL|0|5|S4,S6,S5,S5,S6|1
PAID_INITIAL|0|5|S4,S6,S6,S3,S6|1
PAID_INITIAL|0|5|S4,S6,S7,S2,S2|1
PAID_INITIAL|0|5|S4,S6,S7,S2,S9|1
PAID_INITIAL|0|5|S4,S6,S7,S5,S6|1
PAID_INITIAL|0|5|S4,S6,S8,S7,S4|1
PAID_INITIAL|0|5|S4,S6,S8,S7,S7|1
PAID_INITIAL|0|5|S4,S6,S8,S8,S9|1
PAID_INITIAL|0|5|S4,S6,S9,S5,S9|1
PAID_INITIAL|0|5|S4,S6,S9,S6,S4|1
PAID_INITIAL|0|5|S4,S7,S2,S3,S6|1
PAID_INITIAL|0|5|S4,S7,S2,S4,S5|1
PAID_INITIAL|0|5|S4,S7,S2,S5,S6|1
PAID_INITIAL|0|5|S4,S7,S2,S9,S7|1
PAID_INITIAL|0|5|S4,S7,S4,S8,S6|1
PAID_INITIAL|0|5|S4,S7,S5,S4,S4|1
PAID_INITIAL|0|5|S4,S7,S5,S5,S8|1
PAID_INITIAL|0|5|S4,S7,S5,S8,S5|1
PAID_INITIAL|0|5|S4,S7,S5,S9,S3|1
PAID_INITIAL|0|5|S4,S7,S5,S9,S9|1
PAID_INITIAL|0|5|S4,S7,S8,S3,S3|1
PAID_INITIAL|0|5|S4,S7,S8,S3,S7|1
PAID_INITIAL|0|5|S4,S7,S8,S5,S9|1
PAID_INITIAL|0|5|S4,S7,S9,S3,S2|1
PAID_INITIAL|0|5|S4,S7,S9,S5,S3|1
PAID_INITIAL|0|5|S4,S7,S9,S6,S3|1
PAID_INITIAL|0|5|S4,S7,S9,S7,S7|1
PAID_INITIAL|0|5|S4,S8,S1,S5,S9|1
PAID_INITIAL|0|5|S4,S8,S2,S2,S7|1
PAID_INITIAL|0|5|S4,S8,S2,S4,S2|1
PAID_INITIAL|0|5|S4,S8,S2,S6,S2|1
PAID_INITIAL|0|5|S4,S8,S2,S8,S4|1
PAID_INITIAL|0|5|S4,S8,S2,S9,S5|1
PAID_INITIAL|0|5|S4,S8,S3,S5,S4|1
PAID_INITIAL|0|5|S4,S8,S3,S7,S8|2
PAID_INITIAL|0|5|S4,S8,S4,S2,S4|1
PAID_INITIAL|0|5|S4,S8,S4,S6,S5|1
PAID_INITIAL|0|5|S4,S8,S4,S9,S7|1
PAID_INITIAL|0|5|S4,S8,S5,S3,S5|1
PAID_INITIAL|0|5|S4,S8,S6,S2,S8|1
PAID_INITIAL|0|5|S4,S8,S6,S3,S9|1
PAID_INITIAL|0|5|S4,S8,S6,S5,S7|1
PAID_INITIAL|0|5|S4,S8,S6,S6,S7|1
PAID_INITIAL|0|5|S4,S8,S6,S7,S5|1
PAID_INITIAL|0|5|S4,S8,S7,S2,S5|1
PAID_INITIAL|0|5|S4,S8,S7,S2,S7|1
PAID_INITIAL|0|5|S4,S8,S7,S3,S7|1
PAID_INITIAL|0|5|S4,S8,S7,S6,S8|1
PAID_INITIAL|0|5|S4,S8,S7,S7,S7|1
PAID_INITIAL|0|5|S4,S8,S8,S5,S6|1
PAID_INITIAL|0|5|S4,S8,S8,S7,S4|1
PAID_INITIAL|0|5|S4,S8,S9,S4,S2|1
PAID_INITIAL|0|5|S4,S8,S9,S7,S3|1
PAID_INITIAL|0|5|S4,S9,S2,S3,S2|1
PAID_INITIAL|0|5|S4,S9,S2,S3,S3|2
PAID_INITIAL|0|5|S4,S9,S2,S3,S7|1
PAID_INITIAL|0|5|S4,S9,S2,S4,S2|1
PAID_INITIAL|0|5|S4,S9,S2,S5,S7|1
PAID_INITIAL|0|5|S4,S9,S2,S9,S6|1
PAID_INITIAL|0|5|S4,S9,S3,S6,S3|1
PAID_INITIAL|0|5|S4,S9,S5,S6,S2|1
PAID_INITIAL|0|5|S4,S9,S5,S6,S6|1
PAID_INITIAL|0|5|S4,S9,S6,S5,S6|1
PAID_INITIAL|0|5|S4,S9,S7,S6,S3|1
PAID_INITIAL|0|5|S4,S9,S7,S6,S4|1
PAID_INITIAL|0|5|S4,S9,S7,S8,S8|1
PAID_INITIAL|0|5|S4,S9,S8,S3,S4|1
PAID_INITIAL|0|5|S4,S9,S8,S9,S9|1
PAID_INITIAL|0|5|S4,S9,S9,S2,S4|1
PAID_INITIAL|0|5|S4,S9,S9,S3,S8|1
PAID_INITIAL|0|5|S4,S9,S9,S7,S3|1
PAID_INITIAL|0|5|S5,S1,S2,S2,S2|1
PAID_INITIAL|0|5|S5,S1,S2,S6,S2|1
PAID_INITIAL|0|5|S5,S1,S3,S5,S7|1
PAID_INITIAL|0|5|S5,S1,S6,S9,S9|1
PAID_INITIAL|0|5|S5,S1,S7,S9,S2|1
PAID_INITIAL|0|5|S5,S2,S2,S4,S3|1
PAID_INITIAL|0|5|S5,S2,S2,S8,S5|1
PAID_INITIAL|0|5|S5,S2,S2,S9,S9|1
PAID_INITIAL|0|5|S5,S2,S3,S3,S6|1
PAID_INITIAL|0|5|S5,S2,S4,S5,S4|1
PAID_INITIAL|0|5|S5,S2,S4,S5,S9|1
PAID_INITIAL|0|5|S5,S2,S5,S5,S6|1
PAID_INITIAL|0|5|S5,S2,S5,S6,S5|1
PAID_INITIAL|0|5|S5,S2,S6,S9,S6|1
PAID_INITIAL|0|5|S5,S2,S6,S9,S7|1
PAID_INITIAL|0|5|S5,S2,S7,S2,S4|1
PAID_INITIAL|0|5|S5,S2,S7,S4,S3|1
PAID_INITIAL|0|5|S5,S2,S7,S6,S1|1
PAID_INITIAL|0|5|S5,S2,S8,S2,S4|1
PAID_INITIAL|0|5|S5,S2,S9,S3,S7|1
PAID_INITIAL|0|5|S5,S2,S9,S4,S8|1
PAID_INITIAL|0|5|S5,S2,S9,S6,S5|1
PAID_INITIAL|0|5|S5,S2,S9,S7,S6|1
PAID_INITIAL|0|5|S5,S2,S9,S8,S4|1
PAID_INITIAL|0|5|S5,S2,S9,S8,S5|1
PAID_INITIAL|0|5|S5,S3,S2,S4,S3|1
PAID_INITIAL|0|5|S5,S3,S3,S2,S8|1
PAID_INITIAL|0|5|S5,S3,S3,S5,S5|1
PAID_INITIAL|0|5|S5,S3,S3,S6,S4|1
PAID_INITIAL|0|5|S5,S3,S4,S6,S2|1
PAID_INITIAL|0|5|S5,S3,S4,S7,S3|1
PAID_INITIAL|0|5|S5,S3,S5,S4,S5|1
PAID_INITIAL|0|5|S5,S3,S5,S9,S4|1
PAID_INITIAL|0|5|S5,S3,S5,S9,S6|2
PAID_INITIAL|0|5|S5,S3,S6,S4,S2|2
PAID_INITIAL|0|5|S5,S3,S6,S7,S2|1
PAID_INITIAL|0|5|S5,S3,S7,S2,S7|3
PAID_INITIAL|0|5|S5,S3,S7,S3,S9|1
PAID_INITIAL|0|5|S5,S3,S7,S5,S5|1
PAID_INITIAL|0|5|S5,S3,S7,S5,S6|1
PAID_INITIAL|0|5|S5,S3,S7,S7,S5|1
PAID_INITIAL|0|5|S5,S3,S8,S2,S4|1
PAID_INITIAL|0|5|S5,S3,S8,S2,S9|1
PAID_INITIAL|0|5|S5,S3,S8,S5,S2|1
PAID_INITIAL|0|5|S5,S3,S8,S5,S7|1
PAID_INITIAL|0|5|S5,S3,S8,S7,S5|1
PAID_INITIAL|0|5|S5,S3,S9,S4,S9|1
PAID_INITIAL|0|5|S5,S3,S9,S6,S5|1
PAID_INITIAL|0|5|S5,S3,S9,S8,S5|1
PAID_INITIAL|0|5|S5,S3,S9,S9,S6|1
PAID_INITIAL|0|5|S5,S4,S3,S3,S4|1
PAID_INITIAL|0|5|S5,S4,S3,S4,S2|1
PAID_INITIAL|0|5|S5,S4,S3,S4,S6|1
PAID_INITIAL|0|5|S5,S4,S4,S8,S2|1
PAID_INITIAL|0|5|S5,S4,S4,S8,S3|1
PAID_INITIAL|0|5|S5,S4,S4,S8,S7|1
PAID_INITIAL|0|5|S5,S4,S4,S9,S6|3
PAID_INITIAL|0|5|S5,S4,S6,S5,S5|1
PAID_INITIAL|0|5|S5,S4,S7,S3,S4|1
PAID_INITIAL|0|5|S5,S4,S7,S3,S6|1
PAID_INITIAL|0|5|S5,S4,S7,S4,S4|1
PAID_INITIAL|0|5|S5,S4,S7,S6,S7|1
PAID_INITIAL|0|5|S5,S4,S7,S8,S1|1
PAID_INITIAL|0|5|S5,S4,S8,S5,S9|1
PAID_INITIAL|0|5|S5,S4,S8,S8,S9|1
PAID_INITIAL|0|5|S5,S4,S8,S9,S2|1
PAID_INITIAL|0|5|S5,S4,S8,S9,S8|2
PAID_INITIAL|0|5|S5,S4,S9,S6,S7|1
PAID_INITIAL|0|5|S5,S4,S9,S6,S9|1
PAID_INITIAL|0|5|S5,S4,S9,S8,S3|1
PAID_INITIAL|0|5|S5,S5,S2,S3,S9|1
PAID_INITIAL|0|5|S5,S5,S2,S4,S7|1
PAID_INITIAL|0|5|S5,S5,S3,S4,S5|1
PAID_INITIAL|0|5|S5,S5,S3,S5,S7|1
PAID_INITIAL|0|5|S5,S5,S3,S7,S6|1
PAID_INITIAL|0|5|S5,S5,S3,S8,S9|1
PAID_INITIAL|0|5|S5,S5,S4,S1,S5|1
PAID_INITIAL|0|5|S5,S5,S4,S5,S7|1
PAID_INITIAL|0|5|S5,S5,S4,S6,S2|1
PAID_INITIAL|0|5|S5,S5,S4,S6,S3|1
PAID_INITIAL|0|5|S5,S5,S4,S9,S8|1
PAID_INITIAL|0|5|S5,S5,S6,S2,S6|1
PAID_INITIAL|0|5|S5,S5,S6,S2,S7|1
PAID_INITIAL|0|5|S5,S5,S7,S2,S9|1
PAID_INITIAL|0|5|S5,S5,S7,S5,S8|1
PAID_INITIAL|0|5|S5,S5,S7,S9,S3|1
PAID_INITIAL|0|5|S5,S5,S7,S9,S8|1
PAID_INITIAL|0|5|S5,S5,S8,S6,S2|1
PAID_INITIAL|0|5|S5,S5,S8,S7,S4|1
PAID_INITIAL|0|5|S5,S5,S8,S9,S6|1
PAID_INITIAL|0|5|S5,S5,S9,S2,S4|1
PAID_INITIAL|0|5|S5,S5,S9,S3,S3|1
PAID_INITIAL|0|5|S5,S5,S9,S3,S6|1
PAID_INITIAL|0|5|S5,S5,S9,S5,S5|1
PAID_INITIAL|0|5|S5,S6,S1,S8,S7|2
PAID_INITIAL|0|5|S5,S6,S2,S2,S9|1
PAID_INITIAL|0|5|S5,S6,S2,S8,S7|1
PAID_INITIAL|0|5|S5,S6,S3,S3,S4|1
PAID_INITIAL|0|5|S5,S6,S3,S7,S8|1
PAID_INITIAL|0|5|S5,S6,S4,S3,S6|1
PAID_INITIAL|0|5|S5,S6,S4,S6,S7|1
PAID_INITIAL|0|5|S5,S6,S5,S5,S3|1
PAID_INITIAL|0|5|S5,S6,S5,S6,S2|2
PAID_INITIAL|0|5|S5,S6,S5,S9,S9|1
PAID_INITIAL|0|5|S5,S6,S6,S7,S2|1
PAID_INITIAL|0|5|S5,S6,S8,S2,S9|1
PAID_INITIAL|0|5|S5,S6,S8,S3,S5|1
PAID_INITIAL|0|5|S5,S6,S8,S3,S6|1
PAID_INITIAL|0|5|S5,S6,S8,S4,S2|2
PAID_INITIAL|0|5|S5,S6,S8,S5,S2|1
PAID_INITIAL|0|5|S5,S6,S8,S6,S4|1
PAID_INITIAL|0|5|S5,S6,S8,S7,S9|1
PAID_INITIAL|0|5|S5,S6,S9,S4,S7|1
PAID_INITIAL|0|5|S5,S6,S9,S5,S8|1
PAID_INITIAL|0|5|S5,S6,S9,S6,S4|1
PAID_INITIAL|0|5|S5,S6,S9,S7,S8|1
PAID_INITIAL|0|5|S5,S6,S9,S9,S5|1
PAID_INITIAL|0|5|S5,S7,S2,S4,S7|1
PAID_INITIAL|0|5|S5,S7,S2,S6,S4|1
PAID_INITIAL|0|5|S5,S7,S2,S6,S9|1
PAID_INITIAL|0|5|S5,S7,S2,S8,S4|1
PAID_INITIAL|0|5|S5,S7,S3,S3,S6|1
PAID_INITIAL|0|5|S5,S7,S3,S3,S9|1
PAID_INITIAL|0|5|S5,S7,S3,S4,S4|1
PAID_INITIAL|0|5|S5,S7,S4,S3,S6|1
PAID_INITIAL|0|5|S5,S7,S4,S6,S2|1
PAID_INITIAL|0|5|S5,S7,S4,S6,S9|1
PAID_INITIAL|0|5|S5,S7,S5,S4,S3|1
PAID_INITIAL|0|5|S5,S7,S5,S7,S4|1
PAID_INITIAL|0|5|S5,S7,S5,S8,S3|1
PAID_INITIAL|0|5|S5,S7,S6,S1,S8|1
PAID_INITIAL|0|5|S5,S7,S6,S5,S3|1
PAID_INITIAL|0|5|S5,S7,S6,S5,S8|1
PAID_INITIAL|0|5|S5,S7,S6,S6,S3|1
PAID_INITIAL|0|5|S5,S7,S6,S8,S5|1
PAID_INITIAL|0|5|S5,S7,S6,S9,S2|1
PAID_INITIAL|0|5|S5,S7,S7,S2,S6|1
PAID_INITIAL|0|5|S5,S7,S7,S2,S8|1
PAID_INITIAL|0|5|S5,S7,S7,S7,S9|1
PAID_INITIAL|0|5|S5,S7,S8,S2,S5|1
PAID_INITIAL|0|5|S5,S7,S8,S4,S3|1
PAID_INITIAL|0|5|S5,S7,S8,S4,S5|1
PAID_INITIAL|0|5|S5,S7,S8,S8,S3|1
PAID_INITIAL|0|5|S5,S7,S9,S5,S4|1
PAID_INITIAL|0|5|S5,S7,S9,S8,S7|1
PAID_INITIAL|0|5|S5,S8,S2,S5,S4|1
PAID_INITIAL|0|5|S5,S8,S2,S6,S3|1
PAID_INITIAL|0|5|S5,S8,S2,S7,S5|1
PAID_INITIAL|0|5|S5,S8,S3,S3,S6|1
PAID_INITIAL|0|5|S5,S8,S3,S7,S4|1
PAID_INITIAL|0|5|S5,S8,S3,S9,S4|1
PAID_INITIAL|0|5|S5,S8,S4,S4,S9|1
PAID_INITIAL|0|5|S5,S8,S4,S5,S2|1
PAID_INITIAL|0|5|S5,S8,S4,S6,S3|1
PAID_INITIAL|0|5|S5,S8,S4,S8,S5|1
PAID_INITIAL|0|5|S5,S8,S5,S2,S4|1
PAID_INITIAL|0|5|S5,S8,S5,S2,S5|1
PAID_INITIAL|0|5|S5,S8,S5,S5,S3|1
PAID_INITIAL|0|5|S5,S8,S5,S6,S7|1
PAID_INITIAL|0|5|S5,S8,S6,S6,S6|1
PAID_INITIAL|0|5|S5,S8,S6,S7,S7|1
PAID_INITIAL|0|5|S5,S8,S6,S7,S8|1
PAID_INITIAL|0|5|S5,S8,S7,S2,S7|1
PAID_INITIAL|0|5|S5,S8,S7,S5,S9|1
PAID_INITIAL|0|5|S5,S8,S7,S6,S8|1
PAID_INITIAL|0|5|S5,S8,S7,S7,S9|1
PAID_INITIAL|0|5|S5,S8,S8,S1,S4|1
PAID_INITIAL|0|5|S5,S8,S8,S2,S4|1
PAID_INITIAL|0|5|S5,S8,S8,S2,S5|1
PAID_INITIAL|0|5|S5,S8,S8,S4,S7|1
PAID_INITIAL|0|5|S5,S8,S8,S5,S5|1
PAID_INITIAL|0|5|S5,S8,S8,S5,S8|1
PAID_INITIAL|0|5|S5,S8,S9,S3,S4|1
PAID_INITIAL|0|5|S5,S8,S9,S7,S2|1
PAID_INITIAL|0|5|S5,S8,S9,S8,S3|1
PAID_INITIAL|0|5|S5,S9,S1,S5,S3|1
PAID_INITIAL|0|5|S5,S9,S2,S2,S9|3
PAID_INITIAL|0|5|S5,S9,S2,S3,S7|1
PAID_INITIAL|0|5|S5,S9,S2,S4,S8|1
PAID_INITIAL|0|5|S5,S9,S2,S6,S7|2
PAID_INITIAL|0|5|S5,S9,S3,S4,S5|1
PAID_INITIAL|0|5|S5,S9,S4,S2,S3|1
PAID_INITIAL|0|5|S5,S9,S4,S3,S1|1
PAID_INITIAL|0|5|S5,S9,S4,S4,S1|1
PAID_INITIAL|0|5|S5,S9,S4,S5,S7|1
PAID_INITIAL|0|5|S5,S9,S5,S3,S7|1
PAID_INITIAL|0|5|S5,S9,S5,S4,S9|1
PAID_INITIAL|0|5|S5,S9,S5,S7,S5|1
PAID_INITIAL|0|5|S5,S9,S5,S8,S7|1
PAID_INITIAL|0|5|S5,S9,S6,S3,S3|1
PAID_INITIAL|0|5|S5,S9,S6,S5,S8|1
PAID_INITIAL|0|5|S5,S9,S6,S8,S4|1
PAID_INITIAL|0|5|S5,S9,S7,S4,S4|2
PAID_INITIAL|0|5|S5,S9,S8,S4,S7|1
PAID_INITIAL|0|5|S5,S9,S8,S4,S9|1
PAID_INITIAL|0|5|S5,S9,S8,S6,S5|1
PAID_INITIAL|0|5|S5,S9,S8,S8,S5|1
PAID_INITIAL|0|5|S5,S9,S9,S2,S2|1
PAID_INITIAL|0|5|S5,S9,S9,S6,S4|1
PAID_INITIAL|0|5|S6,S1,S5,S6,S3|1
PAID_INITIAL|0|5|S6,S1,S6,S5,S2|1
PAID_INITIAL|0|5|S6,S1,S6,S8,S6|1
PAID_INITIAL|0|5|S6,S1,S7,S4,S2|1
PAID_INITIAL|0|5|S6,S1,S8,S2,S4|1
PAID_INITIAL|0|5|S6,S2,S2,S4,S5|1
PAID_INITIAL|0|5|S6,S2,S2,S5,S5|1
PAID_INITIAL|0|5|S6,S2,S3,S2,S6|1
PAID_INITIAL|0|5|S6,S2,S3,S5,S2|1
PAID_INITIAL|0|5|S6,S2,S3,S8,S9|1
PAID_INITIAL|0|5|S6,S2,S4,S6,S4|1
PAID_INITIAL|0|5|S6,S2,S5,S3,S6|1
PAID_INITIAL|0|5|S6,S2,S5,S4,S2|1
PAID_INITIAL|0|5|S6,S2,S5,S4,S7|1
PAID_INITIAL|0|5|S6,S2,S5,S4,S8|1
PAID_INITIAL|0|5|S6,S2,S5,S7,S9|1
PAID_INITIAL|0|5|S6,S2,S6,S2,S5|1
PAID_INITIAL|0|5|S6,S2,S6,S3,S4|1
PAID_INITIAL|0|5|S6,S2,S7,S2,S2|1
PAID_INITIAL|0|5|S6,S2,S7,S2,S5|2
PAID_INITIAL|0|5|S6,S2,S7,S3,S7|1
PAID_INITIAL|0|5|S6,S2,S7,S4,S6|1
PAID_INITIAL|0|5|S6,S2,S7,S6,S5|1
PAID_INITIAL|0|5|S6,S2,S8,S6,S3|1
PAID_INITIAL|0|5|S6,S2,S9,S5,S2|1
PAID_INITIAL|0|5|S6,S2,S9,S6,S4|1
PAID_INITIAL|0|5|S6,S2,S9,S8,S9|1
PAID_INITIAL|0|5|S6,S2,S9,S9,S1|1
PAID_INITIAL|0|5|S6,S3,S2,S2,S3|1
PAID_INITIAL|0|5|S6,S3,S2,S2,S7|1
PAID_INITIAL|0|5|S6,S3,S2,S4,S4|1
PAID_INITIAL|0|5|S6,S3,S3,S2,S2|1
PAID_INITIAL|0|5|S6,S3,S3,S2,S6|1
PAID_INITIAL|0|5|S6,S3,S4,S7,S8|1
PAID_INITIAL|0|5|S6,S3,S4,S9,S5|1
PAID_INITIAL|0|5|S6,S3,S5,S7,S2|1
PAID_INITIAL|0|5|S6,S3,S5,S7,S8|1
PAID_INITIAL|0|5|S6,S3,S6,S6,S7|1
PAID_INITIAL|0|5|S6,S3,S7,S2,S4|1
PAID_INITIAL|0|5|S6,S3,S7,S3,S9|1
PAID_INITIAL|0|5|S6,S3,S7,S9,S3|1
PAID_INITIAL|0|5|S6,S3,S8,S5,S9|1
PAID_INITIAL|0|5|S6,S3,S8,S7,S8|1
PAID_INITIAL|0|5|S6,S3,S8,S9,S2|1
PAID_INITIAL|0|5|S6,S3,S9,S5,S5|1
PAID_INITIAL|0|5|S6,S3,S9,S6,S3|1
PAID_INITIAL|0|5|S6,S3,S9,S9,S4|1
PAID_INITIAL|0|5|S6,S4,S1,S2,S4|1
PAID_INITIAL|0|5|S6,S4,S2,S3,S2|1
PAID_INITIAL|0|5|S6,S4,S2,S3,S4|1
PAID_INITIAL|0|5|S6,S4,S2,S3,S9|1
PAID_INITIAL|0|5|S6,S4,S2,S5,S4|1
PAID_INITIAL|0|5|S6,S4,S2,S8,S6|1
PAID_INITIAL|0|5|S6,S4,S3,S3,S9|1
PAID_INITIAL|0|5|S6,S4,S3,S6,S8|1
PAID_INITIAL|0|5|S6,S4,S3,S8,S7|1
PAID_INITIAL|0|5|S6,S4,S4,S3,S9|1
PAID_INITIAL|0|5|S6,S4,S4,S5,S8|1
PAID_INITIAL|0|5|S6,S4,S5,S9,S9|1
PAID_INITIAL|0|5|S6,S4,S6,S2,S9|1
PAID_INITIAL|0|5|S6,S4,S6,S3,S7|1
PAID_INITIAL|0|5|S6,S4,S6,S5,S9|1
PAID_INITIAL|0|5|S6,S4,S8,S4,S7|1
PAID_INITIAL|0|5|S6,S4,S8,S4,S9|1
PAID_INITIAL|0|5|S6,S4,S8,S6,S1|1
PAID_INITIAL|0|5|S6,S4,S9,S3,S9|1
PAID_INITIAL|0|5|S6,S4,S9,S6,S5|1
PAID_INITIAL|0|5|S6,S4,S9,S6,S7|1
PAID_INITIAL|0|5|S6,S5,S2,S2,S4|1
PAID_INITIAL|0|5|S6,S5,S2,S6,S3|1
PAID_INITIAL|0|5|S6,S5,S3,S2,S1|1
PAID_INITIAL|0|5|S6,S5,S3,S2,S7|1
PAID_INITIAL|0|5|S6,S5,S3,S4,S5|1
PAID_INITIAL|0|5|S6,S5,S3,S7,S2|1
PAID_INITIAL|0|5|S6,S5,S4,S6,S2|1
PAID_INITIAL|0|5|S6,S5,S4,S8,S1|1
PAID_INITIAL|0|5|S6,S5,S4,S9,S4|1
PAID_INITIAL|0|5|S6,S5,S5,S1,S9|1
PAID_INITIAL|0|5|S6,S5,S5,S6,S6|1
PAID_INITIAL|0|5|S6,S5,S5,S6,S7|1
PAID_INITIAL|0|5|S6,S5,S5,S7,S3|1
PAID_INITIAL|0|5|S6,S5,S5,S9,S8|1
PAID_INITIAL|0|5|S6,S5,S6,S4,S3|1
PAID_INITIAL|0|5|S6,S5,S6,S6,S8|1
PAID_INITIAL|0|5|S6,S5,S7,S2,S3|1
PAID_INITIAL|0|5|S6,S5,S7,S3,S8|1
PAID_INITIAL|0|5|S6,S5,S7,S8,S9|1
PAID_INITIAL|0|5|S6,S5,S8,S2,S9|1
PAID_INITIAL|0|5|S6,S5,S8,S5,S2|1
PAID_INITIAL|0|5|S6,S5,S8,S6,S9|1
PAID_INITIAL|0|5|S6,S5,S9,S2,S9|1
PAID_INITIAL|0|5|S6,S5,S9,S4,S5|1
PAID_INITIAL|0|5|S6,S5,S9,S6,S7|1
PAID_INITIAL|0|5|S6,S5,S9,S9,S9|1
PAID_INITIAL|0|5|S6,S6,S1,S5,S8|1
PAID_INITIAL|0|5|S6,S6,S2,S3,S6|1
PAID_INITIAL|0|5|S6,S6,S2,S3,S8|1
PAID_INITIAL|0|5|S6,S6,S2,S5,S6|1
PAID_INITIAL|0|5|S6,S6,S2,S6,S3|1
PAID_INITIAL|0|5|S6,S6,S2,S6,S6|1
PAID_INITIAL|0|5|S6,S6,S2,S9,S5|1
PAID_INITIAL|0|5|S6,S6,S2,S9,S9|1
PAID_INITIAL|0|5|S6,S6,S3,S3,S5|1
PAID_INITIAL|0|5|S6,S6,S3,S6,S6|1
PAID_INITIAL|0|5|S6,S6,S3,S8,S9|1
PAID_INITIAL|0|5|S6,S6,S3,S9,S7|1
PAID_INITIAL|0|5|S6,S6,S4,S3,S9|1
PAID_INITIAL|0|5|S6,S6,S4,S5,S5|2
PAID_INITIAL|0|5|S6,S6,S5,S4,S5|1
PAID_INITIAL|0|5|S6,S6,S5,S5,S6|1
PAID_INITIAL|0|5|S6,S6,S5,S7,S2|1
PAID_INITIAL|0|5|S6,S6,S6,S6,S5|1
PAID_INITIAL|0|5|S6,S6,S6,S9,S7|1
PAID_INITIAL|0|5|S6,S6,S6,S9,S8|1
PAID_INITIAL|0|5|S6,S6,S6,S9,S9|1
PAID_INITIAL|0|5|S6,S6,S7,S5,S4|1
PAID_INITIAL|0|5|S6,S6,S7,S9,S6|1
PAID_INITIAL|0|5|S6,S6,S7,S9,S8|1
PAID_INITIAL|0|5|S6,S6,S8,S2,S9|1
PAID_INITIAL|0|5|S6,S6,S8,S3,S9|1
PAID_INITIAL|0|5|S6,S7,S1,S5,S5|1
PAID_INITIAL|0|5|S6,S7,S2,S2,S2|1
PAID_INITIAL|0|5|S6,S7,S2,S5,S3|1
PAID_INITIAL|0|5|S6,S7,S2,S6,S4|1
PAID_INITIAL|0|5|S6,S7,S2,S6,S7|1
PAID_INITIAL|0|5|S6,S7,S2,S7,S3|1
PAID_INITIAL|0|5|S6,S7,S3,S2,S3|1
PAID_INITIAL|0|5|S6,S7,S3,S2,S7|1
PAID_INITIAL|0|5|S6,S7,S3,S4,S9|1
PAID_INITIAL|0|5|S6,S7,S3,S5,S5|1
PAID_INITIAL|0|5|S6,S7,S3,S8,S9|1
PAID_INITIAL|0|5|S6,S7,S3,S9,S4|1
PAID_INITIAL|0|5|S6,S7,S3,S9,S9|1
PAID_INITIAL|0|5|S6,S7,S4,S2,S9|1
PAID_INITIAL|0|5|S6,S7,S4,S7,S2|1
PAID_INITIAL|0|5|S6,S7,S4,S9,S2|2
PAID_INITIAL|0|5|S6,S7,S5,S2,S8|1
PAID_INITIAL|0|5|S6,S7,S5,S3,S5|1
PAID_INITIAL|0|5|S6,S7,S5,S4,S8|1
PAID_INITIAL|0|5|S6,S7,S6,S4,S9|1
PAID_INITIAL|0|5|S6,S7,S6,S5,S6|1
PAID_INITIAL|0|5|S6,S7,S6,S7,S4|1
PAID_INITIAL|0|5|S6,S7,S7,S5,S7|1
PAID_INITIAL|0|5|S6,S7,S7,S7,S3|1
PAID_INITIAL|0|5|S6,S7,S7,S8,S5|1
PAID_INITIAL|0|5|S6,S7,S8,S3,S2|1
PAID_INITIAL|0|5|S6,S7,S8,S4,S5|1
PAID_INITIAL|0|5|S6,S7,S9,S3,S8|1
PAID_INITIAL|0|5|S6,S7,S9,S5,S9|1
PAID_INITIAL|0|5|S6,S7,S9,S6,S9|1
PAID_INITIAL|0|5|S6,S7,S9,S9,S3|1
PAID_INITIAL|0|5|S6,S7,S9,S9,S4|1
PAID_INITIAL|0|5|S6,S8,S2,S4,S6|1
PAID_INITIAL|0|5|S6,S8,S2,S6,S5|1
PAID_INITIAL|0|5|S6,S8,S2,S9,S4|1
PAID_INITIAL|0|5|S6,S8,S3,S7,S9|1
PAID_INITIAL|0|5|S6,S8,S3,S9,S6|1
PAID_INITIAL|0|5|S6,S8,S4,S2,S1|1
PAID_INITIAL|0|5|S6,S8,S4,S6,S4|1
PAID_INITIAL|0|5|S6,S8,S5,S3,S5|1
PAID_INITIAL|0|5|S6,S8,S5,S6,S8|1
PAID_INITIAL|0|5|S6,S8,S6,S4,S7|1
PAID_INITIAL|0|5|S6,S8,S6,S7,S9|1
PAID_INITIAL|0|5|S6,S8,S7,S4,S7|1
PAID_INITIAL|0|5|S6,S8,S7,S5,S2|1
PAID_INITIAL|0|5|S6,S8,S7,S9,S5|1
PAID_INITIAL|0|5|S6,S8,S8,S4,S7|1
PAID_INITIAL|0|5|S6,S8,S9,S2,S7|1
PAID_INITIAL|0|5|S6,S8,S9,S4,S4|1
PAID_INITIAL|0|5|S6,S8,S9,S6,S2|1
PAID_INITIAL|0|5|S6,S9,S2,S2,S8|1
PAID_INITIAL|0|5|S6,S9,S2,S2,S9|1
PAID_INITIAL|0|5|S6,S9,S3,S3,S2|1
PAID_INITIAL|0|5|S6,S9,S3,S4,S3|1
PAID_INITIAL|0|5|S6,S9,S3,S6,S4|1
PAID_INITIAL|0|5|S6,S9,S3,S9,S6|1
PAID_INITIAL|0|5|S6,S9,S4,S2,S2|1
PAID_INITIAL|0|5|S6,S9,S4,S3,S2|1
PAID_INITIAL|0|5|S6,S9,S4,S5,S5|1
PAID_INITIAL|0|5|S6,S9,S4,S5,S6|1
PAID_INITIAL|0|5|S6,S9,S4,S7,S8|1
PAID_INITIAL|0|5|S6,S9,S5,S2,S4|1
PAID_INITIAL|0|5|S6,S9,S5,S8,S2|1
PAID_INITIAL|0|5|S6,S9,S6,S5,S5|1
PAID_INITIAL|0|5|S6,S9,S6,S6,S5|1
PAID_INITIAL|0|5|S6,S9,S7,S8,S3|1
PAID_INITIAL|0|5|S6,S9,S9,S9,S5|1
PAID_INITIAL|0|5|S7,S1,S7,S3,S2|1
PAID_INITIAL|0|5|S7,S2,S2,S3,S2|1
PAID_INITIAL|0|5|S7,S2,S2,S5,S9|1
PAID_INITIAL|0|5|S7,S2,S2,S6,S2|2
PAID_INITIAL|0|5|S7,S2,S2,S6,S5|1
PAID_INITIAL|0|5|S7,S2,S3,S3,S9|1
PAID_INITIAL|0|5|S7,S2,S4,S7,S2|1
PAID_INITIAL|0|5|S7,S2,S5,S9,S6|1
PAID_INITIAL|0|5|S7,S2,S6,S4,S4|1
PAID_INITIAL|0|5|S7,S2,S6,S4,S5|1
PAID_INITIAL|0|5|S7,S2,S7,S3,S2|1
PAID_INITIAL|0|5|S7,S2,S7,S3,S8|1
PAID_INITIAL|0|5|S7,S2,S7,S6,S3|1
PAID_INITIAL|0|5|S7,S2,S7,S8,S4|1
PAID_INITIAL|0|5|S7,S2,S7,S9,S5|1
PAID_INITIAL|0|5|S7,S2,S8,S5,S6|1
PAID_INITIAL|0|5|S7,S2,S9,S3,S3|1
PAID_INITIAL|0|5|S7,S2,S9,S4,S9|1
PAID_INITIAL|0|5|S7,S3,S2,S4,S4|1
PAID_INITIAL|0|5|S7,S3,S2,S9,S8|1
PAID_INITIAL|0|5|S7,S3,S4,S3,S7|1
PAID_INITIAL|0|5|S7,S3,S4,S5,S6|1
PAID_INITIAL|0|5|S7,S3,S4,S5,S9|1
PAID_INITIAL|0|5|S7,S3,S5,S6,S1|1
PAID_INITIAL|0|5|S7,S3,S6,S5,S3|1
PAID_INITIAL|0|5|S7,S3,S6,S5,S7|1
PAID_INITIAL|0|5|S7,S3,S6,S8,S2|1
PAID_INITIAL|0|5|S7,S3,S6,S9,S3|1
PAID_INITIAL|0|5|S7,S3,S7,S7,S4|1
PAID_INITIAL|0|5|S7,S3,S7,S8,S9|1
PAID_INITIAL|0|5|S7,S3,S7,S9,S2|1
PAID_INITIAL|0|5|S7,S3,S8,S3,S9|1
PAID_INITIAL|0|5|S7,S3,S8,S4,S8|1
PAID_INITIAL|0|5|S7,S3,S8,S9,S5|1
PAID_INITIAL|0|5|S7,S4,S2,S5,S8|1
PAID_INITIAL|0|5|S7,S4,S2,S6,S9|1
PAID_INITIAL|0|5|S7,S4,S2,S7,S4|1
PAID_INITIAL|0|5|S7,S4,S3,S4,S6|1
PAID_INITIAL|0|5|S7,S4,S3,S6,S3|1
PAID_INITIAL|0|5|S7,S4,S3,S7,S6|1
PAID_INITIAL|0|5|S7,S4,S4,S5,S8|1
PAID_INITIAL|0|5|S7,S4,S4,S6,S3|1
PAID_INITIAL|0|5|S7,S4,S5,S2,S2|1
PAID_INITIAL|0|5|S7,S4,S5,S3,S1|1
PAID_INITIAL|0|5|S7,S4,S5,S5,S3|1
PAID_INITIAL|0|5|S7,S4,S5,S5,S4|1
PAID_INITIAL|0|5|S7,S4,S6,S6,S3|1
PAID_INITIAL|0|5|S7,S4,S7,S6,S7|1
PAID_INITIAL|0|5|S7,S4,S7,S9,S8|1
PAID_INITIAL|0|5|S7,S4,S8,S2,S4|1
PAID_INITIAL|0|5|S7,S4,S8,S2,S8|1
PAID_INITIAL|0|5|S7,S4,S8,S4,S5|1
PAID_INITIAL|0|5|S7,S4,S8,S7,S2|1
PAID_INITIAL|0|5|S7,S5,S2,S5,S8|1
PAID_INITIAL|0|5|S7,S5,S2,S7,S3|1
PAID_INITIAL|0|5|S7,S5,S3,S2,S6|1
PAID_INITIAL|0|5|S7,S5,S3,S3,S6|1
PAID_INITIAL|0|5|S7,S5,S3,S5,S6|1
PAID_INITIAL|0|5|S7,S5,S3,S6,S2|1
PAID_INITIAL|0|5|S7,S5,S3,S6,S7|1
PAID_INITIAL|0|5|S7,S5,S3,S7,S5|1
PAID_INITIAL|0|5|S7,S5,S4,S4,S9|1
PAID_INITIAL|0|5|S7,S5,S4,S7,S3|1
PAID_INITIAL|0|5|S7,S5,S4,S7,S4|1
PAID_INITIAL|0|5|S7,S5,S4,S8,S3|1
PAID_INITIAL|0|5|S7,S5,S4,S9,S2|1
PAID_INITIAL|0|5|S7,S5,S6,S8,S6|1
PAID_INITIAL|0|5|S7,S5,S7,S3,S4|1
PAID_INITIAL|0|5|S7,S5,S7,S3,S9|1
PAID_INITIAL|0|5|S7,S5,S7,S4,S2|1
PAID_INITIAL|0|5|S7,S5,S7,S6,S3|1
PAID_INITIAL|0|5|S7,S5,S8,S5,S2|1
PAID_INITIAL|0|5|S7,S5,S8,S6,S8|1
PAID_INITIAL|0|5|S7,S5,S8,S9,S7|1
PAID_INITIAL|0|5|S7,S5,S9,S3,S4|1
PAID_INITIAL|0|5|S7,S5,S9,S4,S9|1
PAID_INITIAL|0|5|S7,S5,S9,S6,S5|1
PAID_INITIAL|0|5|S7,S5,S9,S7,S3|1
PAID_INITIAL|0|5|S7,S5,S9,S8,S4|1
PAID_INITIAL|0|5|S7,S6,S2,S1,S7|1
PAID_INITIAL|0|5|S7,S6,S2,S5,S6|1
PAID_INITIAL|0|5|S7,S6,S3,S8,S8|1
PAID_INITIAL|0|5|S7,S6,S5,S2,S9|1
PAID_INITIAL|0|5|S7,S6,S5,S3,S9|1
PAID_INITIAL|0|5|S7,S6,S5,S5,S2|1
PAID_INITIAL|0|5|S7,S6,S5,S6,S4|2
PAID_INITIAL|0|5|S7,S6,S6,S1,S4|1
PAID_INITIAL|0|5|S7,S6,S6,S2,S2|1
PAID_INITIAL|0|5|S7,S6,S6,S7,S3|1
PAID_INITIAL|0|5|S7,S6,S6,S8,S8|1
PAID_INITIAL|0|5|S7,S6,S7,S4,S6|1
PAID_INITIAL|0|5|S7,S6,S7,S9,S4|1
PAID_INITIAL|0|5|S7,S6,S8,S2,S7|1
PAID_INITIAL|0|5|S7,S6,S8,S4,S7|1
PAID_INITIAL|0|5|S7,S6,S8,S4,S8|1
PAID_INITIAL|0|5|S7,S6,S9,S3,S4|1
PAID_INITIAL|0|5|S7,S6,S9,S4,S4|1
PAID_INITIAL|0|5|S7,S6,S9,S4,S8|1
PAID_INITIAL|0|5|S7,S6,S9,S7,S7|1
PAID_INITIAL|0|5|S7,S7,S2,S7,S1|1
PAID_INITIAL|0|5|S7,S7,S3,S2,S3|1
PAID_INITIAL|0|5|S7,S7,S3,S4,S7|1
PAID_INITIAL|0|5|S7,S7,S3,S6,S8|1
PAID_INITIAL|0|5|S7,S7,S3,S7,S2|1
PAID_INITIAL|0|5|S7,S7,S3,S7,S6|1
PAID_INITIAL|0|5|S7,S7,S3,S9,S9|1
PAID_INITIAL|0|5|S7,S7,S4,S4,S9|1
PAID_INITIAL|0|5|S7,S7,S4,S6,S7|1
PAID_INITIAL|0|5|S7,S7,S4,S9,S9|1
PAID_INITIAL|0|5|S7,S7,S5,S8,S5|1
PAID_INITIAL|0|5|S7,S7,S6,S2,S9|1
PAID_INITIAL|0|5|S7,S7,S6,S5,S8|1
PAID_INITIAL|0|5|S7,S7,S6,S8,S8|1
PAID_INITIAL|0|5|S7,S7,S6,S8,S9|1
PAID_INITIAL|0|5|S7,S7,S7,S1,S2|1
PAID_INITIAL|0|5|S7,S7,S7,S3,S6|1
PAID_INITIAL|0|5|S7,S7,S7,S7,S3|1
PAID_INITIAL|0|5|S7,S7,S8,S2,S3|1
PAID_INITIAL|0|5|S7,S7,S8,S7,S2|1
PAID_INITIAL|0|5|S7,S7,S8,S9,S7|1
PAID_INITIAL|0|5|S7,S7,S9,S8,S5|1
PAID_INITIAL|0|5|S7,S8,S2,S3,S5|1
PAID_INITIAL|0|5|S7,S8,S2,S3,S8|1
PAID_INITIAL|0|5|S7,S8,S2,S5,S3|1
PAID_INITIAL|0|5|S7,S8,S2,S7,S8|1
PAID_INITIAL|0|5|S7,S8,S3,S8,S6|1
PAID_INITIAL|0|5|S7,S8,S4,S2,S5|1
PAID_INITIAL|0|5|S7,S8,S4,S2,S7|1
PAID_INITIAL|0|5|S7,S8,S4,S3,S4|1
PAID_INITIAL|0|5|S7,S8,S4,S5,S7|1
PAID_INITIAL|0|5|S7,S8,S5,S2,S8|2
PAID_INITIAL|0|5|S7,S8,S5,S4,S3|1
PAID_INITIAL|0|5|S7,S8,S6,S2,S3|1
PAID_INITIAL|0|5|S7,S8,S6,S6,S7|1
PAID_INITIAL|0|5|S7,S8,S6,S7,S4|1
PAID_INITIAL|0|5|S7,S8,S6,S9,S7|1
PAID_INITIAL|0|5|S7,S8,S7,S3,S9|1
PAID_INITIAL|0|5|S7,S8,S7,S4,S8|1
PAID_INITIAL|0|5|S7,S8,S7,S5,S5|1
PAID_INITIAL|0|5|S7,S8,S8,S2,S4|1
PAID_INITIAL|0|5|S7,S8,S8,S3,S4|1
PAID_INITIAL|0|5|S7,S8,S8,S5,S4|1
PAID_INITIAL|0|5|S7,S8,S8,S6,S5|1
PAID_INITIAL|0|5|S7,S8,S9,S2,S5|1
PAID_INITIAL|0|5|S7,S8,S9,S5,S5|1
PAID_INITIAL|0|5|S7,S9,S2,S3,S6|1
PAID_INITIAL|0|5|S7,S9,S2,S6,S9|1
PAID_INITIAL|0|5|S7,S9,S3,S6,S7|1
PAID_INITIAL|0|5|S7,S9,S3,S8,S5|1
PAID_INITIAL|0|5|S7,S9,S3,S8,S6|1
PAID_INITIAL|0|5|S7,S9,S3,S9,S6|1
PAID_INITIAL|0|5|S7,S9,S3,S9,S8|1
PAID_INITIAL|0|5|S7,S9,S4,S4,S2|1
PAID_INITIAL|0|5|S7,S9,S4,S5,S8|1
PAID_INITIAL|0|5|S7,S9,S4,S9,S7|1
PAID_INITIAL|0|5|S7,S9,S5,S3,S6|1
PAID_INITIAL|0|5|S7,S9,S6,S8,S5|1
PAID_INITIAL|0|5|S7,S9,S6,S9,S3|1
PAID_INITIAL|0|5|S7,S9,S6,S9,S9|1
PAID_INITIAL|0|5|S7,S9,S7,S2,S2|1
PAID_INITIAL|0|5|S7,S9,S7,S4,S6|1
PAID_INITIAL|0|5|S7,S9,S7,S5,S2|1
PAID_INITIAL|0|5|S7,S9,S7,S6,S6|1
PAID_INITIAL|0|5|S7,S9,S7,S6,S8|1
PAID_INITIAL|0|5|S7,S9,S7,S7,S3|1
PAID_INITIAL|0|5|S7,S9,S9,S2,S6|1
PAID_INITIAL|0|5|S8,S1,S1,S2,S9|1
PAID_INITIAL|0|5|S8,S1,S4,S8,S8|1
PAID_INITIAL|0|5|S8,S1,S7,S7,S2|1
PAID_INITIAL|0|5|S8,S1,S8,S2,S5|2
PAID_INITIAL|0|5|S8,S2,S3,S2,S3|1
PAID_INITIAL|0|5|S8,S2,S3,S7,S9|1
PAID_INITIAL|0|5|S8,S2,S5,S7,S2|2
PAID_INITIAL|0|5|S8,S2,S5,S8,S3|1
PAID_INITIAL|0|5|S8,S2,S6,S2,S3|1
PAID_INITIAL|0|5|S8,S2,S7,S2,S2|1
PAID_INITIAL|0|5|S8,S2,S7,S2,S9|1
PAID_INITIAL|0|5|S8,S2,S7,S6,S7|1
PAID_INITIAL|0|5|S8,S2,S8,S3,S2|1
PAID_INITIAL|0|5|S8,S2,S8,S9,S6|1
PAID_INITIAL|0|5|S8,S2,S9,S2,S5|1
PAID_INITIAL|0|5|S8,S2,S9,S8,S7|1
PAID_INITIAL|0|5|S8,S3,S1,S5,S7|1
PAID_INITIAL|0|5|S8,S3,S1,S7,S2|1
PAID_INITIAL|0|5|S8,S3,S2,S8,S2|1
PAID_INITIAL|0|5|S8,S3,S3,S2,S2|1
PAID_INITIAL|0|5|S8,S3,S3,S5,S8|1
PAID_INITIAL|0|5|S8,S3,S4,S5,S3|1
PAID_INITIAL|0|5|S8,S3,S5,S2,S4|1
PAID_INITIAL|0|5|S8,S3,S5,S6,S7|1
PAID_INITIAL|0|5|S8,S3,S5,S9,S4|1
PAID_INITIAL|0|5|S8,S3,S6,S4,S3|1
PAID_INITIAL|0|5|S8,S3,S6,S5,S5|1
PAID_INITIAL|0|5|S8,S3,S6,S6,S5|1
PAID_INITIAL|0|5|S8,S3,S6,S7,S8|1
PAID_INITIAL|0|5|S8,S3,S6,S8,S5|1
PAID_INITIAL|0|5|S8,S3,S6,S9,S6|1
PAID_INITIAL|0|5|S8,S3,S7,S4,S8|1
PAID_INITIAL|0|5|S8,S3,S8,S2,S2|1
PAID_INITIAL|0|5|S8,S3,S8,S2,S8|1
PAID_INITIAL|0|5|S8,S3,S8,S6,S9|1
PAID_INITIAL|0|5|S8,S3,S8,S9,S8|1
PAID_INITIAL|0|5|S8,S3,S9,S9,S2|1
PAID_INITIAL|0|5|S8,S4,S2,S4,S2|1
PAID_INITIAL|0|5|S8,S4,S2,S8,S3|1
PAID_INITIAL|0|5|S8,S4,S3,S7,S3|1
PAID_INITIAL|0|5|S8,S4,S4,S9,S6|1
PAID_INITIAL|0|5|S8,S4,S4,S9,S7|1
PAID_INITIAL|0|5|S8,S4,S6,S3,S4|1
PAID_INITIAL|0|5|S8,S4,S6,S5,S9|1
PAID_INITIAL|0|5|S8,S4,S6,S6,S8|1
PAID_INITIAL|0|5|S8,S4,S6,S7,S8|1
PAID_INITIAL|0|5|S8,S4,S7,S4,S8|1
PAID_INITIAL|0|5|S8,S4,S7,S5,S7|2
PAID_INITIAL|0|5|S8,S4,S7,S7,S4|1
PAID_INITIAL|0|5|S8,S4,S7,S8,S7|2
PAID_INITIAL|0|5|S8,S4,S8,S6,S9|1
PAID_INITIAL|0|5|S8,S4,S8,S7,S2|1
PAID_INITIAL|0|5|S8,S4,S9,S4,S2|1
PAID_INITIAL|0|5|S8,S4,S9,S4,S6|1
PAID_INITIAL|0|5|S8,S4,S9,S5,S2|1
PAID_INITIAL|0|5|S8,S4,S9,S5,S6|1
PAID_INITIAL|0|5|S8,S4,S9,S6,S1|1
PAID_INITIAL|0|5|S8,S4,S9,S6,S2|1
PAID_INITIAL|0|5|S8,S5,S1,S7,S7|1
PAID_INITIAL|0|5|S8,S5,S2,S5,S9|1
PAID_INITIAL|0|5|S8,S5,S2,S6,S8|1
PAID_INITIAL|0|5|S8,S5,S2,S7,S4|1
PAID_INITIAL|0|5|S8,S5,S2,S8,S4|1
PAID_INITIAL|0|5|S8,S5,S2,S9,S7|1
PAID_INITIAL|0|5|S8,S5,S3,S5,S3|1
PAID_INITIAL|0|5|S8,S5,S3,S6,S9|1
PAID_INITIAL|0|5|S8,S5,S3,S9,S4|1
PAID_INITIAL|0|5|S8,S5,S4,S9,S7|1
PAID_INITIAL|0|5|S8,S5,S5,S2,S4|1
PAID_INITIAL|0|5|S8,S5,S5,S2,S8|1
PAID_INITIAL|0|5|S8,S5,S5,S7,S2|1
PAID_INITIAL|0|5|S8,S5,S5,S8,S6|1
PAID_INITIAL|0|5|S8,S5,S6,S5,S2|1
PAID_INITIAL|0|5|S8,S5,S6,S5,S6|1
PAID_INITIAL|0|5|S8,S5,S6,S7,S5|1
PAID_INITIAL|0|5|S8,S5,S7,S3,S6|1
PAID_INITIAL|0|5|S8,S5,S8,S2,S2|1
PAID_INITIAL|0|5|S8,S5,S8,S6,S4|1
PAID_INITIAL|0|5|S8,S5,S8,S7,S8|1
PAID_INITIAL|0|5|S8,S5,S9,S5,S6|1
PAID_INITIAL|0|5|S8,S6,S2,S4,S6|1
PAID_INITIAL|0|5|S8,S6,S2,S4,S7|1
PAID_INITIAL|0|5|S8,S6,S2,S6,S8|1
PAID_INITIAL|0|5|S8,S6,S3,S2,S5|1
PAID_INITIAL|0|5|S8,S6,S3,S3,S9|1
PAID_INITIAL|0|5|S8,S6,S3,S4,S2|1
PAID_INITIAL|0|5|S8,S6,S3,S4,S8|1
PAID_INITIAL|0|5|S8,S6,S3,S5,S2|1
PAID_INITIAL|0|5|S8,S6,S4,S4,S8|1
PAID_INITIAL|0|5|S8,S6,S4,S8,S3|1
PAID_INITIAL|0|5|S8,S6,S5,S1,S7|1
PAID_INITIAL|0|5|S8,S6,S5,S5,S2|2
PAID_INITIAL|0|5|S8,S6,S6,S3,S3|1
PAID_INITIAL|0|5|S8,S6,S7,S3,S5|1
PAID_INITIAL|0|5|S8,S6,S7,S9,S7|1
PAID_INITIAL|0|5|S8,S6,S8,S4,S4|1
PAID_INITIAL|0|5|S8,S6,S8,S7,S5|1
PAID_INITIAL|0|5|S8,S6,S8,S7,S8|1
PAID_INITIAL|0|5|S8,S6,S9,S2,S7|1
PAID_INITIAL|0|5|S8,S6,S9,S5,S7|1
PAID_INITIAL|0|5|S8,S7,S2,S3,S2|1
PAID_INITIAL|0|5|S8,S7,S2,S4,S5|1
PAID_INITIAL|0|5|S8,S7,S2,S5,S8|1
PAID_INITIAL|0|5|S8,S7,S2,S7,S8|1
PAID_INITIAL|0|5|S8,S7,S3,S2,S4|1
PAID_INITIAL|0|5|S8,S7,S3,S4,S4|1
PAID_INITIAL|0|5|S8,S7,S3,S6,S4|1
PAID_INITIAL|0|5|S8,S7,S3,S8,S9|1
PAID_INITIAL|0|5|S8,S7,S4,S3,S7|1
PAID_INITIAL|0|5|S8,S7,S4,S6,S6|1
PAID_INITIAL|0|5|S8,S7,S4,S9,S2|1
PAID_INITIAL|0|5|S8,S7,S4,S9,S4|1
PAID_INITIAL|0|5|S8,S7,S5,S3,S4|1
PAID_INITIAL|0|5|S8,S7,S5,S3,S5|1
PAID_INITIAL|0|5|S8,S7,S5,S7,S4|1
PAID_INITIAL|0|5|S8,S7,S5,S8,S3|1
PAID_INITIAL|0|5|S8,S7,S6,S3,S4|1
PAID_INITIAL|0|5|S8,S7,S6,S7,S7|1
PAID_INITIAL|0|5|S8,S7,S7,S4,S5|1
PAID_INITIAL|0|5|S8,S7,S7,S7,S2|1
PAID_INITIAL|0|5|S8,S7,S7,S7,S3|1
PAID_INITIAL|0|5|S8,S7,S8,S2,S2|1
PAID_INITIAL|0|5|S8,S7,S8,S2,S9|1
PAID_INITIAL|0|5|S8,S7,S8,S6,S7|1
PAID_INITIAL|0|5|S8,S7,S8,S8,S2|1
PAID_INITIAL|0|5|S8,S7,S8,S8,S3|1
PAID_INITIAL|0|5|S8,S7,S9,S4,S2|1
PAID_INITIAL|0|5|S8,S8,S2,S3,S7|1
PAID_INITIAL|0|5|S8,S8,S2,S7,S8|1
PAID_INITIAL|0|5|S8,S8,S3,S3,S6|1
PAID_INITIAL|0|5|S8,S8,S3,S3,S9|1
PAID_INITIAL|0|5|S8,S8,S3,S4,S6|1
PAID_INITIAL|0|5|S8,S8,S4,S2,S3|1
PAID_INITIAL|0|5|S8,S8,S4,S7,S3|1
PAID_INITIAL|0|5|S8,S8,S5,S3,S8|2
PAID_INITIAL|0|5|S8,S8,S6,S2,S5|1
PAID_INITIAL|0|5|S8,S8,S6,S4,S4|1
PAID_INITIAL|0|5|S8,S8,S7,S1,S6|1
PAID_INITIAL|0|5|S8,S8,S7,S2,S3|1
PAID_INITIAL|0|5|S8,S8,S7,S3,S4|1
PAID_INITIAL|0|5|S8,S8,S7,S5,S9|1
PAID_INITIAL|0|5|S8,S8,S7,S7,S4|1
PAID_INITIAL|0|5|S8,S8,S7,S9,S7|1
PAID_INITIAL|0|5|S8,S8,S8,S5,S7|1
PAID_INITIAL|0|5|S8,S8,S8,S6,S8|1
PAID_INITIAL|0|5|S8,S8,S8,S8,S2|1
PAID_INITIAL|0|5|S8,S8,S9,S3,S2|1
PAID_INITIAL|0|5|S8,S8,S9,S3,S6|1
PAID_INITIAL|0|5|S8,S8,S9,S3,S7|1
PAID_INITIAL|0|5|S8,S8,S9,S3,S8|1
PAID_INITIAL|0|5|S8,S8,S9,S7,S4|1
PAID_INITIAL|0|5|S8,S8,S9,S7,S6|1
PAID_INITIAL|0|5|S8,S8,S9,S9,S4|1
PAID_INITIAL|0|5|S8,S9,S1,S2,S3|1
PAID_INITIAL|0|5|S8,S9,S1,S5,S7|1
PAID_INITIAL|0|5|S8,S9,S2,S4,S4|1
PAID_INITIAL|0|5|S8,S9,S2,S6,S7|1
PAID_INITIAL|0|5|S8,S9,S3,S5,S5|1
PAID_INITIAL|0|5|S8,S9,S3,S5,S7|1
PAID_INITIAL|0|5|S8,S9,S4,S4,S9|1
PAID_INITIAL|0|5|S8,S9,S4,S8,S3|1
PAID_INITIAL|0|5|S8,S9,S5,S2,S5|1
PAID_INITIAL|0|5|S8,S9,S5,S3,S6|1
PAID_INITIAL|0|5|S8,S9,S6,S2,S7|1
PAID_INITIAL|0|5|S8,S9,S6,S3,S7|1
PAID_INITIAL|0|5|S8,S9,S6,S5,S9|1
PAID_INITIAL|0|5|S8,S9,S6,S7,S7|1
PAID_INITIAL|0|5|S8,S9,S7,S5,S7|1
PAID_INITIAL|0|5|S8,S9,S7,S6,S3|1
PAID_INITIAL|0|5|S8,S9,S8,S3,S4|1
PAID_INITIAL|0|5|S8,S9,S8,S4,S5|1
PAID_INITIAL|0|5|S8,S9,S8,S6,S5|1
PAID_INITIAL|0|5|S8,S9,S9,S2,S2|1
PAID_INITIAL|0|5|S8,S9,S9,S2,S8|1
PAID_INITIAL|0|5|S8,S9,S9,S5,S6|1
PAID_INITIAL|0|5|S8,S9,S9,S6,S8|1
PAID_INITIAL|0|5|S8,S9,S9,S8,S6|1
PAID_INITIAL|0|5|S9,S1,S4,S4,S6|1
PAID_INITIAL|0|5|S9,S1,S5,S4,S5|1
PAID_INITIAL|0|5|S9,S1,S5,S4,S8|1
PAID_INITIAL|0|5|S9,S1,S5,S8,S8|1
PAID_INITIAL|0|5|S9,S1,S9,S7,S9|1
PAID_INITIAL|0|5|S9,S2,S3,S2,S2|1
PAID_INITIAL|0|5|S9,S2,S3,S2,S5|1
PAID_INITIAL|0|5|S9,S2,S3,S3,S7|1
PAID_INITIAL|0|5|S9,S2,S4,S2,S5|1
PAID_INITIAL|0|5|S9,S2,S4,S3,S5|1
PAID_INITIAL|0|5|S9,S2,S4,S4,S8|1
PAID_INITIAL|0|5|S9,S2,S4,S5,S4|1
PAID_INITIAL|0|5|S9,S2,S4,S7,S8|1
PAID_INITIAL|0|5|S9,S2,S4,S9,S8|1
PAID_INITIAL|0|5|S9,S2,S5,S4,S3|1
PAID_INITIAL|0|5|S9,S2,S5,S4,S6|1
PAID_INITIAL|0|5|S9,S2,S5,S5,S2|1
PAID_INITIAL|0|5|S9,S2,S5,S8,S5|1
PAID_INITIAL|0|5|S9,S2,S6,S4,S6|1
PAID_INITIAL|0|5|S9,S2,S6,S4,S9|1
PAID_INITIAL|0|5|S9,S2,S6,S7,S3|1
PAID_INITIAL|0|5|S9,S2,S6,S9,S3|1
PAID_INITIAL|0|5|S9,S2,S6,S9,S4|1
PAID_INITIAL|0|5|S9,S2,S7,S3,S6|1
PAID_INITIAL|0|5|S9,S2,S7,S4,S3|1
PAID_INITIAL|0|5|S9,S2,S7,S4,S4|1
PAID_INITIAL|0|5|S9,S2,S7,S9,S9|1
PAID_INITIAL|0|5|S9,S2,S8,S1,S9|1
PAID_INITIAL|0|5|S9,S2,S9,S2,S5|1
PAID_INITIAL|0|5|S9,S2,S9,S9,S2|1
PAID_INITIAL|0|5|S9,S3,S2,S2,S8|1
PAID_INITIAL|0|5|S9,S3,S3,S7,S3|1
PAID_INITIAL|0|5|S9,S3,S4,S4,S3|1
PAID_INITIAL|0|5|S9,S3,S5,S4,S5|2
PAID_INITIAL|0|5|S9,S3,S5,S5,S6|1
PAID_INITIAL|0|5|S9,S3,S5,S6,S8|1
PAID_INITIAL|0|5|S9,S3,S7,S3,S4|1
PAID_INITIAL|0|5|S9,S3,S7,S5,S4|2
PAID_INITIAL|0|5|S9,S3,S7,S9,S5|1
PAID_INITIAL|0|5|S9,S3,S8,S3,S2|1
PAID_INITIAL|0|5|S9,S3,S8,S4,S5|1
PAID_INITIAL|0|5|S9,S3,S8,S5,S2|1
PAID_INITIAL|0|5|S9,S3,S8,S9,S6|1
PAID_INITIAL|0|5|S9,S3,S9,S4,S5|1
PAID_INITIAL|0|5|S9,S3,S9,S6,S2|1
PAID_INITIAL|0|5|S9,S3,S9,S6,S9|1
PAID_INITIAL|0|5|S9,S3,S9,S8,S3|1
PAID_INITIAL|0|5|S9,S3,S9,S8,S8|1
PAID_INITIAL|0|5|S9,S4,S1,S2,S4|1
PAID_INITIAL|0|5|S9,S4,S2,S4,S9|1
PAID_INITIAL|0|5|S9,S4,S2,S8,S7|1
PAID_INITIAL|0|5|S9,S4,S3,S8,S3|1
PAID_INITIAL|0|5|S9,S4,S4,S3,S2|1
PAID_INITIAL|0|5|S9,S4,S4,S6,S5|1
PAID_INITIAL|0|5|S9,S4,S5,S2,S8|1
PAID_INITIAL|0|5|S9,S4,S5,S3,S5|1
PAID_INITIAL|0|5|S9,S4,S5,S5,S2|1
PAID_INITIAL|0|5|S9,S4,S5,S5,S4|2
PAID_INITIAL|0|5|S9,S4,S6,S2,S4|1
PAID_INITIAL|0|5|S9,S4,S6,S4,S6|1
PAID_INITIAL|0|5|S9,S4,S7,S2,S7|1
PAID_INITIAL|0|5|S9,S4,S7,S7,S4|1
PAID_INITIAL|0|5|S9,S4,S8,S2,S7|1
PAID_INITIAL|0|5|S9,S4,S8,S5,S7|1
PAID_INITIAL|0|5|S9,S4,S9,S3,S5|1
PAID_INITIAL|0|5|S9,S4,S9,S8,S8|1
PAID_INITIAL|0|5|S9,S5,S1,S2,S6|1
PAID_INITIAL|0|5|S9,S5,S1,S5,S8|1
PAID_INITIAL|0|5|S9,S5,S2,S6,S9|1
PAID_INITIAL|0|5|S9,S5,S2,S9,S5|1
PAID_INITIAL|0|5|S9,S5,S3,S4,S2|1
PAID_INITIAL|0|5|S9,S5,S4,S2,S3|1
PAID_INITIAL|0|5|S9,S5,S4,S3,S3|1
PAID_INITIAL|0|5|S9,S5,S4,S5,S6|1
PAID_INITIAL|0|5|S9,S5,S4,S9,S9|1
PAID_INITIAL|0|5|S9,S5,S5,S5,S3|1
PAID_INITIAL|0|5|S9,S5,S5,S6,S6|1
PAID_INITIAL|0|5|S9,S5,S5,S9,S6|1
PAID_INITIAL|0|5|S9,S5,S6,S5,S8|1
PAID_INITIAL|0|5|S9,S5,S6,S6,S8|1
PAID_INITIAL|0|5|S9,S5,S6,S8,S7|1
PAID_INITIAL|0|5|S9,S5,S7,S2,S7|1
PAID_INITIAL|0|5|S9,S5,S7,S5,S4|2
PAID_INITIAL|0|5|S9,S5,S7,S8,S5|1
PAID_INITIAL|0|5|S9,S5,S7,S8,S8|1
PAID_INITIAL|0|5|S9,S5,S7,S9,S9|1
PAID_INITIAL|0|5|S9,S5,S8,S1,S3|1
PAID_INITIAL|0|5|S9,S5,S9,S2,S2|1
PAID_INITIAL|0|5|S9,S5,S9,S5,S6|1
PAID_INITIAL|0|5|S9,S5,S9,S9,S5|1
PAID_INITIAL|0|5|S9,S6,S2,S3,S5|1
PAID_INITIAL|0|5|S9,S6,S2,S3,S7|1
PAID_INITIAL|0|5|S9,S6,S2,S3,S9|1
PAID_INITIAL|0|5|S9,S6,S2,S4,S8|1
PAID_INITIAL|0|5|S9,S6,S2,S4,S9|1
PAID_INITIAL|0|5|S9,S6,S2,S5,S7|1
PAID_INITIAL|0|5|S9,S6,S2,S7,S2|1
PAID_INITIAL|0|5|S9,S6,S2,S7,S4|1
PAID_INITIAL|0|5|S9,S6,S2,S8,S2|1
PAID_INITIAL|0|5|S9,S6,S2,S8,S8|1
PAID_INITIAL|0|5|S9,S6,S3,S8,S4|1
PAID_INITIAL|0|5|S9,S6,S3,S9,S3|1
PAID_INITIAL|0|5|S9,S6,S4,S4,S4|1
PAID_INITIAL|0|5|S9,S6,S4,S6,S5|1
PAID_INITIAL|0|5|S9,S6,S4,S7,S6|1
PAID_INITIAL|0|5|S9,S6,S5,S6,S2|1
PAID_INITIAL|0|5|S9,S6,S5,S9,S3|1
PAID_INITIAL|0|5|S9,S6,S7,S2,S8|1
PAID_INITIAL|0|5|S9,S6,S8,S5,S2|1
PAID_INITIAL|0|5|S9,S6,S8,S5,S7|1
PAID_INITIAL|0|5|S9,S6,S9,S4,S3|1
PAID_INITIAL|0|5|S9,S6,S9,S9,S3|2
PAID_INITIAL|0|5|S9,S6,S9,S9,S4|1
PAID_INITIAL|0|5|S9,S7,S1,S2,S2|1
PAID_INITIAL|0|5|S9,S7,S2,S7,S1|1
PAID_INITIAL|0|5|S9,S7,S3,S2,S5|1
PAID_INITIAL|0|5|S9,S7,S3,S9,S2|1
PAID_INITIAL|0|5|S9,S7,S5,S2,S6|1
PAID_INITIAL|0|5|S9,S7,S6,S2,S5|1
PAID_INITIAL|0|5|S9,S7,S6,S9,S6|1
PAID_INITIAL|0|5|S9,S7,S7,S3,S6|1
PAID_INITIAL|0|5|S9,S7,S7,S6,S4|1
PAID_INITIAL|0|5|S9,S7,S7,S8,S2|1
PAID_INITIAL|0|5|S9,S7,S8,S6,S3|1
PAID_INITIAL|0|5|S9,S7,S8,S9,S9|1
PAID_INITIAL|0|5|S9,S7,S9,S4,S7|1
PAID_INITIAL|0|5|S9,S7,S9,S5,S9|1
PAID_INITIAL|0|5|S9,S8,S1,S9,S3|1
PAID_INITIAL|0|5|S9,S8,S2,S4,S6|1
PAID_INITIAL|0|5|S9,S8,S2,S5,S2|1
PAID_INITIAL|0|5|S9,S8,S2,S7,S4|1
PAID_INITIAL|0|5|S9,S8,S2,S8,S2|1
PAID_INITIAL|0|5|S9,S8,S3,S3,S2|1
PAID_INITIAL|0|5|S9,S8,S3,S8,S6|1
PAID_INITIAL|0|5|S9,S8,S4,S2,S7|1
PAID_INITIAL|0|5|S9,S8,S4,S3,S7|1
PAID_INITIAL|0|5|S9,S8,S4,S7,S9|1
PAID_INITIAL|0|5|S9,S8,S4,S8,S4|1
PAID_INITIAL|0|5|S9,S8,S5,S3,S9|1
PAID_INITIAL|0|5|S9,S8,S5,S4,S2|1
PAID_INITIAL|0|5|S9,S8,S5,S4,S5|1
PAID_INITIAL|0|5|S9,S8,S5,S8,S6|1
PAID_INITIAL|0|5|S9,S8,S6,S2,S8|1
PAID_INITIAL|0|5|S9,S8,S6,S3,S5|1
PAID_INITIAL|0|5|S9,S8,S6,S6,S6|1
PAID_INITIAL|0|5|S9,S8,S7,S5,S8|1
PAID_INITIAL|0|5|S9,S8,S7,S8,S9|1
PAID_INITIAL|0|5|S9,S8,S9,S2,S1|1
PAID_INITIAL|0|5|S9,S8,S9,S2,S7|1
PAID_INITIAL|0|5|S9,S8,S9,S4,S8|1
PAID_INITIAL|0|5|S9,S8,S9,S6,S6|1
PAID_INITIAL|0|5|S9,S8,S9,S7,S7|1
PAID_INITIAL|0|5|S9,S8,S9,S9,S4|1
PAID_INITIAL|0|5|S9,S9,S2,S3,S3|1
PAID_INITIAL|0|5|S9,S9,S2,S4,S2|1
PAID_INITIAL|0|5|S9,S9,S2,S4,S3|1
PAID_INITIAL|0|5|S9,S9,S2,S6,S5|1
PAID_INITIAL|0|5|S9,S9,S2,S9,S3|1
PAID_INITIAL|0|5|S9,S9,S3,S2,S3|1
PAID_INITIAL|0|5|S9,S9,S3,S4,S2|1
PAID_INITIAL|0|5|S9,S9,S3,S4,S3|1
PAID_INITIAL|0|5|S9,S9,S4,S6,S4|1
PAID_INITIAL|0|5|S9,S9,S4,S7,S4|1
PAID_INITIAL|0|5|S9,S9,S5,S2,S2|1
PAID_INITIAL|0|5|S9,S9,S5,S4,S9|1
PAID_INITIAL|0|5|S9,S9,S6,S3,S6|1
PAID_INITIAL|0|5|S9,S9,S6,S6,S6|1
PAID_INITIAL|0|5|S9,S9,S6,S6,S9|2
PAID_INITIAL|0|5|S9,S9,S7,S4,S5|1
PAID_INITIAL|0|5|S9,S9,S8,S8,S3|2
PAID_INITIAL|0|5|S9,S9,S9,S3,S7|1
PAID_INITIAL|0|5|S9,S9,S9,S7,S9|1
PAID_INITIAL|0|5|S9,S9,S9,S8,S4|1
PAID_INITIAL|1|5|S1,S1,S8,S2,S7|1
PAID_INITIAL|1|5|S1,S2,S2,S9,S5|1
PAID_INITIAL|1|5|S1,S2,S8,S3,S5|1
PAID_INITIAL|1|5|S1,S2,S9,S4,S4|1
PAID_INITIAL|1|5|S1,S2,S9,S6,S7|1
PAID_INITIAL|1|5|S1,S2,S9,S6,S9|1
PAID_INITIAL|1|5|S1,S3,S9,S6,S8|1
PAID_INITIAL|1|5|S1,S4,S2,S2,S2|1
PAID_INITIAL|1|5|S1,S4,S5,S5,S6|1
PAID_INITIAL|1|5|S1,S4,S8,S8,S8|1
PAID_INITIAL|1|5|S1,S5,S1,S7,S7|1
PAID_INITIAL|1|5|S1,S5,S5,S2,S2|1
PAID_INITIAL|1|5|S1,S5,S8,S8,S3|1
PAID_INITIAL|1|5|S1,S5,S9,S5,S9|1
PAID_INITIAL|1|5|S1,S6,S2,S2,S7|1
PAID_INITIAL|1|5|S1,S6,S3,S7,S4|1
PAID_INITIAL|1|5|S1,S6,S3,S7,S9|1
PAID_INITIAL|1|5|S1,S6,S7,S5,S8|1
PAID_INITIAL|1|5|S1,S7,S2,S3,S8|1
PAID_INITIAL|1|5|S1,S7,S3,S5,S5|1
PAID_INITIAL|1|5|S1,S7,S3,S7,S8|1
PAID_INITIAL|1|5|S1,S7,S9,S6,S4|1
PAID_INITIAL|1|5|S1,S8,S3,S2,S4|1
PAID_INITIAL|1|5|S1,S8,S6,S3,S4|1
PAID_INITIAL|1|5|S1,S9,S2,S4,S7|1
PAID_INITIAL|1|5|S1,S9,S5,S3,S9|1
PAID_INITIAL|1|5|S2,S1,S1,S9,S3|1
PAID_INITIAL|1|5|S2,S1,S2,S5,S9|1
PAID_INITIAL|1|5|S2,S1,S5,S3,S3|1
PAID_INITIAL|1|5|S2,S2,S1,S2,S4|1
PAID_INITIAL|1|5|S2,S2,S1,S8,S5|1
PAID_INITIAL|1|5|S2,S2,S3,S7,S2|1
PAID_INITIAL|1|5|S2,S2,S3,S9,S6|1
PAID_INITIAL|1|5|S2,S2,S3,S9,S9|1
PAID_INITIAL|1|5|S2,S2,S4,S7,S7|1
PAID_INITIAL|1|5|S2,S2,S5,S2,S2|1
PAID_INITIAL|1|5|S2,S2,S5,S2,S3|1
PAID_INITIAL|1|5|S2,S2,S5,S2,S9|1
PAID_INITIAL|1|5|S2,S2,S5,S3,S7|1
PAID_INITIAL|1|5|S2,S2,S5,S9,S2|1
PAID_INITIAL|1|5|S2,S2,S6,S6,S4|1
PAID_INITIAL|1|5|S2,S2,S6,S8,S2|1
PAID_INITIAL|1|5|S2,S2,S6,S9,S5|1
PAID_INITIAL|1|5|S2,S2,S7,S3,S3|1
PAID_INITIAL|1|5|S2,S2,S7,S3,S4|1
PAID_INITIAL|1|5|S2,S2,S7,S3,S6|1
PAID_INITIAL|1|5|S2,S2,S7,S5,S5|1
PAID_INITIAL|1|5|S2,S2,S7,S7,S9|1
PAID_INITIAL|1|5|S2,S2,S9,S4,S7|1
PAID_INITIAL|1|5|S2,S2,S9,S6,S9|1
PAID_INITIAL|1|5|S2,S2,S9,S8,S4|1
PAID_INITIAL|1|5|S2,S3,S2,S3,S5|1
PAID_INITIAL|1|5|S2,S3,S2,S6,S4|1
PAID_INITIAL|1|5|S2,S3,S2,S8,S1|1
PAID_INITIAL|1|5|S2,S3,S2,S8,S2|1
PAID_INITIAL|1|5|S2,S3,S2,S9,S4|1
PAID_INITIAL|1|5|S2,S3,S3,S2,S7|1
PAID_INITIAL|1|5|S2,S3,S3,S3,S4|1
PAID_INITIAL|1|5|S2,S3,S3,S3,S9|1
PAID_INITIAL|1|5|S2,S3,S3,S9,S5|1
PAID_INITIAL|1|5|S2,S3,S4,S2,S2|1
PAID_INITIAL|1|5|S2,S3,S4,S6,S5|1
PAID_INITIAL|1|5|S2,S3,S5,S1,S7|1
PAID_INITIAL|1|5|S2,S3,S5,S2,S7|1
PAID_INITIAL|1|5|S2,S3,S5,S6,S3|1
PAID_INITIAL|1|5|S2,S3,S5,S6,S5|1
PAID_INITIAL|1|5|S2,S3,S5,S6,S8|1
PAID_INITIAL|1|5|S2,S3,S6,S9,S7|1
PAID_INITIAL|1|5|S2,S3,S7,S5,S2|1
PAID_INITIAL|1|5|S2,S3,S7,S7,S3|1
PAID_INITIAL|1|5|S2,S3,S7,S7,S9|1
PAID_INITIAL|1|5|S2,S3,S7,S9,S6|1
PAID_INITIAL|1|5|S2,S3,S8,S3,S8|1
PAID_INITIAL|1|5|S2,S3,S8,S8,S5|1
PAID_INITIAL|1|5|S2,S3,S9,S7,S9|1
PAID_INITIAL|1|5|S2,S3,S9,S9,S2|1
PAID_INITIAL|1|5|S2,S3,S9,S9,S5|1
PAID_INITIAL|1|5|S2,S3,S9,S9,S9|1
PAID_INITIAL|1|5|S2,S4,S2,S1,S5|1
PAID_INITIAL|1|5|S2,S4,S2,S4,S3|1
PAID_INITIAL|1|5|S2,S4,S2,S8,S7|1
PAID_INITIAL|1|5|S2,S4,S2,S9,S4|1
PAID_INITIAL|1|5|S2,S4,S3,S2,S3|1
PAID_INITIAL|1|5|S2,S4,S3,S6,S2|1
PAID_INITIAL|1|5|S2,S4,S4,S7,S2|1
PAID_INITIAL|1|5|S2,S4,S4,S9,S2|1
PAID_INITIAL|1|5|S2,S4,S5,S1,S7|1
PAID_INITIAL|1|5|S2,S4,S5,S2,S8|1
PAID_INITIAL|1|5|S2,S4,S5,S4,S7|1
PAID_INITIAL|1|5|S2,S4,S6,S2,S2|1
PAID_INITIAL|1|5|S2,S4,S6,S6,S4|1
PAID_INITIAL|1|5|S2,S4,S7,S2,S4|1
PAID_INITIAL|1|5|S2,S4,S7,S7,S8|1
PAID_INITIAL|1|5|S2,S4,S7,S8,S6|1
PAID_INITIAL|1|5|S2,S4,S8,S2,S7|1
PAID_INITIAL|1|5|S2,S4,S8,S3,S8|1
PAID_INITIAL|1|5|S2,S4,S8,S6,S9|1
PAID_INITIAL|1|5|S2,S4,S9,S2,S2|1
PAID_INITIAL|1|5|S2,S4,S9,S4,S3|1
PAID_INITIAL|1|5|S2,S4,S9,S7,S3|1
PAID_INITIAL|1|5|S2,S4,S9,S9,S3|1
PAID_INITIAL|1|5|S2,S5,S2,S5,S9|1
PAID_INITIAL|1|5|S2,S5,S2,S6,S2|1
PAID_INITIAL|1|5|S2,S5,S2,S7,S7|1
PAID_INITIAL|1|5|S2,S5,S2,S8,S4|1
PAID_INITIAL|1|5|S2,S5,S2,S8,S8|1
PAID_INITIAL|1|5|S2,S5,S2,S9,S5|1
PAID_INITIAL|1|5|S2,S5,S3,S3,S3|1
PAID_INITIAL|1|5|S2,S5,S3,S6,S7|1
PAID_INITIAL|1|5|S2,S5,S3,S8,S9|1
PAID_INITIAL|1|5|S2,S5,S3,S9,S3|1
PAID_INITIAL|1|5|S2,S5,S5,S4,S8|1
PAID_INITIAL|1|5|S2,S5,S6,S7,S3|1
PAID_INITIAL|1|5|S2,S5,S7,S2,S3|1
PAID_INITIAL|1|5|S2,S5,S7,S6,S9|1
PAID_INITIAL|1|5|S2,S5,S7,S9,S3|1
PAID_INITIAL|1|5|S2,S5,S9,S2,S9|1
PAID_INITIAL|1|5|S2,S5,S9,S6,S9|1
PAID_INITIAL|1|5|S2,S5,S9,S8,S8|1
PAID_INITIAL|1|5|S2,S5,S9,S9,S4|1
PAID_INITIAL|1|5|S2,S6,S1,S8,S2|1
PAID_INITIAL|1|5|S2,S6,S2,S5,S4|1
PAID_INITIAL|1|5|S2,S6,S2,S7,S6|1
PAID_INITIAL|1|5|S2,S6,S2,S9,S5|1
PAID_INITIAL|1|5|S2,S6,S3,S3,S7|1
PAID_INITIAL|1|5|S2,S6,S3,S4,S7|1
PAID_INITIAL|1|5|S2,S6,S3,S7,S9|1
PAID_INITIAL|1|5|S2,S6,S3,S8,S4|1
PAID_INITIAL|1|5|S2,S6,S4,S6,S7|1
PAID_INITIAL|1|5|S2,S6,S4,S7,S8|1
PAID_INITIAL|1|5|S2,S6,S5,S3,S7|1
PAID_INITIAL|1|5|S2,S6,S5,S4,S8|1
PAID_INITIAL|1|5|S2,S6,S5,S5,S3|3
PAID_INITIAL|1|5|S2,S6,S5,S5,S4|1
PAID_INITIAL|1|5|S2,S6,S6,S3,S6|1
PAID_INITIAL|1|5|S2,S6,S6,S5,S7|1
PAID_INITIAL|1|5|S2,S6,S7,S8,S9|1
PAID_INITIAL|1|5|S2,S6,S8,S3,S2|1
PAID_INITIAL|1|5|S2,S6,S8,S4,S9|1
PAID_INITIAL|1|5|S2,S6,S8,S6,S7|1
PAID_INITIAL|1|5|S2,S6,S8,S8,S6|1
PAID_INITIAL|1|5|S2,S6,S8,S9,S6|1
PAID_INITIAL|1|5|S2,S6,S9,S3,S2|1
PAID_INITIAL|1|5|S2,S6,S9,S3,S9|1
PAID_INITIAL|1|5|S2,S6,S9,S9,S2|1
PAID_INITIAL|1|5|S2,S7,S2,S4,S4|1
PAID_INITIAL|1|5|S2,S7,S2,S5,S6|1
PAID_INITIAL|1|5|S2,S7,S3,S7,S3|1
PAID_INITIAL|1|5|S2,S7,S3,S8,S5|1
PAID_INITIAL|1|5|S2,S7,S4,S1,S6|1
PAID_INITIAL|1|5|S2,S7,S4,S5,S5|1
PAID_INITIAL|1|5|S2,S7,S4,S5,S7|1
PAID_INITIAL|1|5|S2,S7,S4,S6,S6|1
PAID_INITIAL|1|5|S2,S7,S4,S8,S2|1
PAID_INITIAL|1|5|S2,S7,S4,S8,S3|1
PAID_INITIAL|1|5|S2,S7,S4,S8,S6|1
PAID_INITIAL|1|5|S2,S7,S5,S3,S8|1
PAID_INITIAL|1|5|S2,S7,S5,S5,S2|1
PAID_INITIAL|1|5|S2,S7,S5,S5,S5|1
PAID_INITIAL|1|5|S2,S7,S5,S8,S5|1
PAID_INITIAL|1|5|S2,S7,S6,S3,S8|1
PAID_INITIAL|1|5|S2,S7,S6,S3,S9|1
PAID_INITIAL|1|5|S2,S7,S6,S6,S8|1
PAID_INITIAL|1|5|S2,S7,S7,S3,S7|1
PAID_INITIAL|1|5|S2,S7,S7,S7,S5|1
PAID_INITIAL|1|5|S2,S7,S8,S2,S5|1
PAID_INITIAL|1|5|S2,S7,S8,S4,S3|1
PAID_INITIAL|1|5|S2,S7,S8,S8,S2|1
PAID_INITIAL|1|5|S2,S7,S9,S3,S2|1
PAID_INITIAL|1|5|S2,S7,S9,S5,S6|1
PAID_INITIAL|1|5|S2,S7,S9,S6,S2|1
PAID_INITIAL|1|5|S2,S8,S2,S4,S9|1
PAID_INITIAL|1|5|S2,S8,S2,S5,S7|1
PAID_INITIAL|1|5|S2,S8,S2,S7,S7|1
PAID_INITIAL|1|5|S2,S8,S3,S6,S6|1
PAID_INITIAL|1|5|S2,S8,S4,S4,S9|1
PAID_INITIAL|1|5|S2,S8,S4,S7,S8|1
PAID_INITIAL|1|5|S2,S8,S4,S8,S2|1
PAID_INITIAL|1|5|S2,S8,S6,S5,S6|1
PAID_INITIAL|1|5|S2,S8,S6,S6,S3|1
PAID_INITIAL|1|5|S2,S8,S6,S7,S6|1
PAID_INITIAL|1|5|S2,S8,S6,S7,S9|1
PAID_INITIAL|1|5|S2,S8,S6,S8,S5|1
PAID_INITIAL|1|5|S2,S8,S7,S3,S2|1
PAID_INITIAL|1|5|S2,S8,S7,S6,S7|1
PAID_INITIAL|1|5|S2,S8,S7,S9,S6|1
PAID_INITIAL|1|5|S2,S8,S7,S9,S8|1
PAID_INITIAL|1|5|S2,S8,S8,S2,S3|1
PAID_INITIAL|1|5|S2,S8,S9,S2,S2|1
PAID_INITIAL|1|5|S2,S8,S9,S3,S3|1
PAID_INITIAL|1|5|S2,S8,S9,S4,S4|1
PAID_INITIAL|1|5|S2,S8,S9,S6,S7|1
PAID_INITIAL|1|5|S2,S8,S9,S7,S3|1
PAID_INITIAL|1|5|S2,S9,S1,S5,S2|1
PAID_INITIAL|1|5|S2,S9,S2,S3,S6|1
PAID_INITIAL|1|5|S2,S9,S2,S6,S9|1
PAID_INITIAL|1|5|S2,S9,S3,S2,S8|1
PAID_INITIAL|1|5|S2,S9,S3,S4,S9|1
PAID_INITIAL|1|5|S2,S9,S3,S5,S4|1
PAID_INITIAL|1|5|S2,S9,S3,S7,S6|1
PAID_INITIAL|1|5|S2,S9,S4,S5,S4|1
PAID_INITIAL|1|5|S2,S9,S5,S4,S5|1
PAID_INITIAL|1|5|S2,S9,S5,S4,S9|1
PAID_INITIAL|1|5|S2,S9,S5,S9,S3|1
PAID_INITIAL|1|5|S2,S9,S6,S3,S2|1
PAID_INITIAL|1|5|S2,S9,S7,S2,S7|1
PAID_INITIAL|1|5|S2,S9,S7,S5,S5|1
PAID_INITIAL|1|5|S2,S9,S7,S7,S3|1
PAID_INITIAL|1|5|S2,S9,S7,S9,S5|1
PAID_INITIAL|1|5|S2,S9,S8,S3,S4|1
PAID_INITIAL|1|5|S2,S9,S8,S6,S1|1
PAID_INITIAL|1|5|S2,S9,S9,S2,S5|1
PAID_INITIAL|1|5|S2,S9,S9,S2,S8|1
PAID_INITIAL|1|5|S2,S9,S9,S3,S8|1
PAID_INITIAL|1|5|S2,S9,S9,S3,S9|1
PAID_INITIAL|1|5|S2,S9,S9,S6,S6|1
PAID_INITIAL|1|5|S3,S1,S1,S2,S2|1
PAID_INITIAL|1|5|S3,S1,S2,S7,S5|1
PAID_INITIAL|1|5|S3,S1,S7,S6,S4|1
PAID_INITIAL|1|5|S3,S1,S9,S9,S4|1
PAID_INITIAL|1|5|S3,S2,S3,S6,S3|1
PAID_INITIAL|1|5|S3,S2,S3,S6,S7|1
PAID_INITIAL|1|5|S3,S2,S4,S3,S2|1
PAID_INITIAL|1|5|S3,S2,S4,S4,S7|1
PAID_INITIAL|1|5|S3,S2,S4,S8,S3|1
PAID_INITIAL|1|5|S3,S2,S5,S4,S2|1
PAID_INITIAL|1|5|S3,S2,S5,S7,S9|1
PAID_INITIAL|1|5|S3,S2,S5,S9,S5|1
PAID_INITIAL|1|5|S3,S2,S5,S9,S9|1
PAID_INITIAL|1|5|S3,S2,S6,S4,S9|1
PAID_INITIAL|1|5|S3,S2,S6,S5,S4|1
PAID_INITIAL|1|5|S3,S2,S6,S9,S5|1
PAID_INITIAL|1|5|S3,S2,S7,S8,S8|1
PAID_INITIAL|1|5|S3,S2,S8,S2,S5|1
PAID_INITIAL|1|5|S3,S2,S9,S4,S5|1
PAID_INITIAL|1|5|S3,S3,S1,S5,S7|1
PAID_INITIAL|1|5|S3,S3,S2,S2,S2|1
PAID_INITIAL|1|5|S3,S3,S2,S3,S3|1
PAID_INITIAL|1|5|S3,S3,S2,S4,S4|1
PAID_INITIAL|1|5|S3,S3,S2,S5,S5|1
PAID_INITIAL|1|5|S3,S3,S2,S8,S2|1
PAID_INITIAL|1|5|S3,S3,S2,S8,S9|1
PAID_INITIAL|1|5|S3,S3,S4,S4,S4|2
PAID_INITIAL|1|5|S3,S3,S4,S6,S9|1
PAID_INITIAL|1|5|S3,S3,S4,S9,S4|1
PAID_INITIAL|1|5|S3,S3,S5,S6,S4|1
PAID_INITIAL|1|5|S3,S3,S5,S7,S8|1
PAID_INITIAL|1|5|S3,S3,S5,S8,S7|1
PAID_INITIAL|1|5|S3,S3,S6,S2,S3|1
PAID_INITIAL|1|5|S3,S3,S7,S2,S5|2
PAID_INITIAL|1|5|S3,S3,S7,S4,S2|1
PAID_INITIAL|1|5|S3,S3,S7,S8,S7|1
PAID_INITIAL|1|5|S3,S3,S8,S6,S6|1
PAID_INITIAL|1|5|S3,S3,S8,S8,S2|1
PAID_INITIAL|1|5|S3,S3,S8,S8,S9|1
PAID_INITIAL|1|5|S3,S3,S8,S9,S7|1
PAID_INITIAL|1|5|S3,S3,S9,S2,S6|1
PAID_INITIAL|1|5|S3,S3,S9,S3,S7|1
PAID_INITIAL|1|5|S3,S3,S9,S8,S7|1
PAID_INITIAL|1|5|S3,S3,S9,S9,S3|1
PAID_INITIAL|1|5|S3,S4,S1,S4,S4|1
PAID_INITIAL|1|5|S3,S4,S2,S2,S8|1
PAID_INITIAL|1|5|S3,S4,S2,S6,S5|1
PAID_INITIAL|1|5|S3,S4,S2,S9,S4|1
PAID_INITIAL|1|5|S3,S4,S3,S5,S9|1
PAID_INITIAL|1|5|S3,S4,S3,S6,S6|1
PAID_INITIAL|1|5|S3,S4,S3,S7,S9|1
PAID_INITIAL|1|5|S3,S4,S4,S4,S3|1
PAID_INITIAL|1|5|S3,S4,S4,S4,S7|1
PAID_INITIAL|1|5|S3,S4,S5,S9,S8|1
PAID_INITIAL|1|5|S3,S4,S6,S2,S3|1
PAID_INITIAL|1|5|S3,S4,S7,S4,S4|1
PAID_INITIAL|1|5|S3,S4,S8,S2,S4|1
PAID_INITIAL|1|5|S3,S4,S8,S7,S6|1
PAID_INITIAL|1|5|S3,S4,S8,S9,S5|1
PAID_INITIAL|1|5|S3,S4,S8,S9,S7|1
PAID_INITIAL|1|5|S3,S4,S9,S4,S3|1
PAID_INITIAL|1|5|S3,S4,S9,S8,S8|1
PAID_INITIAL|1|5|S3,S5,S2,S1,S8|1
PAID_INITIAL|1|5|S3,S5,S2,S2,S2|1
PAID_INITIAL|1|5|S3,S5,S2,S4,S4|1
PAID_INITIAL|1|5|S3,S5,S2,S8,S7|1
PAID_INITIAL|1|5|S3,S5,S3,S2,S4|1
PAID_INITIAL|1|5|S3,S5,S3,S6,S3|1
PAID_INITIAL|1|5|S3,S5,S3,S7,S6|1
PAID_INITIAL|1|5|S3,S5,S4,S2,S9|1
PAID_INITIAL|1|5|S3,S5,S4,S6,S5|1
PAID_INITIAL|1|5|S3,S5,S4,S7,S4|1
PAID_INITIAL|1|5|S3,S5,S4,S7,S9|1
PAID_INITIAL|1|5|S3,S5,S4,S8,S9|1
PAID_INITIAL|1|5|S3,S5,S5,S5,S9|1
PAID_INITIAL|1|5|S3,S5,S5,S8,S4|1
PAID_INITIAL|1|5|S3,S5,S6,S2,S4|1
PAID_INITIAL|1|5|S3,S5,S6,S5,S2|1
PAID_INITIAL|1|5|S3,S5,S6,S9,S1|1
PAID_INITIAL|1|5|S3,S5,S7,S4,S8|1
PAID_INITIAL|1|5|S3,S5,S7,S5,S2|1
PAID_INITIAL|1|5|S3,S5,S7,S8,S6|1
PAID_INITIAL|1|5|S3,S5,S8,S3,S2|1
PAID_INITIAL|1|5|S3,S5,S8,S3,S7|1
PAID_INITIAL|1|5|S3,S5,S8,S6,S8|1
PAID_INITIAL|1|5|S3,S5,S8,S9,S6|1
PAID_INITIAL|1|5|S3,S5,S9,S8,S8|2
PAID_INITIAL|1|5|S3,S5,S9,S9,S8|1
PAID_INITIAL|1|5|S3,S5,S9,S9,S9|1
PAID_INITIAL|1|5|S3,S6,S2,S2,S9|1
PAID_INITIAL|1|5|S3,S6,S2,S6,S9|1
PAID_INITIAL|1|5|S3,S6,S2,S9,S8|1
PAID_INITIAL|1|5|S3,S6,S3,S3,S9|1
PAID_INITIAL|1|5|S3,S6,S3,S9,S4|1
PAID_INITIAL|1|5|S3,S6,S4,S1,S8|1
PAID_INITIAL|1|5|S3,S6,S4,S4,S5|1
PAID_INITIAL|1|5|S3,S6,S5,S5,S8|1
PAID_INITIAL|1|5|S3,S6,S5,S8,S8|1
PAID_INITIAL|1|5|S3,S6,S5,S9,S6|1
PAID_INITIAL|1|5|S3,S6,S6,S6,S2|1
PAID_INITIAL|1|5|S3,S6,S7,S2,S8|1
PAID_INITIAL|1|5|S3,S6,S8,S9,S6|1
PAID_INITIAL|1|5|S3,S6,S9,S5,S8|1
PAID_INITIAL|1|5|S3,S6,S9,S9,S2|1
PAID_INITIAL|1|5|S3,S7,S2,S6,S9|1
PAID_INITIAL|1|5|S3,S7,S2,S7,S7|1
PAID_INITIAL|1|5|S3,S7,S3,S2,S2|1
PAID_INITIAL|1|5|S3,S7,S3,S5,S9|1
PAID_INITIAL|1|5|S3,S7,S4,S3,S9|2
PAID_INITIAL|1|5|S3,S7,S4,S4,S5|1
PAID_INITIAL|1|5|S3,S7,S4,S6,S4|1
PAID_INITIAL|1|5|S3,S7,S4,S6,S9|1
PAID_INITIAL|1|5|S3,S7,S4,S8,S8|1
PAID_INITIAL|1|5|S3,S7,S5,S9,S8|1
PAID_INITIAL|1|5|S3,S7,S6,S4,S7|1
PAID_INITIAL|1|5|S3,S7,S6,S5,S5|1
PAID_INITIAL|1|5|S3,S7,S6,S7,S2|1
PAID_INITIAL|1|5|S3,S7,S7,S3,S3|1
PAID_INITIAL|1|5|S3,S7,S7,S4,S4|1
PAID_INITIAL|1|5|S3,S7,S7,S4,S6|1
PAID_INITIAL|1|5|S3,S7,S7,S5,S6|1
PAID_INITIAL|1|5|S3,S7,S7,S7,S2|1
PAID_INITIAL|1|5|S3,S7,S7,S7,S3|1
PAID_INITIAL|1|5|S3,S7,S8,S2,S4|1
PAID_INITIAL|1|5|S3,S7,S8,S4,S6|1
PAID_INITIAL|1|5|S3,S7,S9,S3,S3|1
PAID_INITIAL|1|5|S3,S7,S9,S5,S4|1
PAID_INITIAL|1|5|S3,S7,S9,S5,S9|1
PAID_INITIAL|1|5|S3,S8,S2,S7,S2|1
PAID_INITIAL|1|5|S3,S8,S3,S7,S4|1
PAID_INITIAL|1|5|S3,S8,S4,S4,S2|1
PAID_INITIAL|1|5|S3,S8,S4,S5,S8|1
PAID_INITIAL|1|5|S3,S8,S4,S9,S6|1
PAID_INITIAL|1|5|S3,S8,S5,S4,S6|1
PAID_INITIAL|1|5|S3,S8,S5,S5,S5|1
PAID_INITIAL|1|5|S3,S8,S5,S8,S5|1
PAID_INITIAL|1|5|S3,S8,S6,S3,S9|1
PAID_INITIAL|1|5|S3,S8,S6,S4,S3|1
PAID_INITIAL|1|5|S3,S8,S8,S2,S3|1
PAID_INITIAL|1|5|S3,S8,S8,S4,S9|1
PAID_INITIAL|1|5|S3,S8,S9,S3,S4|1
PAID_INITIAL|1|5|S3,S8,S9,S8,S4|1
PAID_INITIAL|1|5|S3,S9,S2,S5,S5|1
PAID_INITIAL|1|5|S3,S9,S2,S6,S7|1
PAID_INITIAL|1|5|S3,S9,S3,S3,S4|1
PAID_INITIAL|1|5|S3,S9,S3,S3,S8|1
PAID_INITIAL|1|5|S3,S9,S3,S4,S8|1
PAID_INITIAL|1|5|S3,S9,S3,S5,S4|1
PAID_INITIAL|1|5|S3,S9,S3,S9,S5|1
PAID_INITIAL|1|5|S3,S9,S4,S2,S2|1
PAID_INITIAL|1|5|S3,S9,S4,S4,S6|2
PAID_INITIAL|1|5|S3,S9,S4,S5,S4|1
PAID_INITIAL|1|5|S3,S9,S5,S1,S6|1
PAID_INITIAL|1|5|S3,S9,S5,S2,S3|1
PAID_INITIAL|1|5|S3,S9,S6,S3,S3|1
PAID_INITIAL|1|5|S3,S9,S6,S6,S3|1
PAID_INITIAL|1|5|S3,S9,S6,S9,S6|1
PAID_INITIAL|1|5|S3,S9,S7,S2,S6|1
PAID_INITIAL|1|5|S3,S9,S8,S1,S9|1
PAID_INITIAL|1|5|S3,S9,S9,S2,S2|2
PAID_INITIAL|1|5|S4,S1,S2,S6,S6|1
PAID_INITIAL|1|5|S4,S1,S6,S6,S9|1
PAID_INITIAL|1|5|S4,S1,S7,S6,S9|1
PAID_INITIAL|1|5|S4,S1,S9,S7,S3|1
PAID_INITIAL|1|5|S4,S2,S2,S7,S8|1
PAID_INITIAL|1|5|S4,S2,S3,S8,S5|1
PAID_INITIAL|1|5|S4,S2,S3,S9,S2|1
PAID_INITIAL|1|5|S4,S2,S4,S2,S4|1
PAID_INITIAL|1|5|S4,S2,S4,S3,S7|1
PAID_INITIAL|1|5|S4,S2,S4,S6,S6|1
PAID_INITIAL|1|5|S4,S2,S5,S4,S3|1
PAID_INITIAL|1|5|S4,S2,S6,S2,S4|1
PAID_INITIAL|1|5|S4,S2,S6,S7,S8|1
PAID_INITIAL|1|5|S4,S2,S8,S2,S4|1
PAID_INITIAL|1|5|S4,S2,S8,S4,S3|1
PAID_INITIAL|1|5|S4,S2,S8,S7,S5|1
PAID_INITIAL|1|5|S4,S2,S9,S2,S1|1
PAID_INITIAL|1|5|S4,S2,S9,S5,S8|1
PAID_INITIAL|1|5|S4,S2,S9,S6,S2|1
PAID_INITIAL|1|5|S4,S2,S9,S6,S8|1
PAID_INITIAL|1|5|S4,S2,S9,S9,S8|1
PAID_INITIAL|1|5|S4,S3,S2,S8,S9|1
PAID_INITIAL|1|5|S4,S3,S3,S3,S8|1
PAID_INITIAL|1|5|S4,S3,S3,S4,S6|1
PAID_INITIAL|1|5|S4,S3,S3,S7,S6|1
PAID_INITIAL|1|5|S4,S3,S4,S2,S5|1
PAID_INITIAL|1|5|S4,S3,S4,S3,S3|1
PAID_INITIAL|1|5|S4,S3,S5,S4,S8|1
PAID_INITIAL|1|5|S4,S3,S5,S5,S2|1
PAID_INITIAL|1|5|S4,S3,S5,S7,S4|1
PAID_INITIAL|1|5|S4,S3,S6,S5,S2|1
PAID_INITIAL|1|5|S4,S3,S6,S6,S3|1
PAID_INITIAL|1|5|S4,S3,S6,S6,S6|1
PAID_INITIAL|1|5|S4,S3,S6,S8,S4|1
PAID_INITIAL|1|5|S4,S3,S6,S9,S7|1
PAID_INITIAL|1|5|S4,S3,S7,S2,S6|1
PAID_INITIAL|1|5|S4,S3,S7,S7,S6|1
PAID_INITIAL|1|5|S4,S3,S8,S3,S5|1
PAID_INITIAL|1|5|S4,S3,S8,S3,S6|1
PAID_INITIAL|1|5|S4,S3,S8,S6,S8|1
PAID_INITIAL|1|5|S4,S3,S9,S2,S8|1
PAID_INITIAL|1|5|S4,S3,S9,S5,S1|1
PAID_INITIAL|1|5|S4,S4,S1,S6,S5|1
PAID_INITIAL|1|5|S4,S4,S2,S3,S3|2
PAID_INITIAL|1|5|S4,S4,S3,S1,S7|1
PAID_INITIAL|1|5|S4,S4,S3,S2,S3|1
PAID_INITIAL|1|5|S4,S4,S3,S3,S8|1
PAID_INITIAL|1|5|S4,S4,S3,S5,S5|1
PAID_INITIAL|1|5|S4,S4,S4,S4,S2|1
PAID_INITIAL|1|5|S4,S4,S5,S3,S8|1
PAID_INITIAL|1|5|S4,S4,S6,S2,S7|1
PAID_INITIAL|1|5|S4,S4,S6,S8,S9|1
PAID_INITIAL|1|5|S4,S4,S7,S2,S9|1
PAID_INITIAL|1|5|S4,S4,S7,S5,S4|1
PAID_INITIAL|1|5|S4,S4,S7,S7,S3|1
PAID_INITIAL|1|5|S4,S4,S8,S2,S8|1
PAID_INITIAL|1|5|S4,S4,S9,S1,S3|1
PAID_INITIAL|1|5|S4,S4,S9,S5,S9|1
PAID_INITIAL|1|5|S4,S4,S9,S8,S9|1
PAID_INITIAL|1|5|S4,S4,S9,S9,S2|1
PAID_INITIAL|1|5|S4,S5,S2,S2,S5|1
PAID_INITIAL|1|5|S4,S5,S2,S3,S5|1
PAID_INITIAL|1|5|S4,S5,S2,S3,S6|1
PAID_INITIAL|1|5|S4,S5,S2,S7,S6|1
PAID_INITIAL|1|5|S4,S5,S3,S4,S7|1
PAID_INITIAL|1|5|S4,S5,S4,S5,S5|1
PAID_INITIAL|1|5|S4,S5,S4,S5,S8|1
PAID_INITIAL|1|5|S4,S5,S4,S6,S5|1
PAID_INITIAL|1|5|S4,S5,S4,S8,S4|1
PAID_INITIAL|1|5|S4,S5,S5,S3,S5|1
PAID_INITIAL|1|5|S4,S5,S5,S4,S5|1
PAID_INITIAL|1|5|S4,S5,S5,S6,S9|1
PAID_INITIAL|1|5|S4,S5,S5,S7,S6|1
PAID_INITIAL|1|5|S4,S5,S6,S3,S6|1
PAID_INITIAL|1|5|S4,S5,S6,S3,S7|1
PAID_INITIAL|1|5|S4,S5,S6,S5,S7|1
PAID_INITIAL|1|5|S4,S5,S6,S5,S9|1
PAID_INITIAL|1|5|S4,S5,S6,S7,S4|1
PAID_INITIAL|1|5|S4,S5,S7,S4,S5|1
PAID_INITIAL|1|5|S4,S5,S8,S8,S4|1
PAID_INITIAL|1|5|S4,S5,S9,S2,S6|1
PAID_INITIAL|1|5|S4,S5,S9,S3,S6|1
PAID_INITIAL|1|5|S4,S5,S9,S6,S5|1
PAID_INITIAL|1|5|S4,S5,S9,S7,S8|1
PAID_INITIAL|1|5|S4,S5,S9,S8,S5|1
PAID_INITIAL|1|5|S4,S6,S2,S3,S2|1
PAID_INITIAL|1|5|S4,S6,S2,S6,S3|2
PAID_INITIAL|1|5|S4,S6,S3,S2,S9|1
PAID_INITIAL|1|5|S4,S6,S3,S5,S4|1
PAID_INITIAL|1|5|S4,S6,S3,S8,S2|1
PAID_INITIAL|1|5|S4,S6,S3,S9,S3|1
PAID_INITIAL|1|5|S4,S6,S4,S4,S8|1
PAID_INITIAL|1|5|S4,S6,S4,S6,S3|1
PAID_INITIAL|1|5|S4,S6,S4,S8,S8|1
PAID_INITIAL|1|5|S4,S6,S5,S4,S3|1
PAID_INITIAL|1|5|S4,S6,S5,S4,S7|1
PAID_INITIAL|1|5|S4,S6,S5,S5,S2|1
PAID_INITIAL|1|5|S4,S6,S5,S6,S2|1
PAID_INITIAL|1|5|S4,S6,S5,S7,S8|1
PAID_INITIAL|1|5|S4,S6,S5,S8,S7|1
PAID_INITIAL|1|5|S4,S6,S5,S9,S9|1
PAID_INITIAL|1|5|S4,S6,S6,S2,S8|1
PAID_INITIAL|1|5|S4,S6,S6,S5,S7|1
PAID_INITIAL|1|5|S4,S6,S6,S7,S6|1
PAID_INITIAL|1|5|S4,S6,S6,S8,S5|1
PAID_INITIAL|1|5|S4,S6,S7,S5,S2|1
PAID_INITIAL|1|5|S4,S6,S8,S8,S6|1
PAID_INITIAL|1|5|S4,S6,S9,S4,S4|1
PAID_INITIAL|1|5|S4,S7,S2,S4,S5|1
PAID_INITIAL|1|5|S4,S7,S2,S4,S9|1
PAID_INITIAL|1|5|S4,S7,S2,S6,S4|1
PAID_INITIAL|1|5|S4,S7,S2,S7,S2|1
PAID_INITIAL|1|5|S4,S7,S3,S7,S7|1
PAID_INITIAL|1|5|S4,S7,S3,S8,S9|1
PAID_INITIAL|1|5|S4,S7,S5,S2,S8|1
PAID_INITIAL|1|5|S4,S7,S5,S3,S8|1
PAID_INITIAL|1|5|S4,S7,S6,S4,S4|1
PAID_INITIAL|1|5|S4,S7,S6,S6,S8|1
PAID_INITIAL|1|5|S4,S7,S6,S9,S5|1
PAID_INITIAL|1|5|S4,S7,S7,S2,S3|1
PAID_INITIAL|1|5|S4,S7,S7,S5,S2|1
PAID_INITIAL|1|5|S4,S7,S7,S7,S4|1
PAID_INITIAL|1|5|S4,S7,S7,S8,S2|1
PAID_INITIAL|1|5|S4,S7,S8,S6,S8|1
PAID_INITIAL|1|5|S4,S7,S8,S8,S6|1
PAID_INITIAL|1|5|S4,S7,S9,S9,S2|1
PAID_INITIAL|1|5|S4,S8,S2,S4,S3|1
PAID_INITIAL|1|5|S4,S8,S2,S7,S5|1
PAID_INITIAL|1|5|S4,S8,S3,S5,S3|1
PAID_INITIAL|1|5|S4,S8,S3,S6,S3|1
PAID_INITIAL|1|5|S4,S8,S4,S7,S5|1
PAID_INITIAL|1|5|S4,S8,S4,S9,S5|1
PAID_INITIAL|1|5|S4,S8,S5,S4,S3|1
PAID_INITIAL|1|5|S4,S8,S5,S4,S5|1
PAID_INITIAL|1|5|S4,S8,S5,S7,S9|1
PAID_INITIAL|1|5|S4,S8,S5,S9,S7|1
PAID_INITIAL|1|5|S4,S8,S6,S2,S4|1
PAID_INITIAL|1|5|S4,S8,S6,S2,S9|1
PAID_INITIAL|1|5|S4,S8,S7,S3,S8|1
PAID_INITIAL|1|5|S4,S8,S7,S4,S5|1
PAID_INITIAL|1|5|S4,S8,S7,S5,S3|1
PAID_INITIAL|1|5|S4,S8,S7,S6,S3|1
PAID_INITIAL|1|5|S4,S8,S7,S7,S9|1
PAID_INITIAL|1|5|S4,S8,S8,S3,S6|1
PAID_INITIAL|1|5|S4,S8,S8,S6,S9|1
PAID_INITIAL|1|5|S4,S8,S8,S9,S3|1
PAID_INITIAL|1|5|S4,S8,S9,S2,S4|1
PAID_INITIAL|1|5|S4,S8,S9,S2,S8|1
PAID_INITIAL|1|5|S4,S8,S9,S7,S9|1
PAID_INITIAL|1|5|S4,S9,S3,S2,S3|1
PAID_INITIAL|1|5|S4,S9,S3,S4,S5|1
PAID_INITIAL|1|5|S4,S9,S3,S4,S8|1
PAID_INITIAL|1|5|S4,S9,S3,S6,S9|1
PAID_INITIAL|1|5|S4,S9,S4,S3,S2|1
PAID_INITIAL|1|5|S4,S9,S4,S4,S3|1
PAID_INITIAL|1|5|S4,S9,S4,S6,S4|1
PAID_INITIAL|1|5|S4,S9,S4,S6,S9|1
PAID_INITIAL|1|5|S4,S9,S4,S8,S3|1
PAID_INITIAL|1|5|S4,S9,S4,S8,S9|1
PAID_INITIAL|1|5|S4,S9,S5,S4,S9|1
PAID_INITIAL|1|5|S4,S9,S5,S5,S9|1
PAID_INITIAL|1|5|S4,S9,S6,S2,S3|1
PAID_INITIAL|1|5|S4,S9,S7,S2,S7|1
PAID_INITIAL|1|5|S4,S9,S7,S4,S3|1
PAID_INITIAL|1|5|S4,S9,S7,S6,S5|1
PAID_INITIAL|1|5|S4,S9,S8,S4,S3|1
PAID_INITIAL|1|5|S4,S9,S8,S8,S3|1
PAID_INITIAL|1|5|S4,S9,S9,S4,S8|1
PAID_INITIAL|1|5|S4,S9,S9,S8,S3|1
PAID_INITIAL|1|5|S5,S1,S3,S4,S5|1
PAID_INITIAL|1|5|S5,S1,S7,S5,S7|1
PAID_INITIAL|1|5|S5,S2,S2,S2,S5|1
PAID_INITIAL|1|5|S5,S2,S3,S3,S6|1
PAID_INITIAL|1|5|S5,S2,S3,S7,S4|1
PAID_INITIAL|1|5|S5,S2,S4,S2,S4|1
PAID_INITIAL|1|5|S5,S2,S4,S9,S4|1
PAID_INITIAL|1|5|S5,S2,S5,S5,S3|1
PAID_INITIAL|1|5|S5,S2,S5,S7,S4|1
PAID_INITIAL|1|5|S5,S2,S5,S9,S2|1
PAID_INITIAL|1|5|S5,S2,S6,S3,S5|1
PAID_INITIAL|1|5|S5,S2,S6,S4,S4|1
PAID_INITIAL|1|5|S5,S2,S6,S6,S2|1
PAID_INITIAL|1|5|S5,S2,S6,S7,S5|1
PAID_INITIAL|1|5|S5,S2,S7,S2,S2|1
PAID_INITIAL|1|5|S5,S2,S7,S2,S6|1
PAID_INITIAL|1|5|S5,S2,S7,S7,S2|1
PAID_INITIAL|1|5|S5,S2,S7,S8,S4|1
PAID_INITIAL|1|5|S5,S2,S7,S9,S3|1
PAID_INITIAL|1|5|S5,S2,S8,S4,S4|1
PAID_INITIAL|1|5|S5,S2,S8,S8,S4|1
PAID_INITIAL|1|5|S5,S2,S8,S8,S9|1
PAID_INITIAL|1|5|S5,S2,S9,S2,S5|1
PAID_INITIAL|1|5|S5,S2,S9,S3,S5|1
PAID_INITIAL|1|5|S5,S2,S9,S4,S4|1
PAID_INITIAL|1|5|S5,S2,S9,S5,S3|1
PAID_INITIAL|1|5|S5,S2,S9,S8,S6|1
PAID_INITIAL|1|5|S5,S2,S9,S9,S2|1
PAID_INITIAL|1|5|S5,S3,S2,S3,S2|1
PAID_INITIAL|1|5|S5,S3,S2,S3,S4|1
PAID_INITIAL|1|5|S5,S3,S2,S4,S4|1
PAID_INITIAL|1|5|S5,S3,S2,S6,S2|1
PAID_INITIAL|1|5|S5,S3,S3,S2,S3|1
PAID_INITIAL|1|5|S5,S3,S3,S3,S5|1
PAID_INITIAL|1|5|S5,S3,S3,S4,S8|1
PAID_INITIAL|1|5|S5,S3,S3,S6,S8|1
PAID_INITIAL|1|5|S5,S3,S3,S8,S3|1
PAID_INITIAL|1|5|S5,S3,S3,S9,S4|1
PAID_INITIAL|1|5|S5,S3,S4,S7,S8|1
PAID_INITIAL|1|5|S5,S3,S5,S5,S7|1
PAID_INITIAL|1|5|S5,S3,S5,S8,S3|1
PAID_INITIAL|1|5|S5,S3,S6,S2,S2|1
PAID_INITIAL|1|5|S5,S3,S6,S3,S2|1
PAID_INITIAL|1|5|S5,S3,S6,S8,S5|1
PAID_INITIAL|1|5|S5,S3,S7,S6,S4|1
PAID_INITIAL|1|5|S5,S3,S8,S2,S9|1
PAID_INITIAL|1|5|S5,S3,S8,S5,S6|1
PAID_INITIAL|1|5|S5,S3,S8,S6,S2|1
PAID_INITIAL|1|5|S5,S3,S8,S6,S4|1
PAID_INITIAL|1|5|S5,S3,S8,S7,S5|1
PAID_INITIAL|1|5|S5,S3,S8,S9,S8|1
PAID_INITIAL|1|5|S5,S3,S9,S8,S2|1
PAID_INITIAL|1|5|S5,S3,S9,S9,S7|1
PAID_INITIAL|1|5|S5,S4,S1,S7,S7|1
PAID_INITIAL|1|5|S5,S4,S1,S9,S2|1
PAID_INITIAL|1|5|S5,S4,S2,S2,S5|1
PAID_INITIAL|1|5|S5,S4,S2,S8,S8|1
PAID_INITIAL|1|5|S5,S4,S3,S6,S8|1
PAID_INITIAL|1|5|S5,S4,S4,S4,S7|1
PAID_INITIAL|1|5|S5,S4,S4,S5,S9|1
PAID_INITIAL|1|5|S5,S4,S4,S9,S3|2
PAID_INITIAL|1|5|S5,S4,S5,S3,S2|1
PAID_INITIAL|1|5|S5,S4,S5,S4,S7|1
PAID_INITIAL|1|5|S5,S4,S6,S2,S5|1
PAID_INITIAL|1|5|S5,S4,S6,S5,S1|1
PAID_INITIAL|1|5|S5,S4,S7,S5,S8|1
PAID_INITIAL|1|5|S5,S4,S7,S7,S3|1
PAID_INITIAL|1|5|S5,S4,S7,S8,S2|1
PAID_INITIAL|1|5|S5,S4,S7,S9,S2|1
PAID_INITIAL|1|5|S5,S4,S8,S2,S7|1
PAID_INITIAL|1|5|S5,S4,S8,S7,S7|1
PAID_INITIAL|1|5|S5,S4,S9,S9,S5|1
PAID_INITIAL|1|5|S5,S5,S2,S5,S3|1
PAID_INITIAL|1|5|S5,S5,S2,S7,S2|1
PAID_INITIAL|1|5|S5,S5,S3,S5,S6|1
PAID_INITIAL|1|5|S5,S5,S3,S6,S3|1
PAID_INITIAL|1|5|S5,S5,S3,S6,S9|1
PAID_INITIAL|1|5|S5,S5,S3,S8,S7|1
PAID_INITIAL|1|5|S5,S5,S4,S5,S5|1
PAID_INITIAL|1|5|S5,S5,S5,S2,S7|1
PAID_INITIAL|1|5|S5,S5,S5,S3,S9|1
PAID_INITIAL|1|5|S5,S5,S5,S8,S3|1
PAID_INITIAL|1|5|S5,S5,S6,S1,S7|1
PAID_INITIAL|1|5|S5,S5,S6,S4,S3|1
PAID_INITIAL|1|5|S5,S5,S6,S8,S8|1
PAID_INITIAL|1|5|S5,S5,S7,S5,S3|1
PAID_INITIAL|1|5|S5,S5,S7,S8,S5|1
PAID_INITIAL|1|5|S5,S5,S7,S9,S2|1
PAID_INITIAL|1|5|S5,S5,S8,S3,S6|1
PAID_INITIAL|1|5|S5,S5,S8,S6,S4|1
PAID_INITIAL|1|5|S5,S5,S9,S4,S7|1
PAID_INITIAL|1|5|S5,S5,S9,S7,S9|2
PAID_INITIAL|1|5|S5,S6,S2,S2,S3|1
PAID_INITIAL|1|5|S5,S6,S2,S3,S4|1
PAID_INITIAL|1|5|S5,S6,S2,S7,S2|1
PAID_INITIAL|1|5|S5,S6,S2,S7,S3|1
PAID_INITIAL|1|5|S5,S6,S2,S9,S3|1
PAID_INITIAL|1|5|S5,S6,S3,S2,S3|1
PAID_INITIAL|1|5|S5,S6,S3,S9,S4|1
PAID_INITIAL|1|5|S5,S6,S4,S2,S6|1
PAID_INITIAL|1|5|S5,S6,S4,S8,S9|1
PAID_INITIAL|1|5|S5,S6,S5,S6,S9|1
PAID_INITIAL|1|5|S5,S6,S5,S8,S9|1
PAID_INITIAL|1|5|S5,S6,S5,S9,S2|1
PAID_INITIAL|1|5|S5,S6,S6,S2,S8|2
PAID_INITIAL|1|5|S5,S6,S6,S9,S2|2
PAID_INITIAL|1|5|S5,S6,S8,S2,S5|1
PAID_INITIAL|1|5|S5,S6,S8,S7,S8|1
PAID_INITIAL|1|5|S5,S6,S9,S4,S9|1
PAID_INITIAL|1|5|S5,S7,S2,S2,S2|1
PAID_INITIAL|1|5|S5,S7,S2,S2,S6|1
PAID_INITIAL|1|5|S5,S7,S2,S2,S7|1
PAID_INITIAL|1|5|S5,S7,S2,S6,S2|1
PAID_INITIAL|1|5|S5,S7,S2,S8,S4|1
PAID_INITIAL|1|5|S5,S7,S3,S3,S4|1
PAID_INITIAL|1|5|S5,S7,S3,S5,S2|1
PAID_INITIAL|1|5|S5,S7,S3,S5,S5|1
PAID_INITIAL|1|5|S5,S7,S3,S7,S2|1
PAID_INITIAL|1|5|S5,S7,S3,S7,S3|1
PAID_INITIAL|1|5|S5,S7,S3,S8,S6|1
PAID_INITIAL|1|5|S5,S7,S4,S3,S4|1
PAID_INITIAL|1|5|S5,S7,S4,S5,S7|1
PAID_INITIAL|1|5|S5,S7,S4,S9,S5|1
PAID_INITIAL|1|5|S5,S7,S5,S3,S3|1
PAID_INITIAL|1|5|S5,S7,S5,S8,S2|1
PAID_INITIAL|1|5|S5,S7,S5,S8,S7|1
PAID_INITIAL|1|5|S5,S7,S6,S2,S8|1
PAID_INITIAL|1|5|S5,S7,S6,S3,S8|1
PAID_INITIAL|1|5|S5,S7,S6,S7,S9|1
PAID_INITIAL|1|5|S5,S7,S7,S2,S3|1
PAID_INITIAL|1|5|S5,S7,S7,S5,S7|1
PAID_INITIAL|1|5|S5,S7,S7,S7,S4|1
PAID_INITIAL|1|5|S5,S7,S8,S5,S7|1
PAID_INITIAL|1|5|S5,S7,S8,S7,S8|1
PAID_INITIAL|1|5|S5,S7,S8,S9,S2|1
PAID_INITIAL|1|5|S5,S7,S9,S5,S5|1
PAID_INITIAL|1|5|S5,S8,S1,S8,S2|1
PAID_INITIAL|1|5|S5,S8,S2,S6,S6|1
PAID_INITIAL|1|5|S5,S8,S2,S7,S5|1
PAID_INITIAL|1|5|S5,S8,S2,S8,S7|1
PAID_INITIAL|1|5|S5,S8,S5,S2,S6|1
PAID_INITIAL|1|5|S5,S8,S5,S5,S2|1
PAID_INITIAL|1|5|S5,S8,S5,S8,S5|1
PAID_INITIAL|1|5|S5,S8,S6,S3,S5|1
PAID_INITIAL|1|5|S5,S8,S6,S6,S5|1
PAID_INITIAL|1|5|S5,S8,S6,S8,S3|1
PAID_INITIAL|1|5|S5,S8,S7,S4,S8|1
PAID_INITIAL|1|5|S5,S8,S8,S6,S7|1
PAID_INITIAL|1|5|S5,S8,S8,S7,S2|1
PAID_INITIAL|1|5|S5,S8,S8,S7,S6|1
PAID_INITIAL|1|5|S5,S8,S8,S9,S9|1
PAID_INITIAL|1|5|S5,S8,S9,S5,S7|1
PAID_INITIAL|1|5|S5,S8,S9,S8,S4|1
PAID_INITIAL|1|5|S5,S8,S9,S9,S4|1
PAID_INITIAL|1|5|S5,S9,S3,S7,S2|1
PAID_INITIAL|1|5|S5,S9,S3,S7,S4|1
PAID_INITIAL|1|5|S5,S9,S4,S6,S3|1
PAID_INITIAL|1|5|S5,S9,S5,S2,S8|1
PAID_INITIAL|1|5|S5,S9,S5,S3,S9|1
PAID_INITIAL|1|5|S5,S9,S5,S5,S8|1
PAID_INITIAL|1|5|S5,S9,S6,S3,S5|1
PAID_INITIAL|1|5|S5,S9,S6,S5,S4|1
PAID_INITIAL|1|5|S5,S9,S6,S9,S3|1
PAID_INITIAL|1|5|S5,S9,S7,S4,S3|1
PAID_INITIAL|1|5|S5,S9,S7,S6,S3|1
PAID_INITIAL|1|5|S5,S9,S7,S8,S5|1
PAID_INITIAL|1|5|S5,S9,S7,S9,S6|1
PAID_INITIAL|1|5|S5,S9,S8,S3,S7|1
PAID_INITIAL|1|5|S5,S9,S8,S5,S8|1
PAID_INITIAL|1|5|S5,S9,S8,S8,S9|1
PAID_INITIAL|1|5|S5,S9,S9,S9,S3|3
PAID_INITIAL|1|5|S6,S1,S4,S4,S3|1
PAID_INITIAL|1|5|S6,S1,S7,S9,S2|1
PAID_INITIAL|1|5|S6,S1,S9,S5,S5|1
PAID_INITIAL|1|5|S6,S2,S1,S7,S3|1
PAID_INITIAL|1|5|S6,S2,S2,S4,S3|1
PAID_INITIAL|1|5|S6,S2,S2,S4,S5|1
PAID_INITIAL|1|5|S6,S2,S2,S4,S7|1
PAID_INITIAL|1|5|S6,S2,S3,S4,S2|1
PAID_INITIAL|1|5|S6,S2,S3,S8,S2|1
PAID_INITIAL|1|5|S6,S2,S3,S9,S4|1
PAID_INITIAL|1|5|S6,S2,S4,S2,S6|1
PAID_INITIAL|1|5|S6,S2,S4,S8,S9|1
PAID_INITIAL|1|5|S6,S2,S5,S2,S6|1
PAID_INITIAL|1|5|S6,S2,S6,S1,S5|1
PAID_INITIAL|1|5|S6,S2,S6,S3,S9|1
PAID_INITIAL|1|5|S6,S2,S6,S9,S9|1
PAID_INITIAL|1|5|S6,S2,S7,S8,S6|1
PAID_INITIAL|1|5|S6,S2,S7,S9,S4|1
PAID_INITIAL|1|5|S6,S2,S8,S3,S3|1
PAID_INITIAL|1|5|S6,S2,S8,S5,S5|1
PAID_INITIAL|1|5|S6,S2,S8,S5,S9|1
PAID_INITIAL|1|5|S6,S2,S8,S6,S2|1
PAID_INITIAL|1|5|S6,S2,S8,S6,S4|1
PAID_INITIAL|1|5|S6,S2,S8,S9,S8|1
PAID_INITIAL|1|5|S6,S2,S9,S6,S3|1
PAID_INITIAL|1|5|S6,S2,S9,S6,S4|1
PAID_INITIAL|1|5|S6,S2,S9,S6,S9|1
PAID_INITIAL|1|5|S6,S2,S9,S8,S7|1
PAID_INITIAL|1|5|S6,S3,S2,S2,S3|1
PAID_INITIAL|1|5|S6,S3,S2,S2,S8|1
PAID_INITIAL|1|5|S6,S3,S2,S3,S2|1
PAID_INITIAL|1|5|S6,S3,S2,S4,S2|1
PAID_INITIAL|1|5|S6,S3,S2,S8,S5|1
PAID_INITIAL|1|5|S6,S3,S3,S2,S9|1
PAID_INITIAL|1|5|S6,S3,S3,S5,S9|1
PAID_INITIAL|1|5|S6,S3,S4,S1,S6|1
PAID_INITIAL|1|5|S6,S3,S4,S5,S2|1
PAID_INITIAL|1|5|S6,S3,S4,S7,S2|1
PAID_INITIAL|1|5|S6,S3,S5,S4,S9|1
PAID_INITIAL|1|5|S6,S3,S5,S6,S9|1
PAID_INITIAL|1|5|S6,S3,S5,S9,S7|1
PAID_INITIAL|1|5|S6,S3,S6,S3,S8|1
PAID_INITIAL|1|5|S6,S3,S6,S4,S7|1
PAID_INITIAL|1|5|S6,S3,S7,S1,S4|1
PAID_INITIAL|1|5|S6,S3,S7,S3,S4|1
PAID_INITIAL|1|5|S6,S3,S7,S4,S2|1
PAID_INITIAL|1|5|S6,S3,S7,S4,S3|1
PAID_INITIAL|1|5|S6,S3,S8,S2,S9|1
PAID_INITIAL|1|5|S6,S3,S8,S4,S3|1
PAID_INITIAL|1|5|S6,S3,S8,S7,S8|1
PAID_INITIAL|1|5|S6,S3,S9,S3,S9|1
PAID_INITIAL|1|5|S6,S3,S9,S4,S8|1
PAID_INITIAL|1|5|S6,S3,S9,S5,S7|1
PAID_INITIAL|1|5|S6,S3,S9,S6,S9|1
PAID_INITIAL|1|5|S6,S4,S2,S7,S9|1
PAID_INITIAL|1|5|S6,S4,S3,S5,S8|1
PAID_INITIAL|1|5|S6,S4,S3,S6,S5|1
PAID_INITIAL|1|5|S6,S4,S3,S6,S8|1
PAID_INITIAL|1|5|S6,S4,S3,S7,S7|1
PAID_INITIAL|1|5|S6,S4,S4,S9,S9|1
PAID_INITIAL|1|5|S6,S4,S5,S2,S2|1
PAID_INITIAL|1|5|S6,S4,S5,S6,S8|1
PAID_INITIAL|1|5|S6,S4,S5,S8,S7|1
PAID_INITIAL|1|5|S6,S4,S6,S3,S5|1
PAID_INITIAL|1|5|S6,S4,S6,S9,S4|1
PAID_INITIAL|1|5|S6,S4,S7,S3,S6|1
PAID_INITIAL|1|5|S6,S4,S7,S5,S6|1
PAID_INITIAL|1|5|S6,S4,S7,S7,S4|1
PAID_INITIAL|1|5|S6,S4,S7,S9,S8|1
PAID_INITIAL|1|5|S6,S4,S8,S5,S4|1
PAID_INITIAL|1|5|S6,S4,S8,S5,S8|1
PAID_INITIAL|1|5|S6,S4,S9,S2,S8|1
PAID_INITIAL|1|5|S6,S4,S9,S4,S3|1
PAID_INITIAL|1|5|S6,S4,S9,S5,S7|1
PAID_INITIAL|1|5|S6,S4,S9,S8,S3|1
PAID_INITIAL|1|5|S6,S5,S1,S4,S9|1
PAID_INITIAL|1|5|S6,S5,S2,S2,S5|1
PAID_INITIAL|1|5|S6,S5,S2,S2,S7|1
PAID_INITIAL|1|5|S6,S5,S2,S5,S8|1
PAID_INITIAL|1|5|S6,S5,S2,S7,S4|1
PAID_INITIAL|1|5|S6,S5,S2,S8,S4|1
PAID_INITIAL|1|5|S6,S5,S3,S3,S5|1
PAID_INITIAL|1|5|S6,S5,S3,S4,S2|1
PAID_INITIAL|1|5|S6,S5,S3,S5,S8|1
PAID_INITIAL|1|5|S6,S5,S3,S7,S2|1
PAID_INITIAL|1|5|S6,S5,S3,S8,S6|1
PAID_INITIAL|1|5|S6,S5,S4,S3,S7|1
PAID_INITIAL|1|5|S6,S5,S4,S4,S6|1
PAID_INITIAL|1|5|S6,S5,S5,S4,S9|1
PAID_INITIAL|1|5|S6,S5,S5,S7,S6|1
PAID_INITIAL|1|5|S6,S5,S6,S4,S9|1
PAID_INITIAL|1|5|S6,S5,S6,S7,S6|1
PAID_INITIAL|1|5|S6,S5,S7,S7,S4|1
PAID_INITIAL|1|5|S6,S5,S7,S7,S7|1
PAID_INITIAL|1|5|S6,S5,S8,S4,S5|1
PAID_INITIAL|1|5|S6,S5,S8,S4,S6|1
PAID_INITIAL|1|5|S6,S5,S8,S8,S9|1
PAID_INITIAL|1|5|S6,S5,S9,S3,S2|1
PAID_INITIAL|1|5|S6,S6,S2,S6,S5|1
PAID_INITIAL|1|5|S6,S6,S2,S6,S8|1
PAID_INITIAL|1|5|S6,S6,S2,S9,S2|1
PAID_INITIAL|1|5|S6,S6,S3,S4,S7|1
PAID_INITIAL|1|5|S6,S6,S3,S5,S5|1
PAID_INITIAL|1|5|S6,S6,S3,S5,S6|1
PAID_INITIAL|1|5|S6,S6,S4,S5,S5|1
PAID_INITIAL|1|5|S6,S6,S4,S9,S4|1
PAID_INITIAL|1|5|S6,S6,S5,S4,S8|2
PAID_INITIAL|1|5|S6,S6,S5,S5,S8|1
PAID_INITIAL|1|5|S6,S6,S5,S6,S8|1
PAID_INITIAL|1|5|S6,S6,S5,S8,S8|1
PAID_INITIAL|1|5|S6,S6,S6,S8,S6|1
PAID_INITIAL|1|5|S6,S6,S7,S8,S4|1
PAID_INITIAL|1|5|S6,S6,S7,S9,S9|1
PAID_INITIAL|1|5|S6,S6,S8,S1,S3|2
PAID_INITIAL|1|5|S6,S6,S8,S9,S7|1
PAID_INITIAL|1|5|S6,S6,S9,S2,S7|1
PAID_INITIAL|1|5|S6,S6,S9,S9,S3|1
PAID_INITIAL|1|5|S6,S7,S2,S1,S7|1
PAID_INITIAL|1|5|S6,S7,S2,S2,S3|1
PAID_INITIAL|1|5|S6,S7,S2,S8,S9|1
PAID_INITIAL|1|5|S6,S7,S4,S5,S6|1
PAID_INITIAL|1|5|S6,S7,S5,S6,S4|1
PAID_INITIAL|1|5|S6,S7,S6,S4,S8|1
PAID_INITIAL|1|5|S6,S7,S6,S7,S5|1
PAID_INITIAL|1|5|S6,S7,S6,S9,S4|1
PAID_INITIAL|1|5|S6,S7,S7,S3,S7|1
PAID_INITIAL|1|5|S6,S7,S7,S4,S6|1
PAID_INITIAL|1|5|S6,S7,S7,S6,S2|2
PAID_INITIAL|1|5|S6,S7,S7,S7,S5|1
PAID_INITIAL|1|5|S6,S7,S8,S7,S7|1
PAID_INITIAL|1|5|S6,S7,S8,S9,S9|1
PAID_INITIAL|1|5|S6,S7,S9,S7,S2|1
PAID_INITIAL|1|5|S6,S7,S9,S9,S8|1
PAID_INITIAL|1|5|S6,S7,S9,S9,S9|1
PAID_INITIAL|1|5|S6,S8,S2,S3,S9|1
PAID_INITIAL|1|5|S6,S8,S2,S7,S2|1
PAID_INITIAL|1|5|S6,S8,S2,S8,S3|1
PAID_INITIAL|1|5|S6,S8,S3,S4,S2|1
PAID_INITIAL|1|5|S6,S8,S3,S8,S5|1
PAID_INITIAL|1|5|S6,S8,S4,S6,S5|1
PAID_INITIAL|1|5|S6,S8,S4,S8,S4|1
PAID_INITIAL|1|5|S6,S8,S4,S8,S8|1
PAID_INITIAL|1|5|S6,S8,S5,S1,S2|1
PAID_INITIAL|1|5|S6,S8,S5,S6,S7|1
PAID_INITIAL|1|5|S6,S8,S5,S9,S3|1
PAID_INITIAL|1|5|S6,S8,S6,S4,S4|1
PAID_INITIAL|1|5|S6,S8,S6,S4,S9|1
PAID_INITIAL|1|5|S6,S8,S6,S6,S6|1
PAID_INITIAL|1|5|S6,S8,S6,S9,S5|1
PAID_INITIAL|1|5|S6,S8,S7,S2,S6|1
PAID_INITIAL|1|5|S6,S8,S7,S3,S9|1
PAID_INITIAL|1|5|S6,S8,S7,S6,S5|1
PAID_INITIAL|1|5|S6,S8,S7,S8,S8|1
PAID_INITIAL|1|5|S6,S8,S7,S9,S9|1
PAID_INITIAL|1|5|S6,S8,S8,S2,S7|1
PAID_INITIAL|1|5|S6,S8,S8,S4,S2|1
PAID_INITIAL|1|5|S6,S8,S9,S3,S5|1
PAID_INITIAL|1|5|S6,S8,S9,S4,S6|1
PAID_INITIAL|1|5|S6,S8,S9,S8,S8|1
PAID_INITIAL|1|5|S6,S8,S9,S9,S5|1
PAID_INITIAL|1|5|S6,S9,S2,S9,S6|1
PAID_INITIAL|1|5|S6,S9,S3,S4,S6|1
PAID_INITIAL|1|5|S6,S9,S3,S7,S3|1
PAID_INITIAL|1|5|S6,S9,S3,S7,S9|1
PAID_INITIAL|1|5|S6,S9,S3,S8,S3|1
PAID_INITIAL|1|5|S6,S9,S3,S9,S7|1
PAID_INITIAL|1|5|S6,S9,S4,S4,S6|1
PAID_INITIAL|1|5|S6,S9,S4,S5,S2|1
PAID_INITIAL|1|5|S6,S9,S4,S8,S9|1
PAID_INITIAL|1|5|S6,S9,S4,S9,S7|1
PAID_INITIAL|1|5|S6,S9,S5,S3,S7|1
PAID_INITIAL|1|5|S6,S9,S5,S3,S9|1
PAID_INITIAL|1|5|S6,S9,S5,S5,S9|1
PAID_INITIAL|1|5|S6,S9,S5,S7,S6|1
PAID_INITIAL|1|5|S6,S9,S6,S3,S8|1
PAID_INITIAL|1|5|S6,S9,S6,S4,S7|1
PAID_INITIAL|1|5|S6,S9,S6,S5,S6|1
PAID_INITIAL|1|5|S6,S9,S6,S8,S7|1
PAID_INITIAL|1|5|S6,S9,S7,S2,S3|1
PAID_INITIAL|1|5|S6,S9,S7,S2,S8|1
PAID_INITIAL|1|5|S6,S9,S7,S3,S8|1
PAID_INITIAL|1|5|S6,S9,S7,S6,S6|1
PAID_INITIAL|1|5|S6,S9,S9,S2,S2|1
PAID_INITIAL|1|5|S6,S9,S9,S5,S3|1
PAID_INITIAL|1|5|S6,S9,S9,S6,S8|1
PAID_INITIAL|1|5|S6,S9,S9,S8,S4|1
PAID_INITIAL|1|5|S6,S9,S9,S8,S8|1
PAID_INITIAL|1|5|S7,S1,S2,S8,S2|1
PAID_INITIAL|1|5|S7,S1,S8,S2,S8|1
PAID_INITIAL|1|5|S7,S2,S2,S4,S7|1
PAID_INITIAL|1|5|S7,S2,S2,S4,S8|1
PAID_INITIAL|1|5|S7,S2,S2,S6,S3|1
PAID_INITIAL|1|5|S7,S2,S2,S6,S7|1
PAID_INITIAL|1|5|S7,S2,S2,S8,S5|1
PAID_INITIAL|1|5|S7,S2,S2,S9,S3|1
PAID_INITIAL|1|5|S7,S2,S4,S9,S5|1
PAID_INITIAL|1|5|S7,S2,S5,S4,S2|1
PAID_INITIAL|1|5|S7,S2,S5,S4,S6|1
PAID_INITIAL|1|5|S7,S2,S6,S5,S9|1
PAID_INITIAL|1|5|S7,S2,S6,S8,S6|1
PAID_INITIAL|1|5|S7,S2,S7,S2,S5|1
PAID_INITIAL|1|5|S7,S2,S7,S7,S3|1
PAID_INITIAL|1|5|S7,S2,S7,S8,S2|1
PAID_INITIAL|1|5|S7,S2,S8,S3,S3|1
PAID_INITIAL|1|5|S7,S2,S8,S8,S2|1
PAID_INITIAL|1|5|S7,S2,S9,S4,S8|1
PAID_INITIAL|1|5|S7,S3,S2,S4,S5|1
PAID_INITIAL|1|5|S7,S3,S3,S4,S7|1
PAID_INITIAL|1|5|S7,S3,S3,S7,S5|1
PAID_INITIAL|1|5|S7,S3,S3,S8,S2|1
PAID_INITIAL|1|5|S7,S3,S3,S8,S3|1
PAID_INITIAL|1|5|S7,S3,S3,S8,S6|1
PAID_INITIAL|1|5|S7,S3,S3,S9,S2|1
PAID_INITIAL|1|5|S7,S3,S4,S4,S2|1
PAID_INITIAL|1|5|S7,S3,S4,S8,S4|1
PAID_INITIAL|1|5|S7,S3,S5,S2,S6|1
PAID_INITIAL|1|5|S7,S3,S5,S4,S9|1
PAID_INITIAL|1|5|S7,S3,S5,S6,S5|1
PAID_INITIAL|1|5|S7,S3,S5,S9,S5|1
PAID_INITIAL|1|5|S7,S3,S6,S7,S9|1
PAID_INITIAL|1|5|S7,S3,S7,S3,S7|1
PAID_INITIAL|1|5|S7,S3,S7,S6,S6|1
PAID_INITIAL|1|5|S7,S3,S8,S2,S7|1
PAID_INITIAL|1|5|S7,S3,S8,S6,S9|1
PAID_INITIAL|1|5|S7,S3,S8,S7,S3|1
PAID_INITIAL|1|5|S7,S3,S8,S8,S3|1
PAID_INITIAL|1|5|S7,S3,S8,S9,S7|1
PAID_INITIAL|1|5|S7,S3,S9,S2,S2|1
PAID_INITIAL|1|5|S7,S3,S9,S2,S8|1
PAID_INITIAL|1|5|S7,S3,S9,S3,S9|2
PAID_INITIAL|1|5|S7,S3,S9,S4,S6|1
PAID_INITIAL|1|5|S7,S3,S9,S5,S2|1
PAID_INITIAL|1|5|S7,S3,S9,S8,S6|1
PAID_INITIAL|1|5|S7,S3,S9,S8,S8|1
PAID_INITIAL|1|5|S7,S3,S9,S9,S7|1
PAID_INITIAL|1|5|S7,S4,S1,S7,S2|1
PAID_INITIAL|1|5|S7,S4,S2,S5,S9|1
PAID_INITIAL|1|5|S7,S4,S2,S8,S3|1
PAID_INITIAL|1|5|S7,S4,S3,S4,S4|1
PAID_INITIAL|1|5|S7,S4,S4,S3,S3|1
PAID_INITIAL|1|5|S7,S4,S4,S3,S9|1
PAID_INITIAL|1|5|S7,S4,S4,S4,S6|1
PAID_INITIAL|1|5|S7,S4,S4,S8,S3|1
PAID_INITIAL|1|5|S7,S4,S4,S8,S6|1
PAID_INITIAL|1|5|S7,S4,S5,S3,S5|1
PAID_INITIAL|1|5|S7,S4,S5,S5,S1|1
PAID_INITIAL|1|5|S7,S4,S7,S2,S6|1
PAID_INITIAL|1|5|S7,S4,S7,S5,S4|1
PAID_INITIAL|1|5|S7,S4,S7,S6,S6|1
PAID_INITIAL|1|5|S7,S4,S7,S7,S2|1
PAID_INITIAL|1|5|S7,S4,S7,S9,S8|1
PAID_INITIAL|1|5|S7,S4,S8,S3,S4|1
PAID_INITIAL|1|5|S7,S4,S8,S5,S5|1
PAID_INITIAL|1|5|S7,S4,S8,S5,S9|1
PAID_INITIAL|1|5|S7,S4,S8,S6,S4|1
PAID_INITIAL|1|5|S7,S4,S8,S9,S3|1
PAID_INITIAL|1|5|S7,S4,S9,S2,S8|1
PAID_INITIAL|1|5|S7,S4,S9,S6,S3|1
PAID_INITIAL|1|5|S7,S4,S9,S9,S5|1
PAID_INITIAL|1|5|S7,S4,S9,S9,S6|1
PAID_INITIAL|1|5|S7,S4,S9,S9,S7|1
PAID_INITIAL|1|5|S7,S5,S1,S4,S5|1
PAID_INITIAL|1|5|S7,S5,S2,S4,S3|1
PAID_INITIAL|1|5|S7,S5,S2,S4,S6|1
PAID_INITIAL|1|5|S7,S5,S2,S6,S1|1
PAID_INITIAL|1|5|S7,S5,S2,S7,S9|1
PAID_INITIAL|1|5|S7,S5,S2,S8,S7|1
PAID_INITIAL|1|5|S7,S5,S3,S3,S5|1
PAID_INITIAL|1|5|S7,S5,S4,S9,S5|1
PAID_INITIAL|1|5|S7,S5,S5,S3,S3|1
PAID_INITIAL|1|5|S7,S5,S5,S5,S6|1
PAID_INITIAL|1|5|S7,S5,S5,S6,S3|1
PAID_INITIAL|1|5|S7,S5,S5,S6,S7|1
PAID_INITIAL|1|5|S7,S5,S6,S3,S4|1
PAID_INITIAL|1|5|S7,S5,S6,S7,S3|1
PAID_INITIAL|1|5|S7,S5,S6,S7,S4|1
PAID_INITIAL|1|5|S7,S5,S7,S2,S4|1
PAID_INITIAL|1|5|S7,S5,S7,S9,S6|1
PAID_INITIAL|1|5|S7,S5,S8,S3,S5|1
PAID_INITIAL|1|5|S7,S5,S8,S4,S3|1
PAID_INITIAL|1|5|S7,S5,S8,S6,S9|1
PAID_INITIAL|1|5|S7,S5,S9,S4,S8|1
PAID_INITIAL|1|5|S7,S5,S9,S5,S3|1
PAID_INITIAL|1|5|S7,S5,S9,S7,S9|1
PAID_INITIAL|1|5|S7,S5,S9,S8,S8|1
PAID_INITIAL|1|5|S7,S5,S9,S8,S9|1
PAID_INITIAL|1|5|S7,S6,S2,S3,S7|1
PAID_INITIAL|1|5|S7,S6,S2,S3,S9|1
PAID_INITIAL|1|5|S7,S6,S2,S4,S5|1
PAID_INITIAL|1|5|S7,S6,S2,S4,S8|1
PAID_INITIAL|1|5|S7,S6,S2,S4,S9|1
PAID_INITIAL|1|5|S7,S6,S2,S7,S3|1
PAID_INITIAL|1|5|S7,S6,S4,S4,S8|1
PAID_INITIAL|1|5|S7,S6,S4,S6,S3|1
PAID_INITIAL|1|5|S7,S6,S5,S3,S5|1
PAID_INITIAL|1|5|S7,S6,S5,S4,S7|1
PAID_INITIAL|1|5|S7,S6,S5,S5,S8|1
PAID_INITIAL|1|5|S7,S6,S5,S6,S9|1
PAID_INITIAL|1|5|S7,S6,S5,S7,S7|1
PAID_INITIAL|1|5|S7,S6,S6,S2,S7|1
PAID_INITIAL|1|5|S7,S6,S6,S7,S3|2
PAID_INITIAL|1|5|S7,S6,S6,S7,S6|1
PAID_INITIAL|1|5|S7,S6,S7,S3,S2|1
PAID_INITIAL|1|5|S7,S6,S9,S3,S4|1
PAID_INITIAL|1|5|S7,S6,S9,S5,S2|1
PAID_INITIAL|1|5|S7,S6,S9,S5,S9|1
PAID_INITIAL|1|5|S7,S7,S1,S3,S9|1
PAID_INITIAL|1|5|S7,S7,S2,S6,S6|1
PAID_INITIAL|1|5|S7,S7,S2,S7,S4|1
PAID_INITIAL|1|5|S7,S7,S3,S1,S3|1
PAID_INITIAL|1|5|S7,S7,S3,S7,S2|1
PAID_INITIAL|1|5|S7,S7,S4,S4,S1|1
PAID_INITIAL|1|5|S7,S7,S4,S8,S7|1
PAID_INITIAL|1|5|S7,S7,S5,S2,S3|1
PAID_INITIAL|1|5|S7,S7,S5,S3,S4|1
PAID_INITIAL|1|5|S7,S7,S5,S5,S8|1
PAID_INITIAL|1|5|S7,S7,S5,S7,S2|1
PAID_INITIAL|1|5|S7,S7,S5,S8,S4|1
PAID_INITIAL|1|5|S7,S7,S5,S9,S2|1
PAID_INITIAL|1|5|S7,S7,S6,S4,S6|1
PAID_INITIAL|1|5|S7,S7,S6,S6,S8|2
PAID_INITIAL|1|5|S7,S7,S6,S7,S6|1
PAID_INITIAL|1|5|S7,S7,S7,S3,S7|1
PAID_INITIAL|1|5|S7,S7,S7,S5,S7|1
PAID_INITIAL|1|5|S7,S7,S7,S8,S7|1
PAID_INITIAL|1|5|S7,S7,S7,S8,S8|1
PAID_INITIAL|1|5|S7,S7,S7,S9,S2|1
PAID_INITIAL|1|5|S7,S7,S8,S5,S8|1
PAID_INITIAL|1|5|S7,S7,S8,S6,S8|1
PAID_INITIAL|1|5|S7,S7,S8,S7,S8|1
PAID_INITIAL|1|5|S7,S7,S8,S8,S5|1
PAID_INITIAL|1|5|S7,S7,S9,S2,S6|1
PAID_INITIAL|1|5|S7,S7,S9,S4,S5|1
PAID_INITIAL|1|5|S7,S8,S2,S2,S4|1
PAID_INITIAL|1|5|S7,S8,S2,S3,S9|1
PAID_INITIAL|1|5|S7,S8,S2,S7,S5|1
PAID_INITIAL|1|5|S7,S8,S2,S8,S4|1
PAID_INITIAL|1|5|S7,S8,S2,S8,S5|1
PAID_INITIAL|1|5|S7,S8,S3,S5,S2|1
PAID_INITIAL|1|5|S7,S8,S3,S7,S8|1
PAID_INITIAL|1|5|S7,S8,S3,S9,S3|1
PAID_INITIAL|1|5|S7,S8,S3,S9,S5|1
PAID_INITIAL|1|5|S7,S8,S4,S1,S9|2
PAID_INITIAL|1|5|S7,S8,S5,S8,S2|1
PAID_INITIAL|1|5|S7,S8,S5,S9,S6|1
PAID_INITIAL|1|5|S7,S8,S5,S9,S9|2
PAID_INITIAL|1|5|S7,S8,S6,S2,S6|1
PAID_INITIAL|1|5|S7,S8,S6,S2,S8|1
PAID_INITIAL|1|5|S7,S8,S6,S6,S3|1
PAID_INITIAL|1|5|S7,S8,S6,S6,S5|1
PAID_INITIAL|1|5|S7,S8,S6,S8,S7|1
PAID_INITIAL|1|5|S7,S8,S7,S2,S3|1
PAID_INITIAL|1|5|S7,S8,S7,S2,S5|1
PAID_INITIAL|1|5|S7,S8,S7,S5,S2|1
PAID_INITIAL|1|5|S7,S8,S7,S5,S7|1
PAID_INITIAL|1|5|S7,S8,S8,S4,S8|1
PAID_INITIAL|1|5|S7,S8,S9,S5,S4|1
PAID_INITIAL|1|5|S7,S8,S9,S9,S6|1
PAID_INITIAL|1|5|S7,S9,S1,S3,S6|1
PAID_INITIAL|1|5|S7,S9,S2,S3,S7|1
PAID_INITIAL|1|5|S7,S9,S2,S8,S9|1
PAID_INITIAL|1|5|S7,S9,S2,S9,S5|1
PAID_INITIAL|1|5|S7,S9,S3,S2,S6|1
PAID_INITIAL|1|5|S7,S9,S3,S4,S4|1
PAID_INITIAL|1|5|S7,S9,S3,S5,S9|1
PAID_INITIAL|1|5|S7,S9,S4,S2,S8|1
PAID_INITIAL|1|5|S7,S9,S6,S2,S3|1
PAID_INITIAL|1|5|S7,S9,S6,S4,S2|1
PAID_INITIAL|1|5|S7,S9,S7,S3,S4|1
PAID_INITIAL|1|5|S7,S9,S7,S6,S5|1
PAID_INITIAL|1|5|S7,S9,S8,S5,S5|1
PAID_INITIAL|1|5|S7,S9,S8,S6,S3|1
PAID_INITIAL|1|5|S7,S9,S8,S7,S3|1
PAID_INITIAL|1|5|S7,S9,S9,S3,S2|1
PAID_INITIAL|1|5|S7,S9,S9,S4,S5|1
PAID_INITIAL|1|5|S7,S9,S9,S6,S3|1
PAID_INITIAL|1|5|S7,S9,S9,S8,S6|1
PAID_INITIAL|1|5|S8,S1,S3,S5,S6|1
PAID_INITIAL|1|5|S8,S1,S6,S2,S2|1
PAID_INITIAL|1|5|S8,S1,S7,S4,S9|1
PAID_INITIAL|1|5|S8,S2,S2,S9,S5|1
PAID_INITIAL|1|5|S8,S2,S3,S3,S7|1
PAID_INITIAL|1|5|S8,S2,S3,S6,S5|1
PAID_INITIAL|1|5|S8,S2,S3,S8,S2|1
PAID_INITIAL|1|5|S8,S2,S4,S7,S2|1
PAID_INITIAL|1|5|S8,S2,S5,S6,S8|1
PAID_INITIAL|1|5|S8,S2,S6,S3,S2|1
PAID_INITIAL|1|5|S8,S2,S6,S7,S7|1
PAID_INITIAL|1|5|S8,S2,S6,S7,S8|1
PAID_INITIAL|1|5|S8,S2,S7,S8,S1|1
PAID_INITIAL|1|5|S8,S2,S8,S2,S8|1
PAID_INITIAL|1|5|S8,S2,S8,S8,S3|1
PAID_INITIAL|1|5|S8,S2,S9,S3,S8|1
PAID_INITIAL|1|5|S8,S2,S9,S4,S8|1
PAID_INITIAL|1|5|S8,S2,S9,S8,S5|1
PAID_INITIAL|1|5|S8,S3,S1,S9,S9|1
PAID_INITIAL|1|5|S8,S3,S2,S2,S4|1
PAID_INITIAL|1|5|S8,S3,S2,S2,S5|1
PAID_INITIAL|1|5|S8,S3,S2,S7,S5|2
PAID_INITIAL|1|5|S8,S3,S3,S3,S4|1
PAID_INITIAL|1|5|S8,S3,S3,S7,S2|1
PAID_INITIAL|1|5|S8,S3,S3,S8,S3|1
PAID_INITIAL|1|5|S8,S3,S3,S8,S7|1
PAID_INITIAL|1|5|S8,S3,S4,S7,S2|1
PAID_INITIAL|1|5|S8,S3,S5,S2,S7|1
PAID_INITIAL|1|5|S8,S3,S5,S9,S9|1
PAID_INITIAL|1|5|S8,S3,S6,S1,S8|1
PAID_INITIAL|1|5|S8,S3,S6,S4,S2|1
PAID_INITIAL|1|5|S8,S3,S6,S4,S8|1
PAID_INITIAL|1|5|S8,S3,S6,S4,S9|1
PAID_INITIAL|1|5|S8,S3,S6,S5,S4|1
PAID_INITIAL|1|5|S8,S3,S6,S5,S6|1
PAID_INITIAL|1|5|S8,S3,S6,S6,S5|1
PAID_INITIAL|1|5|S8,S3,S6,S7,S7|1
PAID_INITIAL|1|5|S8,S3,S6,S9,S8|1
PAID_INITIAL|1|5|S8,S3,S7,S9,S3|1
PAID_INITIAL|1|5|S8,S3,S8,S5,S7|1
PAID_INITIAL|1|5|S8,S3,S8,S7,S3|1
PAID_INITIAL|1|5|S8,S3,S9,S4,S7|1
PAID_INITIAL|1|5|S8,S3,S9,S6,S7|1
PAID_INITIAL|1|5|S8,S3,S9,S7,S9|1
PAID_INITIAL|1|5|S8,S4,S1,S7,S8|1
PAID_INITIAL|1|5|S8,S4,S2,S3,S7|1
PAID_INITIAL|1|5|S8,S4,S2,S4,S9|1
PAID_INITIAL|1|5|S8,S4,S2,S8,S6|1
PAID_INITIAL|1|5|S8,S4,S2,S8,S7|1
PAID_INITIAL|1|5|S8,S4,S3,S3,S4|1
PAID_INITIAL|1|5|S8,S4,S3,S7,S8|1
PAID_INITIAL|1|5|S8,S4,S3,S8,S6|1
PAID_INITIAL|1|5|S8,S4,S4,S1,S6|1
PAID_INITIAL|1|5|S8,S4,S4,S4,S3|1
PAID_INITIAL|1|5|S8,S4,S4,S4,S9|1
PAID_INITIAL|1|5|S8,S4,S4,S6,S7|1
PAID_INITIAL|1|5|S8,S4,S4,S9,S5|1
PAID_INITIAL|1|5|S8,S4,S4,S9,S9|1
PAID_INITIAL|1|5|S8,S4,S5,S3,S4|1
PAID_INITIAL|1|5|S8,S4,S5,S4,S9|1
PAID_INITIAL|1|5|S8,S4,S5,S5,S8|1
PAID_INITIAL|1|5|S8,S4,S5,S7,S9|1
PAID_INITIAL|1|5|S8,S4,S5,S9,S6|1
PAID_INITIAL|1|5|S8,S4,S6,S2,S4|1
PAID_INITIAL|1|5|S8,S4,S6,S7,S9|1
PAID_INITIAL|1|5|S8,S4,S7,S2,S4|1
PAID_INITIAL|1|5|S8,S4,S7,S9,S9|1
PAID_INITIAL|1|5|S8,S4,S8,S6,S3|1
PAID_INITIAL|1|5|S8,S4,S8,S7,S8|1
PAID_INITIAL|1|5|S8,S4,S9,S6,S3|1
PAID_INITIAL|1|5|S8,S5,S3,S2,S6|1
PAID_INITIAL|1|5|S8,S5,S3,S5,S3|1
PAID_INITIAL|1|5|S8,S5,S3,S6,S8|1
PAID_INITIAL|1|5|S8,S5,S3,S6,S9|1
PAID_INITIAL|1|5|S8,S5,S3,S8,S7|1
PAID_INITIAL|1|5|S8,S5,S4,S6,S6|2
PAID_INITIAL|1|5|S8,S5,S4,S9,S9|1
PAID_INITIAL|1|5|S8,S5,S5,S5,S4|1
PAID_INITIAL|1|5|S8,S5,S5,S7,S7|1
PAID_INITIAL|1|5|S8,S5,S6,S7,S6|1
PAID_INITIAL|1|5|S8,S5,S7,S2,S7|1
PAID_INITIAL|1|5|S8,S5,S7,S3,S7|1
PAID_INITIAL|1|5|S8,S5,S8,S5,S6|1
PAID_INITIAL|1|5|S8,S5,S8,S7,S7|1
PAID_INITIAL|1|5|S8,S5,S9,S5,S3|1
PAID_INITIAL|1|5|S8,S5,S9,S7,S2|1
PAID_INITIAL|1|5|S8,S5,S9,S8,S8|1
PAID_INITIAL|1|5|S8,S5,S9,S9,S6|1
PAID_INITIAL|1|5|S8,S6,S2,S5,S2|1
PAID_INITIAL|1|5|S8,S6,S2,S6,S5|1
PAID_INITIAL|1|5|S8,S6,S2,S8,S7|1
PAID_INITIAL|1|5|S8,S6,S2,S9,S4|1
PAID_INITIAL|1|5|S8,S6,S2,S9,S5|1
PAID_INITIAL|1|5|S8,S6,S3,S4,S5|1
PAID_INITIAL|1|5|S8,S6,S3,S6,S7|1
PAID_INITIAL|1|5|S8,S6,S4,S4,S3|1
PAID_INITIAL|1|5|S8,S6,S4,S4,S5|1
PAID_INITIAL|1|5|S8,S6,S4,S6,S4|2
PAID_INITIAL|1|5|S8,S6,S4,S6,S9|1
PAID_INITIAL|1|5|S8,S6,S5,S7,S5|1
PAID_INITIAL|1|5|S8,S6,S5,S7,S8|1
PAID_INITIAL|1|5|S8,S6,S5,S8,S6|1
PAID_INITIAL|1|5|S8,S6,S5,S9,S4|1
PAID_INITIAL|1|5|S8,S6,S6,S8,S9|1
PAID_INITIAL|1|5|S8,S6,S7,S2,S1|1
PAID_INITIAL|1|5|S8,S6,S7,S8,S7|1
PAID_INITIAL|1|5|S8,S6,S7,S8,S8|1
PAID_INITIAL|1|5|S8,S6,S8,S2,S3|1
PAID_INITIAL|1|5|S8,S6,S8,S3,S9|1
PAID_INITIAL|1|5|S8,S6,S8,S7,S2|1
PAID_INITIAL|1|5|S8,S6,S8,S9,S8|1
PAID_INITIAL|1|5|S8,S6,S9,S2,S2|1
PAID_INITIAL|1|5|S8,S6,S9,S2,S7|1
PAID_INITIAL|1|5|S8,S6,S9,S4,S4|1
PAID_INITIAL|1|5|S8,S6,S9,S6,S8|1
PAID_INITIAL|1|5|S8,S6,S9,S7,S2|1
PAID_INITIAL|1|5|S8,S7,S2,S7,S2|1
PAID_INITIAL|1|5|S8,S7,S2,S8,S3|1
PAID_INITIAL|1|5|S8,S7,S2,S8,S4|1
PAID_INITIAL|1|5|S8,S7,S3,S3,S8|1
PAID_INITIAL|1|5|S8,S7,S3,S4,S5|1
PAID_INITIAL|1|5|S8,S7,S3,S5,S1|1
PAID_INITIAL|1|5|S8,S7,S3,S9,S6|1
PAID_INITIAL|1|5|S8,S7,S4,S5,S9|1
PAID_INITIAL|1|5|S8,S7,S4,S6,S2|1
PAID_INITIAL|1|5|S8,S7,S4,S8,S7|1
PAID_INITIAL|1|5|S8,S7,S4,S9,S6|1
PAID_INITIAL|1|5|S8,S7,S5,S2,S6|2
PAID_INITIAL|1|5|S8,S7,S5,S4,S7|1
PAID_INITIAL|1|5|S8,S7,S5,S7,S9|1
PAID_INITIAL|1|5|S8,S7,S5,S8,S9|1
PAID_INITIAL|1|5|S8,S7,S6,S2,S7|1
PAID_INITIAL|1|5|S8,S7,S6,S5,S8|1
PAID_INITIAL|1|5|S8,S7,S7,S2,S8|1
PAID_INITIAL|1|5|S8,S7,S7,S8,S8|1
PAID_INITIAL|1|5|S8,S7,S8,S5,S5|1
PAID_INITIAL|1|5|S8,S7,S8,S6,S5|1
PAID_INITIAL|1|5|S8,S7,S8,S7,S6|1
PAID_INITIAL|1|5|S8,S7,S9,S5,S6|1
PAID_INITIAL|1|5|S8,S8,S2,S2,S8|1
PAID_INITIAL|1|5|S8,S8,S2,S4,S1|1
PAID_INITIAL|1|5|S8,S8,S2,S8,S8|1
PAID_INITIAL|1|5|S8,S8,S3,S4,S6|1
PAID_INITIAL|1|5|S8,S8,S3,S6,S4|1
PAID_INITIAL|1|5|S8,S8,S3,S6,S7|2
PAID_INITIAL|1|5|S8,S8,S3,S8,S6|1
PAID_INITIAL|1|5|S8,S8,S3,S8,S9|1
PAID_INITIAL|1|5|S8,S8,S4,S4,S8|1
PAID_INITIAL|1|5|S8,S8,S4,S7,S5|1
PAID_INITIAL|1|5|S8,S8,S4,S8,S9|1
PAID_INITIAL|1|5|S8,S8,S5,S3,S8|1
PAID_INITIAL|1|5|S8,S8,S6,S3,S8|1
PAID_INITIAL|1|5|S8,S8,S6,S7,S9|1
PAID_INITIAL|1|5|S8,S8,S7,S4,S5|1
PAID_INITIAL|1|5|S8,S8,S7,S5,S9|1
PAID_INITIAL|1|5|S8,S8,S8,S3,S9|1
PAID_INITIAL|1|5|S8,S8,S8,S4,S6|1
PAID_INITIAL|1|5|S8,S8,S8,S6,S3|1
PAID_INITIAL|1|5|S8,S8,S8,S7,S7|1
PAID_INITIAL|1|5|S8,S8,S9,S4,S7|1
PAID_INITIAL|1|5|S8,S8,S9,S5,S6|1
PAID_INITIAL|1|5|S8,S8,S9,S7,S4|1
PAID_INITIAL|1|5|S8,S8,S9,S8,S3|1
PAID_INITIAL|1|5|S8,S8,S9,S8,S5|1
PAID_INITIAL|1|5|S8,S9,S2,S4,S8|1
PAID_INITIAL|1|5|S8,S9,S2,S6,S6|1
PAID_INITIAL|1|5|S8,S9,S2,S9,S5|1
PAID_INITIAL|1|5|S8,S9,S4,S4,S3|1
PAID_INITIAL|1|5|S8,S9,S4,S7,S3|1
PAID_INITIAL|1|5|S8,S9,S5,S1,S3|1
PAID_INITIAL|1|5|S8,S9,S5,S4,S9|1
PAID_INITIAL|1|5|S8,S9,S5,S7,S7|1
PAID_INITIAL|1|5|S8,S9,S5,S9,S4|1
PAID_INITIAL|1|5|S8,S9,S6,S5,S6|1
PAID_INITIAL|1|5|S8,S9,S6,S9,S4|1
PAID_INITIAL|1|5|S8,S9,S7,S3,S9|1
PAID_INITIAL|1|5|S8,S9,S7,S5,S2|1
PAID_INITIAL|1|5|S8,S9,S7,S9,S4|1
PAID_INITIAL|1|5|S8,S9,S8,S6,S7|1
PAID_INITIAL|1|5|S8,S9,S8,S8,S4|1
PAID_INITIAL|1|5|S8,S9,S9,S2,S5|1
PAID_INITIAL|1|5|S8,S9,S9,S2,S8|1
PAID_INITIAL|1|5|S8,S9,S9,S3,S7|1
PAID_INITIAL|1|5|S8,S9,S9,S6,S5|1
PAID_INITIAL|1|5|S8,S9,S9,S7,S7|1
PAID_INITIAL|1|5|S9,S1,S2,S9,S8|1
PAID_INITIAL|1|5|S9,S1,S3,S7,S8|1
PAID_INITIAL|1|5|S9,S1,S5,S3,S3|1
PAID_INITIAL|1|5|S9,S1,S5,S7,S1|1
PAID_INITIAL|1|5|S9,S1,S6,S3,S9|1
PAID_INITIAL|1|5|S9,S2,S2,S5,S9|1
PAID_INITIAL|1|5|S9,S2,S2,S9,S9|1
PAID_INITIAL|1|5|S9,S2,S3,S1,S8|1
PAID_INITIAL|1|5|S9,S2,S3,S5,S2|1
PAID_INITIAL|1|5|S9,S2,S4,S6,S2|1
PAID_INITIAL|1|5|S9,S2,S4,S7,S7|1
PAID_INITIAL|1|5|S9,S2,S4,S8,S3|1
PAID_INITIAL|1|5|S9,S2,S5,S2,S3|1
PAID_INITIAL|1|5|S9,S2,S5,S2,S4|1
PAID_INITIAL|1|5|S9,S2,S5,S2,S9|2
PAID_INITIAL|1|5|S9,S2,S5,S3,S4|1
PAID_INITIAL|1|5|S9,S2,S5,S7,S3|1
PAID_INITIAL|1|5|S9,S2,S5,S8,S9|1
PAID_INITIAL|1|5|S9,S2,S6,S3,S3|1
PAID_INITIAL|1|5|S9,S2,S6,S5,S8|1
PAID_INITIAL|1|5|S9,S2,S6,S6,S7|1
PAID_INITIAL|1|5|S9,S2,S6,S6,S9|1
PAID_INITIAL|1|5|S9,S2,S6,S7,S9|1
PAID_INITIAL|1|5|S9,S2,S7,S3,S1|1
PAID_INITIAL|1|5|S9,S2,S7,S6,S5|1
PAID_INITIAL|1|5|S9,S2,S8,S2,S6|1
PAID_INITIAL|1|5|S9,S2,S9,S3,S7|1
PAID_INITIAL|1|5|S9,S2,S9,S5,S5|1
PAID_INITIAL|1|5|S9,S3,S1,S5,S9|1
PAID_INITIAL|1|5|S9,S3,S2,S2,S3|1
PAID_INITIAL|1|5|S9,S3,S2,S4,S3|1
PAID_INITIAL|1|5|S9,S3,S2,S4,S7|1
PAID_INITIAL|1|5|S9,S3,S2,S5,S8|1
PAID_INITIAL|1|5|S9,S3,S2,S6,S3|1
PAID_INITIAL|1|5|S9,S3,S3,S3,S7|1
PAID_INITIAL|1|5|S9,S3,S3,S6,S3|1
PAID_INITIAL|1|5|S9,S3,S3,S6,S5|1
PAID_INITIAL|1|5|S9,S3,S4,S1,S4|1
PAID_INITIAL|1|5|S9,S3,S4,S2,S4|1
PAID_INITIAL|1|5|S9,S3,S4,S2,S9|1
PAID_INITIAL|1|5|S9,S3,S4,S3,S5|1
PAID_INITIAL|1|5|S9,S3,S4,S9,S8|1
PAID_INITIAL|1|5|S9,S3,S4,S9,S9|1
PAID_INITIAL|1|5|S9,S3,S5,S2,S2|1
PAID_INITIAL|1|5|S9,S3,S5,S2,S3|1
PAID_INITIAL|1|5|S9,S3,S5,S3,S8|1
PAID_INITIAL|1|5|S9,S3,S5,S7,S8|1
PAID_INITIAL|1|5|S9,S3,S6,S2,S2|1
PAID_INITIAL|1|5|S9,S3,S6,S5,S4|1
PAID_INITIAL|1|5|S9,S3,S6,S9,S8|1
PAID_INITIAL|1|5|S9,S3,S7,S2,S7|1
PAID_INITIAL|1|5|S9,S3,S7,S5,S3|1
PAID_INITIAL|1|5|S9,S3,S7,S9,S8|1
PAID_INITIAL|1|5|S9,S3,S8,S2,S8|1
PAID_INITIAL|1|5|S9,S3,S8,S6,S3|1
PAID_INITIAL|1|5|S9,S3,S9,S3,S3|1
PAID_INITIAL|1|5|S9,S3,S9,S4,S8|1
PAID_INITIAL|1|5|S9,S3,S9,S4,S9|1
PAID_INITIAL|1|5|S9,S3,S9,S6,S4|2
PAID_INITIAL|1|5|S9,S3,S9,S9,S4|1
PAID_INITIAL|1|5|S9,S4,S2,S2,S8|1
PAID_INITIAL|1|5|S9,S4,S2,S5,S6|1
PAID_INITIAL|1|5|S9,S4,S2,S6,S9|1
PAID_INITIAL|1|5|S9,S4,S2,S8,S2|1
PAID_INITIAL|1|5|S9,S4,S3,S3,S2|1
PAID_INITIAL|1|5|S9,S4,S3,S3,S9|1
PAID_INITIAL|1|5|S9,S4,S3,S6,S3|1
PAID_INITIAL|1|5|S9,S4,S3,S6,S5|1
PAID_INITIAL|1|5|S9,S4,S4,S6,S2|1
PAID_INITIAL|1|5|S9,S4,S5,S4,S7|1
PAID_INITIAL|1|5|S9,S4,S5,S8,S2|1
PAID_INITIAL|1|5|S9,S4,S6,S6,S4|1
PAID_INITIAL|1|5|S9,S4,S7,S2,S9|1
PAID_INITIAL|1|5|S9,S4,S7,S4,S9|1
PAID_INITIAL|1|5|S9,S4,S7,S8,S3|1
PAID_INITIAL|1|5|S9,S4,S8,S2,S2|1
PAID_INITIAL|1|5|S9,S4,S8,S3,S8|1
PAID_INITIAL|1|5|S9,S4,S8,S6,S7|1
PAID_INITIAL|1|5|S9,S4,S8,S7,S7|1
PAID_INITIAL|1|5|S9,S4,S8,S9,S7|1
PAID_INITIAL|1|5|S9,S4,S8,S9,S9|1
PAID_INITIAL|1|5|S9,S4,S9,S2,S2|1
PAID_INITIAL|1|5|S9,S4,S9,S3,S8|1
PAID_INITIAL|1|5|S9,S4,S9,S4,S6|1
PAID_INITIAL|1|5|S9,S4,S9,S6,S3|1
PAID_INITIAL|1|5|S9,S4,S9,S8,S7|1
PAID_INITIAL|1|5|S9,S4,S9,S8,S8|1
PAID_INITIAL|1|5|S9,S4,S9,S9,S2|1
PAID_INITIAL|1|5|S9,S5,S3,S6,S2|1
PAID_INITIAL|1|5|S9,S5,S3,S9,S8|1
PAID_INITIAL|1|5|S9,S5,S4,S7,S7|1
PAID_INITIAL|1|5|S9,S5,S4,S9,S9|1
PAID_INITIAL|1|5|S9,S5,S5,S4,S2|1
PAID_INITIAL|1|5|S9,S5,S6,S2,S8|1
PAID_INITIAL|1|5|S9,S5,S6,S3,S9|1
PAID_INITIAL|1|5|S9,S5,S6,S6,S9|1
PAID_INITIAL|1|5|S9,S5,S6,S7,S2|1
PAID_INITIAL|1|5|S9,S5,S6,S7,S3|1
PAID_INITIAL|1|5|S9,S5,S7,S4,S2|1
PAID_INITIAL|1|5|S9,S5,S8,S5,S4|1
PAID_INITIAL|1|5|S9,S5,S8,S7,S4|1
PAID_INITIAL|1|5|S9,S5,S9,S6,S4|1
PAID_INITIAL|1|5|S9,S5,S9,S6,S5|1
PAID_INITIAL|1|5|S9,S5,S9,S8,S4|1
PAID_INITIAL|1|5|S9,S5,S9,S9,S2|2
PAID_INITIAL|1|5|S9,S6,S1,S7,S8|1
PAID_INITIAL|1|5|S9,S6,S2,S1,S6|1
PAID_INITIAL|1|5|S9,S6,S2,S4,S3|1
PAID_INITIAL|1|5|S9,S6,S2,S4,S5|1
PAID_INITIAL|1|5|S9,S6,S2,S9,S9|1
PAID_INITIAL|1|5|S9,S6,S3,S2,S6|1
PAID_INITIAL|1|5|S9,S6,S3,S4,S7|1
PAID_INITIAL|1|5|S9,S6,S4,S4,S7|1
PAID_INITIAL|1|5|S9,S6,S4,S5,S3|1
PAID_INITIAL|1|5|S9,S6,S4,S5,S7|1
PAID_INITIAL|1|5|S9,S6,S5,S2,S7|1
PAID_INITIAL|1|5|S9,S6,S5,S3,S6|1
PAID_INITIAL|1|5|S9,S6,S5,S4,S5|1
PAID_INITIAL|1|5|S9,S6,S5,S5,S4|1
PAID_INITIAL|1|5|S9,S6,S5,S5,S7|1
PAID_INITIAL|1|5|S9,S6,S6,S3,S4|1
PAID_INITIAL|1|5|S9,S6,S6,S3,S7|1
PAID_INITIAL|1|5|S9,S6,S6,S3,S9|1
PAID_INITIAL|1|5|S9,S6,S7,S5,S5|1
PAID_INITIAL|1|5|S9,S6,S8,S6,S2|1
PAID_INITIAL|1|5|S9,S6,S9,S2,S5|1
PAID_INITIAL|1|5|S9,S6,S9,S4,S7|1
PAID_INITIAL|1|5|S9,S6,S9,S6,S4|1
PAID_INITIAL|1|5|S9,S7,S2,S5,S5|2
PAID_INITIAL|1|5|S9,S7,S2,S5,S7|1
PAID_INITIAL|1|5|S9,S7,S2,S7,S8|1
PAID_INITIAL|1|5|S9,S7,S2,S8,S8|1
PAID_INITIAL|1|5|S9,S7,S3,S4,S6|1
PAID_INITIAL|1|5|S9,S7,S3,S9,S8|1
PAID_INITIAL|1|5|S9,S7,S4,S3,S1|1
PAID_INITIAL|1|5|S9,S7,S6,S5,S6|1
PAID_INITIAL|1|5|S9,S7,S6,S5,S7|1
PAID_INITIAL|1|5|S9,S7,S6,S5,S8|1
PAID_INITIAL|1|5|S9,S7,S6,S5,S9|1
PAID_INITIAL|1|5|S9,S7,S6,S7,S2|1
PAID_INITIAL|1|5|S9,S7,S6,S8,S5|1
PAID_INITIAL|1|5|S9,S7,S7,S2,S3|1
PAID_INITIAL|1|5|S9,S7,S7,S4,S3|1
PAID_INITIAL|1|5|S9,S7,S7,S7,S3|3
PAID_INITIAL|1|5|S9,S7,S7,S7,S7|1
PAID_INITIAL|1|5|S9,S7,S7,S8,S3|1
PAID_INITIAL|1|5|S9,S7,S7,S9,S5|1
PAID_INITIAL|1|5|S9,S7,S8,S4,S3|1
PAID_INITIAL|1|5|S9,S7,S8,S5,S4|1
PAID_INITIAL|1|5|S9,S7,S8,S9,S6|1
PAID_INITIAL|1|5|S9,S7,S9,S2,S5|1
PAID_INITIAL|1|5|S9,S7,S9,S5,S3|1
PAID_INITIAL|1|5|S9,S7,S9,S6,S9|1
PAID_INITIAL|1|5|S9,S8,S1,S4,S2|1
PAID_INITIAL|1|5|S9,S8,S2,S2,S4|2
PAID_INITIAL|1|5|S9,S8,S2,S2,S7|1
PAID_INITIAL|1|5|S9,S8,S2,S6,S6|1
PAID_INITIAL|1|5|S9,S8,S2,S7,S4|1
PAID_INITIAL|1|5|S9,S8,S2,S8,S6|1
PAID_INITIAL|1|5|S9,S8,S2,S9,S4|1
PAID_INITIAL|1|5|S9,S8,S3,S8,S3|1
PAID_INITIAL|1|5|S9,S8,S4,S2,S2|2
PAID_INITIAL|1|5|S9,S8,S4,S7,S6|1
PAID_INITIAL|1|5|S9,S8,S4,S7,S7|1
PAID_INITIAL|1|5|S9,S8,S5,S5,S9|1
PAID_INITIAL|1|5|S9,S8,S5,S7,S6|1
PAID_INITIAL|1|5|S9,S8,S6,S9,S5|1
PAID_INITIAL|1|5|S9,S8,S8,S5,S8|1
PAID_INITIAL|1|5|S9,S8,S8,S7,S4|1
PAID_INITIAL|1|5|S9,S8,S8,S8,S4|1
PAID_INITIAL|1|5|S9,S8,S8,S8,S7|1
PAID_INITIAL|1|5|S9,S8,S9,S2,S9|1
PAID_INITIAL|1|5|S9,S8,S9,S7,S9|1
PAID_INITIAL|1|5|S9,S8,S9,S8,S8|1
PAID_INITIAL|1|5|S9,S9,S1,S5,S8|1
PAID_INITIAL|1|5|S9,S9,S1,S6,S8|1
PAID_INITIAL|1|5|S9,S9,S2,S2,S4|1
PAID_INITIAL|1|5|S9,S9,S2,S3,S7|2
PAID_INITIAL|1|5|S9,S9,S2,S4,S5|1
PAID_INITIAL|1|5|S9,S9,S2,S9,S2|1
PAID_INITIAL|1|5|S9,S9,S3,S5,S6|1
PAID_INITIAL|1|5|S9,S9,S3,S8,S2|1
PAID_INITIAL|1|5|S9,S9,S3,S8,S9|1
PAID_INITIAL|1|5|S9,S9,S4,S5,S7|1
PAID_INITIAL|1|5|S9,S9,S4,S9,S5|1
PAID_INITIAL|1|5|S9,S9,S5,S3,S7|1
PAID_INITIAL|1|5|S9,S9,S5,S8,S6|1
PAID_INITIAL|1|5|S9,S9,S6,S6,S5|1
PAID_INITIAL|1|5|S9,S9,S6,S6,S7|1
PAID_INITIAL|1|5|S9,S9,S7,S5,S8|1
PAID_INITIAL|1|5|S9,S9,S8,S2,S4|1
PAID_INITIAL|1|5|S9,S9,S8,S4,S3|1
PAID_INITIAL|1|5|S9,S9,S8,S5,S7|1
PAID_INITIAL|1|5|S9,S9,S8,S6,S4|1
PAID_INITIAL|1|5|S9,S9,S8,S8,S5|1
PAID_INITIAL|1|5|S9,S9,S9,S4,S9|1
PAID_INITIAL|1|5|S9,S9,S9,S9,S2|1
PAID_INITIAL|2|5|S1,S2,S2,S8,S4|1
PAID_INITIAL|2|5|S1,S2,S4,S2,S7|1
PAID_INITIAL|2|5|S1,S3,S4,S9,S8|1
PAID_INITIAL|2|5|S1,S3,S6,S1,S2|1
PAID_INITIAL|2|5|S1,S3,S6,S3,S7|1
PAID_INITIAL|2|5|S1,S3,S6,S6,S8|1
PAID_INITIAL|2|5|S1,S3,S9,S9,S9|1
PAID_INITIAL|2|5|S1,S4,S4,S6,S5|1
PAID_INITIAL|2|5|S1,S5,S4,S4,S5|1
PAID_INITIAL|2|5|S1,S5,S6,S6,S5|1
PAID_INITIAL|2|5|S1,S6,S2,S2,S2|1
PAID_INITIAL|2|5|S1,S6,S5,S5,S6|1
PAID_INITIAL|2|5|S1,S6,S7,S2,S3|1
PAID_INITIAL|2|5|S1,S6,S9,S6,S6|1
PAID_INITIAL|2|5|S1,S7,S3,S4,S5|1
PAID_INITIAL|2|5|S1,S7,S5,S9,S6|1
PAID_INITIAL|2|5|S1,S7,S7,S4,S8|1
PAID_INITIAL|2|5|S1,S7,S7,S9,S2|1
PAID_INITIAL|2|5|S1,S8,S2,S5,S9|1
PAID_INITIAL|2|5|S1,S8,S3,S9,S6|1
PAID_INITIAL|2|5|S1,S8,S4,S8,S4|1
PAID_INITIAL|2|5|S1,S8,S5,S2,S3|1
PAID_INITIAL|2|5|S1,S8,S9,S8,S7|1
PAID_INITIAL|2|5|S1,S9,S4,S5,S7|1
PAID_INITIAL|2|5|S1,S9,S8,S4,S5|1
PAID_INITIAL|2|5|S2,S1,S3,S6,S4|1
PAID_INITIAL|2|5|S2,S1,S5,S5,S6|1
PAID_INITIAL|2|5|S2,S1,S7,S7,S5|1
PAID_INITIAL|2|5|S2,S2,S1,S2,S2|2
PAID_INITIAL|2|5|S2,S2,S2,S7,S8|1
PAID_INITIAL|2|5|S2,S2,S3,S4,S7|1
PAID_INITIAL|2|5|S2,S2,S6,S3,S9|1
PAID_INITIAL|2|5|S2,S2,S6,S4,S2|1
PAID_INITIAL|2|5|S2,S2,S6,S5,S4|1
PAID_INITIAL|2|5|S2,S2,S7,S3,S7|1
PAID_INITIAL|2|5|S2,S2,S7,S8,S2|1
PAID_INITIAL|2|5|S2,S2,S7,S8,S8|1
PAID_INITIAL|2|5|S2,S2,S8,S6,S9|1
PAID_INITIAL|2|5|S2,S2,S9,S7,S6|1
PAID_INITIAL|2|5|S2,S2,S9,S9,S9|1
PAID_INITIAL|2|5|S2,S3,S2,S2,S9|1
PAID_INITIAL|2|5|S2,S3,S3,S2,S3|1
PAID_INITIAL|2|5|S2,S3,S3,S5,S5|1
PAID_INITIAL|2|5|S2,S3,S3,S5,S9|1
PAID_INITIAL|2|5|S2,S3,S4,S5,S3|1
PAID_INITIAL|2|5|S2,S3,S4,S6,S3|1
PAID_INITIAL|2|5|S2,S3,S4,S7,S3|1
PAID_INITIAL|2|5|S2,S3,S4,S8,S9|2
PAID_INITIAL|2|5|S2,S3,S5,S2,S3|1
PAID_INITIAL|2|5|S2,S3,S5,S2,S9|1
PAID_INITIAL|2|5|S2,S3,S5,S5,S8|1
PAID_INITIAL|2|5|S2,S3,S5,S9,S9|1
PAID_INITIAL|2|5|S2,S3,S6,S8,S8|1
PAID_INITIAL|2|5|S2,S3,S7,S2,S8|1
PAID_INITIAL|2|5|S2,S3,S7,S3,S3|1
PAID_INITIAL|2|5|S2,S3,S7,S6,S3|1
PAID_INITIAL|2|5|S2,S3,S8,S7,S4|1
PAID_INITIAL|2|5|S2,S3,S8,S9,S3|1
PAID_INITIAL|2|5|S2,S3,S9,S4,S3|1
PAID_INITIAL|2|5|S2,S3,S9,S6,S9|1
PAID_INITIAL|2|5|S2,S4,S2,S8,S6|1
PAID_INITIAL|2|5|S2,S4,S2,S9,S2|1
PAID_INITIAL|2|5|S2,S4,S3,S7,S6|1
PAID_INITIAL|2|5|S2,S4,S3,S8,S6|1
PAID_INITIAL|2|5|S2,S4,S4,S4,S6|1
PAID_INITIAL|2|5|S2,S4,S5,S5,S9|1
PAID_INITIAL|2|5|S2,S4,S6,S6,S6|1
PAID_INITIAL|2|5|S2,S4,S6,S7,S5|1
PAID_INITIAL|2|5|S2,S4,S7,S3,S7|1
PAID_INITIAL|2|5|S2,S4,S7,S8,S2|1
PAID_INITIAL|2|5|S2,S4,S8,S4,S7|1
PAID_INITIAL|2|5|S2,S4,S8,S6,S9|1
PAID_INITIAL|2|5|S2,S4,S8,S8,S9|1
PAID_INITIAL|2|5|S2,S4,S9,S2,S3|1
PAID_INITIAL|2|5|S2,S4,S9,S3,S7|1
PAID_INITIAL|2|5|S2,S4,S9,S6,S2|1
PAID_INITIAL|2|5|S2,S4,S9,S7,S8|1
PAID_INITIAL|2|5|S2,S4,S9,S9,S3|1
PAID_INITIAL|2|5|S2,S5,S2,S4,S7|1
PAID_INITIAL|2|5|S2,S5,S2,S5,S2|1
PAID_INITIAL|2|5|S2,S5,S2,S9,S8|1
PAID_INITIAL|2|5|S2,S5,S2,S9,S9|1
PAID_INITIAL|2|5|S2,S5,S3,S2,S2|1
PAID_INITIAL|2|5|S2,S5,S3,S4,S4|1
PAID_INITIAL|2|5|S2,S5,S3,S4,S9|1
PAID_INITIAL|2|5|S2,S5,S3,S6,S8|2
PAID_INITIAL|2|5|S2,S5,S3,S8,S5|1
PAID_INITIAL|2|5|S2,S5,S4,S5,S6|1
PAID_INITIAL|2|5|S2,S5,S4,S5,S8|1
PAID_INITIAL|2|5|S2,S5,S4,S8,S6|1
PAID_INITIAL|2|5|S2,S5,S6,S2,S3|1
PAID_INITIAL|2|5|S2,S5,S6,S4,S9|1
PAID_INITIAL|2|5|S2,S5,S7,S3,S9|1
PAID_INITIAL|2|5|S2,S5,S7,S6,S2|1
PAID_INITIAL|2|5|S2,S5,S8,S2,S6|1
PAID_INITIAL|2|5|S2,S5,S8,S5,S5|1
PAID_INITIAL|2|5|S2,S5,S8,S9,S9|1
PAID_INITIAL|2|5|S2,S5,S9,S4,S9|1
PAID_INITIAL|2|5|S2,S6,S2,S2,S8|1
PAID_INITIAL|2|5|S2,S6,S4,S4,S2|1
PAID_INITIAL|2|5|S2,S6,S5,S8,S2|1
PAID_INITIAL|2|5|S2,S6,S6,S9,S4|1
PAID_INITIAL|2|5|S2,S6,S7,S7,S7|1
PAID_INITIAL|2|5|S2,S6,S7,S8,S6|1
PAID_INITIAL|2|5|S2,S6,S8,S4,S3|1
PAID_INITIAL|2|5|S2,S6,S8,S8,S4|2
PAID_INITIAL|2|5|S2,S6,S9,S1,S3|1
PAID_INITIAL|2|5|S2,S6,S9,S3,S7|1
PAID_INITIAL|2|5|S2,S6,S9,S4,S5|1
PAID_INITIAL|2|5|S2,S6,S9,S4,S9|1
PAID_INITIAL|2|5|S2,S7,S3,S6,S7|1
PAID_INITIAL|2|5|S2,S7,S4,S4,S5|1
PAID_INITIAL|2|5|S2,S7,S4,S4,S9|1
PAID_INITIAL|2|5|S2,S7,S4,S7,S7|1
PAID_INITIAL|2|5|S2,S7,S4,S9,S4|2
PAID_INITIAL|2|5|S2,S7,S6,S1,S3|1
PAID_INITIAL|2|5|S2,S7,S6,S3,S4|1
PAID_INITIAL|2|5|S2,S7,S6,S4,S7|1
PAID_INITIAL|2|5|S2,S7,S6,S8,S9|1
PAID_INITIAL|2|5|S2,S7,S7,S1,S2|1
PAID_INITIAL|2|5|S2,S7,S7,S2,S3|1
PAID_INITIAL|2|5|S2,S7,S7,S7,S9|1
PAID_INITIAL|2|5|S2,S7,S7,S8,S9|1
PAID_INITIAL|2|5|S2,S7,S8,S2,S7|1
PAID_INITIAL|2|5|S2,S7,S8,S3,S7|1
PAID_INITIAL|2|5|S2,S7,S8,S6,S3|1
PAID_INITIAL|2|5|S2,S7,S8,S8,S4|1
PAID_INITIAL|2|5|S2,S7,S9,S7,S3|1
PAID_INITIAL|2|5|S2,S8,S2,S2,S5|1
PAID_INITIAL|2|5|S2,S8,S2,S9,S2|1
PAID_INITIAL|2|5|S2,S8,S4,S7,S8|1
PAID_INITIAL|2|5|S2,S8,S4,S9,S5|1
PAID_INITIAL|2|5|S2,S8,S5,S4,S6|1
PAID_INITIAL|2|5|S2,S8,S5,S5,S2|1
PAID_INITIAL|2|5|S2,S8,S5,S6,S6|1
PAID_INITIAL|2|5|S2,S8,S5,S6,S7|1
PAID_INITIAL|2|5|S2,S8,S5,S8,S2|1
PAID_INITIAL|2|5|S2,S8,S6,S4,S4|1
PAID_INITIAL|2|5|S2,S8,S6,S5,S5|1
PAID_INITIAL|2|5|S2,S8,S7,S7,S8|1
PAID_INITIAL|2|5|S2,S8,S8,S7,S9|1
PAID_INITIAL|2|5|S2,S8,S8,S8,S8|2
PAID_INITIAL|2|5|S2,S9,S2,S8,S6|1
PAID_INITIAL|2|5|S2,S9,S2,S8,S9|1
PAID_INITIAL|2|5|S2,S9,S2,S9,S6|1
PAID_INITIAL|2|5|S2,S9,S3,S6,S8|1
PAID_INITIAL|2|5|S2,S9,S6,S7,S4|1
PAID_INITIAL|2|5|S2,S9,S7,S3,S7|1
PAID_INITIAL|2|5|S2,S9,S8,S4,S2|1
PAID_INITIAL|2|5|S2,S9,S8,S8,S1|1
PAID_INITIAL|2|5|S2,S9,S9,S2,S9|2
PAID_INITIAL|2|5|S3,S1,S2,S2,S4|1
PAID_INITIAL|2|5|S3,S1,S3,S4,S2|1
PAID_INITIAL|2|5|S3,S1,S4,S4,S1|1
PAID_INITIAL|2|5|S3,S1,S4,S8,S7|1
PAID_INITIAL|2|5|S3,S1,S9,S9,S9|1
PAID_INITIAL|2|5|S3,S2,S1,S6,S3|1
PAID_INITIAL|2|5|S3,S2,S2,S2,S3|1
PAID_INITIAL|2|5|S3,S2,S2,S6,S7|1
PAID_INITIAL|2|5|S3,S2,S3,S3,S6|1
PAID_INITIAL|2|5|S3,S2,S4,S4,S4|1
PAID_INITIAL|2|5|S3,S2,S4,S5,S2|1
PAID_INITIAL|2|5|S3,S2,S5,S3,S2|1
PAID_INITIAL|2|5|S3,S2,S5,S9,S7|1
PAID_INITIAL|2|5|S3,S2,S6,S3,S2|1
PAID_INITIAL|2|5|S3,S2,S6,S7,S6|1
PAID_INITIAL|2|5|S3,S2,S6,S7,S9|1
PAID_INITIAL|2|5|S3,S2,S6,S8,S4|1
PAID_INITIAL|2|5|S3,S2,S6,S9,S3|1
PAID_INITIAL|2|5|S3,S2,S7,S2,S2|1
PAID_INITIAL|2|5|S3,S2,S7,S2,S3|1
PAID_INITIAL|2|5|S3,S2,S7,S2,S7|2
PAID_INITIAL|2|5|S3,S2,S7,S6,S3|1
PAID_INITIAL|2|5|S3,S2,S7,S8,S4|1
PAID_INITIAL|2|5|S3,S2,S8,S3,S6|1
PAID_INITIAL|2|5|S3,S2,S8,S5,S7|1
PAID_INITIAL|2|5|S3,S2,S8,S7,S3|1
PAID_INITIAL|2|5|S3,S2,S8,S8,S7|1
PAID_INITIAL|2|5|S3,S2,S9,S2,S4|2
PAID_INITIAL|2|5|S3,S2,S9,S3,S6|1
PAID_INITIAL|2|5|S3,S2,S9,S5,S2|1
PAID_INITIAL|2|5|S3,S3,S1,S5,S5|1
PAID_INITIAL|2|5|S3,S3,S2,S3,S2|1
PAID_INITIAL|2|5|S3,S3,S2,S4,S2|1
PAID_INITIAL|2|5|S3,S3,S2,S7,S8|1
PAID_INITIAL|2|5|S3,S3,S3,S2,S4|1
PAID_INITIAL|2|5|S3,S3,S3,S3,S3|1
PAID_INITIAL|2|5|S3,S3,S3,S3,S5|1
PAID_INITIAL|2|5|S3,S3,S3,S3,S9|1
PAID_INITIAL|2|5|S3,S3,S3,S5,S5|1
PAID_INITIAL|2|5|S3,S3,S3,S7,S5|1
PAID_INITIAL|2|5|S3,S3,S3,S7,S7|1
PAID_INITIAL|2|5|S3,S3,S3,S8,S6|1
PAID_INITIAL|2|5|S3,S3,S3,S8,S7|1
PAID_INITIAL|2|5|S3,S3,S3,S9,S7|1
PAID_INITIAL|2|5|S3,S3,S4,S4,S4|1
PAID_INITIAL|2|5|S3,S3,S4,S9,S8|1
PAID_INITIAL|2|5|S3,S3,S5,S2,S6|1
PAID_INITIAL|2|5|S3,S3,S5,S3,S7|1
PAID_INITIAL|2|5|S3,S3,S5,S8,S2|1
PAID_INITIAL|2|5|S3,S3,S6,S3,S8|1
PAID_INITIAL|2|5|S3,S3,S6,S8,S8|1
PAID_INITIAL|2|5|S3,S3,S7,S5,S4|1
PAID_INITIAL|2|5|S3,S3,S7,S5,S7|1
PAID_INITIAL|2|5|S3,S3,S7,S7,S6|1
PAID_INITIAL|2|5|S3,S3,S8,S2,S5|1
PAID_INITIAL|2|5|S3,S3,S8,S3,S5|1
PAID_INITIAL|2|5|S3,S3,S8,S4,S6|1
PAID_INITIAL|2|5|S3,S3,S8,S5,S4|1
PAID_INITIAL|2|5|S3,S3,S9,S2,S5|1
PAID_INITIAL|2|5|S3,S3,S9,S4,S5|1
PAID_INITIAL|2|5|S3,S3,S9,S5,S5|1
PAID_INITIAL|2|5|S3,S3,S9,S8,S4|1
PAID_INITIAL|2|5|S3,S4,S2,S3,S6|1
PAID_INITIAL|2|5|S3,S4,S2,S4,S2|1
PAID_INITIAL|2|5|S3,S4,S2,S4,S6|1
PAID_INITIAL|2|5|S3,S4,S2,S7,S8|1
PAID_INITIAL|2|5|S3,S4,S2,S9,S4|1
PAID_INITIAL|2|5|S3,S4,S2,S9,S8|1
PAID_INITIAL|2|5|S3,S4,S3,S3,S3|1
PAID_INITIAL|2|5|S3,S4,S3,S3,S9|1
PAID_INITIAL|2|5|S3,S4,S3,S4,S6|1
PAID_INITIAL|2|5|S3,S4,S3,S6,S2|1
PAID_INITIAL|2|5|S3,S4,S3,S9,S7|1
PAID_INITIAL|2|5|S3,S4,S4,S3,S6|1
PAID_INITIAL|2|5|S3,S4,S5,S4,S7|1
PAID_INITIAL|2|5|S3,S4,S5,S5,S2|1
PAID_INITIAL|2|5|S3,S4,S5,S6,S9|1
PAID_INITIAL|2|5|S3,S4,S5,S8,S2|1
PAID_INITIAL|2|5|S3,S4,S6,S2,S5|1
PAID_INITIAL|2|5|S3,S4,S6,S4,S7|1
PAID_INITIAL|2|5|S3,S4,S6,S5,S7|1
PAID_INITIAL|2|5|S3,S4,S6,S6,S3|3
PAID_INITIAL|2|5|S3,S4,S6,S6,S4|1
PAID_INITIAL|2|5|S3,S4,S6,S7,S4|1
PAID_INITIAL|2|5|S3,S4,S6,S9,S9|1
PAID_INITIAL|2|5|S3,S4,S7,S2,S2|1
PAID_INITIAL|2|5|S3,S4,S7,S3,S6|1
PAID_INITIAL|2|5|S3,S4,S7,S5,S6|1
PAID_INITIAL|2|5|S3,S4,S7,S7,S2|1
PAID_INITIAL|2|5|S3,S4,S8,S5,S7|1
PAID_INITIAL|2|5|S3,S4,S8,S8,S9|1
PAID_INITIAL|2|5|S3,S4,S9,S3,S4|1
PAID_INITIAL|2|5|S3,S4,S9,S4,S3|1
PAID_INITIAL|2|5|S3,S4,S9,S6,S9|1
PAID_INITIAL|2|5|S3,S5,S2,S2,S9|1
PAID_INITIAL|2|5|S3,S5,S2,S3,S3|1
PAID_INITIAL|2|5|S3,S5,S2,S5,S5|1
PAID_INITIAL|2|5|S3,S5,S2,S6,S6|1
PAID_INITIAL|2|5|S3,S5,S2,S6,S9|1
PAID_INITIAL|2|5|S3,S5,S3,S3,S5|1
PAID_INITIAL|2|5|S3,S5,S3,S8,S8|1
PAID_INITIAL|2|5|S3,S5,S4,S4,S7|1
PAID_INITIAL|2|5|S3,S5,S4,S7,S5|1
PAID_INITIAL|2|5|S3,S5,S5,S3,S9|1
PAID_INITIAL|2|5|S3,S5,S5,S5,S2|1
PAID_INITIAL|2|5|S3,S5,S5,S8,S3|1
PAID_INITIAL|2|5|S3,S5,S5,S8,S6|1
PAID_INITIAL|2|5|S3,S5,S5,S9,S4|1
PAID_INITIAL|2|5|S3,S5,S6,S4,S4|1
PAID_INITIAL|2|5|S3,S5,S6,S5,S4|1
PAID_INITIAL|2|5|S3,S5,S7,S1,S7|1
PAID_INITIAL|2|5|S3,S5,S7,S2,S2|1
PAID_INITIAL|2|5|S3,S5,S7,S2,S6|1
PAID_INITIAL|2|5|S3,S5,S7,S7,S5|1
PAID_INITIAL|2|5|S3,S5,S7,S9,S3|1
PAID_INITIAL|2|5|S3,S5,S8,S4,S2|1
PAID_INITIAL|2|5|S3,S5,S8,S5,S6|1
PAID_INITIAL|2|5|S3,S5,S9,S7,S6|1
PAID_INITIAL|2|5|S3,S6,S2,S2,S3|1
PAID_INITIAL|2|5|S3,S6,S2,S2,S8|1
PAID_INITIAL|2|5|S3,S6,S2,S3,S8|1
PAID_INITIAL|2|5|S3,S6,S2,S4,S6|1
PAID_INITIAL|2|5|S3,S6,S2,S5,S5|1
PAID_INITIAL|2|5|S3,S6,S2,S9,S8|1
PAID_INITIAL|2|5|S3,S6,S4,S3,S2|1
PAID_INITIAL|2|5|S3,S6,S4,S7,S8|1
PAID_INITIAL|2|5|S3,S6,S4,S8,S5|1
PAID_INITIAL|2|5|S3,S6,S4,S8,S8|1
PAID_INITIAL|2|5|S3,S6,S4,S9,S4|1
PAID_INITIAL|2|5|S3,S6,S5,S7,S9|1
PAID_INITIAL|2|5|S3,S6,S5,S9,S3|1
PAID_INITIAL|2|5|S3,S6,S6,S2,S9|1
PAID_INITIAL|2|5|S3,S6,S6,S7,S7|1
PAID_INITIAL|2|5|S3,S6,S7,S2,S6|1
PAID_INITIAL|2|5|S3,S6,S7,S4,S2|1
PAID_INITIAL|2|5|S3,S6,S7,S4,S3|1
PAID_INITIAL|2|5|S3,S6,S7,S4,S9|1
PAID_INITIAL|2|5|S3,S6,S7,S7,S6|1
PAID_INITIAL|2|5|S3,S6,S8,S2,S9|1
PAID_INITIAL|2|5|S3,S6,S8,S4,S3|1
PAID_INITIAL|2|5|S3,S6,S8,S7,S3|1
PAID_INITIAL|2|5|S3,S6,S8,S8,S2|1
PAID_INITIAL|2|5|S3,S6,S8,S9,S5|1
PAID_INITIAL|2|5|S3,S6,S9,S3,S4|1
PAID_INITIAL|2|5|S3,S6,S9,S7,S9|1
PAID_INITIAL|2|5|S3,S6,S9,S8,S3|2
PAID_INITIAL|2|5|S3,S7,S2,S3,S2|1
PAID_INITIAL|2|5|S3,S7,S2,S4,S5|1
PAID_INITIAL|2|5|S3,S7,S2,S6,S2|1
PAID_INITIAL|2|5|S3,S7,S3,S2,S6|1
PAID_INITIAL|2|5|S3,S7,S3,S3,S6|1
PAID_INITIAL|2|5|S3,S7,S4,S3,S6|1
PAID_INITIAL|2|5|S3,S7,S4,S3,S7|1
PAID_INITIAL|2|5|S3,S7,S4,S7,S9|1
PAID_INITIAL|2|5|S3,S7,S4,S8,S5|1
PAID_INITIAL|2|5|S3,S7,S5,S2,S8|1
PAID_INITIAL|2|5|S3,S7,S5,S2,S9|1
PAID_INITIAL|2|5|S3,S7,S5,S3,S4|1
PAID_INITIAL|2|5|S3,S7,S5,S4,S2|1
PAID_INITIAL|2|5|S3,S7,S5,S5,S7|1
PAID_INITIAL|2|5|S3,S7,S5,S6,S2|1
PAID_INITIAL|2|5|S3,S7,S5,S8,S6|1
PAID_INITIAL|2|5|S3,S7,S5,S9,S7|1
PAID_INITIAL|2|5|S3,S7,S6,S4,S9|1
PAID_INITIAL|2|5|S3,S7,S6,S5,S8|1
PAID_INITIAL|2|5|S3,S7,S6,S7,S4|1
PAID_INITIAL|2|5|S3,S7,S7,S2,S5|1
PAID_INITIAL|2|5|S3,S7,S7,S4,S5|1
PAID_INITIAL|2|5|S3,S7,S7,S8,S4|1
PAID_INITIAL|2|5|S3,S7,S7,S9,S8|1
PAID_INITIAL|2|5|S3,S7,S8,S2,S9|1
PAID_INITIAL|2|5|S3,S7,S8,S3,S3|1
PAID_INITIAL|2|5|S3,S7,S8,S8,S5|1
PAID_INITIAL|2|5|S3,S7,S9,S2,S2|1
PAID_INITIAL|2|5|S3,S7,S9,S4,S8|1
PAID_INITIAL|2|5|S3,S7,S9,S6,S9|1
PAID_INITIAL|2|5|S3,S7,S9,S7,S6|1
PAID_INITIAL|2|5|S3,S7,S9,S8,S9|1
PAID_INITIAL|2|5|S3,S8,S1,S3,S9|1
PAID_INITIAL|2|5|S3,S8,S2,S2,S6|1
PAID_INITIAL|2|5|S3,S8,S2,S4,S4|2
PAID_INITIAL|2|5|S3,S8,S2,S5,S6|1
PAID_INITIAL|2|5|S3,S8,S2,S7,S9|1
PAID_INITIAL|2|5|S3,S8,S3,S2,S2|2
PAID_INITIAL|2|5|S3,S8,S3,S2,S6|1
PAID_INITIAL|2|5|S3,S8,S3,S3,S8|1
PAID_INITIAL|2|5|S3,S8,S3,S4,S6|1
PAID_INITIAL|2|5|S3,S8,S3,S7,S2|1
PAID_INITIAL|2|5|S3,S8,S3,S8,S1|1
PAID_INITIAL|2|5|S3,S8,S4,S4,S6|1
PAID_INITIAL|2|5|S3,S8,S4,S6,S2|1
PAID_INITIAL|2|5|S3,S8,S5,S2,S4|1
PAID_INITIAL|2|5|S3,S8,S5,S2,S6|1
PAID_INITIAL|2|5|S3,S8,S5,S3,S7|1
PAID_INITIAL|2|5|S3,S8,S5,S5,S4|1
PAID_INITIAL|2|5|S3,S8,S5,S5,S8|1
PAID_INITIAL|2|5|S3,S8,S5,S8,S8|1
PAID_INITIAL|2|5|S3,S8,S5,S9,S2|1
PAID_INITIAL|2|5|S3,S8,S5,S9,S4|1
PAID_INITIAL|2|5|S3,S8,S7,S5,S2|1
PAID_INITIAL|2|5|S3,S8,S7,S6,S3|1
PAID_INITIAL|2|5|S3,S8,S8,S5,S3|1
PAID_INITIAL|2|5|S3,S8,S8,S7,S7|1
PAID_INITIAL|2|5|S3,S8,S9,S8,S2|1
PAID_INITIAL|2|5|S3,S9,S1,S1,S1|1
PAID_INITIAL|2|5|S3,S9,S2,S2,S1|1
PAID_INITIAL|2|5|S3,S9,S2,S8,S6|1
PAID_INITIAL|2|5|S3,S9,S3,S6,S7|1
PAID_INITIAL|2|5|S3,S9,S4,S3,S3|1
PAID_INITIAL|2|5|S3,S9,S4,S3,S6|1
PAID_INITIAL|2|5|S3,S9,S4,S3,S7|1
PAID_INITIAL|2|5|S3,S9,S4,S9,S6|1
PAID_INITIAL|2|5|S3,S9,S6,S9,S6|1
PAID_INITIAL|2|5|S3,S9,S7,S2,S2|1
PAID_INITIAL|2|5|S3,S9,S7,S5,S6|1
PAID_INITIAL|2|5|S3,S9,S8,S2,S2|1
PAID_INITIAL|2|5|S3,S9,S8,S6,S3|1
PAID_INITIAL|2|5|S3,S9,S8,S9,S4|1
PAID_INITIAL|2|5|S3,S9,S8,S9,S8|1
PAID_INITIAL|2|5|S3,S9,S8,S9,S9|1
PAID_INITIAL|2|5|S3,S9,S9,S3,S5|1
PAID_INITIAL|2|5|S3,S9,S9,S4,S2|1
PAID_INITIAL|2|5|S3,S9,S9,S6,S5|1
PAID_INITIAL|2|5|S3,S9,S9,S8,S9|2
PAID_INITIAL|2|5|S4,S1,S4,S6,S2|1
PAID_INITIAL|2|5|S4,S1,S5,S2,S7|1
PAID_INITIAL|2|5|S4,S1,S6,S7,S7|1
PAID_INITIAL|2|5|S4,S2,S1,S5,S8|1
PAID_INITIAL|2|5|S4,S2,S1,S6,S4|1
PAID_INITIAL|2|5|S4,S2,S2,S4,S1|1
PAID_INITIAL|2|5|S4,S2,S2,S6,S3|1
PAID_INITIAL|2|5|S4,S2,S2,S9,S8|1
PAID_INITIAL|2|5|S4,S2,S3,S4,S4|1
PAID_INITIAL|2|5|S4,S2,S3,S8,S3|1
PAID_INITIAL|2|5|S4,S2,S4,S7,S2|1
PAID_INITIAL|2|5|S4,S2,S4,S7,S7|1
PAID_INITIAL|2|5|S4,S2,S4,S7,S9|1
PAID_INITIAL|2|5|S4,S2,S4,S9,S8|1
PAID_INITIAL|2|5|S4,S2,S5,S4,S4|1
PAID_INITIAL|2|5|S4,S2,S5,S5,S4|1
PAID_INITIAL|2|5|S4,S2,S5,S6,S3|1
PAID_INITIAL|2|5|S4,S2,S5,S6,S9|1
PAID_INITIAL|2|5|S4,S2,S6,S3,S8|1
PAID_INITIAL|2|5|S4,S2,S6,S6,S4|1
PAID_INITIAL|2|5|S4,S2,S6,S8,S8|1
PAID_INITIAL|2|5|S4,S2,S7,S2,S8|1
PAID_INITIAL|2|5|S4,S2,S7,S5,S5|1
PAID_INITIAL|2|5|S4,S2,S7,S6,S2|1
PAID_INITIAL|2|5|S4,S2,S7,S6,S9|1
PAID_INITIAL|2|5|S4,S2,S7,S9,S3|1
PAID_INITIAL|2|5|S4,S2,S8,S3,S3|1
PAID_INITIAL|2|5|S4,S2,S8,S4,S7|1
PAID_INITIAL|2|5|S4,S2,S9,S3,S3|1
PAID_INITIAL|2|5|S4,S2,S9,S3,S6|1
PAID_INITIAL|2|5|S4,S3,S2,S3,S2|2
PAID_INITIAL|2|5|S4,S3,S2,S4,S7|1
PAID_INITIAL|2|5|S4,S3,S2,S8,S1|1
PAID_INITIAL|2|5|S4,S3,S2,S8,S9|1
PAID_INITIAL|2|5|S4,S3,S3,S2,S9|1
PAID_INITIAL|2|5|S4,S3,S3,S3,S6|1
PAID_INITIAL|2|5|S4,S3,S3,S5,S6|1
PAID_INITIAL|2|5|S4,S3,S3,S8,S4|1
PAID_INITIAL|2|5|S4,S3,S4,S4,S9|1
PAID_INITIAL|2|5|S4,S3,S4,S5,S4|1
PAID_INITIAL|2|5|S4,S3,S4,S7,S3|1
PAID_INITIAL|2|5|S4,S3,S4,S9,S6|1
PAID_INITIAL|2|5|S4,S3,S5,S2,S3|1
PAID_INITIAL|2|5|S4,S3,S5,S6,S2|1
PAID_INITIAL|2|5|S4,S3,S5,S7,S8|1
PAID_INITIAL|2|5|S4,S3,S5,S9,S9|1
PAID_INITIAL|2|5|S4,S3,S6,S8,S2|1
PAID_INITIAL|2|5|S4,S3,S6,S8,S8|1
PAID_INITIAL|2|5|S4,S3,S7,S3,S5|1
PAID_INITIAL|2|5|S4,S3,S7,S4,S3|1
PAID_INITIAL|2|5|S4,S3,S9,S3,S8|1
PAID_INITIAL|2|5|S4,S3,S9,S4,S4|1
PAID_INITIAL|2|5|S4,S3,S9,S8,S9|1
PAID_INITIAL|2|5|S4,S3,S9,S9,S3|1
PAID_INITIAL|2|5|S4,S4,S2,S2,S2|1
PAID_INITIAL|2|5|S4,S4,S3,S2,S6|1
PAID_INITIAL|2|5|S4,S4,S3,S3,S6|1
PAID_INITIAL|2|5|S4,S4,S3,S4,S5|1
PAID_INITIAL|2|5|S4,S4,S3,S6,S2|1
PAID_INITIAL|2|5|S4,S4,S3,S7,S6|1
PAID_INITIAL|2|5|S4,S4,S4,S5,S5|1
PAID_INITIAL|2|5|S4,S4,S4,S7,S2|1
PAID_INITIAL|2|5|S4,S4,S4,S7,S3|1
PAID_INITIAL|2|5|S4,S4,S5,S1,S9|2
PAID_INITIAL|2|5|S4,S4,S5,S2,S3|1
PAID_INITIAL|2|5|S4,S4,S5,S2,S6|1
PAID_INITIAL|2|5|S4,S4,S5,S3,S8|1
PAID_INITIAL|2|5|S4,S4,S5,S8,S9|1
PAID_INITIAL|2|5|S4,S4,S5,S9,S4|1
PAID_INITIAL|2|5|S4,S4,S6,S5,S4|1
PAID_INITIAL|2|5|S4,S4,S6,S9,S3|1
PAID_INITIAL|2|5|S4,S4,S7,S3,S1|1
PAID_INITIAL|2|5|S4,S4,S7,S7,S7|1
PAID_INITIAL|2|5|S4,S4,S7,S8,S1|1
PAID_INITIAL|2|5|S4,S4,S7,S9,S5|1
PAID_INITIAL|2|5|S4,S4,S7,S9,S7|1
PAID_INITIAL|2|5|S4,S4,S9,S3,S2|1
PAID_INITIAL|2|5|S4,S4,S9,S3,S6|1
PAID_INITIAL|2|5|S4,S4,S9,S7,S9|1
PAID_INITIAL|2|5|S4,S5,S1,S1,S2|1
PAID_INITIAL|2|5|S4,S5,S1,S7,S2|1
PAID_INITIAL|2|5|S4,S5,S2,S2,S2|2
PAID_INITIAL|2|5|S4,S5,S2,S2,S9|1
PAID_INITIAL|2|5|S4,S5,S2,S3,S3|1
PAID_INITIAL|2|5|S4,S5,S2,S4,S3|1
PAID_INITIAL|2|5|S4,S5,S2,S6,S7|1
PAID_INITIAL|2|5|S4,S5,S2,S9,S2|1
PAID_INITIAL|2|5|S4,S5,S3,S3,S7|1
PAID_INITIAL|2|5|S4,S5,S4,S3,S9|1
PAID_INITIAL|2|5|S4,S5,S5,S6,S4|1
PAID_INITIAL|2|5|S4,S5,S5,S7,S4|1
PAID_INITIAL|2|5|S4,S5,S6,S9,S9|1
PAID_INITIAL|2|5|S4,S5,S7,S3,S9|1
PAID_INITIAL|2|5|S4,S5,S7,S4,S5|1
PAID_INITIAL|2|5|S4,S5,S7,S4,S9|1
PAID_INITIAL|2|5|S4,S5,S8,S2,S8|1
PAID_INITIAL|2|5|S4,S5,S8,S3,S3|1
PAID_INITIAL|2|5|S4,S5,S8,S5,S4|1
PAID_INITIAL|2|5|S4,S5,S8,S9,S5|1
PAID_INITIAL|2|5|S4,S5,S9,S4,S9|1
PAID_INITIAL|2|5|S4,S5,S9,S5,S4|1
PAID_INITIAL|2|5|S4,S5,S9,S7,S5|1
PAID_INITIAL|2|5|S4,S5,S9,S9,S4|1
PAID_INITIAL|2|5|S4,S6,S2,S2,S5|1
PAID_INITIAL|2|5|S4,S6,S2,S6,S7|1
PAID_INITIAL|2|5|S4,S6,S3,S2,S6|1
PAID_INITIAL|2|5|S4,S6,S3,S5,S9|1
PAID_INITIAL|2|5|S4,S6,S3,S7,S9|1
PAID_INITIAL|2|5|S4,S6,S3,S8,S9|1
PAID_INITIAL|2|5|S4,S6,S3,S9,S6|1
PAID_INITIAL|2|5|S4,S6,S5,S5,S4|1
PAID_INITIAL|2|5|S4,S6,S5,S8,S3|1
PAID_INITIAL|2|5|S4,S6,S5,S8,S7|1
PAID_INITIAL|2|5|S4,S6,S6,S2,S5|1
PAID_INITIAL|2|5|S4,S6,S6,S2,S6|1
PAID_INITIAL|2|5|S4,S6,S6,S3,S4|1
PAID_INITIAL|2|5|S4,S6,S6,S5,S3|1
PAID_INITIAL|2|5|S4,S6,S6,S5,S4|1
PAID_INITIAL|2|5|S4,S6,S7,S7,S6|1
PAID_INITIAL|2|5|S4,S6,S8,S2,S6|1
PAID_INITIAL|2|5|S4,S6,S8,S6,S8|1
PAID_INITIAL|2|5|S4,S6,S8,S7,S3|1
PAID_INITIAL|2|5|S4,S6,S8,S8,S7|1
PAID_INITIAL|2|5|S4,S6,S8,S9,S7|1
PAID_INITIAL|2|5|S4,S6,S9,S7,S8|1
PAID_INITIAL|2|5|S4,S7,S1,S2,S5|1
PAID_INITIAL|2|5|S4,S7,S1,S8,S7|1
PAID_INITIAL|2|5|S4,S7,S2,S2,S6|1
PAID_INITIAL|2|5|S4,S7,S2,S5,S6|1
PAID_INITIAL|2|5|S4,S7,S2,S7,S3|1
PAID_INITIAL|2|5|S4,S7,S2,S9,S4|1
PAID_INITIAL|2|5|S4,S7,S3,S7,S7|1
PAID_INITIAL|2|5|S4,S7,S3,S8,S6|1
PAID_INITIAL|2|5|S4,S7,S3,S9,S4|2
PAID_INITIAL|2|5|S4,S7,S5,S3,S6|1
PAID_INITIAL|2|5|S4,S7,S5,S3,S9|1
PAID_INITIAL|2|5|S4,S7,S5,S7,S7|1
PAID_INITIAL|2|5|S4,S7,S5,S7,S8|1
PAID_INITIAL|2|5|S4,S7,S6,S2,S2|1
PAID_INITIAL|2|5|S4,S7,S6,S6,S4|1
PAID_INITIAL|2|5|S4,S7,S6,S6,S8|1
PAID_INITIAL|2|5|S4,S7,S7,S2,S8|1
PAID_INITIAL|2|5|S4,S7,S7,S3,S7|1
PAID_INITIAL|2|5|S4,S7,S7,S4,S7|1
PAID_INITIAL|2|5|S4,S7,S7,S6,S4|1
PAID_INITIAL|2|5|S4,S7,S7,S6,S7|1
PAID_INITIAL|2|5|S4,S7,S7,S8,S3|1
PAID_INITIAL|2|5|S4,S7,S7,S9,S7|1
PAID_INITIAL|2|5|S4,S7,S8,S2,S6|1
PAID_INITIAL|2|5|S4,S7,S8,S2,S7|1
PAID_INITIAL|2|5|S4,S7,S8,S4,S6|1
PAID_INITIAL|2|5|S4,S7,S8,S4,S9|1
PAID_INITIAL|2|5|S4,S7,S8,S6,S8|1
PAID_INITIAL|2|5|S4,S7,S8,S8,S4|1
PAID_INITIAL|2|5|S4,S7,S9,S5,S6|1
PAID_INITIAL|2|5|S4,S7,S9,S7,S5|2
PAID_INITIAL|2|5|S4,S8,S2,S2,S9|1
PAID_INITIAL|2|5|S4,S8,S2,S3,S4|1
PAID_INITIAL|2|5|S4,S8,S2,S4,S5|1
PAID_INITIAL|2|5|S4,S8,S3,S1,S1|1
PAID_INITIAL|2|5|S4,S8,S3,S4,S3|1
PAID_INITIAL|2|5|S4,S8,S3,S4,S4|1
PAID_INITIAL|2|5|S4,S8,S3,S5,S2|1
PAID_INITIAL|2|5|S4,S8,S4,S6,S9|1
PAID_INITIAL|2|5|S4,S8,S5,S1,S5|1
PAID_INITIAL|2|5|S4,S8,S5,S4,S5|1
PAID_INITIAL|2|5|S4,S8,S5,S5,S4|1
PAID_INITIAL|2|5|S4,S8,S5,S9,S5|1
PAID_INITIAL|2|5|S4,S8,S6,S2,S9|1
PAID_INITIAL|2|5|S4,S8,S6,S4,S4|1
PAID_INITIAL|2|5|S4,S8,S7,S3,S9|1
PAID_INITIAL|2|5|S4,S8,S7,S8,S3|1
PAID_INITIAL|2|5|S4,S8,S7,S9,S4|1
PAID_INITIAL|2|5|S4,S8,S8,S3,S5|1
PAID_INITIAL|2|5|S4,S8,S9,S7,S9|1
PAID_INITIAL|2|5|S4,S8,S9,S8,S5|1
PAID_INITIAL|2|5|S4,S8,S9,S9,S8|1
PAID_INITIAL|2|5|S4,S9,S2,S3,S8|1
PAID_INITIAL|2|5|S4,S9,S2,S6,S9|1
PAID_INITIAL|2|5|S4,S9,S2,S8,S2|1
PAID_INITIAL|2|5|S4,S9,S3,S7,S5|1
PAID_INITIAL|2|5|S4,S9,S4,S3,S5|1
PAID_INITIAL|2|5|S4,S9,S4,S3,S7|1
PAID_INITIAL|2|5|S4,S9,S4,S4,S7|1
PAID_INITIAL|2|5|S4,S9,S4,S5,S5|1
PAID_INITIAL|2|5|S4,S9,S4,S9,S4|1
PAID_INITIAL|2|5|S4,S9,S5,S1,S9|1
PAID_INITIAL|2|5|S4,S9,S5,S6,S6|1
PAID_INITIAL|2|5|S4,S9,S6,S6,S8|1
PAID_INITIAL|2|5|S4,S9,S7,S3,S4|1
PAID_INITIAL|2|5|S4,S9,S7,S3,S8|1
PAID_INITIAL|2|5|S4,S9,S7,S4,S8|1
PAID_INITIAL|2|5|S4,S9,S7,S6,S6|1
PAID_INITIAL|2|5|S4,S9,S7,S7,S9|1
PAID_INITIAL|2|5|S4,S9,S8,S3,S7|1
PAID_INITIAL|2|5|S4,S9,S8,S7,S6|1
PAID_INITIAL|2|5|S4,S9,S8,S9,S9|1
PAID_INITIAL|2|5|S4,S9,S9,S3,S4|1
PAID_INITIAL|2|5|S4,S9,S9,S3,S6|1
PAID_INITIAL|2|5|S4,S9,S9,S7,S8|1
PAID_INITIAL|2|5|S4,S9,S9,S9,S6|2
PAID_INITIAL|2|5|S5,S1,S4,S2,S7|1
PAID_INITIAL|2|5|S5,S1,S6,S5,S6|1
PAID_INITIAL|2|5|S5,S2,S2,S4,S5|1
PAID_INITIAL|2|5|S5,S2,S2,S8,S3|1
PAID_INITIAL|2|5|S5,S2,S2,S8,S7|1
PAID_INITIAL|2|5|S5,S2,S2,S9,S6|1
PAID_INITIAL|2|5|S5,S2,S3,S2,S5|1
PAID_INITIAL|2|5|S5,S2,S3,S5,S8|1
PAID_INITIAL|2|5|S5,S2,S4,S3,S4|1
PAID_INITIAL|2|5|S5,S2,S4,S4,S3|1
PAID_INITIAL|2|5|S5,S2,S4,S4,S6|1
PAID_INITIAL|2|5|S5,S2,S4,S8,S4|1
PAID_INITIAL|2|5|S5,S2,S5,S2,S5|1
PAID_INITIAL|2|5|S5,S2,S5,S3,S6|1
PAID_INITIAL|2|5|S5,S2,S5,S3,S8|1
PAID_INITIAL|2|5|S5,S2,S5,S5,S9|1
PAID_INITIAL|2|5|S5,S2,S6,S2,S4|1
PAID_INITIAL|2|5|S5,S2,S6,S6,S5|1
PAID_INITIAL|2|5|S5,S2,S6,S7,S6|1
PAID_INITIAL|2|5|S5,S2,S6,S8,S8|1
PAID_INITIAL|2|5|S5,S2,S7,S5,S7|1
PAID_INITIAL|2|5|S5,S2,S7,S7,S3|1
PAID_INITIAL|2|5|S5,S2,S8,S2,S6|1
PAID_INITIAL|2|5|S5,S2,S8,S4,S2|1
PAID_INITIAL|2|5|S5,S2,S8,S4,S9|1
PAID_INITIAL|2|5|S5,S2,S8,S5,S5|1
PAID_INITIAL|2|5|S5,S2,S8,S6,S2|1
PAID_INITIAL|2|5|S5,S2,S8,S8,S2|1
PAID_INITIAL|2|5|S5,S2,S9,S2,S9|1
PAID_INITIAL|2|5|S5,S2,S9,S9,S6|1
PAID_INITIAL|2|5|S5,S3,S2,S3,S5|1
PAID_INITIAL|2|5|S5,S3,S3,S4,S4|1
PAID_INITIAL|2|5|S5,S3,S3,S6,S3|1
PAID_INITIAL|2|5|S5,S3,S3,S6,S4|1
PAID_INITIAL|2|5|S5,S3,S3,S6,S5|1
PAID_INITIAL|2|5|S5,S3,S3,S7,S4|1
PAID_INITIAL|2|5|S5,S3,S3,S8,S4|1
PAID_INITIAL|2|5|S5,S3,S3,S8,S7|1
PAID_INITIAL|2|5|S5,S3,S4,S2,S6|1
PAID_INITIAL|2|5|S5,S3,S4,S4,S9|1
PAID_INITIAL|2|5|S5,S3,S4,S8,S7|1
PAID_INITIAL|2|5|S5,S3,S4,S9,S6|1
PAID_INITIAL|2|5|S5,S3,S5,S3,S4|1
PAID_INITIAL|2|5|S5,S3,S5,S5,S5|1
PAID_INITIAL|2|5|S5,S3,S5,S8,S3|1
PAID_INITIAL|2|5|S5,S3,S5,S9,S3|1
PAID_INITIAL|2|5|S5,S3,S5,S9,S6|1
PAID_INITIAL|2|5|S5,S3,S5,S9,S8|1
PAID_INITIAL|2|5|S5,S3,S6,S2,S6|1
PAID_INITIAL|2|5|S5,S3,S6,S7,S8|1
PAID_INITIAL|2|5|S5,S3,S7,S3,S2|1
PAID_INITIAL|2|5|S5,S3,S7,S6,S2|1
PAID_INITIAL|2|5|S5,S3,S7,S6,S9|1
PAID_INITIAL|2|5|S5,S3,S8,S4,S3|1
PAID_INITIAL|2|5|S5,S3,S8,S5,S8|1
PAID_INITIAL|2|5|S5,S3,S9,S4,S2|1
PAID_INITIAL|2|5|S5,S3,S9,S5,S7|1
PAID_INITIAL|2|5|S5,S3,S9,S6,S6|1
PAID_INITIAL|2|5|S5,S3,S9,S7,S2|1
PAID_INITIAL|2|5|S5,S3,S9,S7,S5|1
PAID_INITIAL|2|5|S5,S3,S9,S8,S6|1
PAID_INITIAL|2|5|S5,S4,S2,S2,S6|1
PAID_INITIAL|2|5|S5,S4,S2,S7,S2|1
PAID_INITIAL|2|5|S5,S4,S3,S2,S7|1
PAID_INITIAL|2|5|S5,S4,S3,S2,S9|1
PAID_INITIAL|2|5|S5,S4,S3,S3,S5|1
PAID_INITIAL|2|5|S5,S4,S3,S8,S8|1
PAID_INITIAL|2|5|S5,S4,S4,S4,S2|1
PAID_INITIAL|2|5|S5,S4,S4,S4,S6|1
PAID_INITIAL|2|5|S5,S4,S4,S7,S3|1
PAID_INITIAL|2|5|S5,S4,S5,S2,S9|1
PAID_INITIAL|2|5|S5,S4,S5,S4,S2|1
PAID_INITIAL|2|5|S5,S4,S5,S4,S7|1
PAID_INITIAL|2|5|S5,S4,S6,S4,S8|1
PAID_INITIAL|2|5|S5,S4,S6,S7,S4|1
PAID_INITIAL|2|5|S5,S4,S6,S8,S8|1
PAID_INITIAL|2|5|S5,S4,S7,S6,S8|1
PAID_INITIAL|2|5|S5,S4,S9,S3,S7|1
PAID_INITIAL|2|5|S5,S4,S9,S3,S9|1
PAID_INITIAL|2|5|S5,S4,S9,S5,S4|1
PAID_INITIAL|2|5|S5,S4,S9,S8,S4|1
PAID_INITIAL|2|5|S5,S5,S2,S6,S9|1
PAID_INITIAL|2|5|S5,S5,S2,S9,S5|1
PAID_INITIAL|2|5|S5,S5,S3,S3,S6|1
PAID_INITIAL|2|5|S5,S5,S3,S7,S8|1
PAID_INITIAL|2|5|S5,S5,S4,S2,S5|1
PAID_INITIAL|2|5|S5,S5,S4,S2,S7|1
PAID_INITIAL|2|5|S5,S5,S4,S8,S5|1
PAID_INITIAL|2|5|S5,S5,S5,S3,S7|1
PAID_INITIAL|2|5|S5,S5,S5,S4,S1|1
PAID_INITIAL|2|5|S5,S5,S5,S6,S5|3
PAID_INITIAL|2|5|S5,S5,S5,S7,S3|1
PAID_INITIAL|2|5|S5,S5,S6,S1,S3|1
PAID_INITIAL|2|5|S5,S5,S6,S4,S2|1
PAID_INITIAL|2|5|S5,S5,S6,S6,S7|1
PAID_INITIAL|2|5|S5,S5,S6,S8,S4|1
PAID_INITIAL|2|5|S5,S5,S6,S9,S8|1
PAID_INITIAL|2|5|S5,S5,S7,S4,S3|1
PAID_INITIAL|2|5|S5,S5,S7,S9,S6|1
PAID_INITIAL|2|5|S5,S5,S7,S9,S7|1
PAID_INITIAL|2|5|S5,S5,S8,S2,S3|1
PAID_INITIAL|2|5|S5,S5,S8,S6,S3|1
PAID_INITIAL|2|5|S5,S5,S8,S9,S4|1
PAID_INITIAL|2|5|S5,S5,S9,S2,S6|1
PAID_INITIAL|2|5|S5,S5,S9,S5,S9|1
PAID_INITIAL|2|5|S5,S6,S2,S5,S9|1
PAID_INITIAL|2|5|S5,S6,S2,S9,S7|1
PAID_INITIAL|2|5|S5,S6,S3,S2,S6|1
PAID_INITIAL|2|5|S5,S6,S5,S4,S3|1
PAID_INITIAL|2|5|S5,S6,S5,S6,S9|1
PAID_INITIAL|2|5|S5,S6,S5,S8,S8|1
PAID_INITIAL|2|5|S5,S6,S6,S3,S5|1
PAID_INITIAL|2|5|S5,S6,S7,S2,S8|1
PAID_INITIAL|2|5|S5,S6,S7,S4,S6|1
PAID_INITIAL|2|5|S5,S6,S8,S4,S6|1
PAID_INITIAL|2|5|S5,S6,S9,S3,S3|1
PAID_INITIAL|2|5|S5,S6,S9,S3,S7|1
PAID_INITIAL|2|5|S5,S6,S9,S6,S6|1
PAID_INITIAL|2|5|S5,S7,S2,S3,S8|1
PAID_INITIAL|2|5|S5,S7,S2,S4,S7|1
PAID_INITIAL|2|5|S5,S7,S2,S8,S8|1
PAID_INITIAL|2|5|S5,S7,S3,S2,S7|1
PAID_INITIAL|2|5|S5,S7,S3,S5,S5|1
PAID_INITIAL|2|5|S5,S7,S3,S9,S6|1
PAID_INITIAL|2|5|S5,S7,S4,S2,S4|1
PAID_INITIAL|2|5|S5,S7,S4,S5,S4|1
PAID_INITIAL|2|5|S5,S7,S4,S6,S5|1
PAID_INITIAL|2|5|S5,S7,S4,S7,S8|1
PAID_INITIAL|2|5|S5,S7,S5,S5,S6|1
PAID_INITIAL|2|5|S5,S7,S5,S9,S2|1
PAID_INITIAL|2|5|S5,S7,S6,S4,S6|1
PAID_INITIAL|2|5|S5,S7,S6,S8,S7|1
PAID_INITIAL|2|5|S5,S7,S8,S5,S5|1
PAID_INITIAL|2|5|S5,S7,S9,S9,S2|1
PAID_INITIAL|2|5|S5,S8,S2,S1,S5|1
PAID_INITIAL|2|5|S5,S8,S2,S5,S5|1
PAID_INITIAL|2|5|S5,S8,S3,S3,S3|1
PAID_INITIAL|2|5|S5,S8,S3,S5,S6|1
PAID_INITIAL|2|5|S5,S8,S3,S7,S3|1
PAID_INITIAL|2|5|S5,S8,S3,S7,S8|1
PAID_INITIAL|2|5|S5,S8,S4,S5,S8|1
PAID_INITIAL|2|5|S5,S8,S4,S7,S4|1
PAID_INITIAL|2|5|S5,S8,S5,S7,S5|1
PAID_INITIAL|2|5|S5,S8,S5,S7,S8|1
PAID_INITIAL|2|5|S5,S8,S5,S9,S5|1
PAID_INITIAL|2|5|S5,S8,S5,S9,S7|1
PAID_INITIAL|2|5|S5,S8,S6,S2,S5|1
PAID_INITIAL|2|5|S5,S8,S6,S4,S4|1
PAID_INITIAL|2|5|S5,S8,S7,S4,S2|1
PAID_INITIAL|2|5|S5,S8,S7,S6,S2|1
PAID_INITIAL|2|5|S5,S8,S8,S2,S2|1
PAID_INITIAL|2|5|S5,S8,S8,S3,S6|1
PAID_INITIAL|2|5|S5,S8,S8,S5,S5|1
PAID_INITIAL|2|5|S5,S8,S8,S6,S5|1
PAID_INITIAL|2|5|S5,S8,S8,S6,S6|1
PAID_INITIAL|2|5|S5,S8,S8,S7,S8|1
PAID_INITIAL|2|5|S5,S8,S8,S9,S2|1
PAID_INITIAL|2|5|S5,S8,S9,S2,S4|1
PAID_INITIAL|2|5|S5,S8,S9,S4,S6|1
PAID_INITIAL|2|5|S5,S8,S9,S6,S9|1
PAID_INITIAL|2|5|S5,S9,S2,S2,S2|1
PAID_INITIAL|2|5|S5,S9,S2,S5,S5|1
PAID_INITIAL|2|5|S5,S9,S2,S7,S8|1
PAID_INITIAL|2|5|S5,S9,S4,S4,S2|1
PAID_INITIAL|2|5|S5,S9,S4,S7,S7|1
PAID_INITIAL|2|5|S5,S9,S6,S2,S2|1
PAID_INITIAL|2|5|S5,S9,S6,S6,S5|1
PAID_INITIAL|2|5|S5,S9,S6,S8,S9|1
PAID_INITIAL|2|5|S5,S9,S7,S2,S4|1
PAID_INITIAL|2|5|S5,S9,S7,S5,S9|1
PAID_INITIAL|2|5|S5,S9,S7,S9,S7|1
PAID_INITIAL|2|5|S5,S9,S8,S1,S5|1
PAID_INITIAL|2|5|S5,S9,S8,S5,S2|1
PAID_INITIAL|2|5|S5,S9,S8,S6,S9|1
PAID_INITIAL|2|5|S5,S9,S8,S9,S2|1
PAID_INITIAL|2|5|S5,S9,S9,S3,S2|1
PAID_INITIAL|2|5|S6,S1,S6,S7,S7|1
PAID_INITIAL|2|5|S6,S1,S7,S9,S6|1
PAID_INITIAL|2|5|S6,S2,S2,S4,S2|1
PAID_INITIAL|2|5|S6,S2,S2,S4,S3|1
PAID_INITIAL|2|5|S6,S2,S2,S8,S4|1
PAID_INITIAL|2|5|S6,S2,S3,S3,S7|1
PAID_INITIAL|2|5|S6,S2,S3,S6,S2|1
PAID_INITIAL|2|5|S6,S2,S4,S3,S3|1
PAID_INITIAL|2|5|S6,S2,S5,S5,S8|1
PAID_INITIAL|2|5|S6,S2,S5,S6,S2|1
PAID_INITIAL|2|5|S6,S2,S5,S8,S4|1
PAID_INITIAL|2|5|S6,S2,S6,S4,S4|1
PAID_INITIAL|2|5|S6,S2,S7,S6,S5|1
PAID_INITIAL|2|5|S6,S2,S7,S8,S8|1
PAID_INITIAL|2|5|S6,S2,S8,S3,S4|1
PAID_INITIAL|2|5|S6,S2,S9,S7,S7|1
PAID_INITIAL|2|5|S6,S3,S3,S3,S9|1
PAID_INITIAL|2|5|S6,S3,S3,S6,S3|1
PAID_INITIAL|2|5|S6,S3,S3,S8,S7|1
PAID_INITIAL|2|5|S6,S3,S4,S2,S4|1
PAID_INITIAL|2|5|S6,S3,S4,S6,S8|1
PAID_INITIAL|2|5|S6,S3,S4,S9,S6|1
PAID_INITIAL|2|5|S6,S3,S5,S2,S3|1
PAID_INITIAL|2|5|S6,S3,S5,S9,S6|1
PAID_INITIAL|2|5|S6,S3,S6,S3,S4|1
PAID_INITIAL|2|5|S6,S3,S6,S4,S4|1
PAID_INITIAL|2|5|S6,S3,S6,S5,S6|1
PAID_INITIAL|2|5|S6,S3,S6,S7,S4|1
PAID_INITIAL|2|5|S6,S3,S6,S8,S3|1
PAID_INITIAL|2|5|S6,S3,S6,S8,S6|1
PAID_INITIAL|2|5|S6,S3,S7,S2,S2|1
PAID_INITIAL|2|5|S6,S3,S7,S2,S6|1
PAID_INITIAL|2|5|S6,S3,S7,S5,S3|1
PAID_INITIAL|2|5|S6,S3,S7,S8,S9|1
PAID_INITIAL|2|5|S6,S3,S8,S7,S5|1
PAID_INITIAL|2|5|S6,S3,S8,S9,S3|1
PAID_INITIAL|2|5|S6,S3,S9,S9,S2|2
PAID_INITIAL|2|5|S6,S4,S2,S7,S7|1
PAID_INITIAL|2|5|S6,S4,S2,S9,S2|1
PAID_INITIAL|2|5|S6,S4,S3,S2,S6|1
PAID_INITIAL|2|5|S6,S4,S3,S9,S9|1
PAID_INITIAL|2|5|S6,S4,S4,S8,S9|1
PAID_INITIAL|2|5|S6,S4,S4,S9,S5|1
PAID_INITIAL|2|5|S6,S4,S4,S9,S7|1
PAID_INITIAL|2|5|S6,S4,S4,S9,S9|1
PAID_INITIAL|2|5|S6,S4,S5,S1,S4|1
PAID_INITIAL|2|5|S6,S4,S5,S8,S5|1
PAID_INITIAL|2|5|S6,S4,S6,S2,S4|1
PAID_INITIAL|2|5|S6,S4,S6,S2,S8|1
PAID_INITIAL|2|5|S6,S4,S6,S5,S7|1
PAID_INITIAL|2|5|S6,S4,S6,S8,S2|1
PAID_INITIAL|2|5|S6,S4,S6,S9,S6|1
PAID_INITIAL|2|5|S6,S4,S7,S9,S6|1
PAID_INITIAL|2|5|S6,S4,S8,S2,S6|1
PAID_INITIAL|2|5|S6,S4,S9,S3,S5|1
PAID_INITIAL|2|5|S6,S4,S9,S5,S7|1
PAID_INITIAL|2|5|S6,S4,S9,S7,S2|1
PAID_INITIAL|2|5|S6,S4,S9,S9,S5|1
PAID_INITIAL|2|5|S6,S5,S2,S3,S5|1
PAID_INITIAL|2|5|S6,S5,S2,S7,S1|1
PAID_INITIAL|2|5|S6,S5,S2,S7,S6|1
PAID_INITIAL|2|5|S6,S5,S2,S8,S9|1
PAID_INITIAL|2|5|S6,S5,S2,S9,S4|1
PAID_INITIAL|2|5|S6,S5,S3,S2,S7|1
PAID_INITIAL|2|5|S6,S5,S3,S3,S4|2
PAID_INITIAL|2|5|S6,S5,S3,S6,S6|1
PAID_INITIAL|2|5|S6,S5,S3,S7,S8|1
PAID_INITIAL|2|5|S6,S5,S4,S2,S3|1
PAID_INITIAL|2|5|S6,S5,S4,S5,S4|1
PAID_INITIAL|2|5|S6,S5,S4,S7,S7|1
PAID_INITIAL|2|5|S6,S5,S5,S5,S8|1
PAID_INITIAL|2|5|S6,S5,S5,S5,S9|1
PAID_INITIAL|2|5|S6,S5,S5,S7,S4|1
PAID_INITIAL|2|5|S6,S5,S6,S5,S4|1
PAID_INITIAL|2|5|S6,S5,S6,S6,S4|1
PAID_INITIAL|2|5|S6,S5,S6,S7,S5|1
PAID_INITIAL|2|5|S6,S5,S6,S8,S3|1
PAID_INITIAL|2|5|S6,S5,S7,S7,S7|1
PAID_INITIAL|2|5|S6,S5,S7,S8,S9|1
PAID_INITIAL|2|5|S6,S5,S7,S9,S5|1
PAID_INITIAL|2|5|S6,S5,S8,S2,S7|1
PAID_INITIAL|2|5|S6,S5,S8,S5,S2|1
PAID_INITIAL|2|5|S6,S5,S8,S6,S4|1
PAID_INITIAL|2|5|S6,S5,S8,S6,S7|1
PAID_INITIAL|2|5|S6,S5,S9,S4,S6|1
PAID_INITIAL|2|5|S6,S5,S9,S5,S4|1
PAID_INITIAL|2|5|S6,S6,S2,S6,S3|1
PAID_INITIAL|2|5|S6,S6,S2,S8,S8|1
PAID_INITIAL|2|5|S6,S6,S2,S9,S5|2
PAID_INITIAL|2|5|S6,S6,S3,S4,S1|1
PAID_INITIAL|2|5|S6,S6,S3,S9,S7|1
PAID_INITIAL|2|5|S6,S6,S4,S2,S3|1
PAID_INITIAL|2|5|S6,S6,S4,S2,S8|1
PAID_INITIAL|2|5|S6,S6,S4,S6,S2|1
PAID_INITIAL|2|5|S6,S6,S4,S8,S9|1
PAID_INITIAL|2|5|S6,S6,S4,S9,S9|1
PAID_INITIAL|2|5|S6,S6,S6,S2,S2|1
PAID_INITIAL|2|5|S6,S6,S6,S6,S8|1
PAID_INITIAL|2|5|S6,S6,S6,S7,S2|1
PAID_INITIAL|2|5|S6,S6,S6,S8,S2|1
PAID_INITIAL|2|5|S6,S6,S8,S1,S7|1
PAID_INITIAL|2|5|S6,S6,S8,S2,S4|1
PAID_INITIAL|2|5|S6,S6,S8,S2,S7|1
PAID_INITIAL|2|5|S6,S6,S8,S3,S7|1
PAID_INITIAL|2|5|S6,S6,S8,S4,S9|1
PAID_INITIAL|2|5|S6,S6,S8,S6,S3|1
PAID_INITIAL|2|5|S6,S6,S8,S6,S8|1
PAID_INITIAL|2|5|S6,S6,S9,S3,S8|1
PAID_INITIAL|2|5|S6,S6,S9,S4,S5|1
PAID_INITIAL|2|5|S6,S7,S2,S4,S1|1
PAID_INITIAL|2|5|S6,S7,S3,S2,S3|1
PAID_INITIAL|2|5|S6,S7,S4,S1,S2|1
PAID_INITIAL|2|5|S6,S7,S5,S5,S3|1
PAID_INITIAL|2|5|S6,S7,S5,S5,S8|1
PAID_INITIAL|2|5|S6,S7,S5,S6,S9|2
PAID_INITIAL|2|5|S6,S7,S5,S9,S6|1
PAID_INITIAL|2|5|S6,S7,S6,S4,S5|1
PAID_INITIAL|2|5|S6,S7,S6,S6,S4|1
PAID_INITIAL|2|5|S6,S7,S7,S7,S4|1
PAID_INITIAL|2|5|S6,S7,S8,S4,S4|1
PAID_INITIAL|2|5|S6,S7,S8,S5,S9|1
PAID_INITIAL|2|5|S6,S7,S8,S6,S2|1
PAID_INITIAL|2|5|S6,S7,S8,S7,S4|1
PAID_INITIAL|2|5|S6,S7,S8,S8,S9|1
PAID_INITIAL|2|5|S6,S7,S8,S9,S3|1
PAID_INITIAL|2|5|S6,S7,S9,S3,S3|1
PAID_INITIAL|2|5|S6,S7,S9,S9,S6|1
PAID_INITIAL|2|5|S6,S8,S2,S6,S5|1
PAID_INITIAL|2|5|S6,S8,S2,S7,S8|1
PAID_INITIAL|2|5|S6,S8,S2,S8,S5|1
PAID_INITIAL|2|5|S6,S8,S2,S8,S8|1
PAID_INITIAL|2|5|S6,S8,S3,S7,S5|1
PAID_INITIAL|2|5|S6,S8,S3,S8,S5|1
PAID_INITIAL|2|5|S6,S8,S3,S8,S9|1
PAID_INITIAL|2|5|S6,S8,S4,S3,S5|1
PAID_INITIAL|2|5|S6,S8,S4,S9,S4|1
PAID_INITIAL|2|5|S6,S8,S5,S7,S5|1
PAID_INITIAL|2|5|S6,S8,S5,S7,S7|1
PAID_INITIAL|2|5|S6,S8,S5,S8,S7|1
PAID_INITIAL|2|5|S6,S8,S5,S9,S3|1
PAID_INITIAL|2|5|S6,S8,S6,S5,S4|1
PAID_INITIAL|2|5|S6,S8,S7,S3,S7|1
PAID_INITIAL|2|5|S6,S8,S7,S7,S4|1
PAID_INITIAL|2|5|S6,S8,S7,S9,S4|1
PAID_INITIAL|2|5|S6,S8,S8,S4,S7|1
PAID_INITIAL|2|5|S6,S8,S8,S6,S8|1
PAID_INITIAL|2|5|S6,S8,S9,S3,S3|1
PAID_INITIAL|2|5|S6,S8,S9,S3,S5|1
PAID_INITIAL|2|5|S6,S8,S9,S7,S5|1
PAID_INITIAL|2|5|S6,S9,S2,S4,S8|1
PAID_INITIAL|2|5|S6,S9,S2,S5,S2|1
PAID_INITIAL|2|5|S6,S9,S2,S7,S5|1
PAID_INITIAL|2|5|S6,S9,S3,S3,S4|1
PAID_INITIAL|2|5|S6,S9,S3,S6,S9|1
PAID_INITIAL|2|5|S6,S9,S3,S9,S8|1
PAID_INITIAL|2|5|S6,S9,S4,S6,S2|1
PAID_INITIAL|2|5|S6,S9,S4,S8,S5|1
PAID_INITIAL|2|5|S6,S9,S7,S7,S4|1
PAID_INITIAL|2|5|S6,S9,S7,S8,S7|1
PAID_INITIAL|2|5|S6,S9,S8,S4,S5|1
PAID_INITIAL|2|5|S6,S9,S8,S6,S4|1
PAID_INITIAL|2|5|S6,S9,S9,S7,S2|1
PAID_INITIAL|2|5|S6,S9,S9,S8,S6|1
PAID_INITIAL|2|5|S7,S1,S2,S1,S8|1
PAID_INITIAL|2|5|S7,S1,S4,S4,S3|1
PAID_INITIAL|2|5|S7,S1,S7,S5,S5|1
PAID_INITIAL|2|5|S7,S1,S8,S9,S2|1
PAID_INITIAL|2|5|S7,S1,S9,S4,S3|1
PAID_INITIAL|2|5|S7,S2,S2,S4,S6|1
PAID_INITIAL|2|5|S7,S2,S2,S7,S2|1
PAID_INITIAL|2|5|S7,S2,S2,S7,S5|1
PAID_INITIAL|2|5|S7,S2,S2,S9,S9|1
PAID_INITIAL|2|5|S7,S2,S3,S2,S8|1
PAID_INITIAL|2|5|S7,S2,S3,S4,S3|1
PAID_INITIAL|2|5|S7,S2,S3,S9,S2|2
PAID_INITIAL|2|5|S7,S2,S4,S5,S7|1
PAID_INITIAL|2|5|S7,S2,S4,S8,S8|1
PAID_INITIAL|2|5|S7,S2,S5,S4,S2|1
PAID_INITIAL|2|5|S7,S2,S5,S4,S9|1
PAID_INITIAL|2|5|S7,S2,S5,S8,S2|1
PAID_INITIAL|2|5|S7,S2,S5,S9,S2|1
PAID_INITIAL|2|5|S7,S2,S6,S3,S2|1
PAID_INITIAL|2|5|S7,S2,S7,S1,S5|1
PAID_INITIAL|2|5|S7,S2,S7,S5,S9|1
PAID_INITIAL|2|5|S7,S2,S7,S6,S4|1
PAID_INITIAL|2|5|S7,S2,S7,S8,S3|1
PAID_INITIAL|2|5|S7,S2,S8,S6,S6|1
PAID_INITIAL|2|5|S7,S2,S8,S8,S9|1
PAID_INITIAL|2|5|S7,S2,S9,S5,S4|1
PAID_INITIAL|2|5|S7,S3,S2,S4,S6|1
PAID_INITIAL|2|5|S7,S3,S2,S6,S8|1
PAID_INITIAL|2|5|S7,S3,S3,S3,S3|1
PAID_INITIAL|2|5|S7,S3,S3,S4,S6|1
PAID_INITIAL|2|5|S7,S3,S3,S9,S3|1
PAID_INITIAL|2|5|S7,S3,S4,S7,S2|1
PAID_INITIAL|2|5|S7,S3,S5,S9,S2|1
PAID_INITIAL|2|5|S7,S3,S6,S2,S5|1
PAID_INITIAL|2|5|S7,S3,S6,S4,S3|1
PAID_INITIAL|2|5|S7,S3,S6,S5,S2|2
PAID_INITIAL|2|5|S7,S3,S7,S3,S5|1
PAID_INITIAL|2|5|S7,S3,S7,S5,S5|1
PAID_INITIAL|2|5|S7,S3,S7,S6,S4|1
PAID_INITIAL|2|5|S7,S3,S8,S2,S6|1
PAID_INITIAL|2|5|S7,S3,S8,S3,S3|1
PAID_INITIAL|2|5|S7,S3,S8,S7,S9|1
PAID_INITIAL|2|5|S7,S3,S9,S4,S5|1
PAID_INITIAL|2|5|S7,S3,S9,S8,S7|1
PAID_INITIAL|2|5|S7,S4,S2,S2,S9|1
PAID_INITIAL|2|5|S7,S4,S2,S3,S7|1
PAID_INITIAL|2|5|S7,S4,S2,S5,S8|1
PAID_INITIAL|2|5|S7,S4,S2,S7,S9|1
PAID_INITIAL|2|5|S7,S4,S3,S3,S4|1
PAID_INITIAL|2|5|S7,S4,S3,S7,S6|1
PAID_INITIAL|2|5|S7,S4,S3,S7,S7|1
PAID_INITIAL|2|5|S7,S4,S3,S9,S3|1
PAID_INITIAL|2|5|S7,S4,S4,S7,S6|1
PAID_INITIAL|2|5|S7,S4,S5,S6,S8|1
PAID_INITIAL|2|5|S7,S4,S6,S2,S9|1
PAID_INITIAL|2|5|S7,S4,S6,S3,S2|1
PAID_INITIAL|2|5|S7,S4,S6,S5,S4|1
PAID_INITIAL|2|5|S7,S4,S6,S6,S2|1
PAID_INITIAL|2|5|S7,S4,S6,S8,S3|1
PAID_INITIAL|2|5|S7,S4,S7,S5,S2|1
PAID_INITIAL|2|5|S7,S4,S7,S6,S5|1
PAID_INITIAL|2|5|S7,S4,S7,S6,S9|1
PAID_INITIAL|2|5|S7,S4,S8,S2,S2|1
PAID_INITIAL|2|5|S7,S4,S8,S2,S4|1
PAID_INITIAL|2|5|S7,S4,S8,S2,S7|1
PAID_INITIAL|2|5|S7,S4,S8,S4,S8|1
PAID_INITIAL|2|5|S7,S4,S8,S7,S8|1
PAID_INITIAL|2|5|S7,S4,S8,S8,S7|1
PAID_INITIAL|2|5|S7,S4,S9,S3,S4|1
PAID_INITIAL|2|5|S7,S4,S9,S9,S5|1
PAID_INITIAL|2|5|S7,S4,S9,S9,S9|1
PAID_INITIAL|2|5|S7,S5,S3,S5,S6|1
PAID_INITIAL|2|5|S7,S5,S4,S4,S1|1
PAID_INITIAL|2|5|S7,S5,S4,S5,S4|1
PAID_INITIAL|2|5|S7,S5,S4,S8,S9|1
PAID_INITIAL|2|5|S7,S5,S5,S2,S7|1
PAID_INITIAL|2|5|S7,S5,S5,S7,S7|1
PAID_INITIAL|2|5|S7,S5,S6,S2,S7|1
PAID_INITIAL|2|5|S7,S5,S6,S5,S4|1
PAID_INITIAL|2|5|S7,S5,S6,S8,S3|1
PAID_INITIAL|2|5|S7,S5,S6,S8,S6|1
PAID_INITIAL|2|5|S7,S5,S7,S3,S4|1
PAID_INITIAL|2|5|S7,S5,S7,S5,S8|1
PAID_INITIAL|2|5|S7,S5,S8,S4,S6|1
PAID_INITIAL|2|5|S7,S5,S9,S5,S5|1
PAID_INITIAL|2|5|S7,S5,S9,S6,S4|1
PAID_INITIAL|2|5|S7,S5,S9,S8,S1|1
PAID_INITIAL|2|5|S7,S6,S1,S5,S3|1
PAID_INITIAL|2|5|S7,S6,S2,S6,S4|1
PAID_INITIAL|2|5|S7,S6,S2,S6,S7|1
PAID_INITIAL|2|5|S7,S6,S2,S7,S5|1
PAID_INITIAL|2|5|S7,S6,S3,S7,S5|1
PAID_INITIAL|2|5|S7,S6,S4,S6,S3|1
PAID_INITIAL|2|5|S7,S6,S4,S7,S4|1
PAID_INITIAL|2|5|S7,S6,S4,S7,S7|1
PAID_INITIAL|2|5|S7,S6,S4,S8,S5|1
PAID_INITIAL|2|5|S7,S6,S4,S9,S1|1
PAID_INITIAL|2|5|S7,S6,S6,S3,S4|1
PAID_INITIAL|2|5|S7,S6,S6,S5,S8|1
PAID_INITIAL|2|5|S7,S6,S6,S8,S9|1
PAID_INITIAL|2|5|S7,S6,S7,S2,S4|1
PAID_INITIAL|2|5|S7,S6,S7,S5,S8|1
PAID_INITIAL|2|5|S7,S6,S7,S5,S9|1
PAID_INITIAL|2|5|S7,S6,S7,S9,S3|1
PAID_INITIAL|2|5|S7,S6,S8,S4,S4|1
PAID_INITIAL|2|5|S7,S6,S8,S5,S3|1
PAID_INITIAL|2|5|S7,S6,S8,S9,S3|1
PAID_INITIAL|2|5|S7,S6,S9,S5,S7|1
PAID_INITIAL|2|5|S7,S6,S9,S6,S6|1
PAID_INITIAL|2|5|S7,S6,S9,S7,S3|1
PAID_INITIAL|2|5|S7,S6,S9,S7,S7|1
PAID_INITIAL|2|5|S7,S6,S9,S9,S5|1
PAID_INITIAL|2|5|S7,S6,S9,S9,S7|1
PAID_INITIAL|2|5|S7,S7,S2,S2,S4|1
PAID_INITIAL|2|5|S7,S7,S2,S4,S5|1
PAID_INITIAL|2|5|S7,S7,S2,S4,S6|1
PAID_INITIAL|2|5|S7,S7,S2,S8,S5|2
PAID_INITIAL|2|5|S7,S7,S2,S9,S7|1
PAID_INITIAL|2|5|S7,S7,S3,S5,S5|1
PAID_INITIAL|2|5|S7,S7,S3,S6,S3|1
PAID_INITIAL|2|5|S7,S7,S3,S7,S9|1
PAID_INITIAL|2|5|S7,S7,S3,S9,S5|1
PAID_INITIAL|2|5|S7,S7,S4,S3,S1|1
PAID_INITIAL|2|5|S7,S7,S4,S3,S5|1
PAID_INITIAL|2|5|S7,S7,S4,S5,S6|1
PAID_INITIAL|2|5|S7,S7,S4,S7,S8|2
PAID_INITIAL|2|5|S7,S7,S4,S7,S9|1
PAID_INITIAL|2|5|S7,S7,S5,S5,S5|1
PAID_INITIAL|2|5|S7,S7,S5,S6,S7|1
PAID_INITIAL|2|5|S7,S7,S5,S7,S6|1
PAID_INITIAL|2|5|S7,S7,S5,S8,S3|1
PAID_INITIAL|2|5|S7,S7,S5,S9,S3|1
PAID_INITIAL|2|5|S7,S7,S5,S9,S8|1
PAID_INITIAL|2|5|S7,S7,S6,S4,S2|1
PAID_INITIAL|2|5|S7,S7,S6,S7,S9|1
PAID_INITIAL|2|5|S7,S7,S7,S4,S7|1
PAID_INITIAL|2|5|S7,S7,S7,S9,S6|1
PAID_INITIAL|2|5|S7,S7,S8,S2,S3|1
PAID_INITIAL|2|5|S7,S7,S8,S4,S6|1
PAID_INITIAL|2|5|S7,S7,S9,S3,S4|1
PAID_INITIAL|2|5|S7,S7,S9,S6,S3|1
PAID_INITIAL|2|5|S7,S7,S9,S6,S9|1
PAID_INITIAL|2|5|S7,S7,S9,S8,S8|1
PAID_INITIAL|2|5|S7,S8,S2,S2,S9|1
PAID_INITIAL|2|5|S7,S8,S2,S4,S7|1
PAID_INITIAL|2|5|S7,S8,S3,S4,S6|1
PAID_INITIAL|2|5|S7,S8,S3,S5,S9|1
PAID_INITIAL|2|5|S7,S8,S4,S7,S6|1
PAID_INITIAL|2|5|S7,S8,S4,S8,S9|1
PAID_INITIAL|2|5|S7,S8,S5,S3,S2|1
PAID_INITIAL|2|5|S7,S8,S5,S8,S5|1
PAID_INITIAL|2|5|S7,S8,S5,S9,S6|1
PAID_INITIAL|2|5|S7,S8,S6,S7,S3|1
PAID_INITIAL|2|5|S7,S8,S7,S3,S6|1
PAID_INITIAL|2|5|S7,S8,S7,S6,S6|1
PAID_INITIAL|2|5|S7,S8,S7,S9,S5|1
PAID_INITIAL|2|5|S7,S8,S7,S9,S9|1
PAID_INITIAL|2|5|S7,S8,S8,S2,S2|1
PAID_INITIAL|2|5|S7,S8,S9,S3,S7|1
PAID_INITIAL|2|5|S7,S8,S9,S7,S2|1
PAID_INITIAL|2|5|S7,S8,S9,S8,S7|1
PAID_INITIAL|2|5|S7,S9,S2,S2,S8|1
PAID_INITIAL|2|5|S7,S9,S2,S7,S2|1
PAID_INITIAL|2|5|S7,S9,S2,S9,S5|1
PAID_INITIAL|2|5|S7,S9,S3,S8,S6|1
PAID_INITIAL|2|5|S7,S9,S3,S9,S4|1
PAID_INITIAL|2|5|S7,S9,S3,S9,S8|1
PAID_INITIAL|2|5|S7,S9,S4,S1,S2|1
PAID_INITIAL|2|5|S7,S9,S4,S3,S6|1
PAID_INITIAL|2|5|S7,S9,S4,S3,S7|1
PAID_INITIAL|2|5|S7,S9,S5,S2,S9|1
PAID_INITIAL|2|5|S7,S9,S5,S3,S9|2
PAID_INITIAL|2|5|S7,S9,S5,S5,S7|2
PAID_INITIAL|2|5|S7,S9,S7,S5,S8|1
PAID_INITIAL|2|5|S7,S9,S7,S6,S5|1
PAID_INITIAL|2|5|S7,S9,S9,S2,S7|1
PAID_INITIAL|2|5|S7,S9,S9,S7,S6|1
PAID_INITIAL|2|5|S7,S9,S9,S7,S8|1
PAID_INITIAL|2|5|S8,S1,S9,S8,S9|1
PAID_INITIAL|2|5|S8,S2,S2,S2,S1|1
PAID_INITIAL|2|5|S8,S2,S2,S6,S2|1
PAID_INITIAL|2|5|S8,S2,S2,S9,S4|1
PAID_INITIAL|2|5|S8,S2,S3,S5,S8|1
PAID_INITIAL|2|5|S8,S2,S3,S8,S6|1
PAID_INITIAL|2|5|S8,S2,S4,S2,S8|1
PAID_INITIAL|2|5|S8,S2,S4,S4,S8|1
PAID_INITIAL|2|5|S8,S2,S5,S2,S4|1
PAID_INITIAL|2|5|S8,S2,S5,S3,S2|1
PAID_INITIAL|2|5|S8,S2,S5,S3,S3|2
PAID_INITIAL|2|5|S8,S2,S5,S9,S8|1
PAID_INITIAL|2|5|S8,S2,S6,S1,S6|1
PAID_INITIAL|2|5|S8,S2,S6,S2,S2|1
PAID_INITIAL|2|5|S8,S2,S6,S3,S8|1
PAID_INITIAL|2|5|S8,S2,S6,S5,S2|1
PAID_INITIAL|2|5|S8,S2,S6,S5,S7|1
PAID_INITIAL|2|5|S8,S2,S7,S7,S2|1
PAID_INITIAL|2|5|S8,S2,S7,S8,S3|1
PAID_INITIAL|2|5|S8,S2,S7,S9,S4|1
PAID_INITIAL|2|5|S8,S2,S8,S2,S4|1
PAID_INITIAL|2|5|S8,S2,S8,S2,S5|1
PAID_INITIAL|2|5|S8,S2,S8,S4,S3|1
PAID_INITIAL|2|5|S8,S2,S8,S5,S1|1
PAID_INITIAL|2|5|S8,S2,S8,S5,S6|1
PAID_INITIAL|2|5|S8,S2,S8,S6,S2|1
PAID_INITIAL|2|5|S8,S2,S8,S8,S9|1
PAID_INITIAL|2|5|S8,S2,S9,S2,S4|1
PAID_INITIAL|2|5|S8,S2,S9,S5,S2|1
PAID_INITIAL|2|5|S8,S2,S9,S5,S6|1
PAID_INITIAL|2|5|S8,S2,S9,S7,S3|1
PAID_INITIAL|2|5|S8,S3,S1,S9,S9|1
PAID_INITIAL|2|5|S8,S3,S2,S9,S8|1
PAID_INITIAL|2|5|S8,S3,S3,S5,S8|1
PAID_INITIAL|2|5|S8,S3,S3,S7,S9|1
PAID_INITIAL|2|5|S8,S3,S3,S8,S9|1
PAID_INITIAL|2|5|S8,S3,S3,S9,S8|1
PAID_INITIAL|2|5|S8,S3,S4,S3,S8|1
PAID_INITIAL|2|5|S8,S3,S4,S5,S7|1
PAID_INITIAL|2|5|S8,S3,S4,S6,S2|1
PAID_INITIAL|2|5|S8,S3,S4,S6,S9|1
PAID_INITIAL|2|5|S8,S3,S4,S9,S3|1
PAID_INITIAL|2|5|S8,S3,S5,S5,S5|2
PAID_INITIAL|2|5|S8,S3,S5,S8,S4|1
PAID_INITIAL|2|5|S8,S3,S6,S2,S3|1
PAID_INITIAL|2|5|S8,S3,S6,S6,S2|1
PAID_INITIAL|2|5|S8,S3,S6,S8,S5|1
PAID_INITIAL|2|5|S8,S3,S7,S3,S1|1
PAID_INITIAL|2|5|S8,S3,S7,S7,S6|2
PAID_INITIAL|2|5|S8,S3,S8,S3,S2|1
PAID_INITIAL|2|5|S8,S3,S8,S3,S3|1
PAID_INITIAL|2|5|S8,S3,S8,S9,S6|1
PAID_INITIAL|2|5|S8,S3,S9,S4,S5|1
PAID_INITIAL|2|5|S8,S3,S9,S5,S6|1
PAID_INITIAL|2|5|S8,S3,S9,S9,S9|1
PAID_INITIAL|2|5|S8,S4,S2,S6,S8|1
PAID_INITIAL|2|5|S8,S4,S3,S5,S7|1
PAID_INITIAL|2|5|S8,S4,S3,S6,S4|1
PAID_INITIAL|2|5|S8,S4,S4,S2,S7|1
PAID_INITIAL|2|5|S8,S4,S4,S5,S7|1
PAID_INITIAL|2|5|S8,S4,S4,S7,S8|1
PAID_INITIAL|2|5|S8,S4,S5,S3,S2|1
PAID_INITIAL|2|5|S8,S4,S5,S3,S7|1
PAID_INITIAL|2|5|S8,S4,S5,S4,S5|1
PAID_INITIAL|2|5|S8,S4,S5,S7,S7|1
PAID_INITIAL|2|5|S8,S4,S6,S4,S3|1
PAID_INITIAL|2|5|S8,S4,S6,S5,S3|1
PAID_INITIAL|2|5|S8,S4,S6,S5,S9|1
PAID_INITIAL|2|5|S8,S4,S7,S2,S7|1
PAID_INITIAL|2|5|S8,S4,S7,S4,S6|1
PAID_INITIAL|2|5|S8,S4,S8,S3,S2|1
PAID_INITIAL|2|5|S8,S4,S8,S3,S7|1
PAID_INITIAL|2|5|S8,S4,S8,S3,S9|1
PAID_INITIAL|2|5|S8,S4,S8,S5,S6|1
PAID_INITIAL|2|5|S8,S4,S8,S7,S7|1
PAID_INITIAL|2|5|S8,S4,S8,S8,S5|1
PAID_INITIAL|2|5|S8,S4,S8,S9,S5|1
PAID_INITIAL|2|5|S8,S4,S9,S1,S7|1
PAID_INITIAL|2|5|S8,S4,S9,S8,S5|1
PAID_INITIAL|2|5|S8,S5,S2,S3,S9|1
PAID_INITIAL|2|5|S8,S5,S2,S6,S3|1
PAID_INITIAL|2|5|S8,S5,S2,S6,S5|1
PAID_INITIAL|2|5|S8,S5,S3,S8,S7|1
PAID_INITIAL|2|5|S8,S5,S4,S6,S3|1
PAID_INITIAL|2|5|S8,S5,S4,S9,S9|1
PAID_INITIAL|2|5|S8,S5,S5,S3,S2|1
PAID_INITIAL|2|5|S8,S5,S5,S9,S5|1
PAID_INITIAL|2|5|S8,S5,S6,S2,S9|1
PAID_INITIAL|2|5|S8,S5,S6,S4,S6|1
PAID_INITIAL|2|5|S8,S5,S6,S6,S6|1
PAID_INITIAL|2|5|S8,S5,S6,S8,S5|1
PAID_INITIAL|2|5|S8,S5,S7,S2,S4|1
PAID_INITIAL|2|5|S8,S5,S7,S2,S8|1
PAID_INITIAL|2|5|S8,S5,S7,S7,S8|1
PAID_INITIAL|2|5|S8,S5,S7,S8,S2|1
PAID_INITIAL|2|5|S8,S5,S7,S8,S8|1
PAID_INITIAL|2|5|S8,S5,S7,S9,S4|1
PAID_INITIAL|2|5|S8,S5,S8,S3,S1|1
PAID_INITIAL|2|5|S8,S5,S8,S5,S9|1
PAID_INITIAL|2|5|S8,S5,S8,S6,S6|1
PAID_INITIAL|2|5|S8,S5,S9,S5,S8|1
PAID_INITIAL|2|5|S8,S6,S2,S2,S3|1
PAID_INITIAL|2|5|S8,S6,S2,S3,S7|1
PAID_INITIAL|2|5|S8,S6,S2,S7,S3|1
PAID_INITIAL|2|5|S8,S6,S2,S9,S8|1
PAID_INITIAL|2|5|S8,S6,S4,S2,S6|1
PAID_INITIAL|2|5|S8,S6,S5,S3,S3|1
PAID_INITIAL|2|5|S8,S6,S5,S6,S4|1
PAID_INITIAL|2|5|S8,S6,S5,S7,S8|1
PAID_INITIAL|2|5|S8,S6,S6,S4,S3|1
PAID_INITIAL|2|5|S8,S6,S6,S5,S7|1
PAID_INITIAL|2|5|S8,S6,S6,S8,S7|1
PAID_INITIAL|2|5|S8,S6,S7,S8,S3|1
PAID_INITIAL|2|5|S8,S6,S8,S4,S3|1
PAID_INITIAL|2|5|S8,S6,S8,S5,S8|1
PAID_INITIAL|2|5|S8,S6,S8,S7,S9|1
PAID_INITIAL|2|5|S8,S6,S8,S8,S5|1
PAID_INITIAL|2|5|S8,S6,S9,S1,S9|1
PAID_INITIAL|2|5|S8,S6,S9,S3,S4|1
PAID_INITIAL|2|5|S8,S7,S2,S8,S4|2
PAID_INITIAL|2|5|S8,S7,S3,S1,S9|1
PAID_INITIAL|2|5|S8,S7,S3,S5,S8|1
PAID_INITIAL|2|5|S8,S7,S3,S9,S8|1
PAID_INITIAL|2|5|S8,S7,S4,S3,S4|1
PAID_INITIAL|2|5|S8,S7,S4,S8,S3|1
PAID_INITIAL|2|5|S8,S7,S5,S2,S2|1
PAID_INITIAL|2|5|S8,S7,S5,S2,S7|1
PAID_INITIAL|2|5|S8,S7,S5,S9,S6|1
PAID_INITIAL|2|5|S8,S7,S6,S4,S4|1
PAID_INITIAL|2|5|S8,S7,S6,S7,S4|1
PAID_INITIAL|2|5|S8,S7,S6,S8,S8|1
PAID_INITIAL|2|5|S8,S7,S7,S2,S9|1
PAID_INITIAL|2|5|S8,S7,S7,S3,S4|1
PAID_INITIAL|2|5|S8,S7,S7,S7,S6|1
PAID_INITIAL|2|5|S8,S7,S7,S9,S3|1
PAID_INITIAL|2|5|S8,S7,S8,S6,S7|1
PAID_INITIAL|2|5|S8,S7,S9,S3,S7|1
PAID_INITIAL|2|5|S8,S7,S9,S6,S7|1
PAID_INITIAL|2|5|S8,S7,S9,S9,S2|1
PAID_INITIAL|2|5|S8,S7,S9,S9,S8|1
PAID_INITIAL|2|5|S8,S8,S2,S3,S9|1
PAID_INITIAL|2|5|S8,S8,S2,S8,S4|1
PAID_INITIAL|2|5|S8,S8,S3,S3,S9|1
PAID_INITIAL|2|5|S8,S8,S3,S4,S2|1
PAID_INITIAL|2|5|S8,S8,S3,S4,S3|1
PAID_INITIAL|2|5|S8,S8,S3,S5,S4|1
PAID_INITIAL|2|5|S8,S8,S3,S5,S8|1
PAID_INITIAL|2|5|S8,S8,S3,S9,S7|1
PAID_INITIAL|2|5|S8,S8,S3,S9,S9|1
PAID_INITIAL|2|5|S8,S8,S4,S2,S2|1
PAID_INITIAL|2|5|S8,S8,S4,S8,S8|1
PAID_INITIAL|2|5|S8,S8,S4,S9,S3|1
PAID_INITIAL|2|5|S8,S8,S5,S2,S6|1
PAID_INITIAL|2|5|S8,S8,S5,S6,S7|1
PAID_INITIAL|2|5|S8,S8,S6,S3,S1|1
PAID_INITIAL|2|5|S8,S8,S6,S3,S6|1
PAID_INITIAL|2|5|S8,S8,S6,S4,S1|1
PAID_INITIAL|2|5|S8,S8,S6,S4,S3|1
PAID_INITIAL|2|5|S8,S8,S6,S7,S5|1
PAID_INITIAL|2|5|S8,S8,S6,S8,S9|1
PAID_INITIAL|2|5|S8,S8,S6,S9,S8|1
PAID_INITIAL|2|5|S8,S8,S7,S3,S5|1
PAID_INITIAL|2|5|S8,S8,S7,S5,S4|1
PAID_INITIAL|2|5|S8,S8,S7,S5,S6|1
PAID_INITIAL|2|5|S8,S8,S7,S6,S2|1
PAID_INITIAL|2|5|S8,S8,S8,S2,S6|1
PAID_INITIAL|2|5|S8,S8,S8,S5,S6|1
PAID_INITIAL|2|5|S8,S8,S8,S6,S9|1
PAID_INITIAL|2|5|S8,S8,S8,S7,S3|1
PAID_INITIAL|2|5|S8,S8,S9,S4,S3|1
PAID_INITIAL|2|5|S8,S8,S9,S9,S2|1
PAID_INITIAL|2|5|S8,S8,S9,S9,S7|1
PAID_INITIAL|2|5|S8,S9,S2,S5,S7|1
PAID_INITIAL|2|5|S8,S9,S2,S9,S2|1
PAID_INITIAL|2|5|S8,S9,S3,S4,S9|1
PAID_INITIAL|2|5|S8,S9,S3,S6,S3|1
PAID_INITIAL|2|5|S8,S9,S4,S3,S3|1
PAID_INITIAL|2|5|S8,S9,S4,S6,S9|1
PAID_INITIAL|2|5|S8,S9,S4,S9,S4|1
PAID_INITIAL|2|5|S8,S9,S5,S4,S6|1
PAID_INITIAL|2|5|S8,S9,S5,S4,S8|1
PAID_INITIAL|2|5|S8,S9,S5,S6,S9|1
PAID_INITIAL|2|5|S8,S9,S6,S5,S2|1
PAID_INITIAL|2|5|S8,S9,S6,S6,S5|1
PAID_INITIAL|2|5|S8,S9,S6,S7,S8|1
PAID_INITIAL|2|5|S8,S9,S6,S8,S8|1
PAID_INITIAL|2|5|S8,S9,S6,S9,S7|1
PAID_INITIAL|2|5|S8,S9,S7,S7,S4|2
PAID_INITIAL|2|5|S8,S9,S7,S7,S7|1
PAID_INITIAL|2|5|S8,S9,S8,S4,S6|1
PAID_INITIAL|2|5|S8,S9,S8,S6,S6|1
PAID_INITIAL|2|5|S8,S9,S8,S8,S3|1
PAID_INITIAL|2|5|S8,S9,S8,S9,S5|1
PAID_INITIAL|2|5|S8,S9,S9,S2,S2|1
PAID_INITIAL|2|5|S8,S9,S9,S4,S8|1
PAID_INITIAL|2|5|S9,S1,S1,S4,S3|1
PAID_INITIAL|2|5|S9,S1,S1,S5,S5|1
PAID_INITIAL|2|5|S9,S1,S8,S7,S5|1
PAID_INITIAL|2|5|S9,S1,S8,S9,S7|1
PAID_INITIAL|2|5|S9,S1,S9,S3,S5|1
PAID_INITIAL|2|5|S9,S2,S3,S5,S6|1
PAID_INITIAL|2|5|S9,S2,S3,S6,S5|1
PAID_INITIAL|2|5|S9,S2,S3,S7,S5|1
PAID_INITIAL|2|5|S9,S2,S4,S4,S5|1
PAID_INITIAL|2|5|S9,S2,S4,S5,S9|1
PAID_INITIAL|2|5|S9,S2,S4,S6,S8|1
PAID_INITIAL|2|5|S9,S2,S4,S9,S2|1
PAID_INITIAL|2|5|S9,S2,S5,S5,S5|1
PAID_INITIAL|2|5|S9,S2,S5,S5,S7|1
PAID_INITIAL|2|5|S9,S2,S5,S9,S9|1
PAID_INITIAL|2|5|S9,S2,S6,S2,S2|1
PAID_INITIAL|2|5|S9,S2,S6,S2,S3|1
PAID_INITIAL|2|5|S9,S2,S6,S9,S3|1
PAID_INITIAL|2|5|S9,S2,S6,S9,S5|1
PAID_INITIAL|2|5|S9,S2,S7,S4,S3|1
PAID_INITIAL|2|5|S9,S2,S7,S5,S8|1
PAID_INITIAL|2|5|S9,S2,S7,S5,S9|1
PAID_INITIAL|2|5|S9,S2,S7,S9,S3|1
PAID_INITIAL|2|5|S9,S2,S7,S9,S7|1
PAID_INITIAL|2|5|S9,S2,S8,S5,S8|1
PAID_INITIAL|2|5|S9,S2,S8,S6,S2|1
PAID_INITIAL|2|5|S9,S2,S9,S2,S4|1
PAID_INITIAL|2|5|S9,S2,S9,S4,S9|1
PAID_INITIAL|2|5|S9,S2,S9,S7,S2|1
PAID_INITIAL|2|5|S9,S3,S2,S2,S8|1
PAID_INITIAL|2|5|S9,S3,S2,S2,S9|1
PAID_INITIAL|2|5|S9,S3,S3,S3,S5|1
PAID_INITIAL|2|5|S9,S3,S4,S2,S5|1
PAID_INITIAL|2|5|S9,S3,S4,S4,S4|2
PAID_INITIAL|2|5|S9,S3,S4,S7,S8|1
PAID_INITIAL|2|5|S9,S3,S5,S5,S5|1
PAID_INITIAL|2|5|S9,S3,S5,S6,S5|1
PAID_INITIAL|2|5|S9,S3,S5,S6,S7|1
PAID_INITIAL|2|5|S9,S3,S5,S7,S2|1
PAID_INITIAL|2|5|S9,S3,S6,S4,S4|1
PAID_INITIAL|2|5|S9,S3,S7,S4,S2|1
PAID_INITIAL|2|5|S9,S3,S7,S8,S2|1
PAID_INITIAL|2|5|S9,S3,S7,S9,S9|1
PAID_INITIAL|2|5|S9,S3,S8,S8,S7|1
PAID_INITIAL|2|5|S9,S3,S8,S9,S4|1
PAID_INITIAL|2|5|S9,S3,S9,S2,S9|1
PAID_INITIAL|2|5|S9,S3,S9,S4,S4|1
PAID_INITIAL|2|5|S9,S3,S9,S7,S8|1
PAID_INITIAL|2|5|S9,S3,S9,S9,S4|1
PAID_INITIAL|2|5|S9,S4,S2,S3,S2|1
PAID_INITIAL|2|5|S9,S4,S2,S7,S8|2
PAID_INITIAL|2|5|S9,S4,S2,S9,S2|1
PAID_INITIAL|2|5|S9,S4,S4,S4,S9|1
PAID_INITIAL|2|5|S9,S4,S5,S3,S7|1
PAID_INITIAL|2|5|S9,S4,S5,S5,S5|1
PAID_INITIAL|2|5|S9,S4,S5,S6,S5|1
PAID_INITIAL|2|5|S9,S4,S5,S7,S5|1
PAID_INITIAL|2|5|S9,S4,S6,S4,S5|1
PAID_INITIAL|2|5|S9,S4,S6,S4,S8|1
PAID_INITIAL|2|5|S9,S4,S6,S8,S6|1
PAID_INITIAL|2|5|S9,S4,S7,S2,S3|1
PAID_INITIAL|2|5|S9,S4,S7,S7,S7|1
PAID_INITIAL|2|5|S9,S4,S8,S5,S6|1
PAID_INITIAL|2|5|S9,S4,S8,S5,S8|1
PAID_INITIAL|2|5|S9,S4,S9,S5,S9|1
PAID_INITIAL|2|5|S9,S5,S1,S9,S4|1
PAID_INITIAL|2|5|S9,S5,S2,S4,S8|1
PAID_INITIAL|2|5|S9,S5,S2,S6,S2|1
PAID_INITIAL|2|5|S9,S5,S2,S7,S4|1
PAID_INITIAL|2|5|S9,S5,S2,S7,S5|1
PAID_INITIAL|2|5|S9,S5,S2,S7,S7|1
PAID_INITIAL|2|5|S9,S5,S2,S9,S6|1
PAID_INITIAL|2|5|S9,S5,S3,S1,S4|1
PAID_INITIAL|2|5|S9,S5,S3,S2,S8|1
PAID_INITIAL|2|5|S9,S5,S3,S3,S4|2
PAID_INITIAL|2|5|S9,S5,S3,S3,S6|1
PAID_INITIAL|2|5|S9,S5,S3,S4,S7|1
PAID_INITIAL|2|5|S9,S5,S4,S5,S7|1
PAID_INITIAL|2|5|S9,S5,S4,S7,S9|1
PAID_INITIAL|2|5|S9,S5,S5,S1,S4|1
PAID_INITIAL|2|5|S9,S5,S5,S6,S2|1
PAID_INITIAL|2|5|S9,S5,S6,S3,S3|1
PAID_INITIAL|2|5|S9,S5,S6,S5,S3|1
PAID_INITIAL|2|5|S9,S5,S6,S8,S2|1
PAID_INITIAL|2|5|S9,S5,S7,S6,S2|1
PAID_INITIAL|2|5|S9,S5,S8,S2,S2|1
PAID_INITIAL|2|5|S9,S5,S8,S5,S9|1
PAID_INITIAL|2|5|S9,S5,S9,S2,S7|1
PAID_INITIAL|2|5|S9,S5,S9,S9,S3|1
PAID_INITIAL|2|5|S9,S6,S2,S2,S2|1
PAID_INITIAL|2|5|S9,S6,S2,S2,S8|1
PAID_INITIAL|2|5|S9,S6,S2,S7,S8|1
PAID_INITIAL|2|5|S9,S6,S2,S8,S8|1
PAID_INITIAL|2|5|S9,S6,S2,S9,S9|1
PAID_INITIAL|2|5|S9,S6,S3,S4,S3|1
PAID_INITIAL|2|5|S9,S6,S3,S7,S5|1
PAID_INITIAL|2|5|S9,S6,S4,S3,S4|1
PAID_INITIAL|2|5|S9,S6,S4,S6,S2|3
PAID_INITIAL|2|5|S9,S6,S5,S2,S2|1
PAID_INITIAL|2|5|S9,S6,S5,S8,S3|1
PAID_INITIAL|2|5|S9,S6,S6,S7,S9|1
PAID_INITIAL|2|5|S9,S6,S6,S9,S7|1
PAID_INITIAL|2|5|S9,S6,S7,S4,S5|1
PAID_INITIAL|2|5|S9,S6,S7,S5,S3|1
PAID_INITIAL|2|5|S9,S6,S8,S6,S8|1
PAID_INITIAL|2|5|S9,S6,S9,S2,S7|1
PAID_INITIAL|2|5|S9,S6,S9,S7,S8|1
PAID_INITIAL|2|5|S9,S6,S9,S8,S1|1
PAID_INITIAL|2|5|S9,S6,S9,S9,S9|1
PAID_INITIAL|2|5|S9,S7,S2,S5,S2|1
PAID_INITIAL|2|5|S9,S7,S3,S2,S6|1
PAID_INITIAL|2|5|S9,S7,S3,S6,S2|1
PAID_INITIAL|2|5|S9,S7,S3,S9,S8|1
PAID_INITIAL|2|5|S9,S7,S4,S2,S7|1
PAID_INITIAL|2|5|S9,S7,S4,S5,S3|1
PAID_INITIAL|2|5|S9,S7,S4,S5,S4|1
PAID_INITIAL|2|5|S9,S7,S5,S2,S2|1
PAID_INITIAL|2|5|S9,S7,S5,S5,S7|1
PAID_INITIAL|2|5|S9,S7,S5,S7,S7|1
PAID_INITIAL|2|5|S9,S7,S5,S8,S6|1
PAID_INITIAL|2|5|S9,S7,S6,S2,S3|1
PAID_INITIAL|2|5|S9,S7,S6,S3,S7|1
PAID_INITIAL|2|5|S9,S7,S6,S7,S2|1
PAID_INITIAL|2|5|S9,S7,S6,S7,S3|1
PAID_INITIAL|2|5|S9,S7,S6,S7,S4|1
PAID_INITIAL|2|5|S9,S7,S6,S7,S9|1
PAID_INITIAL|2|5|S9,S7,S6,S8,S4|1
PAID_INITIAL|2|5|S9,S7,S7,S7,S5|1
PAID_INITIAL|2|5|S9,S7,S7,S7,S9|1
PAID_INITIAL|2|5|S9,S7,S9,S3,S4|1
PAID_INITIAL|2|5|S9,S8,S1,S4,S9|1
PAID_INITIAL|2|5|S9,S8,S2,S5,S6|1
PAID_INITIAL|2|5|S9,S8,S2,S6,S5|1
PAID_INITIAL|2|5|S9,S8,S2,S9,S6|1
PAID_INITIAL|2|5|S9,S8,S2,S9,S8|1
PAID_INITIAL|2|5|S9,S8,S3,S4,S4|1
PAID_INITIAL|2|5|S9,S8,S3,S8,S3|1
PAID_INITIAL|2|5|S9,S8,S4,S5,S8|1
PAID_INITIAL|2|5|S9,S8,S4,S6,S6|1
PAID_INITIAL|2|5|S9,S8,S4,S9,S9|1
PAID_INITIAL|2|5|S9,S8,S5,S2,S5|1
PAID_INITIAL|2|5|S9,S8,S5,S3,S3|1
PAID_INITIAL|2|5|S9,S8,S5,S5,S7|1
PAID_INITIAL|2|5|S9,S8,S5,S9,S2|1
PAID_INITIAL|2|5|S9,S8,S6,S5,S6|1
PAID_INITIAL|2|5|S9,S8,S6,S5,S9|1
PAID_INITIAL|2|5|S9,S8,S6,S6,S2|1
PAID_INITIAL|2|5|S9,S8,S6,S7,S6|1
PAID_INITIAL|2|5|S9,S8,S7,S2,S2|1
PAID_INITIAL|2|5|S9,S8,S7,S2,S6|1
PAID_INITIAL|2|5|S9,S8,S7,S4,S5|1
PAID_INITIAL|2|5|S9,S8,S7,S4,S6|1
PAID_INITIAL|2|5|S9,S8,S7,S5,S6|1
PAID_INITIAL|2|5|S9,S8,S7,S8,S3|1
PAID_INITIAL|2|5|S9,S8,S8,S3,S2|1
PAID_INITIAL|2|5|S9,S8,S8,S4,S3|1
PAID_INITIAL|2|5|S9,S8,S8,S5,S5|1
PAID_INITIAL|2|5|S9,S8,S9,S8,S8|1
PAID_INITIAL|2|5|S9,S8,S9,S9,S4|1
PAID_INITIAL|2|5|S9,S8,S9,S9,S6|1
PAID_INITIAL|2|5|S9,S9,S2,S5,S2|1
PAID_INITIAL|2|5|S9,S9,S2,S6,S3|1
PAID_INITIAL|2|5|S9,S9,S2,S8,S6|1
PAID_INITIAL|2|5|S9,S9,S3,S6,S9|1
PAID_INITIAL|2|5|S9,S9,S3,S7,S3|1
PAID_INITIAL|2|5|S9,S9,S4,S4,S4|1
PAID_INITIAL|2|5|S9,S9,S5,S7,S8|1
PAID_INITIAL|2|5|S9,S9,S6,S6,S6|1
PAID_INITIAL|2|5|S9,S9,S6,S6,S7|1
PAID_INITIAL|2|5|S9,S9,S6,S8,S6|1
PAID_INITIAL|2|5|S9,S9,S6,S9,S3|3
PAID_INITIAL|2|5|S9,S9,S7,S7,S3|1
PAID_INITIAL|2|5|S9,S9,S8,S5,S3|1
PAID_INITIAL|2|5|S9,S9,S8,S5,S4|1
PAID_INITIAL|2|5|S9,S9,S8,S6,S9|1
PAID_INITIAL|2|5|S9,S9,S8,S7,S3|1
PAID_INITIAL|2|5|S9,S9,S8,S7,S7|1
PAID_INITIAL|2|5|S9,S9,S8,S9,S3|1
PAID_INITIAL|2|5|S9,S9,S9,S2,S3|1
PAID_INITIAL|2|5|S9,S9,S9,S3,S3|1
PAID_INITIAL|3|5|S1,S1,S5,S5,S4|1
PAID_INITIAL|3|5|S1,S2,S3,S9,S9|1
PAID_INITIAL|3|5|S1,S2,S7,S2,S9|1
PAID_INITIAL|3|5|S1,S2,S7,S3,S8|1
PAID_INITIAL|3|5|S1,S2,S8,S7,S4|1
PAID_INITIAL|3|5|S1,S3,S6,S6,S5|1
PAID_INITIAL|3|5|S1,S3,S8,S7,S2|1
PAID_INITIAL|3|5|S1,S3,S9,S6,S5|2
PAID_INITIAL|3|5|S1,S4,S7,S4,S5|1
PAID_INITIAL|3|5|S1,S4,S7,S6,S4|1
PAID_INITIAL|3|5|S1,S4,S8,S4,S4|1
PAID_INITIAL|3|5|S1,S4,S8,S9,S6|1
PAID_INITIAL|3|5|S1,S4,S9,S4,S5|1
PAID_INITIAL|3|5|S1,S5,S1,S3,S3|1
PAID_INITIAL|3|5|S1,S5,S6,S7,S7|1
PAID_INITIAL|3|5|S1,S5,S7,S8,S3|1
PAID_INITIAL|3|5|S1,S6,S1,S2,S6|1
PAID_INITIAL|3|5|S1,S6,S3,S7,S2|1
PAID_INITIAL|3|5|S1,S7,S4,S3,S2|1
PAID_INITIAL|3|5|S1,S7,S5,S8,S7|1
PAID_INITIAL|3|5|S1,S7,S9,S7,S3|1
PAID_INITIAL|3|5|S1,S8,S5,S5,S9|1
PAID_INITIAL|3|5|S1,S8,S5,S9,S7|1
PAID_INITIAL|3|5|S1,S8,S8,S2,S3|1
PAID_INITIAL|3|5|S1,S8,S8,S3,S4|1
PAID_INITIAL|3|5|S1,S9,S3,S8,S6|1
PAID_INITIAL|3|5|S1,S9,S7,S3,S7|1
PAID_INITIAL|3|5|S2,S1,S3,S7,S3|1
PAID_INITIAL|3|5|S2,S1,S3,S8,S4|1
PAID_INITIAL|3|5|S2,S1,S7,S2,S5|1
PAID_INITIAL|3|5|S2,S1,S7,S7,S3|1
PAID_INITIAL|3|5|S2,S2,S2,S6,S7|1
PAID_INITIAL|3|5|S2,S2,S2,S9,S8|1
PAID_INITIAL|3|5|S2,S2,S3,S5,S8|1
PAID_INITIAL|3|5|S2,S2,S3,S8,S3|1
PAID_INITIAL|3|5|S2,S2,S3,S8,S7|1
PAID_INITIAL|3|5|S2,S2,S4,S5,S6|1
PAID_INITIAL|3|5|S2,S2,S5,S2,S4|1
PAID_INITIAL|3|5|S2,S2,S5,S2,S8|1
PAID_INITIAL|3|5|S2,S2,S5,S2,S9|1
PAID_INITIAL|3|5|S2,S2,S5,S4,S2|1
PAID_INITIAL|3|5|S2,S2,S5,S5,S9|1
PAID_INITIAL|3|5|S2,S2,S5,S7,S3|1
PAID_INITIAL|3|5|S2,S2,S6,S2,S5|1
PAID_INITIAL|3|5|S2,S2,S6,S3,S6|1
PAID_INITIAL|3|5|S2,S2,S6,S6,S2|1
PAID_INITIAL|3|5|S2,S2,S6,S9,S5|1
PAID_INITIAL|3|5|S2,S2,S7,S2,S2|1
PAID_INITIAL|3|5|S2,S2,S7,S4,S2|1
PAID_INITIAL|3|5|S2,S2,S8,S2,S1|1
PAID_INITIAL|3|5|S2,S2,S8,S4,S8|1
PAID_INITIAL|3|5|S2,S2,S8,S6,S2|1
PAID_INITIAL|3|5|S2,S3,S2,S3,S2|1
PAID_INITIAL|3|5|S2,S3,S2,S3,S8|1
PAID_INITIAL|3|5|S2,S3,S2,S6,S3|1
PAID_INITIAL|3|5|S2,S3,S2,S6,S6|1
PAID_INITIAL|3|5|S2,S3,S2,S6,S7|1
PAID_INITIAL|3|5|S2,S3,S2,S7,S6|1
PAID_INITIAL|3|5|S2,S3,S3,S7,S8|1
PAID_INITIAL|3|5|S2,S3,S3,S8,S4|1
PAID_INITIAL|3|5|S2,S3,S4,S8,S7|1
PAID_INITIAL|3|5|S2,S3,S4,S8,S9|2
PAID_INITIAL|3|5|S2,S3,S5,S2,S5|1
PAID_INITIAL|3|5|S2,S3,S5,S2,S9|1
PAID_INITIAL|3|5|S2,S3,S5,S3,S7|1
PAID_INITIAL|3|5|S2,S3,S5,S9,S8|1
PAID_INITIAL|3|5|S2,S3,S6,S2,S3|1
PAID_INITIAL|3|5|S2,S3,S6,S9,S5|1
PAID_INITIAL|3|5|S2,S3,S7,S5,S9|1
PAID_INITIAL|3|5|S2,S3,S7,S9,S5|1
PAID_INITIAL|3|5|S2,S3,S8,S9,S6|1
PAID_INITIAL|3|5|S2,S4,S2,S9,S8|1
PAID_INITIAL|3|5|S2,S4,S3,S9,S8|1
PAID_INITIAL|3|5|S2,S4,S4,S6,S4|1
PAID_INITIAL|3|5|S2,S4,S4,S6,S6|1
PAID_INITIAL|3|5|S2,S4,S4,S7,S6|1
PAID_INITIAL|3|5|S2,S4,S4,S7,S8|1
PAID_INITIAL|3|5|S2,S4,S5,S7,S8|1
PAID_INITIAL|3|5|S2,S4,S5,S8,S3|1
PAID_INITIAL|3|5|S2,S4,S6,S2,S7|1
PAID_INITIAL|3|5|S2,S4,S6,S8,S4|1
PAID_INITIAL|3|5|S2,S4,S8,S9,S4|1
PAID_INITIAL|3|5|S2,S4,S8,S9,S5|1
PAID_INITIAL|3|5|S2,S4,S9,S2,S3|1
PAID_INITIAL|3|5|S2,S5,S2,S3,S7|1
PAID_INITIAL|3|5|S2,S5,S2,S8,S5|1
PAID_INITIAL|3|5|S2,S5,S2,S8,S6|1
PAID_INITIAL|3|5|S2,S5,S3,S7,S6|1
PAID_INITIAL|3|5|S2,S5,S3,S7,S7|1
PAID_INITIAL|3|5|S2,S5,S4,S3,S6|1
PAID_INITIAL|3|5|S2,S5,S5,S2,S6|1
PAID_INITIAL|3|5|S2,S5,S5,S4,S9|1
PAID_INITIAL|3|5|S2,S5,S5,S5,S6|1
PAID_INITIAL|3|5|S2,S5,S5,S8,S4|1
PAID_INITIAL|3|5|S2,S5,S6,S5,S8|1
PAID_INITIAL|3|5|S2,S5,S7,S2,S2|1
PAID_INITIAL|3|5|S2,S5,S7,S4,S7|1
PAID_INITIAL|3|5|S2,S5,S7,S7,S5|1
PAID_INITIAL|3|5|S2,S5,S8,S3,S2|1
PAID_INITIAL|3|5|S2,S5,S8,S3,S4|1
PAID_INITIAL|3|5|S2,S5,S8,S4,S8|1
PAID_INITIAL|3|5|S2,S5,S8,S5,S2|1
PAID_INITIAL|3|5|S2,S5,S8,S9,S8|1
PAID_INITIAL|3|5|S2,S5,S9,S5,S4|1
PAID_INITIAL|3|5|S2,S5,S9,S5,S9|1
PAID_INITIAL|3|5|S2,S5,S9,S6,S2|1
PAID_INITIAL|3|5|S2,S5,S9,S7,S7|1
PAID_INITIAL|3|5|S2,S6,S1,S6,S5|1
PAID_INITIAL|3|5|S2,S6,S2,S2,S7|1
PAID_INITIAL|3|5|S2,S6,S2,S6,S8|2
PAID_INITIAL|3|5|S2,S6,S3,S6,S9|1
PAID_INITIAL|3|5|S2,S6,S3,S7,S4|1
PAID_INITIAL|3|5|S2,S6,S4,S2,S9|1
PAID_INITIAL|3|5|S2,S6,S4,S5,S2|1
PAID_INITIAL|3|5|S2,S6,S4,S8,S7|1
PAID_INITIAL|3|5|S2,S6,S4,S9,S9|1
PAID_INITIAL|3|5|S2,S6,S5,S4,S1|1
PAID_INITIAL|3|5|S2,S6,S5,S6,S2|3
PAID_INITIAL|3|5|S2,S6,S5,S8,S6|1
PAID_INITIAL|3|5|S2,S6,S6,S5,S5|1
PAID_INITIAL|3|5|S2,S6,S6,S5,S8|1
PAID_INITIAL|3|5|S2,S6,S6,S7,S9|1
PAID_INITIAL|3|5|S2,S6,S6,S8,S5|1
PAID_INITIAL|3|5|S2,S6,S7,S2,S7|1
PAID_INITIAL|3|5|S2,S6,S7,S6,S1|1
PAID_INITIAL|3|5|S2,S6,S7,S7,S5|1
PAID_INITIAL|3|5|S2,S6,S8,S5,S6|1
PAID_INITIAL|3|5|S2,S6,S9,S2,S5|1
PAID_INITIAL|3|5|S2,S6,S9,S2,S8|1
PAID_INITIAL|3|5|S2,S6,S9,S6,S3|1
PAID_INITIAL|3|5|S2,S6,S9,S7,S5|1
PAID_INITIAL|3|5|S2,S6,S9,S9,S9|1
PAID_INITIAL|3|5|S2,S7,S3,S2,S4|1
PAID_INITIAL|3|5|S2,S7,S3,S2,S8|1
PAID_INITIAL|3|5|S2,S7,S3,S2,S9|1
PAID_INITIAL|3|5|S2,S7,S3,S5,S9|1
PAID_INITIAL|3|5|S2,S7,S3,S8,S6|1
PAID_INITIAL|3|5|S2,S7,S4,S2,S6|1
PAID_INITIAL|3|5|S2,S7,S4,S8,S7|1
PAID_INITIAL|3|5|S2,S7,S5,S2,S7|1
PAID_INITIAL|3|5|S2,S7,S5,S3,S8|1
PAID_INITIAL|3|5|S2,S7,S5,S8,S2|1
PAID_INITIAL|3|5|S2,S7,S5,S9,S2|1
PAID_INITIAL|3|5|S2,S7,S6,S9,S5|1
PAID_INITIAL|3|5|S2,S7,S7,S7,S6|1
PAID_INITIAL|3|5|S2,S7,S8,S2,S4|1
PAID_INITIAL|3|5|S2,S7,S8,S8,S8|1
PAID_INITIAL|3|5|S2,S7,S9,S3,S7|1
PAID_INITIAL|3|5|S2,S7,S9,S4,S6|1
PAID_INITIAL|3|5|S2,S7,S9,S5,S2|1
PAID_INITIAL|3|5|S2,S7,S9,S8,S5|1
PAID_INITIAL|3|5|S2,S7,S9,S9,S9|1
PAID_INITIAL|3|5|S2,S8,S2,S2,S3|1
PAID_INITIAL|3|5|S2,S8,S2,S5,S6|1
PAID_INITIAL|3|5|S2,S8,S2,S5,S9|1
PAID_INITIAL|3|5|S2,S8,S2,S6,S1|1
PAID_INITIAL|3|5|S2,S8,S2,S7,S4|1
PAID_INITIAL|3|5|S2,S8,S2,S8,S4|1
PAID_INITIAL|3|5|S2,S8,S3,S3,S2|1
PAID_INITIAL|3|5|S2,S8,S3,S7,S6|1
PAID_INITIAL|3|5|S2,S8,S4,S3,S5|1
PAID_INITIAL|3|5|S2,S8,S4,S9,S3|1
PAID_INITIAL|3|5|S2,S8,S5,S6,S5|1
PAID_INITIAL|3|5|S2,S8,S5,S8,S7|1
PAID_INITIAL|3|5|S2,S8,S6,S2,S8|1
PAID_INITIAL|3|5|S2,S8,S6,S3,S8|1
PAID_INITIAL|3|5|S2,S8,S6,S7,S7|1
PAID_INITIAL|3|5|S2,S8,S6,S8,S6|1
PAID_INITIAL|3|5|S2,S8,S6,S8,S7|1
PAID_INITIAL|3|5|S2,S8,S6,S8,S9|1
PAID_INITIAL|3|5|S2,S8,S7,S2,S8|1
PAID_INITIAL|3|5|S2,S8,S7,S5,S8|1
PAID_INITIAL|3|5|S2,S8,S7,S7,S2|1
PAID_INITIAL|3|5|S2,S8,S8,S2,S7|1
PAID_INITIAL|3|5|S2,S8,S8,S7,S5|1
PAID_INITIAL|3|5|S2,S8,S8,S8,S2|1
PAID_INITIAL|3|5|S2,S8,S9,S1,S4|1
PAID_INITIAL|3|5|S2,S8,S9,S2,S7|1
PAID_INITIAL|3|5|S2,S8,S9,S8,S5|1
PAID_INITIAL|3|5|S2,S9,S2,S5,S2|1
PAID_INITIAL|3|5|S2,S9,S2,S8,S3|1
PAID_INITIAL|3|5|S2,S9,S2,S8,S4|1
PAID_INITIAL|3|5|S2,S9,S3,S4,S7|1
PAID_INITIAL|3|5|S2,S9,S3,S8,S2|1
PAID_INITIAL|3|5|S2,S9,S4,S4,S8|1
PAID_INITIAL|3|5|S2,S9,S4,S7,S7|1
PAID_INITIAL|3|5|S2,S9,S5,S2,S5|1
PAID_INITIAL|3|5|S2,S9,S5,S2,S7|1
PAID_INITIAL|3|5|S2,S9,S5,S3,S8|1
PAID_INITIAL|3|5|S2,S9,S5,S4,S2|1
PAID_INITIAL|3|5|S2,S9,S5,S5,S6|1
PAID_INITIAL|3|5|S2,S9,S5,S5,S7|1
PAID_INITIAL|3|5|S2,S9,S5,S7,S3|1
PAID_INITIAL|3|5|S2,S9,S5,S9,S8|1
PAID_INITIAL|3|5|S2,S9,S6,S5,S2|1
PAID_INITIAL|3|5|S2,S9,S6,S5,S7|1
PAID_INITIAL|3|5|S2,S9,S7,S5,S3|1
PAID_INITIAL|3|5|S2,S9,S7,S5,S6|1
PAID_INITIAL|3|5|S2,S9,S7,S6,S9|1
PAID_INITIAL|3|5|S2,S9,S7,S9,S7|1
PAID_INITIAL|3|5|S2,S9,S8,S5,S6|1
PAID_INITIAL|3|5|S2,S9,S8,S9,S9|1
PAID_INITIAL|3|5|S2,S9,S9,S6,S5|1
PAID_INITIAL|3|5|S2,S9,S9,S8,S6|1
PAID_INITIAL|3|5|S2,S9,S9,S8,S8|1
PAID_INITIAL|3|5|S2,S9,S9,S9,S3|1
PAID_INITIAL|3|5|S3,S1,S3,S5,S3|1
PAID_INITIAL|3|5|S3,S1,S4,S9,S7|1
PAID_INITIAL|3|5|S3,S1,S5,S5,S3|1
PAID_INITIAL|3|5|S3,S1,S5,S9,S5|1
PAID_INITIAL|3|5|S3,S1,S7,S4,S9|1
PAID_INITIAL|3|5|S3,S1,S7,S9,S4|1
PAID_INITIAL|3|5|S3,S1,S8,S2,S3|1
PAID_INITIAL|3|5|S3,S1,S9,S8,S2|1
PAID_INITIAL|3|5|S3,S2,S1,S1,S4|1
PAID_INITIAL|3|5|S3,S2,S2,S4,S2|1
PAID_INITIAL|3|5|S3,S2,S2,S4,S6|1
PAID_INITIAL|3|5|S3,S2,S2,S7,S8|1
PAID_INITIAL|3|5|S3,S2,S2,S9,S2|1
PAID_INITIAL|3|5|S3,S2,S3,S1,S9|1
PAID_INITIAL|3|5|S3,S2,S3,S6,S7|1
PAID_INITIAL|3|5|S3,S2,S3,S9,S2|1
PAID_INITIAL|3|5|S3,S2,S3,S9,S3|1
PAID_INITIAL|3|5|S3,S2,S4,S2,S6|1
PAID_INITIAL|3|5|S3,S2,S4,S2,S9|1
PAID_INITIAL|3|5|S3,S2,S4,S5,S4|1
PAID_INITIAL|3|5|S3,S2,S4,S5,S8|1
PAID_INITIAL|3|5|S3,S2,S4,S6,S2|1
PAID_INITIAL|3|5|S3,S2,S5,S2,S8|1
PAID_INITIAL|3|5|S3,S2,S5,S3,S3|1
PAID_INITIAL|3|5|S3,S2,S6,S7,S6|1
PAID_INITIAL|3|5|S3,S2,S6,S7,S8|1
PAID_INITIAL|3|5|S3,S2,S6,S7,S9|1
PAID_INITIAL|3|5|S3,S2,S6,S8,S2|1
PAID_INITIAL|3|5|S3,S2,S6,S8,S8|1
PAID_INITIAL|3|5|S3,S2,S7,S2,S2|1
PAID_INITIAL|3|5|S3,S2,S7,S6,S2|1
PAID_INITIAL|3|5|S3,S2,S8,S2,S6|1
PAID_INITIAL|3|5|S3,S2,S8,S3,S4|1
PAID_INITIAL|3|5|S3,S2,S8,S6,S6|1
PAID_INITIAL|3|5|S3,S2,S9,S2,S6|1
PAID_INITIAL|3|5|S3,S2,S9,S3,S6|1
PAID_INITIAL|3|5|S3,S2,S9,S3,S7|1
PAID_INITIAL|3|5|S3,S2,S9,S6,S3|1
PAID_INITIAL|3|5|S3,S2,S9,S8,S3|1
PAID_INITIAL|3|5|S3,S2,S9,S8,S7|1
PAID_INITIAL|3|5|S3,S3,S1,S9,S7|1
PAID_INITIAL|3|5|S3,S3,S2,S1,S8|1
PAID_INITIAL|3|5|S3,S3,S2,S5,S4|1
PAID_INITIAL|3|5|S3,S3,S2,S6,S7|1
PAID_INITIAL|3|5|S3,S3,S3,S3,S3|2
PAID_INITIAL|3|5|S3,S3,S3,S7,S5|1
PAID_INITIAL|3|5|S3,S3,S3,S7,S8|1
PAID_INITIAL|3|5|S3,S3,S3,S9,S5|1
PAID_INITIAL|3|5|S3,S3,S4,S5,S8|1
PAID_INITIAL|3|5|S3,S3,S4,S7,S3|1
PAID_INITIAL|3|5|S3,S3,S5,S2,S4|1
PAID_INITIAL|3|5|S3,S3,S5,S6,S2|1
PAID_INITIAL|3|5|S3,S3,S6,S4,S6|2
PAID_INITIAL|3|5|S3,S3,S6,S6,S4|2
PAID_INITIAL|3|5|S3,S3,S6,S6,S6|1
PAID_INITIAL|3|5|S3,S3,S6,S8,S1|1
PAID_INITIAL|3|5|S3,S3,S6,S8,S8|1
PAID_INITIAL|3|5|S3,S3,S7,S4,S8|2
PAID_INITIAL|3|5|S3,S3,S7,S6,S4|1
PAID_INITIAL|3|5|S3,S3,S7,S6,S9|1
PAID_INITIAL|3|5|S3,S3,S8,S3,S3|1
PAID_INITIAL|3|5|S3,S3,S8,S3,S8|1
PAID_INITIAL|3|5|S3,S3,S8,S4,S6|1
PAID_INITIAL|3|5|S3,S3,S8,S9,S9|1
PAID_INITIAL|3|5|S3,S3,S9,S1,S6|1
PAID_INITIAL|3|5|S3,S3,S9,S2,S7|1
PAID_INITIAL|3|5|S3,S3,S9,S4,S3|1
PAID_INITIAL|3|5|S3,S3,S9,S6,S6|1
PAID_INITIAL|3|5|S3,S4,S1,S9,S6|1
PAID_INITIAL|3|5|S3,S4,S3,S2,S9|1
PAID_INITIAL|3|5|S3,S4,S3,S4,S3|1
PAID_INITIAL|3|5|S3,S4,S3,S4,S6|1
PAID_INITIAL|3|5|S3,S4,S3,S6,S2|1
PAID_INITIAL|3|5|S3,S4,S6,S3,S5|1
PAID_INITIAL|3|5|S3,S4,S6,S4,S6|1
PAID_INITIAL|3|5|S3,S4,S6,S6,S9|1
PAID_INITIAL|3|5|S3,S4,S6,S7,S2|1
PAID_INITIAL|3|5|S3,S4,S7,S2,S4|2
PAID_INITIAL|3|5|S3,S4,S7,S3,S5|1
PAID_INITIAL|3|5|S3,S4,S7,S3,S7|1
PAID_INITIAL|3|5|S3,S4,S7,S4,S4|1
PAID_INITIAL|3|5|S3,S4,S7,S7,S6|1
PAID_INITIAL|3|5|S3,S4,S7,S7,S7|1
PAID_INITIAL|3|5|S3,S4,S7,S9,S3|1
PAID_INITIAL|3|5|S3,S4,S8,S2,S2|1
PAID_INITIAL|3|5|S3,S4,S8,S3,S2|1
PAID_INITIAL|3|5|S3,S4,S9,S2,S9|1
PAID_INITIAL|3|5|S3,S4,S9,S3,S3|1
PAID_INITIAL|3|5|S3,S4,S9,S5,S4|1
PAID_INITIAL|3|5|S3,S4,S9,S8,S2|1
PAID_INITIAL|3|5|S3,S4,S9,S9,S5|1
PAID_INITIAL|3|5|S3,S5,S2,S2,S4|1
PAID_INITIAL|3|5|S3,S5,S2,S6,S3|2
PAID_INITIAL|3|5|S3,S5,S2,S9,S8|1
PAID_INITIAL|3|5|S3,S5,S3,S2,S2|1
PAID_INITIAL|3|5|S3,S5,S3,S9,S2|1
PAID_INITIAL|3|5|S3,S5,S4,S2,S2|1
PAID_INITIAL|3|5|S3,S5,S4,S4,S4|1
PAID_INITIAL|3|5|S3,S5,S6,S5,S2|1
PAID_INITIAL|3|5|S3,S5,S7,S2,S8|1
PAID_INITIAL|3|5|S3,S5,S7,S3,S5|1
PAID_INITIAL|3|5|S3,S5,S7,S8,S3|1
PAID_INITIAL|3|5|S3,S5,S8,S8,S9|1
PAID_INITIAL|3|5|S3,S5,S9,S3,S8|1
PAID_INITIAL|3|5|S3,S5,S9,S4,S5|1
PAID_INITIAL|3|5|S3,S5,S9,S5,S4|1
PAID_INITIAL|3|5|S3,S5,S9,S7,S8|1
PAID_INITIAL|3|5|S3,S5,S9,S9,S2|1
PAID_INITIAL|3|5|S3,S6,S2,S4,S2|1
PAID_INITIAL|3|5|S3,S6,S2,S4,S4|2
PAID_INITIAL|3|5|S3,S6,S3,S6,S8|1
PAID_INITIAL|3|5|S3,S6,S3,S9,S6|1
PAID_INITIAL|3|5|S3,S6,S4,S3,S6|1
PAID_INITIAL|3|5|S3,S6,S4,S6,S7|1
PAID_INITIAL|3|5|S3,S6,S5,S3,S6|1
PAID_INITIAL|3|5|S3,S6,S5,S6,S6|1
PAID_INITIAL|3|5|S3,S6,S5,S9,S5|1
PAID_INITIAL|3|5|S3,S6,S6,S5,S3|1
PAID_INITIAL|3|5|S3,S6,S7,S2,S6|1
PAID_INITIAL|3|5|S3,S6,S7,S3,S6|1
PAID_INITIAL|3|5|S3,S6,S7,S3,S8|1
PAID_INITIAL|3|5|S3,S6,S7,S8,S8|1
PAID_INITIAL|3|5|S3,S6,S7,S9,S4|1
PAID_INITIAL|3|5|S3,S6,S8,S2,S4|1
PAID_INITIAL|3|5|S3,S6,S8,S5,S6|1
PAID_INITIAL|3|5|S3,S6,S8,S9,S9|1
PAID_INITIAL|3|5|S3,S6,S9,S2,S8|1
PAID_INITIAL|3|5|S3,S6,S9,S4,S7|1
PAID_INITIAL|3|5|S3,S6,S9,S6,S6|1
PAID_INITIAL|3|5|S3,S7,S2,S3,S3|1
PAID_INITIAL|3|5|S3,S7,S2,S3,S5|1
PAID_INITIAL|3|5|S3,S7,S2,S5,S2|1
PAID_INITIAL|3|5|S3,S7,S3,S5,S5|1
PAID_INITIAL|3|5|S3,S7,S4,S3,S2|1
PAID_INITIAL|3|5|S3,S7,S4,S6,S2|1
PAID_INITIAL|3|5|S3,S7,S5,S7,S2|1
PAID_INITIAL|3|5|S3,S7,S5,S7,S3|1
PAID_INITIAL|3|5|S3,S7,S5,S8,S7|1
PAID_INITIAL|3|5|S3,S7,S5,S9,S3|1
PAID_INITIAL|3|5|S3,S7,S6,S2,S6|1
PAID_INITIAL|3|5|S3,S7,S6,S5,S7|1
PAID_INITIAL|3|5|S3,S7,S6,S8,S9|1
PAID_INITIAL|3|5|S3,S7,S7,S3,S3|1
PAID_INITIAL|3|5|S3,S7,S7,S4,S2|1
PAID_INITIAL|3|5|S3,S7,S7,S4,S6|1
PAID_INITIAL|3|5|S3,S7,S7,S9,S3|1
PAID_INITIAL|3|5|S3,S7,S7,S9,S6|1
PAID_INITIAL|3|5|S3,S7,S8,S9,S5|1
PAID_INITIAL|3|5|S3,S7,S9,S6,S7|1
PAID_INITIAL|3|5|S3,S8,S1,S2,S3|1
PAID_INITIAL|3|5|S3,S8,S2,S3,S7|1
PAID_INITIAL|3|5|S3,S8,S3,S2,S9|1
PAID_INITIAL|3|5|S3,S8,S3,S4,S5|1
PAID_INITIAL|3|5|S3,S8,S3,S9,S4|1
PAID_INITIAL|3|5|S3,S8,S4,S1,S4|1
PAID_INITIAL|3|5|S3,S8,S4,S2,S4|1
PAID_INITIAL|3|5|S3,S8,S5,S1,S6|1
PAID_INITIAL|3|5|S3,S8,S5,S5,S7|1
PAID_INITIAL|3|5|S3,S8,S5,S5,S9|1
PAID_INITIAL|3|5|S3,S8,S6,S4,S4|1
PAID_INITIAL|3|5|S3,S8,S7,S3,S2|1
PAID_INITIAL|3|5|S3,S8,S7,S6,S7|1
PAID_INITIAL|3|5|S3,S8,S7,S8,S6|1
PAID_INITIAL|3|5|S3,S8,S8,S3,S4|1
PAID_INITIAL|3|5|S3,S8,S8,S5,S4|1
PAID_INITIAL|3|5|S3,S8,S8,S8,S2|2
PAID_INITIAL|3|5|S3,S8,S8,S8,S5|1
PAID_INITIAL|3|5|S3,S8,S8,S9,S3|1
PAID_INITIAL|3|5|S3,S8,S9,S8,S9|1
PAID_INITIAL|3|5|S3,S9,S2,S8,S3|1
PAID_INITIAL|3|5|S3,S9,S6,S6,S5|1
PAID_INITIAL|3|5|S3,S9,S6,S9,S9|1
PAID_INITIAL|3|5|S3,S9,S7,S4,S7|1
PAID_INITIAL|3|5|S3,S9,S8,S3,S3|1
PAID_INITIAL|3|5|S3,S9,S8,S3,S9|1
PAID_INITIAL|3|5|S3,S9,S8,S6,S3|1
PAID_INITIAL|3|5|S3,S9,S8,S9,S4|2
PAID_INITIAL|3|5|S3,S9,S9,S2,S7|1
PAID_INITIAL|3|5|S3,S9,S9,S6,S5|1
PAID_INITIAL|3|5|S3,S9,S9,S6,S6|1
PAID_INITIAL|3|5|S3,S9,S9,S7,S2|1
PAID_INITIAL|3|5|S3,S9,S9,S8,S2|1
PAID_INITIAL|3|5|S3,S9,S9,S9,S6|1
PAID_INITIAL|3|5|S4,S1,S5,S7,S3|1
PAID_INITIAL|3|5|S4,S1,S6,S2,S6|1
PAID_INITIAL|3|5|S4,S1,S8,S7,S5|1
PAID_INITIAL|3|5|S4,S1,S9,S5,S9|1
PAID_INITIAL|3|5|S4,S2,S2,S3,S2|1
PAID_INITIAL|3|5|S4,S2,S2,S4,S9|1
PAID_INITIAL|3|5|S4,S2,S4,S1,S6|1
PAID_INITIAL|3|5|S4,S2,S4,S2,S2|1
PAID_INITIAL|3|5|S4,S2,S4,S6,S4|1
PAID_INITIAL|3|5|S4,S2,S4,S7,S8|1
PAID_INITIAL|3|5|S4,S2,S5,S5,S4|1
PAID_INITIAL|3|5|S4,S2,S5,S6,S3|1
PAID_INITIAL|3|5|S4,S2,S5,S6,S4|1
PAID_INITIAL|3|5|S4,S2,S5,S6,S9|1
PAID_INITIAL|3|5|S4,S2,S5,S7,S7|1
PAID_INITIAL|3|5|S4,S2,S5,S9,S4|1
PAID_INITIAL|3|5|S4,S2,S5,S9,S8|1
PAID_INITIAL|3|5|S4,S2,S6,S2,S8|2
PAID_INITIAL|3|5|S4,S2,S6,S3,S3|1
PAID_INITIAL|3|5|S4,S2,S6,S8,S7|1
PAID_INITIAL|3|5|S4,S2,S7,S3,S2|1
PAID_INITIAL|3|5|S4,S2,S8,S4,S2|1
PAID_INITIAL|3|5|S4,S2,S8,S6,S6|1
PAID_INITIAL|3|5|S4,S2,S8,S8,S9|1
PAID_INITIAL|3|5|S4,S2,S9,S2,S8|1
PAID_INITIAL|3|5|S4,S3,S2,S3,S7|1
PAID_INITIAL|3|5|S4,S3,S2,S3,S9|1
PAID_INITIAL|3|5|S4,S3,S2,S4,S6|1
PAID_INITIAL|3|5|S4,S3,S2,S5,S5|1
PAID_INITIAL|3|5|S4,S3,S3,S8,S3|1
PAID_INITIAL|3|5|S4,S3,S4,S3,S7|1
PAID_INITIAL|3|5|S4,S3,S4,S5,S9|1
PAID_INITIAL|3|5|S4,S3,S4,S6,S2|1
PAID_INITIAL|3|5|S4,S3,S4,S9,S5|1
PAID_INITIAL|3|5|S4,S3,S5,S4,S2|1
PAID_INITIAL|3|5|S4,S3,S5,S4,S4|1
PAID_INITIAL|3|5|S4,S3,S5,S5,S1|1
PAID_INITIAL|3|5|S4,S3,S5,S6,S7|1
PAID_INITIAL|3|5|S4,S3,S6,S5,S7|1
PAID_INITIAL|3|5|S4,S3,S6,S8,S5|1
PAID_INITIAL|3|5|S4,S3,S6,S9,S5|1
PAID_INITIAL|3|5|S4,S3,S7,S2,S2|1
PAID_INITIAL|3|5|S4,S3,S8,S1,S7|1
PAID_INITIAL|3|5|S4,S3,S8,S2,S5|1
PAID_INITIAL|3|5|S4,S3,S8,S6,S5|1
PAID_INITIAL|3|5|S4,S3,S8,S8,S5|1
PAID_INITIAL|3|5|S4,S3,S9,S2,S5|1
PAID_INITIAL|3|5|S4,S3,S9,S3,S1|1
PAID_INITIAL|3|5|S4,S3,S9,S6,S8|1
PAID_INITIAL|3|5|S4,S3,S9,S7,S4|1
PAID_INITIAL|3|5|S4,S3,S9,S8,S3|1
PAID_INITIAL|3|5|S4,S3,S9,S8,S6|1
PAID_INITIAL|3|5|S4,S3,S9,S9,S4|1
PAID_INITIAL|3|5|S4,S3,S9,S9,S8|1
PAID_INITIAL|3|5|S4,S4,S2,S5,S1|1
PAID_INITIAL|3|5|S4,S4,S2,S6,S1|1
PAID_INITIAL|3|5|S4,S4,S3,S5,S3|1
PAID_INITIAL|3|5|S4,S4,S3,S9,S5|1
PAID_INITIAL|3|5|S4,S4,S4,S2,S8|2
PAID_INITIAL|3|5|S4,S4,S4,S3,S3|1
PAID_INITIAL|3|5|S4,S4,S4,S4,S8|1
PAID_INITIAL|3|5|S4,S4,S4,S5,S6|1
PAID_INITIAL|3|5|S4,S4,S4,S7,S7|1
PAID_INITIAL|3|5|S4,S4,S5,S7,S2|1
PAID_INITIAL|3|5|S4,S4,S6,S2,S3|1
PAID_INITIAL|3|5|S4,S4,S6,S6,S3|1
PAID_INITIAL|3|5|S4,S4,S6,S9,S6|1
PAID_INITIAL|3|5|S4,S4,S6,S9,S7|1
PAID_INITIAL|3|5|S4,S4,S7,S2,S6|1
PAID_INITIAL|3|5|S4,S4,S7,S5,S6|1
PAID_INITIAL|3|5|S4,S4,S7,S9,S3|1
PAID_INITIAL|3|5|S4,S4,S8,S6,S6|1
PAID_INITIAL|3|5|S4,S4,S9,S2,S9|1
PAID_INITIAL|3|5|S4,S4,S9,S7,S4|1
PAID_INITIAL|3|5|S4,S4,S9,S9,S8|1
PAID_INITIAL|3|5|S4,S5,S2,S1,S3|1
PAID_INITIAL|3|5|S4,S5,S2,S5,S1|1
PAID_INITIAL|3|5|S4,S5,S2,S8,S7|1
PAID_INITIAL|3|5|S4,S5,S2,S8,S8|1
PAID_INITIAL|3|5|S4,S5,S2,S9,S3|1
PAID_INITIAL|3|5|S4,S5,S3,S3,S6|1
PAID_INITIAL|3|5|S4,S5,S3,S3,S7|1
PAID_INITIAL|3|5|S4,S5,S3,S5,S9|1
PAID_INITIAL|3|5|S4,S5,S3,S7,S6|1
PAID_INITIAL|3|5|S4,S5,S4,S3,S6|1
PAID_INITIAL|3|5|S4,S5,S5,S4,S5|1
PAID_INITIAL|3|5|S4,S5,S5,S6,S6|1
PAID_INITIAL|3|5|S4,S5,S6,S2,S5|2
PAID_INITIAL|3|5|S4,S5,S6,S6,S4|1
PAID_INITIAL|3|5|S4,S5,S7,S6,S6|1
PAID_INITIAL|3|5|S4,S5,S7,S7,S3|1
PAID_INITIAL|3|5|S4,S5,S7,S8,S6|1
PAID_INITIAL|3|5|S4,S5,S7,S8,S7|1
PAID_INITIAL|3|5|S4,S5,S8,S3,S8|1
PAID_INITIAL|3|5|S4,S5,S8,S4,S4|1
PAID_INITIAL|3|5|S4,S5,S9,S2,S6|1
PAID_INITIAL|3|5|S4,S5,S9,S4,S5|1
PAID_INITIAL|3|5|S4,S5,S9,S5,S6|1
PAID_INITIAL|3|5|S4,S5,S9,S8,S5|1
PAID_INITIAL|3|5|S4,S6,S1,S2,S2|1
PAID_INITIAL|3|5|S4,S6,S2,S2,S5|1
PAID_INITIAL|3|5|S4,S6,S2,S2,S7|1
PAID_INITIAL|3|5|S4,S6,S2,S3,S6|2
PAID_INITIAL|3|5|S4,S6,S2,S6,S3|1
PAID_INITIAL|3|5|S4,S6,S2,S8,S6|1
PAID_INITIAL|3|5|S4,S6,S2,S8,S8|1
PAID_INITIAL|3|5|S4,S6,S3,S5,S2|1
PAID_INITIAL|3|5|S4,S6,S3,S5,S4|1
PAID_INITIAL|3|5|S4,S6,S3,S8,S7|1
PAID_INITIAL|3|5|S4,S6,S4,S2,S2|1
PAID_INITIAL|3|5|S4,S6,S4,S2,S8|1
PAID_INITIAL|3|5|S4,S6,S4,S6,S9|1
PAID_INITIAL|3|5|S4,S6,S4,S8,S4|1
PAID_INITIAL|3|5|S4,S6,S5,S2,S5|1
PAID_INITIAL|3|5|S4,S6,S5,S2,S6|1
PAID_INITIAL|3|5|S4,S6,S5,S7,S4|1
PAID_INITIAL|3|5|S4,S6,S5,S8,S5|1
PAID_INITIAL|3|5|S4,S6,S6,S2,S3|1
PAID_INITIAL|3|5|S4,S6,S6,S3,S7|1
PAID_INITIAL|3|5|S4,S6,S7,S1,S6|1
PAID_INITIAL|3|5|S4,S6,S7,S9,S6|1
PAID_INITIAL|3|5|S4,S6,S8,S2,S7|1
PAID_INITIAL|3|5|S4,S6,S8,S2,S9|2
PAID_INITIAL|3|5|S4,S6,S8,S5,S8|1
PAID_INITIAL|3|5|S4,S6,S8,S9,S7|2
PAID_INITIAL|3|5|S4,S6,S9,S7,S5|1
PAID_INITIAL|3|5|S4,S6,S9,S8,S9|1
PAID_INITIAL|3|5|S4,S6,S9,S9,S6|1
PAID_INITIAL|3|5|S4,S7,S1,S4,S2|1
PAID_INITIAL|3|5|S4,S7,S2,S2,S8|1
PAID_INITIAL|3|5|S4,S7,S2,S3,S2|1
PAID_INITIAL|3|5|S4,S7,S2,S7,S5|1
PAID_INITIAL|3|5|S4,S7,S3,S3,S8|2
PAID_INITIAL|3|5|S4,S7,S3,S8,S6|1
PAID_INITIAL|3|5|S4,S7,S3,S9,S2|1
PAID_INITIAL|3|5|S4,S7,S4,S3,S3|1
PAID_INITIAL|3|5|S4,S7,S4,S8,S5|1
PAID_INITIAL|3|5|S4,S7,S4,S9,S9|1
PAID_INITIAL|3|5|S4,S7,S5,S4,S6|1
PAID_INITIAL|3|5|S4,S7,S5,S5,S2|1
PAID_INITIAL|3|5|S4,S7,S5,S5,S7|1
PAID_INITIAL|3|5|S4,S7,S5,S6,S5|2
PAID_INITIAL|3|5|S4,S7,S6,S2,S5|1
PAID_INITIAL|3|5|S4,S7,S6,S4,S7|1
PAID_INITIAL|3|5|S4,S7,S6,S6,S2|1
PAID_INITIAL|3|5|S4,S7,S6,S9,S9|1
PAID_INITIAL|3|5|S4,S7,S7,S3,S4|1
PAID_INITIAL|3|5|S4,S7,S7,S7,S8|1
PAID_INITIAL|3|5|S4,S7,S7,S8,S6|1
PAID_INITIAL|3|5|S4,S7,S8,S3,S3|1
PAID_INITIAL|3|5|S4,S7,S8,S3,S6|1
PAID_INITIAL|3|5|S4,S7,S8,S9,S3|1
PAID_INITIAL|3|5|S4,S7,S9,S1,S6|1
PAID_INITIAL|3|5|S4,S7,S9,S3,S7|1
PAID_INITIAL|3|5|S4,S7,S9,S5,S8|1
PAID_INITIAL|3|5|S4,S7,S9,S8,S5|1
PAID_INITIAL|3|5|S4,S7,S9,S9,S8|1
PAID_INITIAL|3|5|S4,S8,S2,S3,S6|1
PAID_INITIAL|3|5|S4,S8,S2,S4,S6|1
PAID_INITIAL|3|5|S4,S8,S2,S5,S5|1
PAID_INITIAL|3|5|S4,S8,S2,S7,S6|1
PAID_INITIAL|3|5|S4,S8,S2,S9,S5|1
PAID_INITIAL|3|5|S4,S8,S3,S9,S6|1
PAID_INITIAL|3|5|S4,S8,S4,S2,S5|1
PAID_INITIAL|3|5|S4,S8,S4,S5,S7|1
PAID_INITIAL|3|5|S4,S8,S5,S7,S6|1
PAID_INITIAL|3|5|S4,S8,S5,S8,S9|1
PAID_INITIAL|3|5|S4,S8,S6,S4,S9|1
PAID_INITIAL|3|5|S4,S8,S6,S5,S4|1
PAID_INITIAL|3|5|S4,S8,S6,S8,S7|1
PAID_INITIAL|3|5|S4,S8,S6,S9,S6|2
PAID_INITIAL|3|5|S4,S8,S7,S4,S4|1
PAID_INITIAL|3|5|S4,S8,S7,S6,S3|1
PAID_INITIAL|3|5|S4,S8,S7,S7,S4|1
PAID_INITIAL|3|5|S4,S8,S8,S3,S9|1
PAID_INITIAL|3|5|S4,S8,S8,S4,S4|1
PAID_INITIAL|3|5|S4,S8,S8,S7,S5|1
PAID_INITIAL|3|5|S4,S8,S9,S1,S5|2
PAID_INITIAL|3|5|S4,S8,S9,S2,S8|1
PAID_INITIAL|3|5|S4,S9,S2,S4,S5|1
PAID_INITIAL|3|5|S4,S9,S2,S9,S5|1
PAID_INITIAL|3|5|S4,S9,S3,S6,S8|1
PAID_INITIAL|3|5|S4,S9,S3,S9,S2|1
PAID_INITIAL|3|5|S4,S9,S4,S2,S3|1
PAID_INITIAL|3|5|S4,S9,S4,S3,S4|1
PAID_INITIAL|3|5|S4,S9,S5,S3,S9|1
PAID_INITIAL|3|5|S4,S9,S5,S9,S7|1
PAID_INITIAL|3|5|S4,S9,S6,S2,S2|1
PAID_INITIAL|3|5|S4,S9,S6,S9,S5|1
PAID_INITIAL|3|5|S4,S9,S6,S9,S7|1
PAID_INITIAL|3|5|S4,S9,S7,S2,S8|1
PAID_INITIAL|3|5|S4,S9,S7,S4,S4|1
PAID_INITIAL|3|5|S4,S9,S7,S9,S7|1
PAID_INITIAL|3|5|S4,S9,S8,S2,S4|1
PAID_INITIAL|3|5|S4,S9,S9,S3,S7|1
PAID_INITIAL|3|5|S4,S9,S9,S4,S8|1
PAID_INITIAL|3|5|S4,S9,S9,S5,S6|1
PAID_INITIAL|3|5|S4,S9,S9,S9,S7|1
PAID_INITIAL|3|5|S5,S1,S6,S7,S3|1
PAID_INITIAL|3|5|S5,S1,S9,S3,S4|1
PAID_INITIAL|3|5|S5,S1,S9,S4,S5|1
PAID_INITIAL|3|5|S5,S2,S2,S2,S9|1
PAID_INITIAL|3|5|S5,S2,S2,S3,S9|1
PAID_INITIAL|3|5|S5,S2,S2,S4,S6|1
PAID_INITIAL|3|5|S5,S2,S2,S6,S3|1
PAID_INITIAL|3|5|S5,S2,S2,S8,S5|1
PAID_INITIAL|3|5|S5,S2,S3,S5,S2|1
PAID_INITIAL|3|5|S5,S2,S3,S7,S9|1
PAID_INITIAL|3|5|S5,S2,S3,S8,S4|1
PAID_INITIAL|3|5|S5,S2,S3,S8,S5|1
PAID_INITIAL|3|5|S5,S2,S4,S3,S8|1
PAID_INITIAL|3|5|S5,S2,S4,S8,S6|1
PAID_INITIAL|3|5|S5,S2,S5,S8,S3|1
PAID_INITIAL|3|5|S5,S2,S5,S9,S8|1
PAID_INITIAL|3|5|S5,S2,S6,S2,S4|1
PAID_INITIAL|3|5|S5,S2,S6,S5,S7|1
PAID_INITIAL|3|5|S5,S2,S6,S7,S9|1
PAID_INITIAL|3|5|S5,S2,S7,S6,S5|1
PAID_INITIAL|3|5|S5,S2,S8,S1,S9|1
PAID_INITIAL|3|5|S5,S2,S8,S9,S2|1
PAID_INITIAL|3|5|S5,S2,S9,S3,S9|1
PAID_INITIAL|3|5|S5,S2,S9,S4,S3|1
PAID_INITIAL|3|5|S5,S2,S9,S7,S2|1
PAID_INITIAL|3|5|S5,S2,S9,S8,S5|1
PAID_INITIAL|3|5|S5,S2,S9,S8,S7|2
PAID_INITIAL|3|5|S5,S3,S2,S3,S7|1
PAID_INITIAL|3|5|S5,S3,S2,S5,S4|1
PAID_INITIAL|3|5|S5,S3,S2,S7,S6|1
PAID_INITIAL|3|5|S5,S3,S3,S3,S6|1
PAID_INITIAL|3|5|S5,S3,S3,S4,S6|1
PAID_INITIAL|3|5|S5,S3,S4,S2,S6|1
PAID_INITIAL|3|5|S5,S3,S4,S2,S9|1
PAID_INITIAL|3|5|S5,S3,S4,S3,S3|3
PAID_INITIAL|3|5|S5,S3,S4,S5,S2|1
PAID_INITIAL|3|5|S5,S3,S4,S6,S8|1
PAID_INITIAL|3|5|S5,S3,S4,S9,S9|1
PAID_INITIAL|3|5|S5,S3,S5,S3,S5|1
PAID_INITIAL|3|5|S5,S3,S5,S6,S4|1
PAID_INITIAL|3|5|S5,S3,S5,S9,S9|1
PAID_INITIAL|3|5|S5,S3,S7,S5,S9|1
PAID_INITIAL|3|5|S5,S3,S7,S7,S3|1
PAID_INITIAL|3|5|S5,S3,S7,S9,S4|1
PAID_INITIAL|3|5|S5,S3,S8,S3,S8|1
PAID_INITIAL|3|5|S5,S3,S8,S5,S3|1
PAID_INITIAL|3|5|S5,S3,S8,S6,S9|1
PAID_INITIAL|3|5|S5,S3,S8,S7,S9|1
PAID_INITIAL|3|5|S5,S3,S8,S9,S4|1
PAID_INITIAL|3|5|S5,S3,S8,S9,S8|1
PAID_INITIAL|3|5|S5,S3,S8,S9,S9|1
PAID_INITIAL|3|5|S5,S3,S9,S2,S2|1
PAID_INITIAL|3|5|S5,S3,S9,S4,S6|1
PAID_INITIAL|3|5|S5,S3,S9,S6,S5|1
PAID_INITIAL|3|5|S5,S3,S9,S7,S6|1
PAID_INITIAL|3|5|S5,S3,S9,S7,S7|1
PAID_INITIAL|3|5|S5,S3,S9,S8,S5|1
PAID_INITIAL|3|5|S5,S3,S9,S9,S9|1
PAID_INITIAL|3|5|S5,S4,S2,S2,S8|1
PAID_INITIAL|3|5|S5,S4,S2,S5,S6|1
PAID_INITIAL|3|5|S5,S4,S2,S6,S4|1
PAID_INITIAL|3|5|S5,S4,S2,S8,S5|1
PAID_INITIAL|3|5|S5,S4,S3,S2,S4|1
PAID_INITIAL|3|5|S5,S4,S3,S8,S1|1
PAID_INITIAL|3|5|S5,S4,S3,S9,S6|1
PAID_INITIAL|3|5|S5,S4,S4,S3,S4|1
PAID_INITIAL|3|5|S5,S4,S4,S3,S6|1
PAID_INITIAL|3|5|S5,S4,S4,S8,S6|1
PAID_INITIAL|3|5|S5,S4,S4,S9,S6|1
PAID_INITIAL|3|5|S5,S4,S5,S6,S8|1
PAID_INITIAL|3|5|S5,S4,S6,S3,S2|1
PAID_INITIAL|3|5|S5,S4,S6,S3,S9|2
PAID_INITIAL|3|5|S5,S4,S7,S3,S9|1
PAID_INITIAL|3|5|S5,S4,S7,S4,S8|1
PAID_INITIAL|3|5|S5,S4,S8,S6,S4|1
PAID_INITIAL|3|5|S5,S4,S8,S9,S9|1
PAID_INITIAL|3|5|S5,S4,S9,S8,S3|1
PAID_INITIAL|3|5|S5,S4,S9,S9,S3|1
PAID_INITIAL|3|5|S5,S4,S9,S9,S5|1
PAID_INITIAL|3|5|S5,S5,S1,S7,S2|1
PAID_INITIAL|3|5|S5,S5,S2,S6,S4|1
PAID_INITIAL|3|5|S5,S5,S2,S6,S5|1
PAID_INITIAL|3|5|S5,S5,S3,S3,S4|1
PAID_INITIAL|3|5|S5,S5,S4,S2,S6|1
PAID_INITIAL|3|5|S5,S5,S4,S3,S7|1
PAID_INITIAL|3|5|S5,S5,S4,S8,S4|1
PAID_INITIAL|3|5|S5,S5,S4,S8,S7|1
PAID_INITIAL|3|5|S5,S5,S5,S3,S7|1
PAID_INITIAL|3|5|S5,S5,S5,S5,S8|1
PAID_INITIAL|3|5|S5,S5,S6,S4,S6|1
PAID_INITIAL|3|5|S5,S5,S6,S5,S8|1
PAID_INITIAL|3|5|S5,S5,S6,S8,S5|1
PAID_INITIAL|3|5|S5,S5,S7,S7,S5|1
PAID_INITIAL|3|5|S5,S5,S8,S4,S6|1
PAID_INITIAL|3|5|S5,S5,S8,S7,S4|1
PAID_INITIAL|3|5|S5,S5,S9,S6,S7|1
PAID_INITIAL|3|5|S5,S5,S9,S7,S6|1
PAID_INITIAL|3|5|S5,S6,S2,S3,S4|1
PAID_INITIAL|3|5|S5,S6,S2,S6,S9|1
PAID_INITIAL|3|5|S5,S6,S2,S7,S6|1
PAID_INITIAL|3|5|S5,S6,S2,S7,S8|1
PAID_INITIAL|3|5|S5,S6,S2,S8,S7|1
PAID_INITIAL|3|5|S5,S6,S3,S6,S5|1
PAID_INITIAL|3|5|S5,S6,S3,S6,S8|1
PAID_INITIAL|3|5|S5,S6,S3,S7,S2|1
PAID_INITIAL|3|5|S5,S6,S4,S3,S2|1
PAID_INITIAL|3|5|S5,S6,S4,S3,S3|1
PAID_INITIAL|3|5|S5,S6,S4,S3,S5|1
PAID_INITIAL|3|5|S5,S6,S4,S6,S3|1
PAID_INITIAL|3|5|S5,S6,S4,S6,S5|1
PAID_INITIAL|3|5|S5,S6,S4,S7,S5|1
PAID_INITIAL|3|5|S5,S6,S5,S7,S2|1
PAID_INITIAL|3|5|S5,S6,S5,S7,S3|1
PAID_INITIAL|3|5|S5,S6,S5,S7,S6|1
PAID_INITIAL|3|5|S5,S6,S6,S2,S4|1
PAID_INITIAL|3|5|S5,S6,S6,S4,S2|1
PAID_INITIAL|3|5|S5,S6,S6,S4,S4|1
PAID_INITIAL|3|5|S5,S6,S7,S5,S3|1
PAID_INITIAL|3|5|S5,S6,S7,S7,S3|1
PAID_INITIAL|3|5|S5,S6,S7,S9,S4|1
PAID_INITIAL|3|5|S5,S6,S8,S5,S9|1
PAID_INITIAL|3|5|S5,S6,S8,S6,S8|1
PAID_INITIAL|3|5|S5,S6,S9,S6,S7|1
PAID_INITIAL|3|5|S5,S6,S9,S8,S2|1
PAID_INITIAL|3|5|S5,S7,S2,S3,S9|1
PAID_INITIAL|3|5|S5,S7,S3,S3,S3|1
PAID_INITIAL|3|5|S5,S7,S3,S4,S7|1
PAID_INITIAL|3|5|S5,S7,S3,S8,S8|2
PAID_INITIAL|3|5|S5,S7,S4,S2,S7|1
PAID_INITIAL|3|5|S5,S7,S4,S3,S9|1
PAID_INITIAL|3|5|S5,S7,S4,S6,S2|1
PAID_INITIAL|3|5|S5,S7,S5,S2,S3|1
PAID_INITIAL|3|5|S5,S7,S6,S3,S4|1
PAID_INITIAL|3|5|S5,S7,S6,S4,S8|1
PAID_INITIAL|3|5|S5,S7,S6,S6,S4|1
PAID_INITIAL|3|5|S5,S7,S6,S7,S5|1
PAID_INITIAL|3|5|S5,S7,S6,S7,S6|1
PAID_INITIAL|3|5|S5,S7,S7,S7,S6|1
PAID_INITIAL|3|5|S5,S7,S8,S4,S2|1
PAID_INITIAL|3|5|S5,S7,S9,S4,S7|1
PAID_INITIAL|3|5|S5,S7,S9,S6,S2|1
PAID_INITIAL|3|5|S5,S7,S9,S9,S2|1
PAID_INITIAL|3|5|S5,S8,S2,S3,S6|1
PAID_INITIAL|3|5|S5,S8,S2,S9,S2|1
PAID_INITIAL|3|5|S5,S8,S4,S2,S3|1
PAID_INITIAL|3|5|S5,S8,S4,S5,S9|1
PAID_INITIAL|3|5|S5,S8,S4,S6,S5|1
PAID_INITIAL|3|5|S5,S8,S4,S9,S2|1
PAID_INITIAL|3|5|S5,S8,S5,S2,S3|1
PAID_INITIAL|3|5|S5,S8,S5,S2,S5|1
PAID_INITIAL|3|5|S5,S8,S5,S2,S8|1
PAID_INITIAL|3|5|S5,S8,S5,S2,S9|1
PAID_INITIAL|3|5|S5,S8,S6,S2,S2|1
PAID_INITIAL|3|5|S5,S8,S6,S5,S2|1
PAID_INITIAL|3|5|S5,S8,S6,S6,S4|1
PAID_INITIAL|3|5|S5,S8,S7,S3,S3|1
PAID_INITIAL|3|5|S5,S8,S7,S3,S6|2
PAID_INITIAL|3|5|S5,S8,S7,S5,S2|1
PAID_INITIAL|3|5|S5,S8,S7,S6,S4|1
PAID_INITIAL|3|5|S5,S8,S7,S6,S9|1
PAID_INITIAL|3|5|S5,S8,S7,S8,S2|1
PAID_INITIAL|3|5|S5,S8,S7,S8,S5|1
PAID_INITIAL|3|5|S5,S8,S8,S1,S5|1
PAID_INITIAL|3|5|S5,S8,S8,S6,S7|1
PAID_INITIAL|3|5|S5,S8,S8,S7,S5|2
PAID_INITIAL|3|5|S5,S8,S9,S7,S7|1
PAID_INITIAL|3|5|S5,S8,S9,S8,S7|1
PAID_INITIAL|3|5|S5,S8,S9,S8,S9|1
PAID_INITIAL|3|5|S5,S8,S9,S9,S8|1
PAID_INITIAL|3|5|S5,S9,S2,S5,S6|1
PAID_INITIAL|3|5|S5,S9,S2,S8,S6|1
PAID_INITIAL|3|5|S5,S9,S3,S2,S5|2
PAID_INITIAL|3|5|S5,S9,S3,S3,S4|1
PAID_INITIAL|3|5|S5,S9,S3,S4,S3|1
PAID_INITIAL|3|5|S5,S9,S4,S3,S2|1
PAID_INITIAL|3|5|S5,S9,S5,S2,S4|1
PAID_INITIAL|3|5|S5,S9,S6,S5,S6|1
PAID_INITIAL|3|5|S5,S9,S6,S5,S7|1
PAID_INITIAL|3|5|S5,S9,S6,S5,S8|1
PAID_INITIAL|3|5|S5,S9,S6,S6,S5|1
PAID_INITIAL|3|5|S5,S9,S6,S9,S4|1
PAID_INITIAL|3|5|S5,S9,S6,S9,S6|1
PAID_INITIAL|3|5|S5,S9,S7,S3,S6|1
PAID_INITIAL|3|5|S5,S9,S7,S8,S7|1
PAID_INITIAL|3|5|S5,S9,S8,S2,S2|1
PAID_INITIAL|3|5|S5,S9,S8,S6,S5|1
PAID_INITIAL|3|5|S5,S9,S8,S7,S8|1
PAID_INITIAL|3|5|S5,S9,S8,S8,S2|1
PAID_INITIAL|3|5|S5,S9,S8,S8,S3|1
PAID_INITIAL|3|5|S5,S9,S8,S8,S8|1
PAID_INITIAL|3|5|S5,S9,S8,S9,S2|1
PAID_INITIAL|3|5|S5,S9,S9,S4,S3|1
PAID_INITIAL|3|5|S5,S9,S9,S4,S6|1
PAID_INITIAL|3|5|S5,S9,S9,S6,S4|1
PAID_INITIAL|3|5|S5,S9,S9,S7,S9|1
PAID_INITIAL|3|5|S5,S9,S9,S9,S2|1
PAID_INITIAL|3|5|S5,S9,S9,S9,S8|1
PAID_INITIAL|3|5|S6,S1,S6,S7,S4|1
PAID_INITIAL|3|5|S6,S1,S8,S9,S6|1
PAID_INITIAL|3|5|S6,S1,S9,S5,S6|1
PAID_INITIAL|3|5|S6,S2,S2,S7,S8|1
PAID_INITIAL|3|5|S6,S2,S2,S9,S2|1
PAID_INITIAL|3|5|S6,S2,S3,S5,S1|1
PAID_INITIAL|3|5|S6,S2,S3,S5,S8|1
PAID_INITIAL|3|5|S6,S2,S3,S9,S6|1
PAID_INITIAL|3|5|S6,S2,S4,S2,S2|1
PAID_INITIAL|3|5|S6,S2,S4,S3,S6|1
PAID_INITIAL|3|5|S6,S2,S4,S4,S8|1
PAID_INITIAL|3|5|S6,S2,S5,S2,S6|1
PAID_INITIAL|3|5|S6,S2,S5,S2,S9|1
PAID_INITIAL|3|5|S6,S2,S6,S4,S6|1
PAID_INITIAL|3|5|S6,S2,S6,S8,S9|1
PAID_INITIAL|3|5|S6,S2,S6,S9,S4|1
PAID_INITIAL|3|5|S6,S2,S7,S4,S7|1
PAID_INITIAL|3|5|S6,S2,S7,S6,S9|1
PAID_INITIAL|3|5|S6,S2,S7,S9,S1|1
PAID_INITIAL|3|5|S6,S2,S8,S8,S7|1
PAID_INITIAL|3|5|S6,S2,S8,S9,S3|1
PAID_INITIAL|3|5|S6,S2,S9,S7,S4|1
PAID_INITIAL|3|5|S6,S2,S9,S9,S2|1
PAID_INITIAL|3|5|S6,S3,S2,S4,S4|1
PAID_INITIAL|3|5|S6,S3,S3,S3,S2|1
PAID_INITIAL|3|5|S6,S3,S3,S4,S7|1
PAID_INITIAL|3|5|S6,S3,S3,S8,S7|1
PAID_INITIAL|3|5|S6,S3,S3,S9,S7|1
PAID_INITIAL|3|5|S6,S3,S4,S3,S5|1
PAID_INITIAL|3|5|S6,S3,S4,S5,S9|2
PAID_INITIAL|3|5|S6,S3,S4,S6,S8|1
PAID_INITIAL|3|5|S6,S3,S4,S8,S3|1
PAID_INITIAL|3|5|S6,S3,S5,S5,S3|1
PAID_INITIAL|3|5|S6,S3,S5,S5,S9|1
PAID_INITIAL|3|5|S6,S3,S6,S8,S2|1
PAID_INITIAL|3|5|S6,S3,S6,S9,S6|1
PAID_INITIAL|3|5|S6,S3,S7,S2,S9|1
PAID_INITIAL|3|5|S6,S3,S7,S5,S4|1
PAID_INITIAL|3|5|S6,S3,S7,S5,S7|1
PAID_INITIAL|3|5|S6,S3,S7,S6,S3|1
PAID_INITIAL|3|5|S6,S3,S7,S8,S7|1
PAID_INITIAL|3|5|S6,S3,S8,S7,S4|1
PAID_INITIAL|3|5|S6,S3,S8,S8,S9|1
PAID_INITIAL|3|5|S6,S3,S9,S7,S9|1
PAID_INITIAL|3|5|S6,S3,S9,S9,S9|1
PAID_INITIAL|3|5|S6,S4,S2,S3,S7|1
PAID_INITIAL|3|5|S6,S4,S2,S5,S2|1
PAID_INITIAL|3|5|S6,S4,S2,S6,S4|1
PAID_INITIAL|3|5|S6,S4,S2,S7,S5|1
PAID_INITIAL|3|5|S6,S4,S3,S3,S2|1
PAID_INITIAL|3|5|S6,S4,S3,S7,S9|1
PAID_INITIAL|3|5|S6,S4,S4,S7,S6|1
PAID_INITIAL|3|5|S6,S4,S4,S9,S9|1
PAID_INITIAL|3|5|S6,S4,S5,S9,S8|1
PAID_INITIAL|3|5|S6,S4,S6,S5,S4|2
PAID_INITIAL|3|5|S6,S4,S6,S6,S3|1
PAID_INITIAL|3|5|S6,S4,S6,S7,S7|1
PAID_INITIAL|3|5|S6,S4,S6,S9,S5|1
PAID_INITIAL|3|5|S6,S4,S7,S4,S5|1
PAID_INITIAL|3|5|S6,S4,S7,S5,S2|1
PAID_INITIAL|3|5|S6,S4,S7,S5,S3|1
PAID_INITIAL|3|5|S6,S4,S7,S7,S5|1
PAID_INITIAL|3|5|S6,S4,S8,S5,S5|1
PAID_INITIAL|3|5|S6,S4,S8,S8,S3|1
PAID_INITIAL|3|5|S6,S4,S8,S8,S4|1
PAID_INITIAL|3|5|S6,S4,S8,S9,S2|1
PAID_INITIAL|3|5|S6,S4,S8,S9,S7|1
PAID_INITIAL|3|5|S6,S4,S9,S7,S9|1
PAID_INITIAL|3|5|S6,S4,S9,S8,S3|2
PAID_INITIAL|3|5|S6,S5,S1,S6,S9|1
PAID_INITIAL|3|5|S6,S5,S2,S2,S8|1
PAID_INITIAL|3|5|S6,S5,S2,S4,S2|1
PAID_INITIAL|3|5|S6,S5,S2,S5,S4|1
PAID_INITIAL|3|5|S6,S5,S2,S6,S6|1
PAID_INITIAL|3|5|S6,S5,S3,S3,S8|1
PAID_INITIAL|3|5|S6,S5,S3,S9,S6|1
PAID_INITIAL|3|5|S6,S5,S4,S5,S9|1
PAID_INITIAL|3|5|S6,S5,S4,S6,S9|1
PAID_INITIAL|3|5|S6,S5,S5,S9,S6|1
PAID_INITIAL|3|5|S6,S5,S6,S4,S2|1
PAID_INITIAL|3|5|S6,S5,S6,S4,S7|1
PAID_INITIAL|3|5|S6,S5,S6,S5,S5|1
PAID_INITIAL|3|5|S6,S5,S6,S7,S9|1
PAID_INITIAL|3|5|S6,S5,S7,S4,S6|1
PAID_INITIAL|3|5|S6,S5,S7,S7,S4|1
PAID_INITIAL|3|5|S6,S5,S7,S7,S9|1
PAID_INITIAL|3|5|S6,S5,S8,S2,S7|1
PAID_INITIAL|3|5|S6,S5,S8,S3,S3|1
PAID_INITIAL|3|5|S6,S5,S8,S5,S4|1
PAID_INITIAL|3|5|S6,S5,S8,S9,S7|1
PAID_INITIAL|3|5|S6,S5,S9,S6,S9|1
PAID_INITIAL|3|5|S6,S6,S2,S1,S7|1
PAID_INITIAL|3|5|S6,S6,S2,S2,S6|1
PAID_INITIAL|3|5|S6,S6,S2,S3,S6|1
PAID_INITIAL|3|5|S6,S6,S2,S8,S9|1
PAID_INITIAL|3|5|S6,S6,S3,S2,S6|1
PAID_INITIAL|3|5|S6,S6,S3,S3,S4|1
PAID_INITIAL|3|5|S6,S6,S3,S3,S6|1
PAID_INITIAL|3|5|S6,S6,S3,S5,S3|1
PAID_INITIAL|3|5|S6,S6,S3,S6,S8|1
PAID_INITIAL|3|5|S6,S6,S4,S3,S7|1
PAID_INITIAL|3|5|S6,S6,S5,S4,S7|1
PAID_INITIAL|3|5|S6,S6,S5,S8,S4|1
PAID_INITIAL|3|5|S6,S6,S6,S2,S4|1
PAID_INITIAL|3|5|S6,S6,S7,S6,S4|1
PAID_INITIAL|3|5|S6,S6,S7,S8,S2|1
PAID_INITIAL|3|5|S6,S6,S8,S2,S8|1
PAID_INITIAL|3|5|S6,S6,S8,S5,S4|1
PAID_INITIAL|3|5|S6,S6,S8,S6,S6|1
PAID_INITIAL|3|5|S6,S6,S8,S6,S9|1
PAID_INITIAL|3|5|S6,S6,S8,S9,S5|1
PAID_INITIAL|3|5|S6,S6,S9,S6,S3|1
PAID_INITIAL|3|5|S6,S6,S9,S8,S3|1
PAID_INITIAL|3|5|S6,S7,S2,S4,S5|1
PAID_INITIAL|3|5|S6,S7,S3,S3,S2|1
PAID_INITIAL|3|5|S6,S7,S3,S4,S7|1
PAID_INITIAL|3|5|S6,S7,S3,S6,S5|1
PAID_INITIAL|3|5|S6,S7,S3,S6,S6|1
PAID_INITIAL|3|5|S6,S7,S4,S4,S2|1
PAID_INITIAL|3|5|S6,S7,S4,S4,S8|1
PAID_INITIAL|3|5|S6,S7,S4,S5,S3|1
PAID_INITIAL|3|5|S6,S7,S5,S2,S5|1
PAID_INITIAL|3|5|S6,S7,S5,S3,S9|1
PAID_INITIAL|3|5|S6,S7,S7,S3,S8|1
PAID_INITIAL|3|5|S6,S7,S7,S7,S9|1
PAID_INITIAL|3|5|S6,S7,S7,S9,S3|1
PAID_INITIAL|3|5|S6,S7,S8,S9,S5|1
PAID_INITIAL|3|5|S6,S7,S9,S1,S6|1
PAID_INITIAL|3|5|S6,S7,S9,S2,S5|1
PAID_INITIAL|3|5|S6,S7,S9,S3,S3|1
PAID_INITIAL|3|5|S6,S7,S9,S3,S5|1
PAID_INITIAL|3|5|S6,S7,S9,S3,S6|1
PAID_INITIAL|3|5|S6,S7,S9,S8,S6|1
PAID_INITIAL|3|5|S6,S8,S1,S7,S8|1
PAID_INITIAL|3|5|S6,S8,S2,S2,S1|1
PAID_INITIAL|3|5|S6,S8,S2,S3,S5|1
PAID_INITIAL|3|5|S6,S8,S2,S4,S7|1
PAID_INITIAL|3|5|S6,S8,S2,S4,S9|1
PAID_INITIAL|3|5|S6,S8,S3,S1,S9|1
PAID_INITIAL|3|5|S6,S8,S3,S3,S6|1
PAID_INITIAL|3|5|S6,S8,S3,S3,S8|1
PAID_INITIAL|3|5|S6,S8,S3,S4,S5|1
PAID_INITIAL|3|5|S6,S8,S3,S5,S2|1
PAID_INITIAL|3|5|S6,S8,S3,S6,S8|1
PAID_INITIAL|3|5|S6,S8,S3,S9,S3|1
PAID_INITIAL|3|5|S6,S8,S4,S3,S4|1
PAID_INITIAL|3|5|S6,S8,S4,S8,S7|2
PAID_INITIAL|3|5|S6,S8,S5,S5,S1|1
PAID_INITIAL|3|5|S6,S8,S5,S5,S3|1
PAID_INITIAL|3|5|S6,S8,S6,S9,S4|1
PAID_INITIAL|3|5|S6,S8,S7,S8,S3|1
PAID_INITIAL|3|5|S6,S8,S7,S8,S8|1
PAID_INITIAL|3|5|S6,S8,S8,S2,S8|1
PAID_INITIAL|3|5|S6,S8,S8,S3,S4|1
PAID_INITIAL|3|5|S6,S8,S8,S3,S5|1
PAID_INITIAL|3|5|S6,S8,S8,S4,S6|1
PAID_INITIAL|3|5|S6,S8,S8,S7,S6|1
PAID_INITIAL|3|5|S6,S8,S8,S7,S9|1
PAID_INITIAL|3|5|S6,S8,S8,S8,S9|2
PAID_INITIAL|3|5|S6,S8,S9,S5,S9|1
PAID_INITIAL|3|5|S6,S9,S2,S6,S3|1
PAID_INITIAL|3|5|S6,S9,S2,S6,S9|1
PAID_INITIAL|3|5|S6,S9,S2,S8,S4|1
PAID_INITIAL|3|5|S6,S9,S2,S9,S9|4
PAID_INITIAL|3|5|S6,S9,S3,S5,S6|1
PAID_INITIAL|3|5|S6,S9,S4,S4,S8|1
PAID_INITIAL|3|5|S6,S9,S5,S8,S6|1
PAID_INITIAL|3|5|S6,S9,S6,S3,S8|1
PAID_INITIAL|3|5|S6,S9,S6,S5,S2|1
PAID_INITIAL|3|5|S6,S9,S6,S6,S4|1
PAID_INITIAL|3|5|S6,S9,S6,S8,S4|1
PAID_INITIAL|3|5|S6,S9,S6,S9,S3|1
PAID_INITIAL|3|5|S6,S9,S9,S5,S8|1
PAID_INITIAL|3|5|S6,S9,S9,S9,S3|1
PAID_INITIAL|3|5|S6,S9,S9,S9,S7|1
PAID_INITIAL|3|5|S7,S1,S2,S2,S3|1
PAID_INITIAL|3|5|S7,S1,S8,S9,S8|1
PAID_INITIAL|3|5|S7,S2,S3,S2,S9|1
PAID_INITIAL|3|5|S7,S2,S3,S9,S4|1
PAID_INITIAL|3|5|S7,S2,S3,S9,S9|1
PAID_INITIAL|3|5|S7,S2,S4,S3,S9|1
PAID_INITIAL|3|5|S7,S2,S4,S6,S3|1
PAID_INITIAL|3|5|S7,S2,S5,S2,S7|1
PAID_INITIAL|3|5|S7,S2,S5,S6,S7|1
PAID_INITIAL|3|5|S7,S2,S7,S2,S4|1
PAID_INITIAL|3|5|S7,S2,S7,S2,S8|1
PAID_INITIAL|3|5|S7,S2,S7,S3,S5|1
PAID_INITIAL|3|5|S7,S2,S8,S2,S9|1
PAID_INITIAL|3|5|S7,S2,S8,S4,S5|1
PAID_INITIAL|3|5|S7,S2,S8,S4,S9|1
PAID_INITIAL|3|5|S7,S2,S8,S7,S4|1
PAID_INITIAL|3|5|S7,S2,S9,S9,S6|1
PAID_INITIAL|3|5|S7,S3,S2,S4,S8|1
PAID_INITIAL|3|5|S7,S3,S2,S5,S1|1
PAID_INITIAL|3|5|S7,S3,S2,S5,S4|1
PAID_INITIAL|3|5|S7,S3,S2,S9,S8|1
PAID_INITIAL|3|5|S7,S3,S3,S3,S5|2
PAID_INITIAL|3|5|S7,S3,S3,S3,S7|1
PAID_INITIAL|3|5|S7,S3,S3,S4,S5|1
PAID_INITIAL|3|5|S7,S3,S3,S5,S2|1
PAID_INITIAL|3|5|S7,S3,S3,S6,S7|1
PAID_INITIAL|3|5|S7,S3,S3,S7,S6|1
PAID_INITIAL|3|5|S7,S3,S4,S4,S3|1
PAID_INITIAL|3|5|S7,S3,S4,S5,S6|1
PAID_INITIAL|3|5|S7,S3,S4,S9,S6|1
PAID_INITIAL|3|5|S7,S3,S5,S3,S6|1
PAID_INITIAL|3|5|S7,S3,S6,S2,S8|1
PAID_INITIAL|3|5|S7,S3,S6,S3,S5|1
PAID_INITIAL|3|5|S7,S3,S6,S4,S5|2
PAID_INITIAL|3|5|S7,S3,S6,S5,S7|1
PAID_INITIAL|3|5|S7,S3,S6,S6,S5|1
PAID_INITIAL|3|5|S7,S3,S7,S8,S2|1
PAID_INITIAL|3|5|S7,S3,S8,S4,S9|1
PAID_INITIAL|3|5|S7,S3,S8,S5,S4|1
PAID_INITIAL|3|5|S7,S3,S8,S8,S2|1
PAID_INITIAL|3|5|S7,S3,S9,S9,S9|2
PAID_INITIAL|3|5|S7,S4,S2,S2,S2|1
PAID_INITIAL|3|5|S7,S4,S2,S2,S4|1
PAID_INITIAL|3|5|S7,S4,S2,S5,S6|1
PAID_INITIAL|3|5|S7,S4,S2,S8,S6|1
PAID_INITIAL|3|5|S7,S4,S2,S9,S7|1
PAID_INITIAL|3|5|S7,S4,S3,S4,S4|1
PAID_INITIAL|3|5|S7,S4,S3,S7,S4|1
PAID_INITIAL|3|5|S7,S4,S3,S9,S5|1
PAID_INITIAL|3|5|S7,S4,S4,S2,S8|1
PAID_INITIAL|3|5|S7,S4,S4,S5,S8|1
PAID_INITIAL|3|5|S7,S4,S5,S4,S8|1
PAID_INITIAL|3|5|S7,S4,S5,S5,S6|1
PAID_INITIAL|3|5|S7,S4,S5,S6,S4|1
PAID_INITIAL|3|5|S7,S4,S5,S7,S7|1
PAID_INITIAL|3|5|S7,S4,S6,S3,S8|1
PAID_INITIAL|3|5|S7,S4,S6,S8,S6|1
PAID_INITIAL|3|5|S7,S4,S6,S9,S8|1
PAID_INITIAL|3|5|S7,S4,S7,S4,S8|1
PAID_INITIAL|3|5|S7,S4,S7,S6,S6|1
PAID_INITIAL|3|5|S7,S4,S7,S8,S8|1
PAID_INITIAL|3|5|S7,S4,S8,S4,S3|1
PAID_INITIAL|3|5|S7,S4,S8,S9,S3|1
PAID_INITIAL|3|5|S7,S4,S9,S3,S2|1
PAID_INITIAL|3|5|S7,S4,S9,S5,S9|1
PAID_INITIAL|3|5|S7,S4,S9,S6,S9|1
PAID_INITIAL|3|5|S7,S4,S9,S8,S7|1
PAID_INITIAL|3|5|S7,S5,S2,S6,S6|1
PAID_INITIAL|3|5|S7,S5,S2,S7,S7|1
PAID_INITIAL|3|5|S7,S5,S3,S5,S2|1
PAID_INITIAL|3|5|S7,S5,S3,S5,S7|1
PAID_INITIAL|3|5|S7,S5,S3,S7,S5|1
PAID_INITIAL|3|5|S7,S5,S3,S9,S2|1
PAID_INITIAL|3|5|S7,S5,S3,S9,S4|1
PAID_INITIAL|3|5|S7,S5,S3,S9,S8|1
PAID_INITIAL|3|5|S7,S5,S3,S9,S9|1
PAID_INITIAL|3|5|S7,S5,S4,S3,S5|1
PAID_INITIAL|3|5|S7,S5,S4,S7,S5|1
PAID_INITIAL|3|5|S7,S5,S4,S8,S2|1
PAID_INITIAL|3|5|S7,S5,S5,S2,S8|1
PAID_INITIAL|3|5|S7,S5,S5,S3,S7|1
PAID_INITIAL|3|5|S7,S5,S5,S6,S5|1
PAID_INITIAL|3|5|S7,S5,S7,S8,S5|1
PAID_INITIAL|3|5|S7,S5,S7,S9,S3|1
PAID_INITIAL|3|5|S7,S5,S8,S5,S5|1
PAID_INITIAL|3|5|S7,S5,S8,S6,S3|1
PAID_INITIAL|3|5|S7,S5,S8,S8,S6|1
PAID_INITIAL|3|5|S7,S5,S9,S6,S7|1
PAID_INITIAL|3|5|S7,S5,S9,S7,S6|1
PAID_INITIAL|3|5|S7,S5,S9,S9,S2|1
PAID_INITIAL|3|5|S7,S6,S2,S9,S7|1
PAID_INITIAL|3|5|S7,S6,S3,S2,S4|1
PAID_INITIAL|3|5|S7,S6,S4,S3,S5|1
PAID_INITIAL|3|5|S7,S6,S4,S4,S4|1
PAID_INITIAL|3|5|S7,S6,S4,S5,S7|1
PAID_INITIAL|3|5|S7,S6,S4,S6,S7|1
PAID_INITIAL|3|5|S7,S6,S4,S7,S6|1
PAID_INITIAL|3|5|S7,S6,S5,S3,S6|1
PAID_INITIAL|3|5|S7,S6,S5,S4,S9|1
PAID_INITIAL|3|5|S7,S6,S5,S7,S7|1
PAID_INITIAL|3|5|S7,S6,S6,S6,S7|1
PAID_INITIAL|3|5|S7,S6,S6,S7,S5|1
PAID_INITIAL|3|5|S7,S6,S7,S3,S7|1
PAID_INITIAL|3|5|S7,S6,S9,S2,S5|1
PAID_INITIAL|3|5|S7,S6,S9,S2,S9|1
PAID_INITIAL|3|5|S7,S6,S9,S7,S7|1
PAID_INITIAL|3|5|S7,S6,S9,S8,S2|1
PAID_INITIAL|3|5|S7,S7,S2,S8,S8|1
PAID_INITIAL|3|5|S7,S7,S3,S4,S5|1
PAID_INITIAL|3|5|S7,S7,S3,S7,S8|1
PAID_INITIAL|3|5|S7,S7,S3,S8,S4|1
PAID_INITIAL|3|5|S7,S7,S3,S8,S6|1
PAID_INITIAL|3|5|S7,S7,S3,S8,S8|1
PAID_INITIAL|3|5|S7,S7,S4,S7,S5|1
PAID_INITIAL|3|5|S7,S7,S4,S8,S1|1
PAID_INITIAL|3|5|S7,S7,S5,S1,S9|1
PAID_INITIAL|3|5|S7,S7,S5,S2,S6|1
PAID_INITIAL|3|5|S7,S7,S5,S5,S5|1
PAID_INITIAL|3|5|S7,S7,S5,S6,S2|1
PAID_INITIAL|3|5|S7,S7,S5,S6,S6|1
PAID_INITIAL|3|5|S7,S7,S5,S8,S2|1
PAID_INITIAL|3|5|S7,S7,S5,S9,S7|1
PAID_INITIAL|3|5|S7,S7,S6,S3,S4|1
PAID_INITIAL|3|5|S7,S7,S6,S7,S2|1
PAID_INITIAL|3|5|S7,S7,S6,S7,S7|2
PAID_INITIAL|3|5|S7,S7,S7,S4,S2|1
PAID_INITIAL|3|5|S7,S7,S7,S4,S8|1
PAID_INITIAL|3|5|S7,S7,S7,S6,S4|1
PAID_INITIAL|3|5|S7,S7,S7,S6,S6|1
PAID_INITIAL|3|5|S7,S7,S8,S9,S6|1
PAID_INITIAL|3|5|S7,S7,S9,S2,S2|1
PAID_INITIAL|3|5|S7,S7,S9,S2,S4|1
PAID_INITIAL|3|5|S7,S7,S9,S2,S9|1
PAID_INITIAL|3|5|S7,S7,S9,S3,S3|1
PAID_INITIAL|3|5|S7,S7,S9,S3,S7|1
PAID_INITIAL|3|5|S7,S7,S9,S5,S3|1
PAID_INITIAL|3|5|S7,S7,S9,S7,S7|1
PAID_INITIAL|3|5|S7,S8,S1,S5,S2|1
PAID_INITIAL|3|5|S7,S8,S2,S2,S4|1
PAID_INITIAL|3|5|S7,S8,S2,S2,S7|1
PAID_INITIAL|3|5|S7,S8,S2,S4,S4|1
PAID_INITIAL|3|5|S7,S8,S2,S6,S6|1
PAID_INITIAL|3|5|S7,S8,S2,S6,S8|1
PAID_INITIAL|3|5|S7,S8,S2,S9,S9|1
PAID_INITIAL|3|5|S7,S8,S3,S3,S7|1
PAID_INITIAL|3|5|S7,S8,S3,S3,S9|1
PAID_INITIAL|3|5|S7,S8,S3,S5,S6|1
PAID_INITIAL|3|5|S7,S8,S3,S6,S3|1
PAID_INITIAL|3|5|S7,S8,S3,S8,S7|1
PAID_INITIAL|3|5|S7,S8,S4,S5,S7|1
PAID_INITIAL|3|5|S7,S8,S4,S6,S2|2
PAID_INITIAL|3|5|S7,S8,S4,S6,S9|2
PAID_INITIAL|3|5|S7,S8,S5,S1,S3|1
PAID_INITIAL|3|5|S7,S8,S5,S7,S6|1
PAID_INITIAL|3|5|S7,S8,S6,S2,S4|1
PAID_INITIAL|3|5|S7,S8,S6,S3,S2|1
PAID_INITIAL|3|5|S7,S8,S6,S5,S2|1
PAID_INITIAL|3|5|S7,S8,S6,S6,S9|1
PAID_INITIAL|3|5|S7,S8,S6,S8,S5|1
PAID_INITIAL|3|5|S7,S8,S7,S2,S9|1
PAID_INITIAL|3|5|S7,S8,S7,S3,S3|1
PAID_INITIAL|3|5|S7,S8,S7,S3,S5|1
PAID_INITIAL|3|5|S7,S8,S7,S7,S4|1
PAID_INITIAL|3|5|S7,S8,S8,S3,S3|1
PAID_INITIAL|3|5|S7,S8,S8,S6,S7|1
PAID_INITIAL|3|5|S7,S8,S9,S4,S4|1
PAID_INITIAL|3|5|S7,S8,S9,S4,S8|1
PAID_INITIAL|3|5|S7,S8,S9,S5,S3|1
PAID_INITIAL|3|5|S7,S8,S9,S7,S8|1
PAID_INITIAL|3|5|S7,S8,S9,S9,S3|1
PAID_INITIAL|3|5|S7,S9,S2,S2,S8|1
PAID_INITIAL|3|5|S7,S9,S2,S6,S9|1
PAID_INITIAL|3|5|S7,S9,S3,S7,S2|1
PAID_INITIAL|3|5|S7,S9,S4,S3,S4|1
PAID_INITIAL|3|5|S7,S9,S4,S4,S6|1
PAID_INITIAL|3|5|S7,S9,S4,S5,S6|2
PAID_INITIAL|3|5|S7,S9,S5,S1,S9|1
PAID_INITIAL|3|5|S7,S9,S5,S4,S9|1
PAID_INITIAL|3|5|S7,S9,S5,S5,S6|1
PAID_INITIAL|3|5|S7,S9,S5,S6,S7|1
PAID_INITIAL|3|5|S7,S9,S6,S4,S3|1
PAID_INITIAL|3|5|S7,S9,S6,S8,S4|2
PAID_INITIAL|3|5|S7,S9,S7,S2,S4|1
PAID_INITIAL|3|5|S7,S9,S7,S4,S7|2
PAID_INITIAL|3|5|S7,S9,S7,S8,S9|1
PAID_INITIAL|3|5|S7,S9,S8,S2,S4|1
PAID_INITIAL|3|5|S7,S9,S8,S8,S5|1
PAID_INITIAL|3|5|S7,S9,S8,S8,S9|1
PAID_INITIAL|3|5|S7,S9,S9,S4,S2|1
PAID_INITIAL|3|5|S7,S9,S9,S8,S2|1
PAID_INITIAL|3|5|S8,S1,S3,S2,S2|1
PAID_INITIAL|3|5|S8,S1,S3,S2,S7|1
PAID_INITIAL|3|5|S8,S1,S8,S4,S2|1
PAID_INITIAL|3|5|S8,S2,S2,S2,S4|1
PAID_INITIAL|3|5|S8,S2,S2,S2,S9|1
PAID_INITIAL|3|5|S8,S2,S2,S7,S3|1
PAID_INITIAL|3|5|S8,S2,S2,S8,S7|1
PAID_INITIAL|3|5|S8,S2,S3,S2,S6|1
PAID_INITIAL|3|5|S8,S2,S3,S2,S9|1
PAID_INITIAL|3|5|S8,S2,S3,S3,S7|1
PAID_INITIAL|3|5|S8,S2,S3,S5,S1|1
PAID_INITIAL|3|5|S8,S2,S4,S2,S8|1
PAID_INITIAL|3|5|S8,S2,S4,S3,S9|1
PAID_INITIAL|3|5|S8,S2,S5,S7,S8|1
PAID_INITIAL|3|5|S8,S2,S5,S9,S7|1
PAID_INITIAL|3|5|S8,S2,S8,S2,S2|1
PAID_INITIAL|3|5|S8,S2,S8,S3,S1|1
PAID_INITIAL|3|5|S8,S2,S8,S4,S7|1
PAID_INITIAL|3|5|S8,S2,S9,S7,S6|1
PAID_INITIAL|3|5|S8,S2,S9,S8,S3|1
PAID_INITIAL|3|5|S8,S3,S2,S4,S4|1
PAID_INITIAL|3|5|S8,S3,S2,S5,S4|1
PAID_INITIAL|3|5|S8,S3,S2,S9,S6|2
PAID_INITIAL|3|5|S8,S3,S3,S4,S5|1
PAID_INITIAL|3|5|S8,S3,S3,S5,S2|1
PAID_INITIAL|3|5|S8,S3,S3,S5,S7|1
PAID_INITIAL|3|5|S8,S3,S3,S8,S8|1
PAID_INITIAL|3|5|S8,S3,S5,S5,S5|1
PAID_INITIAL|3|5|S8,S3,S5,S9,S4|1
PAID_INITIAL|3|5|S8,S3,S6,S3,S7|1
PAID_INITIAL|3|5|S8,S3,S6,S5,S2|1
PAID_INITIAL|3|5|S8,S3,S6,S6,S6|1
PAID_INITIAL|3|5|S8,S3,S7,S8,S5|1
PAID_INITIAL|3|5|S8,S3,S7,S8,S7|1
PAID_INITIAL|3|5|S8,S3,S8,S2,S8|1
PAID_INITIAL|3|5|S8,S3,S8,S3,S9|1
PAID_INITIAL|3|5|S8,S3,S8,S5,S1|1
PAID_INITIAL|3|5|S8,S3,S8,S6,S2|1
PAID_INITIAL|3|5|S8,S3,S8,S9,S9|1
PAID_INITIAL|3|5|S8,S4,S2,S4,S9|1
PAID_INITIAL|3|5|S8,S4,S2,S6,S2|1
PAID_INITIAL|3|5|S8,S4,S3,S4,S7|1
PAID_INITIAL|3|5|S8,S4,S3,S5,S4|1
PAID_INITIAL|3|5|S8,S4,S3,S5,S9|1
PAID_INITIAL|3|5|S8,S4,S3,S6,S2|1
PAID_INITIAL|3|5|S8,S4,S3,S8,S5|1
PAID_INITIAL|3|5|S8,S4,S4,S3,S6|1
PAID_INITIAL|3|5|S8,S4,S4,S7,S8|1
PAID_INITIAL|3|5|S8,S4,S5,S7,S8|1
PAID_INITIAL|3|5|S8,S4,S7,S8,S2|1
PAID_INITIAL|3|5|S8,S4,S8,S5,S2|1
PAID_INITIAL|3|5|S8,S4,S9,S2,S9|1
PAID_INITIAL|3|5|S8,S4,S9,S7,S8|1
PAID_INITIAL|3|5|S8,S4,S9,S9,S3|1
PAID_INITIAL|3|5|S8,S4,S9,S9,S4|1
PAID_INITIAL|3|5|S8,S4,S9,S9,S8|1
PAID_INITIAL|3|5|S8,S5,S1,S9,S2|1
PAID_INITIAL|3|5|S8,S5,S2,S3,S7|1
PAID_INITIAL|3|5|S8,S5,S2,S5,S7|1
PAID_INITIAL|3|5|S8,S5,S2,S9,S7|1
PAID_INITIAL|3|5|S8,S5,S3,S7,S7|1
PAID_INITIAL|3|5|S8,S5,S3,S8,S9|1
PAID_INITIAL|3|5|S8,S5,S4,S6,S2|1
PAID_INITIAL|3|5|S8,S5,S4,S6,S5|2
PAID_INITIAL|3|5|S8,S5,S4,S6,S9|1
PAID_INITIAL|3|5|S8,S5,S4,S8,S7|1
PAID_INITIAL|3|5|S8,S5,S5,S6,S8|1
PAID_INITIAL|3|5|S8,S5,S6,S3,S9|1
PAID_INITIAL|3|5|S8,S5,S6,S4,S6|1
PAID_INITIAL|3|5|S8,S5,S7,S7,S2|1
PAID_INITIAL|3|5|S8,S5,S7,S9,S4|1
PAID_INITIAL|3|5|S8,S5,S8,S2,S4|1
PAID_INITIAL|3|5|S8,S5,S8,S2,S9|1
PAID_INITIAL|3|5|S8,S5,S8,S4,S7|1
PAID_INITIAL|3|5|S8,S5,S8,S6,S8|1
PAID_INITIAL|3|5|S8,S5,S8,S9,S4|1
PAID_INITIAL|3|5|S8,S5,S8,S9,S8|1
PAID_INITIAL|3|5|S8,S5,S9,S5,S2|1
PAID_INITIAL|3|5|S8,S5,S9,S8,S3|1
PAID_INITIAL|3|5|S8,S6,S2,S2,S9|2
PAID_INITIAL|3|5|S8,S6,S2,S4,S5|1
PAID_INITIAL|3|5|S8,S6,S2,S6,S9|1
PAID_INITIAL|3|5|S8,S6,S2,S8,S8|1
PAID_INITIAL|3|5|S8,S6,S3,S5,S9|1
PAID_INITIAL|3|5|S8,S6,S3,S8,S8|1
PAID_INITIAL|3|5|S8,S6,S5,S4,S7|1
PAID_INITIAL|3|5|S8,S6,S6,S2,S8|1
PAID_INITIAL|3|5|S8,S6,S6,S4,S2|1
PAID_INITIAL|3|5|S8,S6,S6,S7,S5|1
PAID_INITIAL|3|5|S8,S6,S6,S9,S7|1
PAID_INITIAL|3|5|S8,S6,S7,S9,S4|1
PAID_INITIAL|3|5|S8,S6,S7,S9,S7|1
PAID_INITIAL|3|5|S8,S6,S8,S8,S2|1
PAID_INITIAL|3|5|S8,S6,S8,S8,S7|1
PAID_INITIAL|3|5|S8,S6,S9,S6,S6|1
PAID_INITIAL|3|5|S8,S6,S9,S7,S2|1
PAID_INITIAL|3|5|S8,S7,S2,S4,S3|1
PAID_INITIAL|3|5|S8,S7,S3,S4,S2|1
PAID_INITIAL|3|5|S8,S7,S3,S4,S6|1
PAID_INITIAL|3|5|S8,S7,S3,S5,S3|1
PAID_INITIAL|3|5|S8,S7,S3,S5,S9|1
PAID_INITIAL|3|5|S8,S7,S3,S8,S2|1
PAID_INITIAL|3|5|S8,S7,S3,S9,S4|1
PAID_INITIAL|3|5|S8,S7,S4,S3,S7|1
PAID_INITIAL|3|5|S8,S7,S5,S4,S4|1
PAID_INITIAL|3|5|S8,S7,S5,S4,S6|1
PAID_INITIAL|3|5|S8,S7,S5,S5,S5|1
PAID_INITIAL|3|5|S8,S7,S6,S2,S7|2
PAID_INITIAL|3|5|S8,S7,S6,S3,S4|1
PAID_INITIAL|3|5|S8,S7,S6,S7,S5|1
PAID_INITIAL|3|5|S8,S7,S6,S7,S8|1
PAID_INITIAL|3|5|S8,S7,S6,S8,S6|1
PAID_INITIAL|3|5|S8,S7,S6,S9,S5|1
PAID_INITIAL|3|5|S8,S7,S7,S6,S4|1
PAID_INITIAL|3|5|S8,S7,S8,S2,S5|1
PAID_INITIAL|3|5|S8,S7,S8,S4,S3|1
PAID_INITIAL|3|5|S8,S7,S8,S4,S4|1
PAID_INITIAL|3|5|S8,S7,S8,S6,S7|1
PAID_INITIAL|3|5|S8,S7,S9,S6,S4|1
PAID_INITIAL|3|5|S8,S7,S9,S7,S7|1
PAID_INITIAL|3|5|S8,S7,S9,S8,S3|1
PAID_INITIAL|3|5|S8,S8,S2,S7,S8|1
PAID_INITIAL|3|5|S8,S8,S3,S3,S4|1
PAID_INITIAL|3|5|S8,S8,S3,S5,S6|1
PAID_INITIAL|3|5|S8,S8,S3,S7,S2|1
PAID_INITIAL|3|5|S8,S8,S3,S9,S3|1
PAID_INITIAL|3|5|S8,S8,S4,S2,S5|1
PAID_INITIAL|3|5|S8,S8,S4,S4,S2|1
PAID_INITIAL|3|5|S8,S8,S4,S4,S8|1
PAID_INITIAL|3|5|S8,S8,S4,S6,S8|1
PAID_INITIAL|3|5|S8,S8,S4,S9,S3|1
PAID_INITIAL|3|5|S8,S8,S4,S9,S9|1
PAID_INITIAL|3|5|S8,S8,S5,S5,S8|1
PAID_INITIAL|3|5|S8,S8,S5,S9,S2|1
PAID_INITIAL|3|5|S8,S8,S5,S9,S3|1
PAID_INITIAL|3|5|S8,S8,S6,S2,S6|1
PAID_INITIAL|3|5|S8,S8,S6,S7,S7|1
PAID_INITIAL|3|5|S8,S8,S6,S8,S6|1
PAID_INITIAL|3|5|S8,S8,S6,S9,S9|1
PAID_INITIAL|3|5|S8,S8,S7,S3,S5|1
PAID_INITIAL|3|5|S8,S8,S7,S5,S3|1
PAID_INITIAL|3|5|S8,S8,S8,S7,S9|1
PAID_INITIAL|3|5|S8,S8,S8,S9,S4|1
PAID_INITIAL|3|5|S8,S8,S8,S9,S8|1
PAID_INITIAL|3|5|S8,S8,S9,S9,S7|1
PAID_INITIAL|3|5|S8,S9,S1,S6,S2|1
PAID_INITIAL|3|5|S8,S9,S2,S5,S9|1
PAID_INITIAL|3|5|S8,S9,S2,S6,S9|1
PAID_INITIAL|3|5|S8,S9,S3,S4,S6|1
PAID_INITIAL|3|5|S8,S9,S3,S6,S1|1
PAID_INITIAL|3|5|S8,S9,S3,S7,S6|1
PAID_INITIAL|3|5|S8,S9,S3,S7,S9|1
PAID_INITIAL|3|5|S8,S9,S4,S7,S9|1
PAID_INITIAL|3|5|S8,S9,S4,S8,S7|1
PAID_INITIAL|3|5|S8,S9,S5,S4,S3|1
PAID_INITIAL|3|5|S8,S9,S6,S2,S2|1
PAID_INITIAL|3|5|S8,S9,S7,S3,S6|1
PAID_INITIAL|3|5|S8,S9,S7,S9,S8|1
PAID_INITIAL|3|5|S8,S9,S8,S2,S7|1
PAID_INITIAL|3|5|S8,S9,S8,S5,S2|1
PAID_INITIAL|3|5|S8,S9,S9,S6,S5|1
PAID_INITIAL|3|5|S8,S9,S9,S9,S2|1
PAID_INITIAL|3|5|S9,S1,S2,S8,S6|1
PAID_INITIAL|3|5|S9,S1,S4,S7,S8|1
PAID_INITIAL|3|5|S9,S1,S6,S6,S3|1
PAID_INITIAL|3|5|S9,S2,S1,S1,S8|1
PAID_INITIAL|3|5|S9,S2,S2,S2,S5|1
PAID_INITIAL|3|5|S9,S2,S2,S5,S5|1
PAID_INITIAL|3|5|S9,S2,S2,S6,S9|1
PAID_INITIAL|3|5|S9,S2,S2,S7,S7|2
PAID_INITIAL|3|5|S9,S2,S2,S9,S9|1
PAID_INITIAL|3|5|S9,S2,S6,S2,S8|1
PAID_INITIAL|3|5|S9,S2,S6,S2,S9|1
PAID_INITIAL|3|5|S9,S2,S6,S7,S6|1
PAID_INITIAL|3|5|S9,S2,S7,S3,S5|1
PAID_INITIAL|3|5|S9,S2,S7,S5,S5|1
PAID_INITIAL|3|5|S9,S2,S7,S5,S6|1
PAID_INITIAL|3|5|S9,S2,S7,S8,S6|1
PAID_INITIAL|3|5|S9,S2,S8,S4,S8|1
PAID_INITIAL|3|5|S9,S2,S8,S7,S3|1
PAID_INITIAL|3|5|S9,S2,S9,S8,S8|1
PAID_INITIAL|3|5|S9,S3,S3,S7,S7|1
PAID_INITIAL|3|5|S9,S3,S3,S9,S8|1
PAID_INITIAL|3|5|S9,S3,S4,S7,S3|1
PAID_INITIAL|3|5|S9,S3,S5,S3,S7|1
PAID_INITIAL|3|5|S9,S3,S6,S3,S2|1
PAID_INITIAL|3|5|S9,S3,S6,S3,S7|1
PAID_INITIAL|3|5|S9,S3,S6,S4,S7|1
PAID_INITIAL|3|5|S9,S3,S6,S5,S4|1
PAID_INITIAL|3|5|S9,S3,S6,S9,S2|1
PAID_INITIAL|3|5|S9,S3,S7,S2,S8|1
PAID_INITIAL|3|5|S9,S3,S7,S2,S9|1
PAID_INITIAL|3|5|S9,S3,S7,S3,S3|1
PAID_INITIAL|3|5|S9,S3,S7,S7,S4|1
PAID_INITIAL|3|5|S9,S3,S7,S9,S7|1
PAID_INITIAL|3|5|S9,S3,S8,S6,S4|1
PAID_INITIAL|3|5|S9,S3,S8,S7,S9|1
PAID_INITIAL|3|5|S9,S4,S2,S3,S8|1
PAID_INITIAL|3|5|S9,S4,S2,S6,S2|1
PAID_INITIAL|3|5|S9,S4,S2,S9,S9|1
PAID_INITIAL|3|5|S9,S4,S3,S3,S7|1
PAID_INITIAL|3|5|S9,S4,S3,S4,S8|1
PAID_INITIAL|3|5|S9,S4,S4,S3,S4|1
PAID_INITIAL|3|5|S9,S4,S4,S8,S3|1
PAID_INITIAL|3|5|S9,S4,S5,S8,S4|1
PAID_INITIAL|3|5|S9,S4,S5,S9,S2|1
PAID_INITIAL|3|5|S9,S4,S6,S7,S5|1
PAID_INITIAL|3|5|S9,S4,S6,S9,S3|1
PAID_INITIAL|3|5|S9,S4,S7,S4,S5|1
PAID_INITIAL|3|5|S9,S4,S7,S6,S6|1
PAID_INITIAL|3|5|S9,S4,S7,S7,S4|1
PAID_INITIAL|3|5|S9,S4,S7,S7,S6|1
PAID_INITIAL|3|5|S9,S4,S8,S1,S2|1
PAID_INITIAL|3|5|S9,S4,S8,S6,S3|1
PAID_INITIAL|3|5|S9,S4,S8,S7,S3|2
PAID_INITIAL|3|5|S9,S4,S9,S7,S5|1
PAID_INITIAL|3|5|S9,S5,S2,S2,S4|1
PAID_INITIAL|3|5|S9,S5,S2,S4,S8|1
PAID_INITIAL|3|5|S9,S5,S2,S6,S3|1
PAID_INITIAL|3|5|S9,S5,S2,S6,S8|1
PAID_INITIAL|3|5|S9,S5,S2,S8,S8|1
PAID_INITIAL|3|5|S9,S5,S2,S9,S4|1
PAID_INITIAL|3|5|S9,S5,S3,S7,S9|1
PAID_INITIAL|3|5|S9,S5,S4,S3,S7|1
PAID_INITIAL|3|5|S9,S5,S5,S3,S9|1
PAID_INITIAL|3|5|S9,S5,S5,S7,S8|1
PAID_INITIAL|3|5|S9,S5,S5,S9,S3|1
PAID_INITIAL|3|5|S9,S5,S5,S9,S7|1
PAID_INITIAL|3|5|S9,S5,S5,S9,S9|1
PAID_INITIAL|3|5|S9,S5,S6,S2,S3|1
PAID_INITIAL|3|5|S9,S5,S6,S3,S9|1
PAID_INITIAL|3|5|S9,S5,S7,S7,S4|1
PAID_INITIAL|3|5|S9,S5,S8,S2,S6|1
PAID_INITIAL|3|5|S9,S5,S8,S8,S3|1
PAID_INITIAL|3|5|S9,S5,S9,S3,S8|1
PAID_INITIAL|3|5|S9,S5,S9,S4,S5|1
PAID_INITIAL|3|5|S9,S5,S9,S7,S2|1
PAID_INITIAL|3|5|S9,S5,S9,S7,S4|1
PAID_INITIAL|3|5|S9,S5,S9,S7,S5|1
PAID_INITIAL|3|5|S9,S6,S2,S8,S5|1
PAID_INITIAL|3|5|S9,S6,S2,S9,S4|1
PAID_INITIAL|3|5|S9,S6,S3,S3,S6|1
PAID_INITIAL|3|5|S9,S6,S3,S5,S6|1
PAID_INITIAL|3|5|S9,S6,S3,S9,S6|1
PAID_INITIAL|3|5|S9,S6,S4,S9,S4|1
PAID_INITIAL|3|5|S9,S6,S5,S2,S1|1
PAID_INITIAL|3|5|S9,S6,S5,S5,S4|1
PAID_INITIAL|3|5|S9,S6,S5,S5,S5|1
PAID_INITIAL|3|5|S9,S6,S5,S8,S5|1
PAID_INITIAL|3|5|S9,S6,S5,S9,S6|1
PAID_INITIAL|3|5|S9,S6,S6,S5,S2|1
PAID_INITIAL|3|5|S9,S6,S6,S5,S4|1
PAID_INITIAL|3|5|S9,S6,S6,S6,S6|1
PAID_INITIAL|3|5|S9,S6,S7,S2,S2|1
PAID_INITIAL|3|5|S9,S6,S7,S2,S5|1
PAID_INITIAL|3|5|S9,S6,S7,S4,S3|1
PAID_INITIAL|3|5|S9,S6,S8,S6,S4|1
PAID_INITIAL|3|5|S9,S6,S8,S9,S6|1
PAID_INITIAL|3|5|S9,S6,S9,S2,S6|1
PAID_INITIAL|3|5|S9,S6,S9,S7,S2|1
PAID_INITIAL|3|5|S9,S7,S1,S3,S7|1
PAID_INITIAL|3|5|S9,S7,S2,S6,S3|1
PAID_INITIAL|3|5|S9,S7,S3,S7,S7|1
PAID_INITIAL|3|5|S9,S7,S3,S8,S4|1
PAID_INITIAL|3|5|S9,S7,S3,S8,S5|1
PAID_INITIAL|3|5|S9,S7,S4,S5,S2|1
PAID_INITIAL|3|5|S9,S7,S5,S3,S9|1
PAID_INITIAL|3|5|S9,S7,S5,S4,S2|1
PAID_INITIAL|3|5|S9,S7,S5,S5,S3|1
PAID_INITIAL|3|5|S9,S7,S5,S9,S3|1
PAID_INITIAL|3|5|S9,S7,S6,S4,S2|1
PAID_INITIAL|3|5|S9,S7,S6,S5,S5|1
PAID_INITIAL|3|5|S9,S7,S6,S8,S3|1
PAID_INITIAL|3|5|S9,S7,S6,S9,S8|1
PAID_INITIAL|3|5|S9,S7,S6,S9,S9|1
PAID_INITIAL|3|5|S9,S7,S7,S2,S6|1
PAID_INITIAL|3|5|S9,S7,S7,S3,S3|1
PAID_INITIAL|3|5|S9,S7,S7,S5,S6|1
PAID_INITIAL|3|5|S9,S7,S7,S6,S9|1
PAID_INITIAL|3|5|S9,S7,S9,S4,S7|1
PAID_INITIAL|3|5|S9,S7,S9,S6,S9|1
PAID_INITIAL|3|5|S9,S7,S9,S7,S2|1
PAID_INITIAL|3|5|S9,S7,S9,S7,S3|1
PAID_INITIAL|3|5|S9,S7,S9,S8,S5|1
PAID_INITIAL|3|5|S9,S7,S9,S8,S9|1
PAID_INITIAL|3|5|S9,S8,S2,S5,S6|2
PAID_INITIAL|3|5|S9,S8,S2,S6,S6|1
PAID_INITIAL|3|5|S9,S8,S2,S8,S8|1
PAID_INITIAL|3|5|S9,S8,S3,S5,S7|1
PAID_INITIAL|3|5|S9,S8,S3,S5,S9|1
PAID_INITIAL|3|5|S9,S8,S4,S3,S2|1
PAID_INITIAL|3|5|S9,S8,S4,S6,S6|1
PAID_INITIAL|3|5|S9,S8,S4,S8,S9|1
PAID_INITIAL|3|5|S9,S8,S4,S9,S5|1
PAID_INITIAL|3|5|S9,S8,S5,S6,S3|1
PAID_INITIAL|3|5|S9,S8,S7,S4,S8|1
PAID_INITIAL|3|5|S9,S8,S8,S9,S7|1
PAID_INITIAL|3|5|S9,S8,S9,S7,S5|1
PAID_INITIAL|3|5|S9,S9,S2,S4,S7|1
PAID_INITIAL|3|5|S9,S9,S3,S4,S5|1
PAID_INITIAL|3|5|S9,S9,S4,S4,S3|1
PAID_INITIAL|3|5|S9,S9,S4,S8,S8|1
PAID_INITIAL|3|5|S9,S9,S5,S3,S5|1
PAID_INITIAL|3|5|S9,S9,S5,S3,S9|1
PAID_INITIAL|3|5|S9,S9,S6,S2,S4|1
PAID_INITIAL|3|5|S9,S9,S6,S8,S8|1
PAID_INITIAL|3|5|S9,S9,S7,S9,S6|1
PAID_INITIAL|3|5|S9,S9,S9,S2,S2|1
PAID_INITIAL|4|5|S1,S2,S3,S7,S3|1
PAID_INITIAL|4|5|S1,S2,S4,S6,S7|1
PAID_INITIAL|4|5|S1,S2,S5,S5,S9|1
PAID_INITIAL|4|5|S1,S2,S5,S6,S8|1
PAID_INITIAL|4|5|S1,S2,S9,S2,S6|1
PAID_INITIAL|4|5|S1,S3,S3,S8,S2|1
PAID_INITIAL|4|5|S1,S3,S5,S4,S9|1
PAID_INITIAL|4|5|S1,S3,S7,S3,S6|1
PAID_INITIAL|4|5|S1,S4,S3,S8,S3|1
PAID_INITIAL|4|5|S1,S4,S5,S3,S3|1
PAID_INITIAL|4|5|S1,S4,S6,S6,S2|1
PAID_INITIAL|4|5|S1,S4,S7,S6,S8|1
PAID_INITIAL|4|5|S1,S4,S9,S5,S3|1
PAID_INITIAL|4|5|S1,S5,S4,S4,S9|1
PAID_INITIAL|4|5|S1,S6,S2,S9,S2|1
PAID_INITIAL|4|5|S1,S6,S2,S9,S8|1
PAID_INITIAL|4|5|S1,S6,S3,S8,S5|1
PAID_INITIAL|4|5|S1,S6,S4,S2,S2|1
PAID_INITIAL|4|5|S1,S6,S7,S7,S4|1
PAID_INITIAL|4|5|S1,S6,S9,S4,S4|1
PAID_INITIAL|4|5|S1,S7,S2,S6,S4|1
PAID_INITIAL|4|5|S1,S7,S2,S7,S4|1
PAID_INITIAL|4|5|S1,S7,S2,S9,S7|1
PAID_INITIAL|4|5|S1,S7,S3,S9,S9|1
PAID_INITIAL|4|5|S1,S7,S4,S2,S6|1
PAID_INITIAL|4|5|S1,S8,S3,S5,S7|1
PAID_INITIAL|4|5|S1,S8,S5,S3,S8|1
PAID_INITIAL|4|5|S1,S8,S9,S4,S2|1
PAID_INITIAL|4|5|S1,S9,S5,S3,S6|1
PAID_INITIAL|4|5|S1,S9,S7,S8,S7|1
PAID_INITIAL|4|5|S2,S1,S3,S7,S2|1
PAID_INITIAL|4|5|S2,S1,S4,S7,S3|1
PAID_INITIAL|4|5|S2,S1,S4,S8,S6|1
PAID_INITIAL|4|5|S2,S1,S6,S7,S2|1
PAID_INITIAL|4|5|S2,S2,S2,S1,S2|1
PAID_INITIAL|4|5|S2,S2,S2,S2,S4|1
PAID_INITIAL|4|5|S2,S2,S2,S3,S3|1
PAID_INITIAL|4|5|S2,S2,S2,S7,S8|1
PAID_INITIAL|4|5|S2,S2,S3,S2,S7|1
PAID_INITIAL|4|5|S2,S2,S3,S4,S7|1
PAID_INITIAL|4|5|S2,S2,S3,S7,S2|1
PAID_INITIAL|4|5|S2,S2,S4,S5,S2|1
PAID_INITIAL|4|5|S2,S2,S4,S8,S7|1
PAID_INITIAL|4|5|S2,S2,S5,S2,S2|1
PAID_INITIAL|4|5|S2,S2,S5,S6,S5|2
PAID_INITIAL|4|5|S2,S2,S6,S3,S2|1
PAID_INITIAL|4|5|S2,S2,S6,S4,S8|1
PAID_INITIAL|4|5|S2,S2,S7,S3,S9|1
PAID_INITIAL|4|5|S2,S2,S7,S6,S2|1
PAID_INITIAL|4|5|S2,S2,S8,S2,S8|1
PAID_INITIAL|4|5|S2,S2,S8,S3,S3|1
PAID_INITIAL|4|5|S2,S2,S8,S5,S2|1
PAID_INITIAL|4|5|S2,S2,S8,S7,S7|1
PAID_INITIAL|4|5|S2,S2,S8,S8,S2|1
PAID_INITIAL|4|5|S2,S2,S9,S2,S7|1
PAID_INITIAL|4|5|S2,S2,S9,S4,S3|1
PAID_INITIAL|4|5|S2,S2,S9,S4,S6|1
PAID_INITIAL|4|5|S2,S2,S9,S6,S2|1
PAID_INITIAL|4|5|S2,S3,S2,S5,S3|1
PAID_INITIAL|4|5|S2,S3,S3,S4,S8|1
PAID_INITIAL|4|5|S2,S3,S3,S6,S8|1
PAID_INITIAL|4|5|S2,S3,S3,S9,S2|1
PAID_INITIAL|4|5|S2,S3,S4,S2,S2|1
PAID_INITIAL|4|5|S2,S3,S4,S7,S3|1
PAID_INITIAL|4|5|S2,S3,S4,S8,S5|1
PAID_INITIAL|4|5|S2,S3,S5,S2,S4|1
PAID_INITIAL|4|5|S2,S3,S5,S2,S9|1
PAID_INITIAL|4|5|S2,S3,S5,S3,S8|1
PAID_INITIAL|4|5|S2,S3,S5,S4,S2|1
PAID_INITIAL|4|5|S2,S3,S5,S7,S6|1
PAID_INITIAL|4|5|S2,S3,S6,S5,S3|2
PAID_INITIAL|4|5|S2,S3,S6,S5,S8|1
PAID_INITIAL|4|5|S2,S3,S6,S6,S2|1
PAID_INITIAL|4|5|S2,S3,S6,S7,S7|1
PAID_INITIAL|4|5|S2,S3,S7,S3,S6|1
PAID_INITIAL|4|5|S2,S3,S7,S6,S8|1
PAID_INITIAL|4|5|S2,S3,S8,S3,S3|1
PAID_INITIAL|4|5|S2,S3,S8,S3,S7|1
PAID_INITIAL|4|5|S2,S3,S8,S4,S2|1
PAID_INITIAL|4|5|S2,S3,S8,S8,S2|1
PAID_INITIAL|4|5|S2,S3,S8,S8,S9|1
PAID_INITIAL|4|5|S2,S3,S8,S9,S8|1
PAID_INITIAL|4|5|S2,S3,S9,S7,S5|1
PAID_INITIAL|4|5|S2,S3,S9,S8,S3|1
PAID_INITIAL|4|5|S2,S4,S2,S3,S2|1
PAID_INITIAL|4|5|S2,S4,S2,S3,S7|1
PAID_INITIAL|4|5|S2,S4,S2,S8,S5|1
PAID_INITIAL|4|5|S2,S4,S2,S9,S7|1
PAID_INITIAL|4|5|S2,S4,S3,S3,S6|1
PAID_INITIAL|4|5|S2,S4,S3,S3,S8|1
PAID_INITIAL|4|5|S2,S4,S3,S4,S3|1
PAID_INITIAL|4|5|S2,S4,S3,S5,S2|1
PAID_INITIAL|4|5|S2,S4,S4,S3,S2|1
PAID_INITIAL|4|5|S2,S4,S4,S3,S4|1
PAID_INITIAL|4|5|S2,S4,S4,S6,S8|1
PAID_INITIAL|4|5|S2,S4,S5,S1,S6|1
PAID_INITIAL|4|5|S2,S4,S5,S4,S4|1
PAID_INITIAL|4|5|S2,S4,S5,S4,S8|1
PAID_INITIAL|4|5|S2,S4,S5,S7,S7|1
PAID_INITIAL|4|5|S2,S4,S5,S9,S9|1
PAID_INITIAL|4|5|S2,S4,S6,S2,S9|1
PAID_INITIAL|4|5|S2,S4,S6,S5,S4|1
PAID_INITIAL|4|5|S2,S4,S6,S7,S8|1
PAID_INITIAL|4|5|S2,S4,S6,S8,S7|1
PAID_INITIAL|4|5|S2,S4,S6,S9,S2|1
PAID_INITIAL|4|5|S2,S4,S7,S4,S4|1
PAID_INITIAL|4|5|S2,S4,S7,S5,S9|1
PAID_INITIAL|4|5|S2,S4,S7,S6,S5|1
PAID_INITIAL|4|5|S2,S4,S8,S4,S8|1
PAID_INITIAL|4|5|S2,S4,S8,S6,S4|1
PAID_INITIAL|4|5|S2,S4,S8,S9,S6|1
PAID_INITIAL|4|5|S2,S4,S9,S1,S6|1
PAID_INITIAL|4|5|S2,S4,S9,S5,S8|1
PAID_INITIAL|4|5|S2,S4,S9,S6,S8|1
PAID_INITIAL|4|5|S2,S5,S1,S9,S5|1
PAID_INITIAL|4|5|S2,S5,S2,S3,S4|1
PAID_INITIAL|4|5|S2,S5,S2,S9,S2|1
PAID_INITIAL|4|5|S2,S5,S2,S9,S8|1
PAID_INITIAL|4|5|S2,S5,S3,S3,S3|1
PAID_INITIAL|4|5|S2,S5,S4,S7,S5|1
PAID_INITIAL|4|5|S2,S5,S5,S4,S2|1
PAID_INITIAL|4|5|S2,S5,S5,S5,S7|1
PAID_INITIAL|4|5|S2,S5,S5,S5,S9|1
PAID_INITIAL|4|5|S2,S5,S5,S8,S3|1
PAID_INITIAL|4|5|S2,S5,S6,S7,S3|1
PAID_INITIAL|4|5|S2,S5,S7,S4,S5|1
PAID_INITIAL|4|5|S2,S5,S7,S8,S4|1
PAID_INITIAL|4|5|S2,S5,S7,S8,S7|1
PAID_INITIAL|4|5|S2,S5,S8,S5,S6|1
PAID_INITIAL|4|5|S2,S5,S8,S6,S4|1
PAID_INITIAL|4|5|S2,S5,S8,S9,S2|1
PAID_INITIAL|4|5|S2,S5,S8,S9,S9|1
PAID_INITIAL|4|5|S2,S5,S9,S5,S6|1
PAID_INITIAL|4|5|S2,S6,S2,S3,S2|1
PAID_INITIAL|4|5|S2,S6,S2,S4,S8|1
PAID_INITIAL|4|5|S2,S6,S2,S6,S2|1
PAID_INITIAL|4|5|S2,S6,S2,S6,S5|1
PAID_INITIAL|4|5|S2,S6,S2,S8,S4|1
PAID_INITIAL|4|5|S2,S6,S3,S2,S5|1
PAID_INITIAL|4|5|S2,S6,S3,S3,S5|1
PAID_INITIAL|4|5|S2,S6,S3,S5,S3|1
PAID_INITIAL|4|5|S2,S6,S3,S5,S7|1
PAID_INITIAL|4|5|S2,S6,S3,S7,S2|1
PAID_INITIAL|4|5|S2,S6,S3,S7,S7|1
PAID_INITIAL|4|5|S2,S6,S3,S8,S2|1
PAID_INITIAL|4|5|S2,S6,S5,S6,S4|1
PAID_INITIAL|4|5|S2,S6,S5,S6,S8|1
PAID_INITIAL|4|5|S2,S6,S5,S9,S6|1
PAID_INITIAL|4|5|S2,S6,S6,S2,S2|1
PAID_INITIAL|4|5|S2,S6,S6,S5,S8|1
PAID_INITIAL|4|5|S2,S6,S6,S6,S6|1
PAID_INITIAL|4|5|S2,S6,S6,S6,S7|1
PAID_INITIAL|4|5|S2,S6,S6,S9,S8|1
PAID_INITIAL|4|5|S2,S6,S7,S5,S9|1
PAID_INITIAL|4|5|S2,S6,S7,S8,S7|1
PAID_INITIAL|4|5|S2,S6,S8,S5,S6|1
PAID_INITIAL|4|5|S2,S7,S2,S2,S7|1
PAID_INITIAL|4|5|S2,S7,S2,S3,S5|1
PAID_INITIAL|4|5|S2,S7,S2,S3,S8|1
PAID_INITIAL|4|5|S2,S7,S2,S7,S4|1
PAID_INITIAL|4|5|S2,S7,S3,S4,S6|1
PAID_INITIAL|4|5|S2,S7,S3,S5,S8|1
PAID_INITIAL|4|5|S2,S7,S3,S7,S9|2
PAID_INITIAL|4|5|S2,S7,S3,S8,S8|1
PAID_INITIAL|4|5|S2,S7,S4,S9,S4|1
PAID_INITIAL|4|5|S2,S7,S6,S1,S2|1
PAID_INITIAL|4|5|S2,S7,S6,S3,S4|1
PAID_INITIAL|4|5|S2,S7,S6,S3,S9|1
PAID_INITIAL|4|5|S2,S7,S6,S4,S2|1
PAID_INITIAL|4|5|S2,S7,S7,S1,S5|1
PAID_INITIAL|4|5|S2,S7,S7,S6,S4|1
PAID_INITIAL|4|5|S2,S7,S7,S7,S7|2
PAID_INITIAL|4|5|S2,S7,S7,S8,S5|1
PAID_INITIAL|4|5|S2,S7,S7,S9,S7|1
PAID_INITIAL|4|5|S2,S7,S8,S5,S2|1
PAID_INITIAL|4|5|S2,S7,S8,S6,S6|1
PAID_INITIAL|4|5|S2,S7,S9,S2,S2|1
PAID_INITIAL|4|5|S2,S7,S9,S3,S6|1
PAID_INITIAL|4|5|S2,S7,S9,S6,S8|1
PAID_INITIAL|4|5|S2,S8,S2,S2,S6|1
PAID_INITIAL|4|5|S2,S8,S2,S5,S2|1
PAID_INITIAL|4|5|S2,S8,S3,S3,S4|1
PAID_INITIAL|4|5|S2,S8,S3,S3,S5|1
PAID_INITIAL|4|5|S2,S8,S3,S3,S7|1
PAID_INITIAL|4|5|S2,S8,S3,S8,S5|1
PAID_INITIAL|4|5|S2,S8,S4,S2,S5|1
PAID_INITIAL|4|5|S2,S8,S4,S4,S3|1
PAID_INITIAL|4|5|S2,S8,S4,S5,S7|1
PAID_INITIAL|4|5|S2,S8,S4,S6,S9|1
PAID_INITIAL|4|5|S2,S8,S5,S1,S2|1
PAID_INITIAL|4|5|S2,S8,S5,S3,S2|1
PAID_INITIAL|4|5|S2,S8,S5,S4,S1|1
PAID_INITIAL|4|5|S2,S8,S5,S5,S7|1
PAID_INITIAL|4|5|S2,S8,S5,S7,S3|2
PAID_INITIAL|4|5|S2,S8,S5,S9,S9|1
PAID_INITIAL|4|5|S2,S8,S6,S6,S8|1
PAID_INITIAL|4|5|S2,S8,S6,S7,S2|1
PAID_INITIAL|4|5|S2,S8,S6,S7,S8|1
PAID_INITIAL|4|5|S2,S8,S8,S3,S2|1
PAID_INITIAL|4|5|S2,S8,S8,S3,S6|1
PAID_INITIAL|4|5|S2,S8,S8,S6,S2|1
PAID_INITIAL|4|5|S2,S8,S9,S5,S3|1
PAID_INITIAL|4|5|S2,S8,S9,S5,S8|1
PAID_INITIAL|4|5|S2,S8,S9,S9,S6|1
PAID_INITIAL|4|5|S2,S9,S2,S2,S6|1
PAID_INITIAL|4|5|S2,S9,S2,S8,S8|1
PAID_INITIAL|4|5|S2,S9,S2,S9,S3|1
PAID_INITIAL|4|5|S2,S9,S2,S9,S9|1
PAID_INITIAL|4|5|S2,S9,S3,S2,S2|1
PAID_INITIAL|4|5|S2,S9,S3,S3,S2|1
PAID_INITIAL|4|5|S2,S9,S3,S6,S9|1
PAID_INITIAL|4|5|S2,S9,S3,S8,S9|1
PAID_INITIAL|4|5|S2,S9,S4,S3,S4|1
PAID_INITIAL|4|5|S2,S9,S4,S3,S5|1
PAID_INITIAL|4|5|S2,S9,S4,S7,S4|1
PAID_INITIAL|4|5|S2,S9,S4,S9,S4|1
PAID_INITIAL|4|5|S2,S9,S5,S6,S5|1
PAID_INITIAL|4|5|S2,S9,S5,S6,S6|1
PAID_INITIAL|4|5|S2,S9,S6,S3,S7|1
PAID_INITIAL|4|5|S2,S9,S6,S4,S5|1
PAID_INITIAL|4|5|S2,S9,S6,S5,S6|1
PAID_INITIAL|4|5|S2,S9,S6,S6,S4|1
PAID_INITIAL|4|5|S2,S9,S6,S6,S9|2
PAID_INITIAL|4|5|S2,S9,S6,S7,S7|1
PAID_INITIAL|4|5|S2,S9,S6,S8,S6|1
PAID_INITIAL|4|5|S2,S9,S7,S5,S3|1
PAID_INITIAL|4|5|S2,S9,S7,S6,S4|1
PAID_INITIAL|4|5|S2,S9,S8,S5,S2|1
PAID_INITIAL|4|5|S2,S9,S8,S7,S6|1
PAID_INITIAL|4|5|S2,S9,S9,S2,S7|1
PAID_INITIAL|4|5|S2,S9,S9,S3,S9|1
PAID_INITIAL|4|5|S3,S1,S2,S7,S6|1
PAID_INITIAL|4|5|S3,S1,S2,S8,S6|1
PAID_INITIAL|4|5|S3,S1,S8,S7,S4|1
PAID_INITIAL|4|5|S3,S1,S9,S2,S7|1
PAID_INITIAL|4|5|S3,S1,S9,S3,S9|1
PAID_INITIAL|4|5|S3,S1,S9,S9,S5|1
PAID_INITIAL|4|5|S3,S2,S2,S3,S6|1
PAID_INITIAL|4|5|S3,S2,S2,S3,S9|1
PAID_INITIAL|4|5|S3,S2,S2,S8,S3|1
PAID_INITIAL|4|5|S3,S2,S2,S9,S3|1
PAID_INITIAL|4|5|S3,S2,S3,S4,S4|1
PAID_INITIAL|4|5|S3,S2,S3,S4,S9|1
PAID_INITIAL|4|5|S3,S2,S3,S5,S5|1
PAID_INITIAL|4|5|S3,S2,S3,S9,S4|1
PAID_INITIAL|4|5|S3,S2,S4,S3,S2|1
PAID_INITIAL|4|5|S3,S2,S4,S3,S8|1
PAID_INITIAL|4|5|S3,S2,S4,S5,S4|1
PAID_INITIAL|4|5|S3,S2,S4,S7,S8|1
PAID_INITIAL|4|5|S3,S2,S5,S2,S6|1
PAID_INITIAL|4|5|S3,S2,S5,S3,S6|1
PAID_INITIAL|4|5|S3,S2,S5,S3,S9|1
PAID_INITIAL|4|5|S3,S2,S5,S5,S3|1
PAID_INITIAL|4|5|S3,S2,S5,S6,S2|1
PAID_INITIAL|4|5|S3,S2,S6,S3,S8|1
PAID_INITIAL|4|5|S3,S2,S6,S6,S7|1
PAID_INITIAL|4|5|S3,S2,S6,S7,S9|1
PAID_INITIAL|4|5|S3,S2,S6,S9,S7|1
PAID_INITIAL|4|5|S3,S2,S7,S4,S5|1
PAID_INITIAL|4|5|S3,S2,S7,S7,S8|1
PAID_INITIAL|4|5|S3,S2,S8,S2,S2|1
PAID_INITIAL|4|5|S3,S2,S8,S4,S9|1
PAID_INITIAL|4|5|S3,S2,S8,S9,S6|1
PAID_INITIAL|4|5|S3,S2,S9,S3,S3|1
PAID_INITIAL|4|5|S3,S2,S9,S3,S8|1
PAID_INITIAL|4|5|S3,S2,S9,S4,S3|1
PAID_INITIAL|4|5|S3,S2,S9,S7,S4|1
PAID_INITIAL|4|5|S3,S3,S2,S2,S2|1
PAID_INITIAL|4|5|S3,S3,S2,S2,S9|1
PAID_INITIAL|4|5|S3,S3,S2,S3,S7|1
PAID_INITIAL|4|5|S3,S3,S3,S2,S6|1
PAID_INITIAL|4|5|S3,S3,S3,S2,S7|1
PAID_INITIAL|4|5|S3,S3,S3,S5,S5|1
PAID_INITIAL|4|5|S3,S3,S3,S6,S3|1
PAID_INITIAL|4|5|S3,S3,S3,S6,S5|1
PAID_INITIAL|4|5|S3,S3,S3,S8,S7|1
PAID_INITIAL|4|5|S3,S3,S4,S6,S4|1
PAID_INITIAL|4|5|S3,S3,S4,S9,S6|1
PAID_INITIAL|4|5|S3,S3,S5,S4,S4|1
PAID_INITIAL|4|5|S3,S3,S5,S6,S5|1
PAID_INITIAL|4|5|S3,S3,S6,S2,S3|1
PAID_INITIAL|4|5|S3,S3,S6,S4,S9|1
PAID_INITIAL|4|5|S3,S3,S6,S5,S6|1
PAID_INITIAL|4|5|S3,S3,S6,S6,S6|1
PAID_INITIAL|4|5|S3,S3,S7,S2,S7|1
PAID_INITIAL|4|5|S3,S3,S7,S5,S4|1
PAID_INITIAL|4|5|S3,S3,S8,S2,S7|1
PAID_INITIAL|4|5|S3,S3,S8,S6,S3|1
PAID_INITIAL|4|5|S3,S3,S8,S8,S9|1
PAID_INITIAL|4|5|S3,S3,S8,S9,S9|1
PAID_INITIAL|4|5|S3,S3,S9,S2,S9|1
PAID_INITIAL|4|5|S3,S3,S9,S9,S9|1
PAID_INITIAL|4|5|S3,S4,S2,S2,S4|1
PAID_INITIAL|4|5|S3,S4,S2,S2,S5|1
PAID_INITIAL|4|5|S3,S4,S2,S3,S2|1
PAID_INITIAL|4|5|S3,S4,S2,S4,S2|1
PAID_INITIAL|4|5|S3,S4,S2,S4,S3|1
PAID_INITIAL|4|5|S3,S4,S3,S3,S2|1
PAID_INITIAL|4|5|S3,S4,S3,S6,S2|1
PAID_INITIAL|4|5|S3,S4,S3,S6,S3|1
PAID_INITIAL|4|5|S3,S4,S3,S6,S5|1
PAID_INITIAL|4|5|S3,S4,S3,S8,S3|1
PAID_INITIAL|4|5|S3,S4,S3,S9,S2|1
PAID_INITIAL|4|5|S3,S4,S4,S6,S6|1
PAID_INITIAL|4|5|S3,S4,S5,S3,S4|1
PAID_INITIAL|4|5|S3,S4,S5,S3,S7|1
PAID_INITIAL|4|5|S3,S4,S5,S3,S8|1
PAID_INITIAL|4|5|S3,S4,S5,S5,S5|1
PAID_INITIAL|4|5|S3,S4,S5,S8,S8|1
PAID_INITIAL|4|5|S3,S4,S6,S2,S2|1
PAID_INITIAL|4|5|S3,S4,S6,S3,S7|1
PAID_INITIAL|4|5|S3,S4,S6,S6,S3|1
PAID_INITIAL|4|5|S3,S4,S7,S8,S3|1
PAID_INITIAL|4|5|S3,S4,S7,S9,S1|1
PAID_INITIAL|4|5|S3,S4,S8,S7,S2|1
PAID_INITIAL|4|5|S3,S4,S8,S9,S6|1
PAID_INITIAL|4|5|S3,S4,S9,S4,S2|1
PAID_INITIAL|4|5|S3,S4,S9,S6,S4|1
PAID_INITIAL|4|5|S3,S4,S9,S6,S8|1
PAID_INITIAL|4|5|S3,S5,S2,S5,S5|1
PAID_INITIAL|4|5|S3,S5,S2,S5,S8|1
PAID_INITIAL|4|5|S3,S5,S2,S7,S7|1
PAID_INITIAL|4|5|S3,S5,S3,S3,S2|1
PAID_INITIAL|4|5|S3,S5,S3,S3,S4|1
PAID_INITIAL|4|5|S3,S5,S3,S5,S8|1
PAID_INITIAL|4|5|S3,S5,S4,S2,S5|1
PAID_INITIAL|4|5|S3,S5,S4,S7,S5|1
PAID_INITIAL|4|5|S3,S5,S5,S5,S9|1
PAID_INITIAL|4|5|S3,S5,S6,S3,S4|1
PAID_INITIAL|4|5|S3,S5,S6,S6,S9|1
PAID_INITIAL|4|5|S3,S5,S6,S8,S6|1
PAID_INITIAL|4|5|S3,S5,S7,S2,S9|1
PAID_INITIAL|4|5|S3,S5,S7,S4,S6|1
PAID_INITIAL|4|5|S3,S5,S7,S4,S8|1
PAID_INITIAL|4|5|S3,S5,S7,S7,S6|1
PAID_INITIAL|4|5|S3,S5,S7,S7,S7|1
PAID_INITIAL|4|5|S3,S5,S7,S8,S5|1
PAID_INITIAL|4|5|S3,S5,S7,S9,S8|1
PAID_INITIAL|4|5|S3,S5,S8,S5,S3|1
PAID_INITIAL|4|5|S3,S5,S8,S8,S5|1
PAID_INITIAL|4|5|S3,S5,S9,S4,S3|1
PAID_INITIAL|4|5|S3,S5,S9,S7,S6|1
PAID_INITIAL|4|5|S3,S5,S9,S8,S8|1
PAID_INITIAL|4|5|S3,S6,S2,S4,S2|1
PAID_INITIAL|4|5|S3,S6,S2,S8,S5|1
PAID_INITIAL|4|5|S3,S6,S2,S8,S9|1
PAID_INITIAL|4|5|S3,S6,S3,S2,S3|1
PAID_INITIAL|4|5|S3,S6,S3,S3,S4|1
PAID_INITIAL|4|5|S3,S6,S3,S4,S2|1
PAID_INITIAL|4|5|S3,S6,S3,S6,S9|1
PAID_INITIAL|4|5|S3,S6,S4,S4,S2|1
PAID_INITIAL|4|5|S3,S6,S4,S5,S4|1
PAID_INITIAL|4|5|S3,S6,S4,S8,S4|1
PAID_INITIAL|4|5|S3,S6,S4,S8,S5|1
PAID_INITIAL|4|5|S3,S6,S5,S3,S7|1
PAID_INITIAL|4|5|S3,S6,S5,S4,S9|1
PAID_INITIAL|4|5|S3,S6,S5,S5,S7|1
PAID_INITIAL|4|5|S3,S6,S5,S9,S7|1
PAID_INITIAL|4|5|S3,S6,S6,S8,S6|1
PAID_INITIAL|4|5|S3,S6,S7,S3,S3|1
PAID_INITIAL|4|5|S3,S6,S7,S5,S2|1
PAID_INITIAL|4|5|S3,S6,S7,S6,S9|1
PAID_INITIAL|4|5|S3,S6,S7,S7,S9|1
PAID_INITIAL|4|5|S3,S6,S7,S9,S9|1
PAID_INITIAL|4|5|S3,S6,S8,S1,S4|1
PAID_INITIAL|4|5|S3,S6,S8,S2,S8|1
PAID_INITIAL|4|5|S3,S6,S8,S8,S5|1
PAID_INITIAL|4|5|S3,S6,S8,S8,S9|1
PAID_INITIAL|4|5|S3,S7,S2,S4,S7|1
PAID_INITIAL|4|5|S3,S7,S2,S6,S2|1
PAID_INITIAL|4|5|S3,S7,S2,S7,S4|1
PAID_INITIAL|4|5|S3,S7,S2,S9,S7|1
PAID_INITIAL|4|5|S3,S7,S3,S2,S3|1
PAID_INITIAL|4|5|S3,S7,S3,S3,S6|1
PAID_INITIAL|4|5|S3,S7,S3,S3,S9|2
PAID_INITIAL|4|5|S3,S7,S3,S6,S5|1
PAID_INITIAL|4|5|S3,S7,S3,S6,S6|1
PAID_INITIAL|4|5|S3,S7,S3,S7,S4|1
PAID_INITIAL|4|5|S3,S7,S3,S9,S6|1
PAID_INITIAL|4|5|S3,S7,S4,S3,S7|1
PAID_INITIAL|4|5|S3,S7,S4,S4,S4|1
PAID_INITIAL|4|5|S3,S7,S4,S7,S6|1
PAID_INITIAL|4|5|S3,S7,S4,S9,S6|1
PAID_INITIAL|4|5|S3,S7,S5,S2,S1|1
PAID_INITIAL|4|5|S3,S7,S6,S2,S6|1
PAID_INITIAL|4|5|S3,S7,S6,S4,S7|1
PAID_INITIAL|4|5|S3,S7,S6,S8,S3|1
PAID_INITIAL|4|5|S3,S7,S8,S7,S7|1
PAID_INITIAL|4|5|S3,S7,S8,S7,S8|1
PAID_INITIAL|4|5|S3,S7,S8,S9,S2|1
PAID_INITIAL|4|5|S3,S8,S2,S6,S9|1
PAID_INITIAL|4|5|S3,S8,S2,S8,S7|1
PAID_INITIAL|4|5|S3,S8,S3,S4,S8|1
PAID_INITIAL|4|5|S3,S8,S3,S9,S1|1
PAID_INITIAL|4|5|S3,S8,S3,S9,S6|1
PAID_INITIAL|4|5|S3,S8,S3,S9,S9|1
PAID_INITIAL|4|5|S3,S8,S4,S2,S6|1
PAID_INITIAL|4|5|S3,S8,S5,S2,S4|1
PAID_INITIAL|4|5|S3,S8,S5,S2,S7|1
PAID_INITIAL|4|5|S3,S8,S5,S3,S8|2
PAID_INITIAL|4|5|S3,S8,S6,S2,S9|1
PAID_INITIAL|4|5|S3,S8,S7,S6,S4|1
PAID_INITIAL|4|5|S3,S8,S7,S7,S4|1
PAID_INITIAL|4|5|S3,S8,S7,S8,S7|1
PAID_INITIAL|4|5|S3,S8,S8,S5,S2|1
PAID_INITIAL|4|5|S3,S8,S8,S7,S4|2
PAID_INITIAL|4|5|S3,S8,S8,S8,S2|1
PAID_INITIAL|4|5|S3,S8,S9,S9,S1|1
PAID_INITIAL|4|5|S3,S9,S2,S3,S2|1
PAID_INITIAL|4|5|S3,S9,S2,S3,S7|1
PAID_INITIAL|4|5|S3,S9,S3,S5,S2|1
PAID_INITIAL|4|5|S3,S9,S4,S2,S2|2
PAID_INITIAL|4|5|S3,S9,S4,S4,S3|1
PAID_INITIAL|4|5|S3,S9,S4,S4,S6|1
PAID_INITIAL|4|5|S3,S9,S4,S6,S5|1
PAID_INITIAL|4|5|S3,S9,S4,S7,S6|1
PAID_INITIAL|4|5|S3,S9,S5,S4,S3|1
PAID_INITIAL|4|5|S3,S9,S5,S5,S7|1
PAID_INITIAL|4|5|S3,S9,S5,S6,S1|1
PAID_INITIAL|4|5|S3,S9,S6,S3,S2|1
PAID_INITIAL|4|5|S3,S9,S7,S9,S4|1
PAID_INITIAL|4|5|S3,S9,S8,S2,S8|2
PAID_INITIAL|4|5|S3,S9,S8,S5,S2|1
PAID_INITIAL|4|5|S3,S9,S8,S8,S3|1
PAID_INITIAL|4|5|S3,S9,S8,S9,S6|1
PAID_INITIAL|4|5|S3,S9,S8,S9,S9|1
PAID_INITIAL|4|5|S3,S9,S9,S3,S5|1
PAID_INITIAL|4|5|S3,S9,S9,S5,S6|1
PAID_INITIAL|4|5|S3,S9,S9,S7,S6|1
PAID_INITIAL|4|5|S3,S9,S9,S9,S9|1
PAID_INITIAL|4|5|S4,S1,S3,S9,S8|1
PAID_INITIAL|4|5|S4,S1,S8,S3,S3|1
PAID_INITIAL|4|5|S4,S2,S2,S4,S6|1
PAID_INITIAL|4|5|S4,S2,S2,S8,S8|1
PAID_INITIAL|4|5|S4,S2,S3,S2,S2|1
PAID_INITIAL|4|5|S4,S2,S3,S3,S4|1
PAID_INITIAL|4|5|S4,S2,S3,S5,S1|1
PAID_INITIAL|4|5|S4,S2,S3,S9,S5|1
PAID_INITIAL|4|5|S4,S2,S4,S2,S7|1
PAID_INITIAL|4|5|S4,S2,S4,S4,S7|1
PAID_INITIAL|4|5|S4,S2,S4,S5,S3|1
PAID_INITIAL|4|5|S4,S2,S4,S5,S8|1
PAID_INITIAL|4|5|S4,S2,S4,S7,S2|1
PAID_INITIAL|4|5|S4,S2,S7,S2,S7|1
PAID_INITIAL|4|5|S4,S2,S7,S4,S3|1
PAID_INITIAL|4|5|S4,S2,S7,S4,S7|1
PAID_INITIAL|4|5|S4,S2,S7,S5,S5|1
PAID_INITIAL|4|5|S4,S2,S7,S9,S7|1
PAID_INITIAL|4|5|S4,S2,S7,S9,S9|1
PAID_INITIAL|4|5|S4,S2,S8,S9,S8|1
PAID_INITIAL|4|5|S4,S2,S9,S5,S4|1
PAID_INITIAL|4|5|S4,S2,S9,S8,S3|1
PAID_INITIAL|4|5|S4,S2,S9,S9,S7|1
PAID_INITIAL|4|5|S4,S3,S2,S3,S7|1
PAID_INITIAL|4|5|S4,S3,S2,S7,S2|1
PAID_INITIAL|4|5|S4,S3,S4,S3,S9|1
PAID_INITIAL|4|5|S4,S3,S4,S4,S8|1
PAID_INITIAL|4|5|S4,S3,S4,S6,S3|1
PAID_INITIAL|4|5|S4,S3,S5,S2,S7|1
PAID_INITIAL|4|5|S4,S3,S5,S8,S8|1
PAID_INITIAL|4|5|S4,S3,S6,S2,S3|1
PAID_INITIAL|4|5|S4,S3,S6,S2,S4|1
PAID_INITIAL|4|5|S4,S3,S6,S8,S6|1
PAID_INITIAL|4|5|S4,S3,S6,S9,S3|1
PAID_INITIAL|4|5|S4,S3,S7,S3,S5|1
PAID_INITIAL|4|5|S4,S3,S7,S5,S2|1
PAID_INITIAL|4|5|S4,S3,S7,S6,S9|1
PAID_INITIAL|4|5|S4,S3,S8,S6,S3|1
PAID_INITIAL|4|5|S4,S3,S8,S7,S7|1
PAID_INITIAL|4|5|S4,S3,S8,S8,S2|1
PAID_INITIAL|4|5|S4,S3,S8,S9,S5|1
PAID_INITIAL|4|5|S4,S3,S9,S4,S8|1
PAID_INITIAL|4|5|S4,S4,S1,S5,S1|1
PAID_INITIAL|4|5|S4,S4,S2,S2,S2|1
PAID_INITIAL|4|5|S4,S4,S2,S6,S8|1
PAID_INITIAL|4|5|S4,S4,S3,S3,S2|1
PAID_INITIAL|4|5|S4,S4,S3,S7,S2|1
PAID_INITIAL|4|5|S4,S4,S3,S9,S6|1
PAID_INITIAL|4|5|S4,S4,S4,S2,S6|1
PAID_INITIAL|4|5|S4,S4,S4,S5,S3|1
PAID_INITIAL|4|5|S4,S4,S4,S9,S4|1
PAID_INITIAL|4|5|S4,S4,S5,S1,S6|1
PAID_INITIAL|4|5|S4,S4,S5,S2,S4|1
PAID_INITIAL|4|5|S4,S4,S6,S2,S9|1
PAID_INITIAL|4|5|S4,S4,S6,S8,S4|1
PAID_INITIAL|4|5|S4,S4,S7,S8,S3|1
PAID_INITIAL|4|5|S4,S4,S8,S2,S6|1
PAID_INITIAL|4|5|S4,S4,S8,S8,S6|1
PAID_INITIAL|4|5|S4,S4,S9,S5,S1|1
PAID_INITIAL|4|5|S4,S4,S9,S7,S4|1
PAID_INITIAL|4|5|S4,S5,S3,S6,S5|1
PAID_INITIAL|4|5|S4,S5,S4,S1,S7|1
PAID_INITIAL|4|5|S4,S5,S4,S2,S4|1
PAID_INITIAL|4|5|S4,S5,S4,S2,S7|1
PAID_INITIAL|4|5|S4,S5,S4,S4,S5|1
PAID_INITIAL|4|5|S4,S5,S4,S6,S4|1
PAID_INITIAL|4|5|S4,S5,S4,S7,S6|1
PAID_INITIAL|4|5|S4,S5,S4,S8,S5|1
PAID_INITIAL|4|5|S4,S5,S4,S9,S3|1
PAID_INITIAL|4|5|S4,S5,S5,S9,S5|1
PAID_INITIAL|4|5|S4,S5,S6,S2,S8|1
PAID_INITIAL|4|5|S4,S5,S6,S3,S6|1
PAID_INITIAL|4|5|S4,S5,S6,S7,S9|1
PAID_INITIAL|4|5|S4,S5,S6,S9,S2|1
PAID_INITIAL|4|5|S4,S5,S7,S2,S1|1
PAID_INITIAL|4|5|S4,S5,S7,S5,S3|1
PAID_INITIAL|4|5|S4,S5,S8,S2,S7|1
PAID_INITIAL|4|5|S4,S5,S8,S5,S5|1
PAID_INITIAL|4|5|S4,S5,S9,S2,S2|1
PAID_INITIAL|4|5|S4,S5,S9,S3,S6|1
PAID_INITIAL|4|5|S4,S5,S9,S5,S9|1
PAID_INITIAL|4|5|S4,S5,S9,S6,S9|1
PAID_INITIAL|4|5|S4,S6,S1,S2,S8|1
PAID_INITIAL|4|5|S4,S6,S2,S5,S5|1
PAID_INITIAL|4|5|S4,S6,S2,S7,S2|1
PAID_INITIAL|4|5|S4,S6,S3,S2,S3|2
PAID_INITIAL|4|5|S4,S6,S3,S2,S4|1
PAID_INITIAL|4|5|S4,S6,S3,S3,S5|1
PAID_INITIAL|4|5|S4,S6,S3,S4,S3|1
PAID_INITIAL|4|5|S4,S6,S3,S4,S6|1
PAID_INITIAL|4|5|S4,S6,S3,S9,S6|1
PAID_INITIAL|4|5|S4,S6,S3,S9,S8|1
PAID_INITIAL|4|5|S4,S6,S4,S2,S2|1
PAID_INITIAL|4|5|S4,S6,S4,S7,S9|1
PAID_INITIAL|4|5|S4,S6,S4,S9,S3|1
PAID_INITIAL|4|5|S4,S6,S5,S3,S2|1
PAID_INITIAL|4|5|S4,S6,S6,S3,S9|1
PAID_INITIAL|4|5|S4,S6,S6,S4,S5|1
PAID_INITIAL|4|5|S4,S6,S6,S8,S5|1
PAID_INITIAL|4|5|S4,S6,S6,S9,S4|1
PAID_INITIAL|4|5|S4,S6,S7,S3,S3|1
PAID_INITIAL|4|5|S4,S6,S8,S2,S9|1
PAID_INITIAL|4|5|S4,S6,S8,S8,S3|1
PAID_INITIAL|4|5|S4,S6,S8,S9,S7|1
PAID_INITIAL|4|5|S4,S6,S8,S9,S8|1
PAID_INITIAL|4|5|S4,S6,S9,S5,S8|1
PAID_INITIAL|4|5|S4,S7,S2,S1,S6|1
PAID_INITIAL|4|5|S4,S7,S2,S8,S5|1
PAID_INITIAL|4|5|S4,S7,S3,S8,S6|1
PAID_INITIAL|4|5|S4,S7,S4,S3,S7|1
PAID_INITIAL|4|5|S4,S7,S4,S5,S5|1
PAID_INITIAL|4|5|S4,S7,S4,S6,S6|1
PAID_INITIAL|4|5|S4,S7,S4,S9,S3|1
PAID_INITIAL|4|5|S4,S7,S4,S9,S4|1
PAID_INITIAL|4|5|S4,S7,S5,S2,S4|1
PAID_INITIAL|4|5|S4,S7,S5,S9,S3|1
PAID_INITIAL|4|5|S4,S7,S6,S6,S8|1
PAID_INITIAL|4|5|S4,S7,S7,S1,S2|1
PAID_INITIAL|4|5|S4,S7,S7,S1,S5|1
PAID_INITIAL|4|5|S4,S7,S7,S2,S6|1
PAID_INITIAL|4|5|S4,S7,S7,S3,S3|1
PAID_INITIAL|4|5|S4,S7,S7,S4,S3|1
PAID_INITIAL|4|5|S4,S7,S7,S6,S9|1
PAID_INITIAL|4|5|S4,S7,S7,S7,S4|1
PAID_INITIAL|4|5|S4,S7,S8,S7,S8|1
PAID_INITIAL|4|5|S4,S7,S9,S5,S3|1
PAID_INITIAL|4|5|S4,S8,S2,S7,S6|1
PAID_INITIAL|4|5|S4,S8,S3,S4,S2|1
PAID_INITIAL|4|5|S4,S8,S3,S4,S3|1
PAID_INITIAL|4|5|S4,S8,S4,S3,S8|1
PAID_INITIAL|4|5|S4,S8,S5,S5,S5|1
PAID_INITIAL|4|5|S4,S8,S5,S8,S3|1
PAID_INITIAL|4|5|S4,S8,S5,S8,S9|1
PAID_INITIAL|4|5|S4,S8,S6,S4,S8|1
PAID_INITIAL|4|5|S4,S8,S6,S4,S9|1
PAID_INITIAL|4|5|S4,S8,S7,S4,S9|1
PAID_INITIAL|4|5|S4,S8,S7,S6,S6|1
PAID_INITIAL|4|5|S4,S8,S7,S7,S2|1
PAID_INITIAL|4|5|S4,S8,S7,S7,S7|1
PAID_INITIAL|4|5|S4,S8,S8,S2,S3|1
PAID_INITIAL|4|5|S4,S9,S2,S4,S3|1
PAID_INITIAL|4|5|S4,S9,S2,S4,S6|1
PAID_INITIAL|4|5|S4,S9,S2,S9,S2|1
PAID_INITIAL|4|5|S4,S9,S3,S1,S7|1
PAID_INITIAL|4|5|S4,S9,S3,S3,S8|1
PAID_INITIAL|4|5|S4,S9,S3,S3,S9|1
PAID_INITIAL|4|5|S4,S9,S3,S7,S9|1
PAID_INITIAL|4|5|S4,S9,S3,S8,S8|1
PAID_INITIAL|4|5|S4,S9,S4,S4,S7|1
PAID_INITIAL|4|5|S4,S9,S4,S5,S7|1
PAID_INITIAL|4|5|S4,S9,S4,S7,S7|1
PAID_INITIAL|4|5|S4,S9,S4,S8,S3|1
PAID_INITIAL|4|5|S4,S9,S5,S2,S3|1
PAID_INITIAL|4|5|S4,S9,S5,S3,S6|1
PAID_INITIAL|4|5|S4,S9,S5,S8,S8|1
PAID_INITIAL|4|5|S4,S9,S6,S3,S9|1
PAID_INITIAL|4|5|S4,S9,S6,S9,S4|1
PAID_INITIAL|4|5|S4,S9,S7,S2,S9|1
PAID_INITIAL|4|5|S4,S9,S7,S3,S4|1
PAID_INITIAL|4|5|S4,S9,S7,S3,S9|1
PAID_INITIAL|4|5|S4,S9,S8,S6,S8|1
PAID_INITIAL|4|5|S4,S9,S8,S7,S2|1
PAID_INITIAL|4|5|S4,S9,S8,S7,S8|1
PAID_INITIAL|4|5|S4,S9,S8,S9,S5|1
PAID_INITIAL|4|5|S4,S9,S9,S5,S6|1
PAID_INITIAL|4|5|S4,S9,S9,S9,S6|1
PAID_INITIAL|4|5|S5,S1,S3,S6,S9|1
PAID_INITIAL|4|5|S5,S1,S4,S2,S5|1
PAID_INITIAL|4|5|S5,S1,S4,S3,S7|1
PAID_INITIAL|4|5|S5,S2,S2,S2,S9|1
PAID_INITIAL|4|5|S5,S2,S2,S3,S2|1
PAID_INITIAL|4|5|S5,S2,S2,S6,S8|1
PAID_INITIAL|4|5|S5,S2,S2,S8,S7|1
PAID_INITIAL|4|5|S5,S2,S2,S8,S8|1
PAID_INITIAL|4|5|S5,S2,S2,S9,S2|1
PAID_INITIAL|4|5|S5,S2,S3,S6,S7|1
PAID_INITIAL|4|5|S5,S2,S3,S6,S9|1
PAID_INITIAL|4|5|S5,S2,S4,S3,S1|1
PAID_INITIAL|4|5|S5,S2,S4,S3,S6|1
PAID_INITIAL|4|5|S5,S2,S4,S4,S6|1
PAID_INITIAL|4|5|S5,S2,S4,S9,S6|1
PAID_INITIAL|4|5|S5,S2,S5,S2,S2|1
PAID_INITIAL|4|5|S5,S2,S5,S4,S3|1
PAID_INITIAL|4|5|S5,S2,S5,S6,S3|1
PAID_INITIAL|4|5|S5,S2,S5,S9,S8|1
PAID_INITIAL|4|5|S5,S2,S6,S3,S4|1
PAID_INITIAL|4|5|S5,S2,S7,S1,S6|1
PAID_INITIAL|4|5|S5,S2,S7,S3,S6|1
PAID_INITIAL|4|5|S5,S2,S7,S5,S2|1
PAID_INITIAL|4|5|S5,S2,S7,S5,S6|1
PAID_INITIAL|4|5|S5,S2,S7,S9,S6|1
PAID_INITIAL|4|5|S5,S2,S8,S2,S5|1
PAID_INITIAL|4|5|S5,S2,S8,S4,S7|1
PAID_INITIAL|4|5|S5,S2,S9,S4,S7|1
PAID_INITIAL|4|5|S5,S2,S9,S8,S2|1
PAID_INITIAL|4|5|S5,S2,S9,S9,S8|1
PAID_INITIAL|4|5|S5,S3,S2,S4,S7|1
PAID_INITIAL|4|5|S5,S3,S2,S6,S4|1
PAID_INITIAL|4|5|S5,S3,S2,S6,S9|1
PAID_INITIAL|4|5|S5,S3,S2,S7,S3|1
PAID_INITIAL|4|5|S5,S3,S3,S4,S9|1
PAID_INITIAL|4|5|S5,S3,S3,S6,S4|1
PAID_INITIAL|4|5|S5,S3,S4,S2,S3|1
PAID_INITIAL|4|5|S5,S3,S4,S3,S3|1
PAID_INITIAL|4|5|S5,S3,S5,S2,S1|1
PAID_INITIAL|4|5|S5,S3,S5,S3,S3|1
PAID_INITIAL|4|5|S5,S3,S5,S6,S4|1
PAID_INITIAL|4|5|S5,S3,S5,S6,S8|1
PAID_INITIAL|4|5|S5,S3,S6,S6,S9|1
PAID_INITIAL|4|5|S5,S3,S6,S7,S2|1
PAID_INITIAL|4|5|S5,S3,S6,S8,S3|1
PAID_INITIAL|4|5|S5,S3,S7,S4,S2|1
PAID_INITIAL|4|5|S5,S3,S7,S7,S4|1
PAID_INITIAL|4|5|S5,S3,S7,S8,S6|1
PAID_INITIAL|4|5|S5,S3,S8,S3,S8|1
PAID_INITIAL|4|5|S5,S3,S8,S9,S9|1
PAID_INITIAL|4|5|S5,S3,S9,S3,S3|1
PAID_INITIAL|4|5|S5,S3,S9,S7,S6|1
PAID_INITIAL|4|5|S5,S3,S9,S9,S1|1
PAID_INITIAL|4|5|S5,S4,S1,S8,S9|1
PAID_INITIAL|4|5|S5,S4,S2,S2,S7|1
PAID_INITIAL|4|5|S5,S4,S2,S4,S7|1
PAID_INITIAL|4|5|S5,S4,S2,S6,S2|1
PAID_INITIAL|4|5|S5,S4,S2,S8,S6|2
PAID_INITIAL|4|5|S5,S4,S3,S2,S7|1
PAID_INITIAL|4|5|S5,S4,S3,S3,S6|1
PAID_INITIAL|4|5|S5,S4,S3,S6,S1|1
PAID_INITIAL|4|5|S5,S4,S3,S6,S7|1
PAID_INITIAL|4|5|S5,S4,S4,S3,S9|1
PAID_INITIAL|4|5|S5,S4,S5,S6,S5|1
PAID_INITIAL|4|5|S5,S4,S5,S7,S4|1
PAID_INITIAL|4|5|S5,S4,S5,S8,S7|1
PAID_INITIAL|4|5|S5,S4,S6,S2,S8|1
PAID_INITIAL|4|5|S5,S4,S6,S3,S8|1
PAID_INITIAL|4|5|S5,S4,S7,S2,S8|1
PAID_INITIAL|4|5|S5,S4,S7,S4,S4|1
PAID_INITIAL|4|5|S5,S4,S7,S4,S8|1
PAID_INITIAL|4|5|S5,S4,S8,S4,S1|1
PAID_INITIAL|4|5|S5,S4,S8,S7,S2|1
PAID_INITIAL|4|5|S5,S4,S9,S2,S2|1
PAID_INITIAL|4|5|S5,S4,S9,S2,S5|1
PAID_INITIAL|4|5|S5,S4,S9,S7,S2|1
PAID_INITIAL|4|5|S5,S4,S9,S8,S8|1
PAID_INITIAL|4|5|S5,S5,S2,S3,S8|1
PAID_INITIAL|4|5|S5,S5,S2,S9,S7|1
PAID_INITIAL|4|5|S5,S5,S3,S4,S1|1
PAID_INITIAL|4|5|S5,S5,S3,S5,S5|1
PAID_INITIAL|4|5|S5,S5,S3,S8,S5|1
PAID_INITIAL|4|5|S5,S5,S4,S1,S7|1
PAID_INITIAL|4|5|S5,S5,S4,S5,S4|1
PAID_INITIAL|4|5|S5,S5,S4,S6,S8|1
PAID_INITIAL|4|5|S5,S5,S4,S7,S4|1
PAID_INITIAL|4|5|S5,S5,S4,S8,S4|1
PAID_INITIAL|4|5|S5,S5,S4,S9,S6|1
PAID_INITIAL|4|5|S5,S5,S5,S5,S3|1
PAID_INITIAL|4|5|S5,S5,S5,S8,S6|1
PAID_INITIAL|4|5|S5,S5,S6,S2,S3|1
PAID_INITIAL|4|5|S5,S5,S6,S5,S2|1
PAID_INITIAL|4|5|S5,S5,S6,S8,S7|1
PAID_INITIAL|4|5|S5,S5,S7,S1,S6|1
PAID_INITIAL|4|5|S5,S5,S7,S8,S5|1
PAID_INITIAL|4|5|S5,S5,S8,S6,S8|1
PAID_INITIAL|4|5|S5,S5,S9,S5,S2|1
PAID_INITIAL|4|5|S5,S5,S9,S7,S8|1
PAID_INITIAL|4|5|S5,S6,S2,S3,S3|1
PAID_INITIAL|4|5|S5,S6,S4,S2,S5|1
PAID_INITIAL|4|5|S5,S6,S4,S3,S7|1
PAID_INITIAL|4|5|S5,S6,S4,S5,S4|1
PAID_INITIAL|4|5|S5,S6,S5,S1,S8|1
PAID_INITIAL|4|5|S5,S6,S5,S5,S4|1
PAID_INITIAL|4|5|S5,S6,S5,S5,S6|1
PAID_INITIAL|4|5|S5,S6,S5,S7,S8|1
PAID_INITIAL|4|5|S5,S6,S5,S9,S8|1
PAID_INITIAL|4|5|S5,S6,S6,S4,S3|1
PAID_INITIAL|4|5|S5,S6,S6,S9,S7|1
PAID_INITIAL|4|5|S5,S6,S7,S3,S9|1
PAID_INITIAL|4|5|S5,S6,S7,S9,S9|1
PAID_INITIAL|4|5|S5,S6,S8,S5,S4|1
PAID_INITIAL|4|5|S5,S6,S8,S6,S2|1
PAID_INITIAL|4|5|S5,S6,S8,S7,S5|1
PAID_INITIAL|4|5|S5,S6,S8,S8,S6|1
PAID_INITIAL|4|5|S5,S6,S9,S2,S2|1
PAID_INITIAL|4|5|S5,S6,S9,S6,S9|1
PAID_INITIAL|4|5|S5,S6,S9,S7,S4|1
PAID_INITIAL|4|5|S5,S6,S9,S7,S6|2
PAID_INITIAL|4|5|S5,S6,S9,S8,S9|1
PAID_INITIAL|4|5|S5,S7,S2,S5,S8|1
PAID_INITIAL|4|5|S5,S7,S2,S6,S6|1
PAID_INITIAL|4|5|S5,S7,S2,S8,S3|1
PAID_INITIAL|4|5|S5,S7,S2,S9,S2|1
PAID_INITIAL|4|5|S5,S7,S3,S2,S2|3
PAID_INITIAL|4|5|S5,S7,S3,S5,S6|1
PAID_INITIAL|4|5|S5,S7,S3,S8,S6|1
PAID_INITIAL|4|5|S5,S7,S4,S2,S5|1
PAID_INITIAL|4|5|S5,S7,S4,S3,S4|2
PAID_INITIAL|4|5|S5,S7,S4,S5,S2|1
PAID_INITIAL|4|5|S5,S7,S5,S4,S5|1
PAID_INITIAL|4|5|S5,S7,S5,S5,S8|1
PAID_INITIAL|4|5|S5,S7,S5,S6,S7|1
PAID_INITIAL|4|5|S5,S7,S6,S2,S5|1
PAID_INITIAL|4|5|S5,S7,S6,S4,S5|1
PAID_INITIAL|4|5|S5,S7,S6,S5,S4|1
PAID_INITIAL|4|5|S5,S7,S6,S6,S4|1
PAID_INITIAL|4|5|S5,S7,S6,S9,S6|1
PAID_INITIAL|4|5|S5,S7,S7,S2,S4|1
PAID_INITIAL|4|5|S5,S7,S7,S4,S3|1
PAID_INITIAL|4|5|S5,S7,S7,S7,S5|1
PAID_INITIAL|4|5|S5,S7,S7,S7,S6|1
PAID_INITIAL|4|5|S5,S7,S7,S8,S6|1
PAID_INITIAL|4|5|S5,S7,S7,S9,S4|1
PAID_INITIAL|4|5|S5,S7,S7,S9,S7|1
PAID_INITIAL|4|5|S5,S7,S8,S2,S2|1
PAID_INITIAL|4|5|S5,S7,S8,S2,S3|1
PAID_INITIAL|4|5|S5,S7,S8,S9,S8|1
PAID_INITIAL|4|5|S5,S7,S9,S5,S5|1
PAID_INITIAL|4|5|S5,S7,S9,S6,S3|1
PAID_INITIAL|4|5|S5,S8,S2,S4,S3|1
PAID_INITIAL|4|5|S5,S8,S2,S5,S9|1
PAID_INITIAL|4|5|S5,S8,S2,S7,S3|1
PAID_INITIAL|4|5|S5,S8,S3,S7,S4|1
PAID_INITIAL|4|5|S5,S8,S3,S9,S5|1
PAID_INITIAL|4|5|S5,S8,S4,S6,S3|2
PAID_INITIAL|4|5|S5,S8,S4,S6,S7|1
PAID_INITIAL|4|5|S5,S8,S4,S7,S9|1
PAID_INITIAL|4|5|S5,S8,S4,S9,S9|1
PAID_INITIAL|4|5|S5,S8,S5,S8,S4|1
PAID_INITIAL|4|5|S5,S8,S6,S7,S5|1
PAID_INITIAL|4|5|S5,S8,S7,S3,S6|1
PAID_INITIAL|4|5|S5,S8,S7,S3,S9|1
PAID_INITIAL|4|5|S5,S8,S7,S6,S4|1
PAID_INITIAL|4|5|S5,S8,S7,S8,S9|1
PAID_INITIAL|4|5|S5,S8,S7,S9,S4|1
PAID_INITIAL|4|5|S5,S8,S9,S2,S4|1
PAID_INITIAL|4|5|S5,S8,S9,S8,S3|1
PAID_INITIAL|4|5|S5,S8,S9,S9,S5|1
PAID_INITIAL|4|5|S5,S9,S1,S1,S7|1
PAID_INITIAL|4|5|S5,S9,S2,S8,S2|1
PAID_INITIAL|4|5|S5,S9,S2,S9,S8|1
PAID_INITIAL|4|5|S5,S9,S4,S2,S5|2
PAID_INITIAL|4|5|S5,S9,S4,S3,S2|1
PAID_INITIAL|4|5|S5,S9,S4,S4,S7|1
PAID_INITIAL|4|5|S5,S9,S4,S7,S5|1
PAID_INITIAL|4|5|S5,S9,S4,S8,S8|1
PAID_INITIAL|4|5|S5,S9,S4,S8,S9|1
PAID_INITIAL|4|5|S5,S9,S5,S2,S4|1
PAID_INITIAL|4|5|S5,S9,S5,S3,S9|1
PAID_INITIAL|4|5|S5,S9,S5,S5,S9|1
PAID_INITIAL|4|5|S5,S9,S6,S5,S5|1
PAID_INITIAL|4|5|S5,S9,S6,S6,S4|1
PAID_INITIAL|4|5|S5,S9,S7,S3,S4|1
PAID_INITIAL|4|5|S5,S9,S7,S8,S4|1
PAID_INITIAL|4|5|S5,S9,S8,S3,S2|1
PAID_INITIAL|4|5|S5,S9,S8,S8,S2|1
PAID_INITIAL|4|5|S5,S9,S9,S3,S2|2
PAID_INITIAL|4|5|S5,S9,S9,S3,S4|1
PAID_INITIAL|4|5|S5,S9,S9,S9,S4|1
PAID_INITIAL|4|5|S6,S1,S9,S3,S8|1
PAID_INITIAL|4|5|S6,S1,S9,S6,S9|1
PAID_INITIAL|4|5|S6,S2,S1,S6,S7|1
PAID_INITIAL|4|5|S6,S2,S2,S9,S6|1
PAID_INITIAL|4|5|S6,S2,S3,S2,S5|1
PAID_INITIAL|4|5|S6,S2,S3,S5,S8|1
PAID_INITIAL|4|5|S6,S2,S3,S8,S8|1
PAID_INITIAL|4|5|S6,S2,S3,S9,S3|1
PAID_INITIAL|4|5|S6,S2,S4,S3,S8|1
PAID_INITIAL|4|5|S6,S2,S5,S2,S7|1
PAID_INITIAL|4|5|S6,S2,S5,S2,S9|1
PAID_INITIAL|4|5|S6,S2,S5,S6,S6|1
PAID_INITIAL|4|5|S6,S2,S5,S9,S2|1
PAID_INITIAL|4|5|S6,S2,S6,S7,S5|1
PAID_INITIAL|4|5|S6,S2,S6,S8,S4|1
PAID_INITIAL|4|5|S6,S2,S6,S9,S8|1
PAID_INITIAL|4|5|S6,S2,S7,S6,S2|1
PAID_INITIAL|4|5|S6,S2,S7,S8,S3|1
PAID_INITIAL|4|5|S6,S2,S8,S2,S2|1
PAID_INITIAL|4|5|S6,S2,S8,S3,S2|1
PAID_INITIAL|4|5|S6,S2,S8,S3,S3|1
PAID_INITIAL|4|5|S6,S2,S9,S7,S7|1
PAID_INITIAL|4|5|S6,S3,S2,S3,S4|1
PAID_INITIAL|4|5|S6,S3,S2,S9,S9|1
PAID_INITIAL|4|5|S6,S3,S3,S2,S7|2
PAID_INITIAL|4|5|S6,S3,S3,S4,S2|1
PAID_INITIAL|4|5|S6,S3,S3,S9,S3|1
PAID_INITIAL|4|5|S6,S3,S3,S9,S8|1
PAID_INITIAL|4|5|S6,S3,S4,S2,S2|1
PAID_INITIAL|4|5|S6,S3,S4,S2,S8|1
PAID_INITIAL|4|5|S6,S3,S4,S2,S9|1
PAID_INITIAL|4|5|S6,S3,S4,S5,S4|1
PAID_INITIAL|4|5|S6,S3,S4,S9,S8|1
PAID_INITIAL|4|5|S6,S3,S5,S8,S8|1
PAID_INITIAL|4|5|S6,S3,S6,S6,S3|3
PAID_INITIAL|4|5|S6,S3,S6,S6,S7|1
PAID_INITIAL|4|5|S6,S3,S6,S8,S7|1
PAID_INITIAL|4|5|S6,S3,S7,S5,S9|1
PAID_INITIAL|4|5|S6,S3,S7,S6,S3|1
PAID_INITIAL|4|5|S6,S3,S7,S9,S8|1
PAID_INITIAL|4|5|S6,S3,S8,S2,S3|1
PAID_INITIAL|4|5|S6,S3,S8,S4,S3|1
PAID_INITIAL|4|5|S6,S3,S8,S4,S5|1
PAID_INITIAL|4|5|S6,S3,S9,S4,S7|1
PAID_INITIAL|4|5|S6,S3,S9,S6,S9|1
PAID_INITIAL|4|5|S6,S4,S2,S2,S3|1
PAID_INITIAL|4|5|S6,S4,S2,S7,S4|1
PAID_INITIAL|4|5|S6,S4,S2,S9,S9|1
PAID_INITIAL|4|5|S6,S4,S3,S5,S8|1
PAID_INITIAL|4|5|S6,S4,S3,S6,S8|1
PAID_INITIAL|4|5|S6,S4,S4,S2,S5|2
PAID_INITIAL|4|5|S6,S4,S4,S8,S2|1
PAID_INITIAL|4|5|S6,S4,S5,S9,S5|1
PAID_INITIAL|4|5|S6,S4,S6,S2,S6|1
PAID_INITIAL|4|5|S6,S4,S7,S4,S3|1
PAID_INITIAL|4|5|S6,S4,S7,S8,S3|2
PAID_INITIAL|4|5|S6,S4,S7,S8,S6|1
PAID_INITIAL|4|5|S6,S4,S7,S9,S5|1
PAID_INITIAL|4|5|S6,S4,S8,S6,S2|1
PAID_INITIAL|4|5|S6,S4,S9,S3,S4|1
PAID_INITIAL|4|5|S6,S4,S9,S8,S8|1
PAID_INITIAL|4|5|S6,S5,S2,S2,S9|1
PAID_INITIAL|4|5|S6,S5,S2,S4,S5|1
PAID_INITIAL|4|5|S6,S5,S2,S5,S9|1
PAID_INITIAL|4|5|S6,S5,S2,S9,S6|1
PAID_INITIAL|4|5|S6,S5,S2,S9,S7|1
PAID_INITIAL|4|5|S6,S5,S2,S9,S9|1
PAID_INITIAL|4|5|S6,S5,S3,S2,S2|1
PAID_INITIAL|4|5|S6,S5,S3,S9,S3|1
PAID_INITIAL|4|5|S6,S5,S4,S3,S7|1
PAID_INITIAL|4|5|S6,S5,S4,S5,S2|1
PAID_INITIAL|4|5|S6,S5,S4,S6,S3|1
PAID_INITIAL|4|5|S6,S5,S4,S7,S7|1
PAID_INITIAL|4|5|S6,S5,S5,S4,S1|1
PAID_INITIAL|4|5|S6,S5,S5,S4,S2|1
PAID_INITIAL|4|5|S6,S5,S5,S5,S5|1
PAID_INITIAL|4|5|S6,S5,S5,S9,S4|1
PAID_INITIAL|4|5|S6,S5,S5,S9,S8|1
PAID_INITIAL|4|5|S6,S5,S7,S6,S2|1
PAID_INITIAL|4|5|S6,S5,S7,S9,S8|1
PAID_INITIAL|4|5|S6,S5,S8,S6,S8|1
PAID_INITIAL|4|5|S6,S5,S9,S2,S4|1
PAID_INITIAL|4|5|S6,S5,S9,S4,S5|1
PAID_INITIAL|4|5|S6,S5,S9,S9,S7|1
PAID_INITIAL|4|5|S6,S6,S2,S3,S4|1
PAID_INITIAL|4|5|S6,S6,S2,S3,S6|1
PAID_INITIAL|4|5|S6,S6,S2,S6,S3|1
PAID_INITIAL|4|5|S6,S6,S2,S6,S7|1
PAID_INITIAL|4|5|S6,S6,S3,S4,S6|1
PAID_INITIAL|4|5|S6,S6,S3,S4,S8|1
PAID_INITIAL|4|5|S6,S6,S4,S2,S5|1
PAID_INITIAL|4|5|S6,S6,S4,S8,S2|2
PAID_INITIAL|4|5|S6,S6,S5,S6,S9|1
PAID_INITIAL|4|5|S6,S6,S5,S9,S7|1
PAID_INITIAL|4|5|S6,S6,S6,S3,S2|1
PAID_INITIAL|4|5|S6,S6,S6,S4,S2|1
PAID_INITIAL|4|5|S6,S6,S7,S6,S2|1
PAID_INITIAL|4|5|S6,S6,S7,S7,S3|1
PAID_INITIAL|4|5|S6,S6,S7,S9,S1|1
PAID_INITIAL|4|5|S6,S6,S8,S2,S5|1
PAID_INITIAL|4|5|S6,S6,S8,S7,S8|1
PAID_INITIAL|4|5|S6,S6,S8,S8,S2|1
PAID_INITIAL|4|5|S6,S6,S9,S2,S5|1
PAID_INITIAL|4|5|S6,S6,S9,S3,S5|1
PAID_INITIAL|4|5|S6,S7,S2,S5,S3|1
PAID_INITIAL|4|5|S6,S7,S3,S2,S8|1
PAID_INITIAL|4|5|S6,S7,S3,S4,S3|1
PAID_INITIAL|4|5|S6,S7,S3,S4,S9|1
PAID_INITIAL|4|5|S6,S7,S3,S7,S4|1
PAID_INITIAL|4|5|S6,S7,S4,S3,S5|1
PAID_INITIAL|4|5|S6,S7,S4,S3,S8|1
PAID_INITIAL|4|5|S6,S7,S5,S3,S5|1
PAID_INITIAL|4|5|S6,S7,S5,S3,S8|1
PAID_INITIAL|4|5|S6,S7,S5,S4,S3|1
PAID_INITIAL|4|5|S6,S7,S5,S4,S7|1
PAID_INITIAL|4|5|S6,S7,S5,S6,S3|1
PAID_INITIAL|4|5|S6,S7,S6,S2,S3|1
PAID_INITIAL|4|5|S6,S7,S6,S2,S5|1
PAID_INITIAL|4|5|S6,S7,S6,S6,S6|1
PAID_INITIAL|4|5|S6,S7,S6,S8,S9|1
PAID_INITIAL|4|5|S6,S7,S6,S9,S2|1
PAID_INITIAL|4|5|S6,S7,S6,S9,S6|1
PAID_INITIAL|4|5|S6,S7,S8,S3,S3|1
PAID_INITIAL|4|5|S6,S7,S9,S2,S6|1
PAID_INITIAL|4|5|S6,S7,S9,S4,S9|1
PAID_INITIAL|4|5|S6,S7,S9,S5,S8|1
PAID_INITIAL|4|5|S6,S8,S2,S3,S6|1
PAID_INITIAL|4|5|S6,S8,S2,S4,S7|1
PAID_INITIAL|4|5|S6,S8,S2,S5,S9|1
PAID_INITIAL|4|5|S6,S8,S3,S2,S7|1
PAID_INITIAL|4|5|S6,S8,S3,S8,S2|1
PAID_INITIAL|4|5|S6,S8,S4,S3,S4|1
PAID_INITIAL|4|5|S6,S8,S4,S3,S9|1
PAID_INITIAL|4|5|S6,S8,S4,S4,S7|1
PAID_INITIAL|4|5|S6,S8,S4,S4,S8|1
PAID_INITIAL|4|5|S6,S8,S4,S5,S1|1
PAID_INITIAL|4|5|S6,S8,S4,S7,S6|1
PAID_INITIAL|4|5|S6,S8,S5,S6,S2|1
PAID_INITIAL|4|5|S6,S8,S5,S8,S3|1
PAID_INITIAL|4|5|S6,S8,S6,S4,S2|1
PAID_INITIAL|4|5|S6,S8,S6,S4,S6|1
PAID_INITIAL|4|5|S6,S8,S6,S4,S9|1
PAID_INITIAL|4|5|S6,S8,S6,S5,S9|1
PAID_INITIAL|4|5|S6,S8,S7,S2,S9|1
PAID_INITIAL|4|5|S6,S8,S7,S4,S9|1
PAID_INITIAL|4|5|S6,S8,S7,S7,S8|1
PAID_INITIAL|4|5|S6,S8,S7,S9,S8|1
PAID_INITIAL|4|5|S6,S8,S8,S5,S2|1
PAID_INITIAL|4|5|S6,S8,S8,S7,S5|1
PAID_INITIAL|4|5|S6,S8,S9,S2,S5|1
PAID_INITIAL|4|5|S6,S8,S9,S2,S6|1
PAID_INITIAL|4|5|S6,S8,S9,S3,S2|1
PAID_INITIAL|4|5|S6,S8,S9,S5,S8|1
PAID_INITIAL|4|5|S6,S8,S9,S8,S4|1
PAID_INITIAL|4|5|S6,S9,S1,S3,S3|1
PAID_INITIAL|4|5|S6,S9,S2,S4,S5|1
PAID_INITIAL|4|5|S6,S9,S2,S6,S8|1
PAID_INITIAL|4|5|S6,S9,S3,S4,S3|1
PAID_INITIAL|4|5|S6,S9,S3,S5,S4|1
PAID_INITIAL|4|5|S6,S9,S3,S8,S4|1
PAID_INITIAL|4|5|S6,S9,S3,S8,S8|1
PAID_INITIAL|4|5|S6,S9,S4,S3,S6|1
PAID_INITIAL|4|5|S6,S9,S4,S3,S9|2
PAID_INITIAL|4|5|S6,S9,S5,S2,S6|1
PAID_INITIAL|4|5|S6,S9,S5,S2,S9|1
PAID_INITIAL|4|5|S6,S9,S5,S3,S3|1
PAID_INITIAL|4|5|S6,S9,S5,S4,S8|1
PAID_INITIAL|4|5|S6,S9,S5,S6,S7|1
PAID_INITIAL|4|5|S6,S9,S5,S7,S2|1
PAID_INITIAL|4|5|S6,S9,S5,S7,S4|1
PAID_INITIAL|4|5|S6,S9,S5,S7,S5|1
PAID_INITIAL|4|5|S6,S9,S6,S3,S5|1
PAID_INITIAL|4|5|S6,S9,S6,S5,S5|1
PAID_INITIAL|4|5|S6,S9,S6,S8,S5|1
PAID_INITIAL|4|5|S6,S9,S7,S4,S6|1
PAID_INITIAL|4|5|S6,S9,S7,S5,S5|1
PAID_INITIAL|4|5|S6,S9,S7,S7,S3|1
PAID_INITIAL|4|5|S6,S9,S7,S8,S2|1
PAID_INITIAL|4|5|S6,S9,S7,S8,S5|1
PAID_INITIAL|4|5|S6,S9,S8,S3,S2|1
PAID_INITIAL|4|5|S6,S9,S8,S5,S4|1
PAID_INITIAL|4|5|S6,S9,S8,S6,S2|1
PAID_INITIAL|4|5|S6,S9,S8,S8,S7|1
PAID_INITIAL|4|5|S6,S9,S9,S2,S3|1
PAID_INITIAL|4|5|S6,S9,S9,S6,S9|1
PAID_INITIAL|4|5|S7,S1,S3,S5,S4|1
PAID_INITIAL|4|5|S7,S1,S3,S8,S4|1
PAID_INITIAL|4|5|S7,S2,S1,S9,S5|1
PAID_INITIAL|4|5|S7,S2,S2,S2,S3|1
PAID_INITIAL|4|5|S7,S2,S2,S2,S8|1
PAID_INITIAL|4|5|S7,S2,S2,S6,S7|1
PAID_INITIAL|4|5|S7,S2,S3,S2,S5|1
PAID_INITIAL|4|5|S7,S2,S3,S3,S4|1
PAID_INITIAL|4|5|S7,S2,S3,S7,S5|1
PAID_INITIAL|4|5|S7,S2,S3,S8,S3|1
PAID_INITIAL|4|5|S7,S2,S4,S7,S5|1
PAID_INITIAL|4|5|S7,S2,S5,S9,S2|1
PAID_INITIAL|4|5|S7,S2,S6,S3,S3|1
PAID_INITIAL|4|5|S7,S2,S6,S8,S7|2
PAID_INITIAL|4|5|S7,S2,S7,S3,S4|1
PAID_INITIAL|4|5|S7,S2,S7,S9,S6|1
PAID_INITIAL|4|5|S7,S2,S8,S2,S6|1
PAID_INITIAL|4|5|S7,S2,S8,S8,S5|1
PAID_INITIAL|4|5|S7,S2,S8,S8,S8|1
PAID_INITIAL|4|5|S7,S2,S9,S7,S8|1
PAID_INITIAL|4|5|S7,S3,S2,S1,S4|1
PAID_INITIAL|4|5|S7,S3,S2,S4,S3|1
PAID_INITIAL|4|5|S7,S3,S2,S5,S6|1
PAID_INITIAL|4|5|S7,S3,S2,S6,S4|1
PAID_INITIAL|4|5|S7,S3,S2,S7,S8|1
PAID_INITIAL|4|5|S7,S3,S3,S6,S4|1
PAID_INITIAL|4|5|S7,S3,S3,S8,S5|1
PAID_INITIAL|4|5|S7,S3,S3,S8,S7|1
PAID_INITIAL|4|5|S7,S3,S4,S3,S9|1
PAID_INITIAL|4|5|S7,S3,S5,S3,S3|1
PAID_INITIAL|4|5|S7,S3,S6,S2,S5|1
PAID_INITIAL|4|5|S7,S3,S6,S6,S8|2
PAID_INITIAL|4|5|S7,S3,S7,S2,S2|1
PAID_INITIAL|4|5|S7,S3,S7,S5,S6|1
PAID_INITIAL|4|5|S7,S3,S7,S6,S2|1
PAID_INITIAL|4|5|S7,S3,S8,S2,S7|1
PAID_INITIAL|4|5|S7,S3,S8,S9,S7|1
PAID_INITIAL|4|5|S7,S3,S9,S2,S5|1
PAID_INITIAL|4|5|S7,S3,S9,S5,S4|1
PAID_INITIAL|4|5|S7,S3,S9,S6,S8|1
PAID_INITIAL|4|5|S7,S4,S2,S2,S4|1
PAID_INITIAL|4|5|S7,S4,S2,S2,S7|1
PAID_INITIAL|4|5|S7,S4,S2,S6,S8|1
PAID_INITIAL|4|5|S7,S4,S2,S7,S7|2
PAID_INITIAL|4|5|S7,S4,S3,S2,S3|1
PAID_INITIAL|4|5|S7,S4,S3,S3,S8|1
PAID_INITIAL|4|5|S7,S4,S3,S6,S8|1
PAID_INITIAL|4|5|S7,S4,S3,S7,S7|1
PAID_INITIAL|4|5|S7,S4,S3,S8,S3|1
PAID_INITIAL|4|5|S7,S4,S4,S8,S3|1
PAID_INITIAL|4|5|S7,S4,S5,S9,S4|1
PAID_INITIAL|4|5|S7,S4,S6,S5,S7|1
PAID_INITIAL|4|5|S7,S4,S6,S7,S4|1
PAID_INITIAL|4|5|S7,S4,S7,S3,S1|1
PAID_INITIAL|4|5|S7,S4,S7,S3,S8|1
PAID_INITIAL|4|5|S7,S4,S7,S6,S2|1
PAID_INITIAL|4|5|S7,S4,S8,S4,S7|1
PAID_INITIAL|4|5|S7,S4,S8,S8,S2|1
PAID_INITIAL|4|5|S7,S4,S9,S7,S5|1
PAID_INITIAL|4|5|S7,S5,S1,S7,S8|1
PAID_INITIAL|4|5|S7,S5,S2,S1,S6|1
PAID_INITIAL|4|5|S7,S5,S2,S3,S9|1
PAID_INITIAL|4|5|S7,S5,S2,S5,S3|1
PAID_INITIAL|4|5|S7,S5,S2,S6,S4|1
PAID_INITIAL|4|5|S7,S5,S2,S6,S5|2
PAID_INITIAL|4|5|S7,S5,S2,S8,S8|1
PAID_INITIAL|4|5|S7,S5,S4,S2,S3|1
PAID_INITIAL|4|5|S7,S5,S4,S2,S9|1
PAID_INITIAL|4|5|S7,S5,S4,S4,S4|2
PAID_INITIAL|4|5|S7,S5,S4,S5,S4|1
PAID_INITIAL|4|5|S7,S5,S5,S2,S3|1
PAID_INITIAL|4|5|S7,S5,S5,S7,S8|1
PAID_INITIAL|4|5|S7,S5,S5,S9,S4|1
PAID_INITIAL|4|5|S7,S5,S6,S3,S7|1
PAID_INITIAL|4|5|S7,S5,S6,S8,S3|2
PAID_INITIAL|4|5|S7,S5,S7,S2,S9|1
PAID_INITIAL|4|5|S7,S5,S7,S4,S9|1
PAID_INITIAL|4|5|S7,S5,S7,S5,S2|1
PAID_INITIAL|4|5|S7,S5,S8,S4,S1|1
PAID_INITIAL|4|5|S7,S5,S8,S4,S8|1
PAID_INITIAL|4|5|S7,S5,S9,S2,S8|1
PAID_INITIAL|4|5|S7,S5,S9,S4,S3|1
PAID_INITIAL|4|5|S7,S5,S9,S7,S2|1
PAID_INITIAL|4|5|S7,S5,S9,S9,S2|1
PAID_INITIAL|4|5|S7,S5,S9,S9,S5|1
PAID_INITIAL|4|5|S7,S6,S2,S3,S2|1
PAID_INITIAL|4|5|S7,S6,S2,S6,S5|1
PAID_INITIAL|4|5|S7,S6,S3,S7,S9|1
PAID_INITIAL|4|5|S7,S6,S3,S8,S5|1
PAID_INITIAL|4|5|S7,S6,S4,S3,S9|2
PAID_INITIAL|4|5|S7,S6,S4,S8,S9|1
PAID_INITIAL|4|5|S7,S6,S4,S9,S7|1
PAID_INITIAL|4|5|S7,S6,S5,S4,S6|1
PAID_INITIAL|4|5|S7,S6,S5,S4,S9|1
PAID_INITIAL|4|5|S7,S6,S5,S9,S1|1
PAID_INITIAL|4|5|S7,S6,S6,S5,S6|1
PAID_INITIAL|4|5|S7,S6,S6,S6,S4|1
PAID_INITIAL|4|5|S7,S6,S6,S7,S5|1
PAID_INITIAL|4|5|S7,S6,S6,S7,S8|1
PAID_INITIAL|4|5|S7,S6,S7,S3,S6|1
PAID_INITIAL|4|5|S7,S6,S7,S5,S9|1
PAID_INITIAL|4|5|S7,S6,S8,S7,S2|1
PAID_INITIAL|4|5|S7,S6,S8,S7,S3|1
PAID_INITIAL|4|5|S7,S6,S9,S4,S2|1
PAID_INITIAL|4|5|S7,S6,S9,S4,S9|1
PAID_INITIAL|4|5|S7,S6,S9,S6,S3|1
PAID_INITIAL|4|5|S7,S7,S1,S9,S8|1
PAID_INITIAL|4|5|S7,S7,S2,S4,S2|1
PAID_INITIAL|4|5|S7,S7,S2,S9,S7|1
PAID_INITIAL|4|5|S7,S7,S3,S2,S4|1
PAID_INITIAL|4|5|S7,S7,S3,S3,S3|1
PAID_INITIAL|4|5|S7,S7,S4,S2,S4|1
PAID_INITIAL|4|5|S7,S7,S4,S2,S7|1
PAID_INITIAL|4|5|S7,S7,S6,S2,S6|1
PAID_INITIAL|4|5|S7,S7,S6,S4,S7|1
PAID_INITIAL|4|5|S7,S7,S6,S7,S8|1
PAID_INITIAL|4|5|S7,S7,S6,S7,S9|1
PAID_INITIAL|4|5|S7,S7,S7,S5,S3|1
PAID_INITIAL|4|5|S7,S7,S7,S5,S5|1
PAID_INITIAL|4|5|S7,S7,S7,S6,S3|1
PAID_INITIAL|4|5|S7,S7,S7,S9,S6|1
PAID_INITIAL|4|5|S7,S7,S8,S6,S6|1
PAID_INITIAL|4|5|S7,S7,S9,S2,S5|1
PAID_INITIAL|4|5|S7,S7,S9,S9,S3|1
PAID_INITIAL|4|5|S7,S8,S1,S1,S4|1
PAID_INITIAL|4|5|S7,S8,S3,S4,S9|1
PAID_INITIAL|4|5|S7,S8,S3,S5,S5|1
PAID_INITIAL|4|5|S7,S8,S3,S8,S8|2
PAID_INITIAL|4|5|S7,S8,S4,S5,S9|1
PAID_INITIAL|4|5|S7,S8,S4,S6,S3|2
PAID_INITIAL|4|5|S7,S8,S4,S6,S6|1
PAID_INITIAL|4|5|S7,S8,S4,S6,S9|1
PAID_INITIAL|4|5|S7,S8,S5,S3,S9|1
PAID_INITIAL|4|5|S7,S8,S5,S5,S2|1
PAID_INITIAL|4|5|S7,S8,S5,S7,S7|1
PAID_INITIAL|4|5|S7,S8,S5,S7,S8|1
PAID_INITIAL|4|5|S7,S8,S5,S9,S2|1
PAID_INITIAL|4|5|S7,S8,S6,S2,S2|1
PAID_INITIAL|4|5|S7,S8,S6,S5,S7|1
PAID_INITIAL|4|5|S7,S8,S6,S8,S5|1
PAID_INITIAL|4|5|S7,S8,S7,S8,S3|1
PAID_INITIAL|4|5|S7,S8,S8,S3,S6|1
PAID_INITIAL|4|5|S7,S8,S8,S4,S6|1
PAID_INITIAL|4|5|S7,S8,S8,S9,S4|1
PAID_INITIAL|4|5|S7,S8,S9,S5,S2|1
PAID_INITIAL|4|5|S7,S8,S9,S8,S7|1
PAID_INITIAL|4|5|S7,S9,S1,S3,S7|1
PAID_INITIAL|4|5|S7,S9,S2,S3,S6|1
PAID_INITIAL|4|5|S7,S9,S2,S3,S9|1
PAID_INITIAL|4|5|S7,S9,S2,S6,S9|1
PAID_INITIAL|4|5|S7,S9,S2,S8,S5|1
PAID_INITIAL|4|5|S7,S9,S2,S9,S3|1
PAID_INITIAL|4|5|S7,S9,S2,S9,S6|1
PAID_INITIAL|4|5|S7,S9,S3,S2,S9|1
PAID_INITIAL|4|5|S7,S9,S3,S9,S2|1
PAID_INITIAL|4|5|S7,S9,S3,S9,S6|1
PAID_INITIAL|4|5|S7,S9,S4,S4,S8|1
PAID_INITIAL|4|5|S7,S9,S4,S4,S9|1
PAID_INITIAL|4|5|S7,S9,S4,S7,S3|1
PAID_INITIAL|4|5|S7,S9,S4,S7,S8|1
PAID_INITIAL|4|5|S7,S9,S5,S2,S9|1
PAID_INITIAL|4|5|S7,S9,S5,S4,S7|1
PAID_INITIAL|4|5|S7,S9,S5,S5,S3|1
PAID_INITIAL|4|5|S7,S9,S5,S9,S4|1
PAID_INITIAL|4|5|S7,S9,S5,S9,S5|1
PAID_INITIAL|4|5|S7,S9,S6,S6,S4|1
PAID_INITIAL|4|5|S7,S9,S6,S7,S9|1
PAID_INITIAL|4|5|S7,S9,S6,S9,S4|2
PAID_INITIAL|4|5|S7,S9,S7,S2,S5|1
PAID_INITIAL|4|5|S7,S9,S7,S5,S4|1
PAID_INITIAL|4|5|S7,S9,S7,S7,S3|1
PAID_INITIAL|4|5|S7,S9,S7,S8,S4|1
PAID_INITIAL|4|5|S7,S9,S8,S5,S3|1
PAID_INITIAL|4|5|S7,S9,S8,S7,S6|1
PAID_INITIAL|4|5|S7,S9,S8,S8,S4|1
PAID_INITIAL|4|5|S7,S9,S9,S3,S6|1
PAID_INITIAL|4|5|S7,S9,S9,S5,S2|1
PAID_INITIAL|4|5|S8,S1,S2,S4,S6|1
PAID_INITIAL|4|5|S8,S1,S3,S2,S5|1
PAID_INITIAL|4|5|S8,S1,S4,S4,S3|1
PAID_INITIAL|4|5|S8,S1,S5,S8,S3|1
PAID_INITIAL|4|5|S8,S1,S6,S2,S7|1
PAID_INITIAL|4|5|S8,S1,S9,S8,S8|1
PAID_INITIAL|4|5|S8,S2,S1,S7,S2|1
PAID_INITIAL|4|5|S8,S2,S2,S2,S2|1
PAID_INITIAL|4|5|S8,S2,S2,S3,S9|1
PAID_INITIAL|4|5|S8,S2,S2,S8,S7|1
PAID_INITIAL|4|5|S8,S2,S3,S2,S3|1
PAID_INITIAL|4|5|S8,S2,S3,S6,S7|1
PAID_INITIAL|4|5|S8,S2,S3,S6,S9|1
PAID_INITIAL|4|5|S8,S2,S4,S8,S2|1
PAID_INITIAL|4|5|S8,S2,S5,S7,S4|1
PAID_INITIAL|4|5|S8,S2,S5,S9,S4|1
PAID_INITIAL|4|5|S8,S2,S6,S9,S6|1
PAID_INITIAL|4|5|S8,S2,S7,S2,S2|1
PAID_INITIAL|4|5|S8,S2,S7,S4,S3|1
PAID_INITIAL|4|5|S8,S2,S7,S8,S9|1
PAID_INITIAL|4|5|S8,S2,S8,S2,S6|1
PAID_INITIAL|4|5|S8,S2,S8,S7,S4|1
PAID_INITIAL|4|5|S8,S2,S8,S8,S2|1
PAID_INITIAL|4|5|S8,S2,S8,S8,S7|1
PAID_INITIAL|4|5|S8,S2,S9,S2,S9|1
PAID_INITIAL|4|5|S8,S2,S9,S5,S6|1
PAID_INITIAL|4|5|S8,S2,S9,S7,S9|1
PAID_INITIAL|4|5|S8,S3,S1,S7,S6|1
PAID_INITIAL|4|5|S8,S3,S2,S3,S6|1
PAID_INITIAL|4|5|S8,S3,S2,S5,S4|1
PAID_INITIAL|4|5|S8,S3,S2,S8,S8|1
PAID_INITIAL|4|5|S8,S3,S3,S2,S6|1
PAID_INITIAL|4|5|S8,S3,S3,S3,S6|1
PAID_INITIAL|4|5|S8,S3,S3,S3,S9|1
PAID_INITIAL|4|5|S8,S3,S3,S5,S1|1
PAID_INITIAL|4|5|S8,S3,S3,S9,S5|1
PAID_INITIAL|4|5|S8,S3,S4,S2,S5|1
PAID_INITIAL|4|5|S8,S3,S4,S5,S6|1
PAID_INITIAL|4|5|S8,S3,S4,S6,S4|1
PAID_INITIAL|4|5|S8,S3,S5,S2,S4|1
PAID_INITIAL|4|5|S8,S3,S5,S2,S7|1
PAID_INITIAL|4|5|S8,S3,S5,S5,S4|1
PAID_INITIAL|4|5|S8,S3,S5,S9,S5|1
PAID_INITIAL|4|5|S8,S3,S5,S9,S8|1
PAID_INITIAL|4|5|S8,S3,S6,S2,S4|1
PAID_INITIAL|4|5|S8,S3,S6,S9,S9|1
PAID_INITIAL|4|5|S8,S3,S7,S4,S3|1
PAID_INITIAL|4|5|S8,S3,S7,S8,S2|1
PAID_INITIAL|4|5|S8,S3,S8,S8,S2|1
PAID_INITIAL|4|5|S8,S3,S9,S9,S5|1
PAID_INITIAL|4|5|S8,S3,S9,S9,S7|1
PAID_INITIAL|4|5|S8,S4,S2,S5,S4|1
PAID_INITIAL|4|5|S8,S4,S2,S7,S6|1
PAID_INITIAL|4|5|S8,S4,S2,S9,S5|1
PAID_INITIAL|4|5|S8,S4,S3,S7,S3|1
PAID_INITIAL|4|5|S8,S4,S3,S9,S7|1
PAID_INITIAL|4|5|S8,S4,S4,S6,S3|1
PAID_INITIAL|4|5|S8,S4,S5,S7,S8|1
PAID_INITIAL|4|5|S8,S4,S6,S3,S3|1
PAID_INITIAL|4|5|S8,S4,S6,S5,S3|1
PAID_INITIAL|4|5|S8,S4,S6,S5,S6|1
PAID_INITIAL|4|5|S8,S4,S6,S9,S4|3
PAID_INITIAL|4|5|S8,S4,S8,S4,S6|1
PAID_INITIAL|4|5|S8,S4,S9,S4,S3|1
PAID_INITIAL|4|5|S8,S4,S9,S4,S8|1
PAID_INITIAL|4|5|S8,S4,S9,S8,S4|1
PAID_INITIAL|4|5|S8,S5,S2,S7,S6|1
PAID_INITIAL|4|5|S8,S5,S5,S5,S3|1
PAID_INITIAL|4|5|S8,S5,S5,S5,S5|1
PAID_INITIAL|4|5|S8,S5,S6,S3,S3|1
PAID_INITIAL|4|5|S8,S5,S6,S3,S5|1
PAID_INITIAL|4|5|S8,S5,S6,S9,S7|1
PAID_INITIAL|4|5|S8,S5,S7,S5,S6|1
PAID_INITIAL|4|5|S8,S5,S7,S7,S3|1
PAID_INITIAL|4|5|S8,S5,S7,S9,S7|1
PAID_INITIAL|4|5|S8,S5,S8,S4,S3|1
PAID_INITIAL|4|5|S8,S5,S8,S5,S5|1
PAID_INITIAL|4|5|S8,S5,S9,S4,S6|1
PAID_INITIAL|4|5|S8,S5,S9,S7,S4|1
PAID_INITIAL|4|5|S8,S6,S2,S7,S7|1
PAID_INITIAL|4|5|S8,S6,S4,S7,S4|1
PAID_INITIAL|4|5|S8,S6,S5,S4,S3|1
PAID_INITIAL|4|5|S8,S6,S5,S4,S8|2
PAID_INITIAL|4|5|S8,S6,S5,S8,S6|1
PAID_INITIAL|4|5|S8,S6,S5,S9,S6|1
PAID_INITIAL|4|5|S8,S6,S5,S9,S7|1
PAID_INITIAL|4|5|S8,S6,S6,S3,S9|1
PAID_INITIAL|4|5|S8,S6,S6,S7,S7|1
PAID_INITIAL|4|5|S8,S6,S7,S2,S9|1
PAID_INITIAL|4|5|S8,S6,S7,S3,S4|1
PAID_INITIAL|4|5|S8,S6,S7,S4,S7|1
PAID_INITIAL|4|5|S8,S6,S7,S7,S4|1
PAID_INITIAL|4|5|S8,S6,S7,S9,S3|1
PAID_INITIAL|4|5|S8,S6,S8,S2,S9|1
PAID_INITIAL|4|5|S8,S6,S8,S3,S5|1
PAID_INITIAL|4|5|S8,S6,S8,S9,S6|1
PAID_INITIAL|4|5|S8,S6,S9,S3,S5|1
PAID_INITIAL|4|5|S8,S6,S9,S4,S9|1
PAID_INITIAL|4|5|S8,S6,S9,S5,S5|1
PAID_INITIAL|4|5|S8,S6,S9,S9,S5|1
PAID_INITIAL|4|5|S8,S7,S2,S9,S9|1
PAID_INITIAL|4|5|S8,S7,S3,S4,S8|1
PAID_INITIAL|4|5|S8,S7,S3,S6,S8|1
PAID_INITIAL|4|5|S8,S7,S4,S4,S8|1
PAID_INITIAL|4|5|S8,S7,S4,S6,S4|1
PAID_INITIAL|4|5|S8,S7,S4,S7,S2|1
PAID_INITIAL|4|5|S8,S7,S4,S7,S5|2
PAID_INITIAL|4|5|S8,S7,S4,S8,S2|1
PAID_INITIAL|4|5|S8,S7,S4,S9,S4|1
PAID_INITIAL|4|5|S8,S7,S5,S2,S7|1
PAID_INITIAL|4|5|S8,S7,S5,S4,S2|1
PAID_INITIAL|4|5|S8,S7,S5,S5,S5|1
PAID_INITIAL|4|5|S8,S7,S5,S6,S2|1
PAID_INITIAL|4|5|S8,S7,S6,S3,S5|1
PAID_INITIAL|4|5|S8,S7,S6,S4,S3|1
PAID_INITIAL|4|5|S8,S7,S6,S9,S3|1
PAID_INITIAL|4|5|S8,S7,S6,S9,S8|1
PAID_INITIAL|4|5|S8,S7,S7,S4,S7|1
PAID_INITIAL|4|5|S8,S7,S7,S7,S8|2
PAID_INITIAL|4|5|S8,S7,S7,S7,S9|1
PAID_INITIAL|4|5|S8,S7,S7,S8,S7|1
PAID_INITIAL|4|5|S8,S7,S7,S8,S9|1
PAID_INITIAL|4|5|S8,S7,S8,S2,S8|1
PAID_INITIAL|4|5|S8,S7,S8,S3,S2|1
PAID_INITIAL|4|5|S8,S7,S8,S8,S6|1
PAID_INITIAL|4|5|S8,S7,S8,S9,S5|1
PAID_INITIAL|4|5|S8,S7,S9,S5,S9|1
PAID_INITIAL|4|5|S8,S8,S1,S4,S3|1
PAID_INITIAL|4|5|S8,S8,S2,S3,S4|1
PAID_INITIAL|4|5|S8,S8,S2,S6,S6|1
PAID_INITIAL|4|5|S8,S8,S3,S2,S2|1
PAID_INITIAL|4|5|S8,S8,S3,S2,S3|1
PAID_INITIAL|4|5|S8,S8,S3,S3,S9|1
PAID_INITIAL|4|5|S8,S8,S3,S6,S8|1
PAID_INITIAL|4|5|S8,S8,S4,S2,S7|1
PAID_INITIAL|4|5|S8,S8,S5,S5,S2|1
PAID_INITIAL|4|5|S8,S8,S5,S9,S4|1
PAID_INITIAL|4|5|S8,S8,S6,S6,S6|1
PAID_INITIAL|4|5|S8,S8,S6,S7,S5|1
PAID_INITIAL|4|5|S8,S8,S7,S5,S4|1
PAID_INITIAL|4|5|S8,S8,S7,S6,S9|1
PAID_INITIAL|4|5|S8,S8,S8,S3,S4|1
PAID_INITIAL|4|5|S8,S8,S9,S2,S4|1
PAID_INITIAL|4|5|S8,S8,S9,S4,S7|1
PAID_INITIAL|4|5|S8,S8,S9,S9,S4|1
PAID_INITIAL|4|5|S8,S9,S1,S5,S2|1
PAID_INITIAL|4|5|S8,S9,S1,S6,S1|1
PAID_INITIAL|4|5|S8,S9,S2,S2,S7|1
PAID_INITIAL|4|5|S8,S9,S2,S6,S4|1
PAID_INITIAL|4|5|S8,S9,S2,S8,S7|1
PAID_INITIAL|4|5|S8,S9,S3,S6,S2|1
PAID_INITIAL|4|5|S8,S9,S3,S6,S5|1
PAID_INITIAL|4|5|S8,S9,S4,S4,S7|1
PAID_INITIAL|4|5|S8,S9,S4,S5,S9|1
PAID_INITIAL|4|5|S8,S9,S4,S7,S8|1
PAID_INITIAL|4|5|S8,S9,S5,S6,S7|1
PAID_INITIAL|4|5|S8,S9,S5,S6,S8|1
PAID_INITIAL|4|5|S8,S9,S5,S7,S2|1
PAID_INITIAL|4|5|S8,S9,S6,S2,S5|1
PAID_INITIAL|4|5|S8,S9,S6,S8,S4|1
PAID_INITIAL|4|5|S8,S9,S7,S4,S6|1
PAID_INITIAL|4|5|S8,S9,S7,S4,S7|1
PAID_INITIAL|4|5|S8,S9,S7,S6,S3|1
PAID_INITIAL|4|5|S8,S9,S8,S4,S9|1
PAID_INITIAL|4|5|S8,S9,S8,S6,S9|2
PAID_INITIAL|4|5|S8,S9,S8,S8,S3|1
PAID_INITIAL|4|5|S8,S9,S8,S8,S5|1
PAID_INITIAL|4|5|S8,S9,S9,S2,S2|1
PAID_INITIAL|4|5|S8,S9,S9,S3,S8|1
PAID_INITIAL|4|5|S8,S9,S9,S4,S5|1
PAID_INITIAL|4|5|S8,S9,S9,S6,S9|1
PAID_INITIAL|4|5|S8,S9,S9,S9,S3|1
PAID_INITIAL|4|5|S9,S1,S4,S6,S3|1
PAID_INITIAL|4|5|S9,S1,S4,S6,S5|1
PAID_INITIAL|4|5|S9,S1,S8,S9,S7|1
PAID_INITIAL|4|5|S9,S2,S1,S4,S7|1
PAID_INITIAL|4|5|S9,S2,S2,S5,S3|1
PAID_INITIAL|4|5|S9,S2,S2,S5,S9|1
PAID_INITIAL|4|5|S9,S2,S2,S6,S8|1
PAID_INITIAL|4|5|S9,S2,S2,S7,S3|1
PAID_INITIAL|4|5|S9,S2,S2,S7,S7|1
PAID_INITIAL|4|5|S9,S2,S4,S5,S2|1
PAID_INITIAL|4|5|S9,S2,S4,S7,S8|1
PAID_INITIAL|4|5|S9,S2,S5,S2,S5|1
PAID_INITIAL|4|5|S9,S2,S6,S3,S6|1
PAID_INITIAL|4|5|S9,S2,S6,S6,S3|1
PAID_INITIAL|4|5|S9,S2,S6,S9,S3|1
PAID_INITIAL|4|5|S9,S2,S7,S2,S4|1
PAID_INITIAL|4|5|S9,S2,S7,S5,S1|1
PAID_INITIAL|4|5|S9,S2,S7,S9,S9|1
PAID_INITIAL|4|5|S9,S2,S8,S3,S3|1
PAID_INITIAL|4|5|S9,S2,S8,S6,S5|1
PAID_INITIAL|4|5|S9,S2,S8,S7,S2|1
PAID_INITIAL|4|5|S9,S3,S1,S9,S9|1
PAID_INITIAL|4|5|S9,S3,S2,S4,S2|1
PAID_INITIAL|4|5|S9,S3,S3,S2,S9|1
PAID_INITIAL|4|5|S9,S3,S4,S9,S7|1
PAID_INITIAL|4|5|S9,S3,S5,S9,S6|1
PAID_INITIAL|4|5|S9,S3,S5,S9,S7|1
PAID_INITIAL|4|5|S9,S3,S6,S6,S9|1
PAID_INITIAL|4|5|S9,S3,S6,S7,S2|1
PAID_INITIAL|4|5|S9,S3,S7,S3,S5|1
PAID_INITIAL|4|5|S9,S3,S7,S8,S6|1
PAID_INITIAL|4|5|S9,S3,S7,S9,S8|1
PAID_INITIAL|4|5|S9,S3,S7,S9,S9|1
PAID_INITIAL|4|5|S9,S3,S8,S2,S3|1
PAID_INITIAL|4|5|S9,S3,S8,S6,S9|1
PAID_INITIAL|4|5|S9,S3,S9,S2,S3|1
PAID_INITIAL|4|5|S9,S3,S9,S3,S8|2
PAID_INITIAL|4|5|S9,S3,S9,S4,S2|1
PAID_INITIAL|4|5|S9,S3,S9,S5,S5|1
PAID_INITIAL|4|5|S9,S4,S2,S5,S4|1
PAID_INITIAL|4|5|S9,S4,S2,S8,S9|1
PAID_INITIAL|4|5|S9,S4,S3,S3,S2|1
PAID_INITIAL|4|5|S9,S4,S4,S5,S6|1
PAID_INITIAL|4|5|S9,S4,S6,S3,S5|1
PAID_INITIAL|4|5|S9,S4,S6,S3,S8|1
PAID_INITIAL|4|5|S9,S4,S6,S4,S5|1
PAID_INITIAL|4|5|S9,S4,S7,S2,S5|1
PAID_INITIAL|4|5|S9,S4,S7,S8,S5|1
PAID_INITIAL|4|5|S9,S4,S7,S9,S3|1
PAID_INITIAL|4|5|S9,S4,S8,S3,S2|1
PAID_INITIAL|4|5|S9,S4,S8,S4,S8|1
PAID_INITIAL|4|5|S9,S4,S8,S7,S4|1
PAID_INITIAL|4|5|S9,S4,S9,S7,S3|1
PAID_INITIAL|4|5|S9,S5,S2,S8,S7|1
PAID_INITIAL|4|5|S9,S5,S2,S9,S5|1
PAID_INITIAL|4|5|S9,S5,S2,S9,S7|3
PAID_INITIAL|4|5|S9,S5,S3,S2,S5|1
PAID_INITIAL|4|5|S9,S5,S3,S4,S2|1
PAID_INITIAL|4|5|S9,S5,S3,S5,S7|1
PAID_INITIAL|4|5|S9,S5,S3,S7,S3|1
PAID_INITIAL|4|5|S9,S5,S5,S4,S6|1
PAID_INITIAL|4|5|S9,S5,S7,S2,S2|1
PAID_INITIAL|4|5|S9,S5,S7,S2,S3|1
PAID_INITIAL|4|5|S9,S5,S7,S4,S2|1
PAID_INITIAL|4|5|S9,S5,S7,S4,S3|1
PAID_INITIAL|4|5|S9,S5,S7,S5,S7|1
PAID_INITIAL|4|5|S9,S5,S7,S9,S3|1
PAID_INITIAL|4|5|S9,S5,S7,S9,S9|1
PAID_INITIAL|4|5|S9,S5,S8,S4,S9|1
PAID_INITIAL|4|5|S9,S5,S8,S6,S3|1
PAID_INITIAL|4|5|S9,S5,S8,S8,S8|1
PAID_INITIAL|4|5|S9,S5,S9,S1,S3|1
PAID_INITIAL|4|5|S9,S6,S2,S2,S4|1
PAID_INITIAL|4|5|S9,S6,S2,S2,S5|1
PAID_INITIAL|4|5|S9,S6,S2,S8,S3|1
PAID_INITIAL|4|5|S9,S6,S4,S2,S6|2
PAID_INITIAL|4|5|S9,S6,S4,S6,S6|1
PAID_INITIAL|4|5|S9,S6,S4,S8,S6|1
PAID_INITIAL|4|5|S9,S6,S5,S2,S9|1
PAID_INITIAL|4|5|S9,S6,S5,S4,S6|1
PAID_INITIAL|4|5|S9,S6,S5,S5,S7|1
PAID_INITIAL|4|5|S9,S6,S5,S6,S4|1
PAID_INITIAL|4|5|S9,S6,S6,S3,S2|1
PAID_INITIAL|4|5|S9,S6,S6,S3,S4|1
PAID_INITIAL|4|5|S9,S6,S6,S5,S4|1
PAID_INITIAL|4|5|S9,S6,S6,S9,S8|1
PAID_INITIAL|4|5|S9,S6,S7,S2,S6|1
PAID_INITIAL|4|5|S9,S6,S7,S4,S5|1
PAID_INITIAL|4|5|S9,S6,S8,S2,S2|1
PAID_INITIAL|4|5|S9,S6,S8,S4,S4|1
PAID_INITIAL|4|5|S9,S6,S9,S2,S5|1
PAID_INITIAL|4|5|S9,S6,S9,S4,S3|1
PAID_INITIAL|4|5|S9,S6,S9,S4,S4|1
PAID_INITIAL|4|5|S9,S6,S9,S9,S8|1
PAID_INITIAL|4|5|S9,S7,S2,S5,S6|1
PAID_INITIAL|4|5|S9,S7,S2,S6,S8|1
PAID_INITIAL|4|5|S9,S7,S2,S9,S4|1
PAID_INITIAL|4|5|S9,S7,S3,S7,S8|1
PAID_INITIAL|4|5|S9,S7,S3,S9,S3|1
PAID_INITIAL|4|5|S9,S7,S4,S9,S7|1
PAID_INITIAL|4|5|S9,S7,S6,S2,S8|1
PAID_INITIAL|4|5|S9,S7,S7,S4,S4|1
PAID_INITIAL|4|5|S9,S7,S7,S8,S2|1
PAID_INITIAL|4|5|S9,S7,S7,S8,S3|1
PAID_INITIAL|4|5|S9,S7,S8,S5,S8|1
PAID_INITIAL|4|5|S9,S7,S8,S7,S4|1
PAID_INITIAL|4|5|S9,S7,S8,S7,S5|1
PAID_INITIAL|4|5|S9,S7,S8,S9,S2|1
PAID_INITIAL|4|5|S9,S7,S8,S9,S6|1
PAID_INITIAL|4|5|S9,S7,S9,S1,S6|1
PAID_INITIAL|4|5|S9,S7,S9,S3,S9|1
PAID_INITIAL|4|5|S9,S7,S9,S4,S7|1
PAID_INITIAL|4|5|S9,S7,S9,S4,S9|1
PAID_INITIAL|4|5|S9,S8,S2,S3,S3|1
PAID_INITIAL|4|5|S9,S8,S2,S4,S8|1
PAID_INITIAL|4|5|S9,S8,S2,S6,S2|1
PAID_INITIAL|4|5|S9,S8,S3,S2,S7|1
PAID_INITIAL|4|5|S9,S8,S3,S9,S7|1
PAID_INITIAL|4|5|S9,S8,S5,S5,S2|1
PAID_INITIAL|4|5|S9,S8,S6,S2,S6|1
PAID_INITIAL|4|5|S9,S8,S6,S7,S9|2
PAID_INITIAL|4|5|S9,S8,S7,S4,S7|1
PAID_INITIAL|4|5|S9,S8,S7,S9,S3|1
PAID_INITIAL|4|5|S9,S8,S8,S3,S3|1
PAID_INITIAL|4|5|S9,S8,S9,S2,S2|1
PAID_INITIAL|4|5|S9,S8,S9,S7,S8|1
PAID_INITIAL|4|5|S9,S8,S9,S9,S9|1
PAID_INITIAL|4|5|S9,S9,S2,S9,S2|1
PAID_INITIAL|4|5|S9,S9,S4,S3,S2|1
PAID_INITIAL|4|5|S9,S9,S5,S8,S6|1
PAID_INITIAL|4|5|S9,S9,S6,S3,S2|1
PAID_INITIAL|4|5|S9,S9,S6,S4,S4|1
PAID_INITIAL|4|5|S9,S9,S6,S7,S7|1
PAID_INITIAL|4|5|S9,S9,S6,S9,S6|1
PAID_INITIAL|4|5|S9,S9,S7,S1,S9|1
PAID_INITIAL|4|5|S9,S9,S7,S3,S5|1
PAID_INITIAL|4|5|S9,S9,S7,S5,S9|1
PAID_INITIAL|4|5|S9,S9,S7,S8,S3|1
PAID_INITIAL|4|5|S9,S9,S7,S9,S8|1
PAID_INITIAL|4|5|S9,S9,S8,S6,S2|1
PAID_INITIAL|4|5|S9,S9,S8,S7,S5|1
PAID_INITIAL|4|5|S9,S9,S8,S8,S4|1
PAID_INITIAL|4|5|S9,S9,S9,S3,S9|1
PAID_INITIAL|4|5|S9,S9,S9,S5,S1|1
PAID_INITIAL|4|5|S9,S9,S9,S6,S4|1
WATER_CASCADE_REFILL|0|1|S1|1
WATER_CASCADE_REFILL|0|1|S2|26
WATER_CASCADE_REFILL|0|1|S3|14
WATER_CASCADE_REFILL|0|1|S4|18
WATER_CASCADE_REFILL|0|1|S5|23
WATER_CASCADE_REFILL|0|1|S6|23
WATER_CASCADE_REFILL|0|1|S7|23
WATER_CASCADE_REFILL|0|1|S8|15
WATER_CASCADE_REFILL|0|1|S9|17
WATER_CASCADE_REFILL|0|2|S1,S2|1
WATER_CASCADE_REFILL|0|2|S1,S4|1
WATER_CASCADE_REFILL|0|2|S2,S2|1
WATER_CASCADE_REFILL|0|2|S2,S3|1
WATER_CASCADE_REFILL|0|2|S2,S4|3
WATER_CASCADE_REFILL|0|2|S2,S5|1
WATER_CASCADE_REFILL|0|2|S2,S6|1
WATER_CASCADE_REFILL|0|2|S2,S8|4
WATER_CASCADE_REFILL|0|2|S2,S9|3
WATER_CASCADE_REFILL|0|2|S3,S3|2
WATER_CASCADE_REFILL|0|2|S3,S4|1
WATER_CASCADE_REFILL|0|2|S3,S5|2
WATER_CASCADE_REFILL|0|2|S3,S6|1
WATER_CASCADE_REFILL|0|2|S3,S7|1
WATER_CASCADE_REFILL|0|2|S3,S8|3
WATER_CASCADE_REFILL|0|2|S3,S9|2
WATER_CASCADE_REFILL|0|2|S4,S3|1
WATER_CASCADE_REFILL|0|2|S4,S4|1
WATER_CASCADE_REFILL|0|2|S4,S5|1
WATER_CASCADE_REFILL|0|2|S4,S6|2
WATER_CASCADE_REFILL|0|2|S4,S9|3
WATER_CASCADE_REFILL|0|2|S5,S2|2
WATER_CASCADE_REFILL|0|2|S5,S3|4
WATER_CASCADE_REFILL|0|2|S5,S4|1
WATER_CASCADE_REFILL|0|2|S5,S6|1
WATER_CASCADE_REFILL|0|2|S5,S9|1
WATER_CASCADE_REFILL|0|2|S6,S2|5
WATER_CASCADE_REFILL|0|2|S6,S3|1
WATER_CASCADE_REFILL|0|2|S6,S4|2
WATER_CASCADE_REFILL|0|2|S6,S5|1
WATER_CASCADE_REFILL|0|2|S6,S6|4
WATER_CASCADE_REFILL|0|2|S6,S7|1
WATER_CASCADE_REFILL|0|2|S6,S8|1
WATER_CASCADE_REFILL|0|2|S6,S9|3
WATER_CASCADE_REFILL|0|2|S7,S2|1
WATER_CASCADE_REFILL|0|2|S7,S4|4
WATER_CASCADE_REFILL|0|2|S7,S5|3
WATER_CASCADE_REFILL|0|2|S7,S6|3
WATER_CASCADE_REFILL|0|2|S7,S8|2
WATER_CASCADE_REFILL|0|2|S7,S9|1
WATER_CASCADE_REFILL|0|2|S8,S2|2
WATER_CASCADE_REFILL|0|2|S8,S3|3
WATER_CASCADE_REFILL|0|2|S8,S4|4
WATER_CASCADE_REFILL|0|2|S8,S5|3
WATER_CASCADE_REFILL|0|2|S8,S7|4
WATER_CASCADE_REFILL|0|2|S8,S8|3
WATER_CASCADE_REFILL|0|2|S8,S9|1
WATER_CASCADE_REFILL|0|2|S9,S2|2
WATER_CASCADE_REFILL|0|2|S9,S3|2
WATER_CASCADE_REFILL|0|2|S9,S5|2
WATER_CASCADE_REFILL|0|2|S9,S6|1
WATER_CASCADE_REFILL|0|2|S9,S7|5
WATER_CASCADE_REFILL|0|2|S9,S8|1
WATER_CASCADE_REFILL|0|2|S9,S9|1
WATER_CASCADE_REFILL|0|3|S1,S8,S6|1
WATER_CASCADE_REFILL|0|3|S2,S2,S8|1
WATER_CASCADE_REFILL|0|3|S2,S3,S5|1
WATER_CASCADE_REFILL|0|3|S2,S5,S6|1
WATER_CASCADE_REFILL|0|3|S2,S7,S8|1
WATER_CASCADE_REFILL|0|3|S2,S9,S2|1
WATER_CASCADE_REFILL|0|3|S2,S9,S9|1
WATER_CASCADE_REFILL|0|3|S3,S1,S9|1
WATER_CASCADE_REFILL|0|3|S3,S4,S2|1
WATER_CASCADE_REFILL|0|3|S3,S5,S6|1
WATER_CASCADE_REFILL|0|3|S3,S9,S7|1
WATER_CASCADE_REFILL|0|3|S4,S3,S5|1
WATER_CASCADE_REFILL|0|3|S4,S4,S3|1
WATER_CASCADE_REFILL|0|3|S4,S4,S4|1
WATER_CASCADE_REFILL|0|3|S4,S4,S9|1
WATER_CASCADE_REFILL|0|3|S4,S5,S4|1
WATER_CASCADE_REFILL|0|3|S4,S6,S1|1
WATER_CASCADE_REFILL|0|3|S4,S6,S2|1
WATER_CASCADE_REFILL|0|3|S4,S9,S4|1
WATER_CASCADE_REFILL|0|3|S4,S9,S8|1
WATER_CASCADE_REFILL|0|3|S5,S3,S8|1
WATER_CASCADE_REFILL|0|3|S5,S3,S9|1
WATER_CASCADE_REFILL|0|3|S5,S5,S3|1
WATER_CASCADE_REFILL|0|3|S5,S6,S7|1
WATER_CASCADE_REFILL|0|3|S5,S6,S8|1
WATER_CASCADE_REFILL|0|3|S5,S7,S7|1
WATER_CASCADE_REFILL|0|3|S6,S3,S7|1
WATER_CASCADE_REFILL|0|3|S6,S5,S5|1
WATER_CASCADE_REFILL|0|3|S6,S6,S8|1
WATER_CASCADE_REFILL|0|3|S7,S2,S4|1
WATER_CASCADE_REFILL|0|3|S7,S2,S7|1
WATER_CASCADE_REFILL|0|3|S7,S4,S7|1
WATER_CASCADE_REFILL|0|3|S7,S5,S9|1
WATER_CASCADE_REFILL|0|3|S7,S7,S6|1
WATER_CASCADE_REFILL|0|3|S7,S8,S3|1
WATER_CASCADE_REFILL|0|3|S7,S8,S6|1
WATER_CASCADE_REFILL|0|3|S8,S3,S4|1
WATER_CASCADE_REFILL|0|3|S8,S4,S4|1
WATER_CASCADE_REFILL|0|3|S8,S6,S4|2
WATER_CASCADE_REFILL|0|3|S8,S7,S7|1
WATER_CASCADE_REFILL|0|3|S8,S7,S8|1
WATER_CASCADE_REFILL|0|3|S8,S8,S7|1
WATER_CASCADE_REFILL|0|3|S9,S3,S3|1
WATER_CASCADE_REFILL|0|4|S2,S3,S3,S9|1
WATER_CASCADE_REFILL|0|4|S2,S6,S3,S8|1
WATER_CASCADE_REFILL|0|4|S4,S2,S5,S3|1
WATER_CASCADE_REFILL|0|4|S5,S3,S8,S7|3
WATER_CASCADE_REFILL|0|4|S6,S6,S9,S3|1
WATER_CASCADE_REFILL|0|4|S7,S4,S9,S4|1
WATER_CASCADE_REFILL|0|4|S8,S3,S4,S9|1
WATER_CASCADE_REFILL|0|4|S8,S6,S9,S6|1
WATER_CASCADE_REFILL|0|4|S9,S4,S8,S6|1
WATER_CASCADE_REFILL|0|4|S9,S5,S4,S7|1
WATER_CASCADE_REFILL|0|5|S2,S1,S5,S5,S4|1
WATER_CASCADE_REFILL|0|5|S3,S4,S4,S5,S7|1
WATER_CASCADE_REFILL|0|5|S5,S5,S3,S9,S8|1
WATER_CASCADE_REFILL|0|5|S8,S3,S4,S9,S7|1
WATER_CASCADE_REFILL|1|1|S1|2
WATER_CASCADE_REFILL|1|1|S2|9
WATER_CASCADE_REFILL|1|1|S3|6
WATER_CASCADE_REFILL|1|1|S4|12
WATER_CASCADE_REFILL|1|1|S5|7
WATER_CASCADE_REFILL|1|1|S6|12
WATER_CASCADE_REFILL|1|1|S7|9
WATER_CASCADE_REFILL|1|1|S8|10
WATER_CASCADE_REFILL|1|1|S9|9
WATER_CASCADE_REFILL|1|2|S1,S3|1
WATER_CASCADE_REFILL|1|2|S1,S5|1
WATER_CASCADE_REFILL|1|2|S1,S6|1
WATER_CASCADE_REFILL|1|2|S1,S7|1
WATER_CASCADE_REFILL|1|2|S2,S2|1
WATER_CASCADE_REFILL|1|2|S2,S4|2
WATER_CASCADE_REFILL|1|2|S2,S6|1
WATER_CASCADE_REFILL|1|2|S2,S7|4
WATER_CASCADE_REFILL|1|2|S2,S8|3
WATER_CASCADE_REFILL|1|2|S3,S3|2
WATER_CASCADE_REFILL|1|2|S3,S4|1
WATER_CASCADE_REFILL|1|2|S3,S7|1
WATER_CASCADE_REFILL|1|2|S3,S8|2
WATER_CASCADE_REFILL|1|2|S3,S9|1
WATER_CASCADE_REFILL|1|2|S4,S1|2
WATER_CASCADE_REFILL|1|2|S4,S2|1
WATER_CASCADE_REFILL|1|2|S4,S3|1
WATER_CASCADE_REFILL|1|2|S4,S4|1
WATER_CASCADE_REFILL|1|2|S4,S5|1
WATER_CASCADE_REFILL|1|2|S4,S6|5
WATER_CASCADE_REFILL|1|2|S5,S3|1
WATER_CASCADE_REFILL|1|2|S5,S4|1
WATER_CASCADE_REFILL|1|2|S5,S5|2
WATER_CASCADE_REFILL|1|2|S5,S6|1
WATER_CASCADE_REFILL|1|2|S5,S7|1
WATER_CASCADE_REFILL|1|2|S5,S8|3
WATER_CASCADE_REFILL|1|2|S5,S9|2
WATER_CASCADE_REFILL|1|2|S6,S1|1
WATER_CASCADE_REFILL|1|2|S6,S2|1
WATER_CASCADE_REFILL|1|2|S6,S4|4
WATER_CASCADE_REFILL|1|2|S6,S5|1
WATER_CASCADE_REFILL|1|2|S6,S6|1
WATER_CASCADE_REFILL|1|2|S6,S7|1
WATER_CASCADE_REFILL|1|2|S6,S8|1
WATER_CASCADE_REFILL|1|2|S6,S9|2
WATER_CASCADE_REFILL|1|2|S7,S2|3
WATER_CASCADE_REFILL|1|2|S7,S3|2
WATER_CASCADE_REFILL|1|2|S7,S5|4
WATER_CASCADE_REFILL|1|2|S7,S6|1
WATER_CASCADE_REFILL|1|2|S7,S7|1
WATER_CASCADE_REFILL|1|2|S7,S8|2
WATER_CASCADE_REFILL|1|2|S7,S9|5
WATER_CASCADE_REFILL|1|2|S8,S1|1
WATER_CASCADE_REFILL|1|2|S8,S2|1
WATER_CASCADE_REFILL|1|2|S8,S3|2
WATER_CASCADE_REFILL|1|2|S8,S6|2
WATER_CASCADE_REFILL|1|2|S8,S7|1
WATER_CASCADE_REFILL|1|2|S8,S8|3
WATER_CASCADE_REFILL|1|2|S8,S9|2
WATER_CASCADE_REFILL|1|2|S9,S1|1
WATER_CASCADE_REFILL|1|2|S9,S4|1
WATER_CASCADE_REFILL|1|2|S9,S5|1
WATER_CASCADE_REFILL|1|2|S9,S6|2
WATER_CASCADE_REFILL|1|2|S9,S8|2
WATER_CASCADE_REFILL|1|2|S9,S9|1
WATER_CASCADE_REFILL|1|3|S1,S2,S9|1
WATER_CASCADE_REFILL|1|3|S1,S9,S9|1
WATER_CASCADE_REFILL|1|3|S2,S1,S2|1
WATER_CASCADE_REFILL|1|3|S2,S2,S5|1
WATER_CASCADE_REFILL|1|3|S2,S2,S8|1
WATER_CASCADE_REFILL|1|3|S2,S4,S2|1
WATER_CASCADE_REFILL|1|3|S2,S4,S3|1
WATER_CASCADE_REFILL|1|3|S2,S4,S4|1
WATER_CASCADE_REFILL|1|3|S2,S4,S5|2
WATER_CASCADE_REFILL|1|3|S2,S7,S7|2
WATER_CASCADE_REFILL|1|3|S2,S8,S2|1
WATER_CASCADE_REFILL|1|3|S2,S8,S3|1
WATER_CASCADE_REFILL|1|3|S2,S8,S6|1
WATER_CASCADE_REFILL|1|3|S2,S9,S2|1
WATER_CASCADE_REFILL|1|3|S2,S9,S9|1
WATER_CASCADE_REFILL|1|3|S3,S2,S2|1
WATER_CASCADE_REFILL|1|3|S3,S3,S5|1
WATER_CASCADE_REFILL|1|3|S3,S3,S7|1
WATER_CASCADE_REFILL|1|3|S3,S3,S9|1
WATER_CASCADE_REFILL|1|3|S3,S4,S5|1
WATER_CASCADE_REFILL|1|3|S3,S4,S8|1
WATER_CASCADE_REFILL|1|3|S3,S5,S2|1
WATER_CASCADE_REFILL|1|3|S3,S5,S3|2
WATER_CASCADE_REFILL|1|3|S3,S5,S4|2
WATER_CASCADE_REFILL|1|3|S3,S6,S6|2
WATER_CASCADE_REFILL|1|3|S3,S7,S5|1
WATER_CASCADE_REFILL|1|3|S3,S7,S8|1
WATER_CASCADE_REFILL|1|3|S3,S7,S9|1
WATER_CASCADE_REFILL|1|3|S3,S8,S2|1
WATER_CASCADE_REFILL|1|3|S3,S8,S3|1
WATER_CASCADE_REFILL|1|3|S3,S8,S6|1
WATER_CASCADE_REFILL|1|3|S3,S8,S8|1
WATER_CASCADE_REFILL|1|3|S3,S8,S9|1
WATER_CASCADE_REFILL|1|3|S4,S2,S5|2
WATER_CASCADE_REFILL|1|3|S4,S3,S5|1
WATER_CASCADE_REFILL|1|3|S4,S3,S6|1
WATER_CASCADE_REFILL|1|3|S4,S3,S7|1
WATER_CASCADE_REFILL|1|3|S4,S5,S4|1
WATER_CASCADE_REFILL|1|3|S4,S6,S4|1
WATER_CASCADE_REFILL|1|3|S4,S6,S8|1
WATER_CASCADE_REFILL|1|3|S4,S6,S9|1
WATER_CASCADE_REFILL|1|3|S4,S8,S4|1
WATER_CASCADE_REFILL|1|3|S4,S8,S8|1
WATER_CASCADE_REFILL|1|3|S4,S9,S8|1
WATER_CASCADE_REFILL|1|3|S5,S2,S2|2
WATER_CASCADE_REFILL|1|3|S5,S2,S7|1
WATER_CASCADE_REFILL|1|3|S5,S2,S9|1
WATER_CASCADE_REFILL|1|3|S5,S3,S2|1
WATER_CASCADE_REFILL|1|3|S5,S3,S5|1
WATER_CASCADE_REFILL|1|3|S5,S3,S6|2
WATER_CASCADE_REFILL|1|3|S5,S6,S2|1
WATER_CASCADE_REFILL|1|3|S5,S6,S3|1
WATER_CASCADE_REFILL|1|3|S5,S6,S6|1
WATER_CASCADE_REFILL|1|3|S5,S6,S7|1
WATER_CASCADE_REFILL|1|3|S5,S7,S6|1
WATER_CASCADE_REFILL|1|3|S5,S8,S8|2
WATER_CASCADE_REFILL|1|3|S6,S2,S1|2
WATER_CASCADE_REFILL|1|3|S6,S2,S7|1
WATER_CASCADE_REFILL|1|3|S6,S3,S5|1
WATER_CASCADE_REFILL|1|3|S6,S3,S7|1
WATER_CASCADE_REFILL|1|3|S6,S4,S5|3
WATER_CASCADE_REFILL|1|3|S6,S4,S8|1
WATER_CASCADE_REFILL|1|3|S6,S5,S5|1
WATER_CASCADE_REFILL|1|3|S6,S5,S8|1
WATER_CASCADE_REFILL|1|3|S6,S6,S8|1
WATER_CASCADE_REFILL|1|3|S6,S7,S2|1
WATER_CASCADE_REFILL|1|3|S6,S7,S6|1
WATER_CASCADE_REFILL|1|3|S6,S8,S4|1
WATER_CASCADE_REFILL|1|3|S6,S8,S5|1
WATER_CASCADE_REFILL|1|3|S6,S8,S6|1
WATER_CASCADE_REFILL|1|3|S6,S8,S8|1
WATER_CASCADE_REFILL|1|3|S6,S9,S5|1
WATER_CASCADE_REFILL|1|3|S6,S9,S6|1
WATER_CASCADE_REFILL|1|3|S6,S9,S7|2
WATER_CASCADE_REFILL|1|3|S7,S2,S3|1
WATER_CASCADE_REFILL|1|3|S7,S3,S1|2
WATER_CASCADE_REFILL|1|3|S7,S3,S3|1
WATER_CASCADE_REFILL|1|3|S7,S3,S5|2
WATER_CASCADE_REFILL|1|3|S7,S3,S6|1
WATER_CASCADE_REFILL|1|3|S7,S3,S7|1
WATER_CASCADE_REFILL|1|3|S7,S4,S6|2
WATER_CASCADE_REFILL|1|3|S7,S4,S8|1
WATER_CASCADE_REFILL|1|3|S7,S4,S9|1
WATER_CASCADE_REFILL|1|3|S7,S5,S2|1
WATER_CASCADE_REFILL|1|3|S7,S5,S3|1
WATER_CASCADE_REFILL|1|3|S7,S7,S3|1
WATER_CASCADE_REFILL|1|3|S7,S7,S4|1
WATER_CASCADE_REFILL|1|3|S7,S7,S7|1
WATER_CASCADE_REFILL|1|3|S7,S8,S9|1
WATER_CASCADE_REFILL|1|3|S7,S9,S3|1
WATER_CASCADE_REFILL|1|3|S8,S2,S8|1
WATER_CASCADE_REFILL|1|3|S8,S4,S2|1
WATER_CASCADE_REFILL|1|3|S8,S4,S6|1
WATER_CASCADE_REFILL|1|3|S8,S4,S7|1
WATER_CASCADE_REFILL|1|3|S8,S5,S4|1
WATER_CASCADE_REFILL|1|3|S8,S6,S1|1
WATER_CASCADE_REFILL|1|3|S8,S6,S8|1
WATER_CASCADE_REFILL|1|3|S8,S8,S2|2
WATER_CASCADE_REFILL|1|3|S8,S8,S3|1
WATER_CASCADE_REFILL|1|3|S8,S8,S8|1
WATER_CASCADE_REFILL|1|3|S9,S2,S1|1
WATER_CASCADE_REFILL|1|3|S9,S3,S9|1
WATER_CASCADE_REFILL|1|3|S9,S4,S5|1
WATER_CASCADE_REFILL|1|3|S9,S4,S6|1
WATER_CASCADE_REFILL|1|3|S9,S4,S9|1
WATER_CASCADE_REFILL|1|3|S9,S5,S9|1
WATER_CASCADE_REFILL|1|3|S9,S6,S2|2
WATER_CASCADE_REFILL|1|3|S9,S6,S3|1
WATER_CASCADE_REFILL|1|3|S9,S6,S6|1
WATER_CASCADE_REFILL|1|3|S9,S6,S7|1
WATER_CASCADE_REFILL|1|3|S9,S6,S9|1
WATER_CASCADE_REFILL|1|3|S9,S7,S5|1
WATER_CASCADE_REFILL|1|3|S9,S7,S6|1
WATER_CASCADE_REFILL|1|3|S9,S7,S9|1
WATER_CASCADE_REFILL|1|3|S9,S9,S9|1
WATER_CASCADE_REFILL|1|4|S1,S2,S6,S6|1
WATER_CASCADE_REFILL|1|4|S1,S5,S4,S4|1
WATER_CASCADE_REFILL|1|4|S2,S2,S7,S7|1
WATER_CASCADE_REFILL|1|4|S2,S4,S8,S2|1
WATER_CASCADE_REFILL|1|4|S2,S4,S9,S5|1
WATER_CASCADE_REFILL|1|4|S2,S5,S2,S7|1
WATER_CASCADE_REFILL|1|4|S2,S6,S2,S8|1
WATER_CASCADE_REFILL|1|4|S2,S6,S6,S5|1
WATER_CASCADE_REFILL|1|4|S2,S6,S7,S3|1
WATER_CASCADE_REFILL|1|4|S2,S6,S7,S6|1
WATER_CASCADE_REFILL|1|4|S2,S6,S7,S7|1
WATER_CASCADE_REFILL|1|4|S2,S7,S2,S2|1
WATER_CASCADE_REFILL|1|4|S2,S8,S2,S3|1
WATER_CASCADE_REFILL|1|4|S2,S8,S3,S8|1
WATER_CASCADE_REFILL|1|4|S2,S8,S5,S4|1
WATER_CASCADE_REFILL|1|4|S2,S8,S8,S7|1
WATER_CASCADE_REFILL|1|4|S2,S8,S9,S9|1
WATER_CASCADE_REFILL|1|4|S2,S9,S5,S5|1
WATER_CASCADE_REFILL|1|4|S2,S9,S5,S9|1
WATER_CASCADE_REFILL|1|4|S3,S2,S6,S8|1
WATER_CASCADE_REFILL|1|4|S3,S3,S5,S8|1
WATER_CASCADE_REFILL|1|4|S3,S4,S5,S9|1
WATER_CASCADE_REFILL|1|4|S3,S6,S8,S2|1
WATER_CASCADE_REFILL|1|4|S3,S7,S3,S6|2
WATER_CASCADE_REFILL|1|4|S3,S7,S3,S8|1
WATER_CASCADE_REFILL|1|4|S3,S7,S4,S9|1
WATER_CASCADE_REFILL|1|4|S3,S8,S2,S6|1
WATER_CASCADE_REFILL|1|4|S3,S8,S3,S7|1
WATER_CASCADE_REFILL|1|4|S3,S9,S4,S8|1
WATER_CASCADE_REFILL|1|4|S4,S2,S1,S9|1
WATER_CASCADE_REFILL|1|4|S4,S4,S3,S4|1
WATER_CASCADE_REFILL|1|4|S4,S4,S5,S2|1
WATER_CASCADE_REFILL|1|4|S4,S4,S7,S5|1
WATER_CASCADE_REFILL|1|4|S4,S5,S5,S9|2
WATER_CASCADE_REFILL|1|4|S4,S5,S7,S3|1
WATER_CASCADE_REFILL|1|4|S4,S6,S3,S5|1
WATER_CASCADE_REFILL|1|4|S4,S7,S6,S8|1
WATER_CASCADE_REFILL|1|4|S4,S7,S7,S7|1
WATER_CASCADE_REFILL|1|4|S4,S8,S1,S4|1
WATER_CASCADE_REFILL|1|4|S4,S8,S2,S8|1
WATER_CASCADE_REFILL|1|4|S4,S8,S5,S5|1
WATER_CASCADE_REFILL|1|4|S4,S8,S6,S7|1
WATER_CASCADE_REFILL|1|4|S5,S2,S7,S6|1
WATER_CASCADE_REFILL|1|4|S5,S3,S5,S3|1
WATER_CASCADE_REFILL|1|4|S5,S3,S5,S5|1
WATER_CASCADE_REFILL|1|4|S5,S3,S5,S7|3
WATER_CASCADE_REFILL|1|4|S5,S3,S6,S4|1
WATER_CASCADE_REFILL|1|4|S5,S3,S6,S5|1
WATER_CASCADE_REFILL|1|4|S5,S3,S8,S8|1
WATER_CASCADE_REFILL|1|4|S5,S4,S2,S6|1
WATER_CASCADE_REFILL|1|4|S5,S4,S4,S7|1
WATER_CASCADE_REFILL|1|4|S5,S5,S5,S7|1
WATER_CASCADE_REFILL|1|4|S5,S6,S7,S9|1
WATER_CASCADE_REFILL|1|4|S5,S7,S2,S8|1
WATER_CASCADE_REFILL|1|4|S5,S7,S3,S3|1
WATER_CASCADE_REFILL|1|4|S5,S7,S4,S4|1
WATER_CASCADE_REFILL|1|4|S5,S7,S5,S4|1
WATER_CASCADE_REFILL|1|4|S5,S7,S6,S6|1
WATER_CASCADE_REFILL|1|4|S5,S8,S5,S9|1
WATER_CASCADE_REFILL|1|4|S5,S8,S8,S8|2
WATER_CASCADE_REFILL|1|4|S6,S2,S6,S3|1
WATER_CASCADE_REFILL|1|4|S6,S3,S7,S4|1
WATER_CASCADE_REFILL|1|4|S6,S4,S4,S4|1
WATER_CASCADE_REFILL|1|4|S6,S4,S7,S7|1
WATER_CASCADE_REFILL|1|4|S6,S5,S2,S5|1
WATER_CASCADE_REFILL|1|4|S6,S5,S7,S5|1
WATER_CASCADE_REFILL|1|4|S6,S6,S1,S4|1
WATER_CASCADE_REFILL|1|4|S6,S6,S2,S7|1
WATER_CASCADE_REFILL|1|4|S6,S7,S3,S2|1
WATER_CASCADE_REFILL|1|4|S6,S7,S4,S4|1
WATER_CASCADE_REFILL|1|4|S6,S8,S3,S6|1
WATER_CASCADE_REFILL|1|4|S6,S9,S1,S3|1
WATER_CASCADE_REFILL|1|4|S6,S9,S8,S4|1
WATER_CASCADE_REFILL|1|4|S7,S2,S9,S4|1
WATER_CASCADE_REFILL|1|4|S7,S3,S2,S3|1
WATER_CASCADE_REFILL|1|4|S7,S3,S3,S4|1
WATER_CASCADE_REFILL|1|4|S7,S4,S3,S3|1
WATER_CASCADE_REFILL|1|4|S7,S5,S5,S9|1
WATER_CASCADE_REFILL|1|4|S7,S5,S9,S3|1
WATER_CASCADE_REFILL|1|4|S7,S7,S3,S9|1
WATER_CASCADE_REFILL|1|4|S7,S7,S6,S5|1
WATER_CASCADE_REFILL|1|4|S7,S7,S6,S9|1
WATER_CASCADE_REFILL|1|4|S7,S8,S9,S1|1
WATER_CASCADE_REFILL|1|4|S7,S9,S5,S2|1
WATER_CASCADE_REFILL|1|4|S8,S3,S2,S4|1
WATER_CASCADE_REFILL|1|4|S8,S3,S3,S8|1
WATER_CASCADE_REFILL|1|4|S8,S3,S4,S4|1
WATER_CASCADE_REFILL|1|4|S8,S3,S7,S7|1
WATER_CASCADE_REFILL|1|4|S8,S4,S2,S2|1
WATER_CASCADE_REFILL|1|4|S8,S4,S5,S4|1
WATER_CASCADE_REFILL|1|4|S8,S5,S7,S3|1
WATER_CASCADE_REFILL|1|4|S8,S5,S8,S6|1
WATER_CASCADE_REFILL|1|4|S8,S6,S3,S7|1
WATER_CASCADE_REFILL|1|4|S8,S7,S2,S9|1
WATER_CASCADE_REFILL|1|4|S8,S7,S4,S3|1
WATER_CASCADE_REFILL|1|4|S8,S7,S4,S9|1
WATER_CASCADE_REFILL|1|4|S8,S7,S8,S6|1
WATER_CASCADE_REFILL|1|4|S8,S8,S2,S5|1
WATER_CASCADE_REFILL|1|4|S8,S8,S9,S7|1
WATER_CASCADE_REFILL|1|4|S8,S9,S5,S6|1
WATER_CASCADE_REFILL|1|4|S8,S9,S8,S9|1
WATER_CASCADE_REFILL|1|4|S8,S9,S9,S2|1
WATER_CASCADE_REFILL|1|4|S9,S2,S2,S7|2
WATER_CASCADE_REFILL|1|4|S9,S2,S3,S3|1
WATER_CASCADE_REFILL|1|4|S9,S2,S4,S7|1
WATER_CASCADE_REFILL|1|4|S9,S2,S5,S4|1
WATER_CASCADE_REFILL|1|4|S9,S2,S6,S6|1
WATER_CASCADE_REFILL|1|4|S9,S3,S2,S4|1
WATER_CASCADE_REFILL|1|4|S9,S3,S4,S3|2
WATER_CASCADE_REFILL|1|4|S9,S3,S5,S9|1
WATER_CASCADE_REFILL|1|4|S9,S6,S4,S2|1
WATER_CASCADE_REFILL|1|4|S9,S6,S6,S5|1
WATER_CASCADE_REFILL|1|4|S9,S6,S8,S3|1
WATER_CASCADE_REFILL|1|4|S9,S7,S7,S3|1
WATER_CASCADE_REFILL|1|4|S9,S8,S2,S7|2
WATER_CASCADE_REFILL|1|4|S9,S8,S3,S6|1
WATER_CASCADE_REFILL|1|4|S9,S8,S9,S5|1
WATER_CASCADE_REFILL|1|4|S9,S9,S4,S8|1
WATER_CASCADE_REFILL|1|5|S1,S2,S3,S8,S8|2
WATER_CASCADE_REFILL|1|5|S2,S2,S8,S8,S3|1
WATER_CASCADE_REFILL|1|5|S2,S3,S2,S9,S8|1
WATER_CASCADE_REFILL|1|5|S2,S4,S4,S5,S3|1
WATER_CASCADE_REFILL|1|5|S2,S5,S2,S9,S9|1
WATER_CASCADE_REFILL|1|5|S2,S7,S3,S8,S3|1
WATER_CASCADE_REFILL|1|5|S2,S9,S3,S8,S4|1
WATER_CASCADE_REFILL|1|5|S2,S9,S4,S4,S6|1
WATER_CASCADE_REFILL|1|5|S3,S4,S8,S9,S9|1
WATER_CASCADE_REFILL|1|5|S3,S6,S2,S3,S3|1
WATER_CASCADE_REFILL|1|5|S3,S7,S2,S4,S6|1
WATER_CASCADE_REFILL|1|5|S3,S8,S4,S2,S4|1
WATER_CASCADE_REFILL|1|5|S3,S8,S8,S3,S9|1
WATER_CASCADE_REFILL|1|5|S4,S2,S8,S5,S8|1
WATER_CASCADE_REFILL|1|5|S4,S4,S3,S6,S2|1
WATER_CASCADE_REFILL|1|5|S4,S5,S4,S7,S4|1
WATER_CASCADE_REFILL|1|5|S4,S6,S9,S5,S8|2
WATER_CASCADE_REFILL|1|5|S4,S8,S2,S2,S7|1
WATER_CASCADE_REFILL|1|5|S5,S3,S2,S7,S5|1
WATER_CASCADE_REFILL|1|5|S5,S3,S7,S6,S7|1
WATER_CASCADE_REFILL|1|5|S5,S3,S7,S6,S8|1
WATER_CASCADE_REFILL|1|5|S5,S5,S5,S2,S2|1
WATER_CASCADE_REFILL|1|5|S5,S5,S8,S9,S5|1
WATER_CASCADE_REFILL|1|5|S5,S5,S9,S9,S3|1
WATER_CASCADE_REFILL|1|5|S5,S9,S7,S5,S3|2
WATER_CASCADE_REFILL|1|5|S6,S1,S2,S8,S7|1
WATER_CASCADE_REFILL|1|5|S6,S4,S2,S7,S8|2
WATER_CASCADE_REFILL|1|5|S6,S4,S9,S9,S7|1
WATER_CASCADE_REFILL|1|5|S6,S6,S7,S9,S9|1
WATER_CASCADE_REFILL|1|5|S6,S7,S6,S2,S7|1
WATER_CASCADE_REFILL|1|5|S6,S9,S2,S2,S3|1
WATER_CASCADE_REFILL|1|5|S7,S2,S8,S5,S7|1
WATER_CASCADE_REFILL|1|5|S7,S6,S2,S5,S2|1
WATER_CASCADE_REFILL|1|5|S7,S7,S4,S3,S7|1
WATER_CASCADE_REFILL|1|5|S7,S7,S6,S7,S2|1
WATER_CASCADE_REFILL|1|5|S8,S1,S4,S4,S2|1
WATER_CASCADE_REFILL|1|5|S8,S4,S7,S5,S8|1
WATER_CASCADE_REFILL|1|5|S8,S7,S2,S5,S7|2
WATER_CASCADE_REFILL|1|5|S9,S3,S3,S5,S5|1
WATER_CASCADE_REFILL|1|5|S9,S7,S3,S4,S3|1
WATER_CASCADE_REFILL|1|5|S9,S8,S2,S8,S5|1
WATER_CASCADE_REFILL|1|5|S9,S8,S6,S2,S9|1
WATER_CASCADE_REFILL|1|5|S9,S8,S7,S2,S2|1
WATER_CASCADE_REFILL|2|1|S1|4
WATER_CASCADE_REFILL|2|1|S2|8
WATER_CASCADE_REFILL|2|1|S3|22
WATER_CASCADE_REFILL|2|1|S4|13
WATER_CASCADE_REFILL|2|1|S5|17
WATER_CASCADE_REFILL|2|1|S6|8
WATER_CASCADE_REFILL|2|1|S7|17
WATER_CASCADE_REFILL|2|1|S8|19
WATER_CASCADE_REFILL|2|1|S9|14
WATER_CASCADE_REFILL|2|2|S1,S7|1
WATER_CASCADE_REFILL|2|2|S2,S1|1
WATER_CASCADE_REFILL|2|2|S2,S2|6
WATER_CASCADE_REFILL|2|2|S2,S3|2
WATER_CASCADE_REFILL|2|2|S2,S4|2
WATER_CASCADE_REFILL|2|2|S2,S5|4
WATER_CASCADE_REFILL|2|2|S2,S6|2
WATER_CASCADE_REFILL|2|2|S2,S7|2
WATER_CASCADE_REFILL|2|2|S2,S8|4
WATER_CASCADE_REFILL|2|2|S2,S9|2
WATER_CASCADE_REFILL|2|2|S3,S2|4
WATER_CASCADE_REFILL|2|2|S3,S3|1
WATER_CASCADE_REFILL|2|2|S3,S4|4
WATER_CASCADE_REFILL|2|2|S3,S5|1
WATER_CASCADE_REFILL|2|2|S3,S6|2
WATER_CASCADE_REFILL|2|2|S3,S7|7
WATER_CASCADE_REFILL|2|2|S3,S8|2
WATER_CASCADE_REFILL|2|2|S3,S9|5
WATER_CASCADE_REFILL|2|2|S4,S1|1
WATER_CASCADE_REFILL|2|2|S4,S2|1
WATER_CASCADE_REFILL|2|2|S4,S3|4
WATER_CASCADE_REFILL|2|2|S4,S4|4
WATER_CASCADE_REFILL|2|2|S4,S5|1
WATER_CASCADE_REFILL|2|2|S4,S6|2
WATER_CASCADE_REFILL|2|2|S4,S8|7
WATER_CASCADE_REFILL|2|2|S4,S9|3
WATER_CASCADE_REFILL|2|2|S5,S2|1
WATER_CASCADE_REFILL|2|2|S5,S3|3
WATER_CASCADE_REFILL|2|2|S5,S4|3
WATER_CASCADE_REFILL|2|2|S5,S5|2
WATER_CASCADE_REFILL|2|2|S5,S6|1
WATER_CASCADE_REFILL|2|2|S5,S7|3
WATER_CASCADE_REFILL|2|2|S5,S8|2
WATER_CASCADE_REFILL|2|2|S6,S1|1
WATER_CASCADE_REFILL|2|2|S6,S2|3
WATER_CASCADE_REFILL|2|2|S6,S3|2
WATER_CASCADE_REFILL|2|2|S6,S4|3
WATER_CASCADE_REFILL|2|2|S6,S5|6
WATER_CASCADE_REFILL|2|2|S6,S7|3
WATER_CASCADE_REFILL|2|2|S6,S8|1
WATER_CASCADE_REFILL|2|2|S6,S9|4
WATER_CASCADE_REFILL|2|2|S7,S3|5
WATER_CASCADE_REFILL|2|2|S7,S4|6
WATER_CASCADE_REFILL|2|2|S7,S5|3
WATER_CASCADE_REFILL|2|2|S7,S6|3
WATER_CASCADE_REFILL|2|2|S7,S7|1
WATER_CASCADE_REFILL|2|2|S7,S8|3
WATER_CASCADE_REFILL|2|2|S7,S9|1
WATER_CASCADE_REFILL|2|2|S8,S1|1
WATER_CASCADE_REFILL|2|2|S8,S2|1
WATER_CASCADE_REFILL|2|2|S8,S3|3
WATER_CASCADE_REFILL|2|2|S8,S4|2
WATER_CASCADE_REFILL|2|2|S8,S5|4
WATER_CASCADE_REFILL|2|2|S8,S6|2
WATER_CASCADE_REFILL|2|2|S8,S7|2
WATER_CASCADE_REFILL|2|2|S8,S8|3
WATER_CASCADE_REFILL|2|2|S8,S9|3
WATER_CASCADE_REFILL|2|2|S9,S2|3
WATER_CASCADE_REFILL|2|2|S9,S3|2
WATER_CASCADE_REFILL|2|2|S9,S4|1
WATER_CASCADE_REFILL|2|2|S9,S5|1
WATER_CASCADE_REFILL|2|2|S9,S7|2
WATER_CASCADE_REFILL|2|2|S9,S8|6
WATER_CASCADE_REFILL|2|3|S1,S6,S4|1
WATER_CASCADE_REFILL|2|3|S2,S2,S4|2
WATER_CASCADE_REFILL|2|3|S2,S2,S7|1
WATER_CASCADE_REFILL|2|3|S2,S2,S8|1
WATER_CASCADE_REFILL|2|3|S2,S3,S4|2
WATER_CASCADE_REFILL|2|3|S2,S3,S5|1
WATER_CASCADE_REFILL|2|3|S2,S3,S9|2
WATER_CASCADE_REFILL|2|3|S2,S4,S3|1
WATER_CASCADE_REFILL|2|3|S2,S4,S9|2
WATER_CASCADE_REFILL|2|3|S2,S5,S4|1
WATER_CASCADE_REFILL|2|3|S2,S6,S7|1
WATER_CASCADE_REFILL|2|3|S2,S7,S2|1
WATER_CASCADE_REFILL|2|3|S2,S7,S3|1
WATER_CASCADE_REFILL|2|3|S2,S9,S7|1
WATER_CASCADE_REFILL|2|3|S3,S1,S3|1
WATER_CASCADE_REFILL|2|3|S3,S2,S2|2
WATER_CASCADE_REFILL|2|3|S3,S2,S3|1
WATER_CASCADE_REFILL|2|3|S3,S2,S4|1
WATER_CASCADE_REFILL|2|3|S3,S2,S8|1
WATER_CASCADE_REFILL|2|3|S3,S3,S2|1
WATER_CASCADE_REFILL|2|3|S3,S3,S8|1
WATER_CASCADE_REFILL|2|3|S3,S3,S9|1
WATER_CASCADE_REFILL|2|3|S3,S4,S5|1
WATER_CASCADE_REFILL|2|3|S3,S4,S7|1
WATER_CASCADE_REFILL|2|3|S3,S5,S6|1
WATER_CASCADE_REFILL|2|3|S3,S7,S2|2
WATER_CASCADE_REFILL|2|3|S3,S7,S4|1
WATER_CASCADE_REFILL|2|3|S3,S8,S2|1
WATER_CASCADE_REFILL|2|3|S3,S9,S4|1
WATER_CASCADE_REFILL|2|3|S3,S9,S9|2
WATER_CASCADE_REFILL|2|3|S4,S2,S2|2
WATER_CASCADE_REFILL|2|3|S4,S2,S3|1
WATER_CASCADE_REFILL|2|3|S4,S2,S7|1
WATER_CASCADE_REFILL|2|3|S4,S2,S9|2
WATER_CASCADE_REFILL|2|3|S4,S4,S8|2
WATER_CASCADE_REFILL|2|3|S4,S5,S4|1
WATER_CASCADE_REFILL|2|3|S4,S5,S8|1
WATER_CASCADE_REFILL|2|3|S4,S5,S9|1
WATER_CASCADE_REFILL|2|3|S4,S6,S5|1
WATER_CASCADE_REFILL|2|3|S4,S6,S8|1
WATER_CASCADE_REFILL|2|3|S4,S8,S4|1
WATER_CASCADE_REFILL|2|3|S4,S9,S4|1
WATER_CASCADE_REFILL|2|3|S4,S9,S7|1
WATER_CASCADE_REFILL|2|3|S4,S9,S8|1
WATER_CASCADE_REFILL|2|3|S5,S3,S5|1
WATER_CASCADE_REFILL|2|3|S5,S3,S8|1
WATER_CASCADE_REFILL|2|3|S5,S3,S9|1
WATER_CASCADE_REFILL|2|3|S5,S4,S4|1
WATER_CASCADE_REFILL|2|3|S5,S4,S9|1
WATER_CASCADE_REFILL|2|3|S5,S5,S6|1
WATER_CASCADE_REFILL|2|3|S5,S7,S7|1
WATER_CASCADE_REFILL|2|3|S5,S8,S2|1
WATER_CASCADE_REFILL|2|3|S5,S9,S8|1
WATER_CASCADE_REFILL|2|3|S6,S2,S1|1
WATER_CASCADE_REFILL|2|3|S6,S2,S6|1
WATER_CASCADE_REFILL|2|3|S6,S3,S5|1
WATER_CASCADE_REFILL|2|3|S6,S3,S6|1
WATER_CASCADE_REFILL|2|3|S6,S3,S7|1
WATER_CASCADE_REFILL|2|3|S6,S3,S8|1
WATER_CASCADE_REFILL|2|3|S6,S4,S2|1
WATER_CASCADE_REFILL|2|3|S6,S4,S6|1
WATER_CASCADE_REFILL|2|3|S6,S4,S8|1
WATER_CASCADE_REFILL|2|3|S6,S4,S9|1
WATER_CASCADE_REFILL|2|3|S6,S5,S2|1
WATER_CASCADE_REFILL|2|3|S6,S5,S6|1
WATER_CASCADE_REFILL|2|3|S6,S6,S2|2
WATER_CASCADE_REFILL|2|3|S6,S6,S8|1
WATER_CASCADE_REFILL|2|3|S6,S7,S7|1
WATER_CASCADE_REFILL|2|3|S6,S7,S9|2
WATER_CASCADE_REFILL|2|3|S6,S8,S6|1
WATER_CASCADE_REFILL|2|3|S6,S9,S8|1
WATER_CASCADE_REFILL|2|3|S7,S2,S7|1
WATER_CASCADE_REFILL|2|3|S7,S3,S6|1
WATER_CASCADE_REFILL|2|3|S7,S3,S9|1
WATER_CASCADE_REFILL|2|3|S7,S4,S3|1
WATER_CASCADE_REFILL|2|3|S7,S4,S4|1
WATER_CASCADE_REFILL|2|3|S7,S4,S5|2
WATER_CASCADE_REFILL|2|3|S7,S5,S2|1
WATER_CASCADE_REFILL|2|3|S7,S5,S3|1
WATER_CASCADE_REFILL|2|3|S7,S5,S4|1
WATER_CASCADE_REFILL|2|3|S7,S5,S5|1
WATER_CASCADE_REFILL|2|3|S7,S5,S8|1
WATER_CASCADE_REFILL|2|3|S7,S6,S2|1
WATER_CASCADE_REFILL|2|3|S7,S6,S5|1
WATER_CASCADE_REFILL|2|3|S7,S7,S2|1
WATER_CASCADE_REFILL|2|3|S7,S7,S3|1
WATER_CASCADE_REFILL|2|3|S7,S7,S9|1
WATER_CASCADE_REFILL|2|3|S7,S8,S7|1
WATER_CASCADE_REFILL|2|3|S7,S8,S8|1
WATER_CASCADE_REFILL|2|3|S7,S9,S4|1
WATER_CASCADE_REFILL|2|3|S7,S9,S6|1
WATER_CASCADE_REFILL|2|3|S8,S2,S7|1
WATER_CASCADE_REFILL|2|3|S8,S3,S3|1
WATER_CASCADE_REFILL|2|3|S8,S5,S1|1
WATER_CASCADE_REFILL|2|3|S8,S5,S8|1
WATER_CASCADE_REFILL|2|3|S8,S7,S7|1
WATER_CASCADE_REFILL|2|3|S8,S7,S9|1
WATER_CASCADE_REFILL|2|3|S8,S8,S4|1
WATER_CASCADE_REFILL|2|3|S8,S8,S5|3
WATER_CASCADE_REFILL|2|3|S8,S8,S6|2
WATER_CASCADE_REFILL|2|3|S8,S9,S9|1
WATER_CASCADE_REFILL|2|3|S9,S3,S3|2
WATER_CASCADE_REFILL|2|3|S9,S4,S4|2
WATER_CASCADE_REFILL|2|3|S9,S4,S6|1
WATER_CASCADE_REFILL|2|3|S9,S4,S9|1
WATER_CASCADE_REFILL|2|3|S9,S5,S3|1
WATER_CASCADE_REFILL|2|3|S9,S5,S5|1
WATER_CASCADE_REFILL|2|3|S9,S5,S6|1
WATER_CASCADE_REFILL|2|3|S9,S5,S9|1
WATER_CASCADE_REFILL|2|3|S9,S6,S7|1
WATER_CASCADE_REFILL|2|3|S9,S7,S6|2
WATER_CASCADE_REFILL|2|3|S9,S8,S6|1
WATER_CASCADE_REFILL|2|4|S2,S2,S2,S2|1
WATER_CASCADE_REFILL|2|4|S2,S2,S2,S4|1
WATER_CASCADE_REFILL|2|4|S2,S2,S2,S7|1
WATER_CASCADE_REFILL|2|4|S2,S8,S1,S4|1
WATER_CASCADE_REFILL|2|4|S2,S8,S3,S9|1
WATER_CASCADE_REFILL|2|4|S2,S8,S9,S7|1
WATER_CASCADE_REFILL|2|4|S2,S9,S6,S9|1
WATER_CASCADE_REFILL|2|4|S3,S1,S7,S2|1
WATER_CASCADE_REFILL|2|4|S3,S3,S9,S7|1
WATER_CASCADE_REFILL|2|4|S3,S4,S4,S7|1
WATER_CASCADE_REFILL|2|4|S3,S5,S9,S6|1
WATER_CASCADE_REFILL|2|4|S3,S7,S3,S9|1
WATER_CASCADE_REFILL|2|4|S3,S7,S9,S4|1
WATER_CASCADE_REFILL|2|4|S3,S8,S3,S9|2
WATER_CASCADE_REFILL|2|4|S4,S3,S5,S4|1
WATER_CASCADE_REFILL|2|4|S4,S4,S4,S2|1
WATER_CASCADE_REFILL|2|4|S4,S5,S3,S5|2
WATER_CASCADE_REFILL|2|4|S4,S5,S5,S2|1
WATER_CASCADE_REFILL|2|4|S4,S7,S6,S7|1
WATER_CASCADE_REFILL|2|4|S4,S9,S3,S6|1
WATER_CASCADE_REFILL|2|4|S5,S2,S7,S4|1
WATER_CASCADE_REFILL|2|4|S5,S3,S3,S4|1
WATER_CASCADE_REFILL|2|4|S5,S3,S8,S5|1
WATER_CASCADE_REFILL|2|4|S5,S3,S8,S7|1
WATER_CASCADE_REFILL|2|4|S5,S8,S3,S7|1
WATER_CASCADE_REFILL|2|4|S6,S2,S2,S9|1
WATER_CASCADE_REFILL|2|4|S6,S2,S3,S2|1
WATER_CASCADE_REFILL|2|4|S6,S3,S6,S3|1
WATER_CASCADE_REFILL|2|4|S6,S4,S6,S5|1
WATER_CASCADE_REFILL|2|4|S6,S5,S3,S8|2
WATER_CASCADE_REFILL|2|4|S6,S7,S5,S3|1
WATER_CASCADE_REFILL|2|4|S6,S9,S4,S2|1
WATER_CASCADE_REFILL|2|4|S7,S2,S3,S2|2
WATER_CASCADE_REFILL|2|4|S7,S2,S8,S2|1
WATER_CASCADE_REFILL|2|4|S7,S2,S8,S7|1
WATER_CASCADE_REFILL|2|4|S7,S3,S4,S4|1
WATER_CASCADE_REFILL|2|4|S7,S3,S4,S5|1
WATER_CASCADE_REFILL|2|4|S7,S3,S4,S8|1
WATER_CASCADE_REFILL|2|4|S7,S5,S5,S7|1
WATER_CASCADE_REFILL|2|4|S7,S7,S8,S7|1
WATER_CASCADE_REFILL|2|4|S7,S8,S9,S9|1
WATER_CASCADE_REFILL|2|4|S7,S9,S6,S6|1
WATER_CASCADE_REFILL|2|4|S8,S2,S7,S2|1
WATER_CASCADE_REFILL|2|4|S8,S3,S3,S3|1
WATER_CASCADE_REFILL|2|4|S8,S4,S5,S6|2
WATER_CASCADE_REFILL|2|4|S8,S4,S7,S7|1
WATER_CASCADE_REFILL|2|4|S8,S6,S7,S9|1
WATER_CASCADE_REFILL|2|4|S8,S7,S6,S4|3
WATER_CASCADE_REFILL|2|4|S9,S2,S8,S8|1
WATER_CASCADE_REFILL|2|4|S9,S6,S5,S5|1
WATER_CASCADE_REFILL|2|4|S9,S8,S6,S8|1
WATER_CASCADE_REFILL|2|5|S2,S6,S2,S9,S4|1
WATER_CASCADE_REFILL|2|5|S2,S7,S1,S6,S5|1
WATER_CASCADE_REFILL|2|5|S3,S6,S9,S4,S2|1
WATER_CASCADE_REFILL|2|5|S3,S8,S4,S5,S8|1
WATER_CASCADE_REFILL|2|5|S6,S9,S3,S3,S3|1
WATER_CASCADE_REFILL|2|5|S7,S2,S5,S4,S2|1
WATER_CASCADE_REFILL|2|5|S7,S4,S9,S6,S8|1
WATER_CASCADE_REFILL|2|5|S8,S2,S7,S3,S4|1
WATER_CASCADE_REFILL|2|5|S8,S4,S5,S5,S7|1
WATER_CASCADE_REFILL|2|5|S8,S5,S3,S9,S4|1
WATER_CASCADE_REFILL|2|5|S9,S3,S7,S2,S9|1
WATER_CASCADE_REFILL|2|5|S9,S8,S9,S8,S8|1
WATER_CASCADE_REFILL|3|1|S2|10
WATER_CASCADE_REFILL|3|1|S3|10
WATER_CASCADE_REFILL|3|1|S4|10
WATER_CASCADE_REFILL|3|1|S5|10
WATER_CASCADE_REFILL|3|1|S6|10
WATER_CASCADE_REFILL|3|1|S7|6
WATER_CASCADE_REFILL|3|1|S8|15
WATER_CASCADE_REFILL|3|1|S9|11
WATER_CASCADE_REFILL|3|2|S1,S3|1
WATER_CASCADE_REFILL|3|2|S1,S5|2
WATER_CASCADE_REFILL|3|2|S1,S9|2
WATER_CASCADE_REFILL|3|2|S2,S2|2
WATER_CASCADE_REFILL|3|2|S2,S3|1
WATER_CASCADE_REFILL|3|2|S2,S5|1
WATER_CASCADE_REFILL|3|2|S2,S8|3
WATER_CASCADE_REFILL|3|2|S2,S9|1
WATER_CASCADE_REFILL|3|2|S3,S1|2
WATER_CASCADE_REFILL|3|2|S3,S3|1
WATER_CASCADE_REFILL|3|2|S3,S4|2
WATER_CASCADE_REFILL|3|2|S3,S5|2
WATER_CASCADE_REFILL|3|2|S3,S7|1
WATER_CASCADE_REFILL|3|2|S3,S8|1
WATER_CASCADE_REFILL|3|2|S3,S9|3
WATER_CASCADE_REFILL|3|2|S4,S2|1
WATER_CASCADE_REFILL|3|2|S4,S3|3
WATER_CASCADE_REFILL|3|2|S4,S5|1
WATER_CASCADE_REFILL|3|2|S4,S6|1
WATER_CASCADE_REFILL|3|2|S4,S7|3
WATER_CASCADE_REFILL|3|2|S5,S3|3
WATER_CASCADE_REFILL|3|2|S5,S4|2
WATER_CASCADE_REFILL|3|2|S5,S5|1
WATER_CASCADE_REFILL|3|2|S5,S6|2
WATER_CASCADE_REFILL|3|2|S5,S8|3
WATER_CASCADE_REFILL|3|2|S5,S9|3
WATER_CASCADE_REFILL|3|2|S6,S4|2
WATER_CASCADE_REFILL|3|2|S6,S5|2
WATER_CASCADE_REFILL|3|2|S6,S6|1
WATER_CASCADE_REFILL|3|2|S6,S7|3
WATER_CASCADE_REFILL|3|2|S6,S9|2
WATER_CASCADE_REFILL|3|2|S7,S2|2
WATER_CASCADE_REFILL|3|2|S7,S3|1
WATER_CASCADE_REFILL|3|2|S7,S4|2
WATER_CASCADE_REFILL|3|2|S7,S6|1
WATER_CASCADE_REFILL|3|2|S7,S7|2
WATER_CASCADE_REFILL|3|2|S8,S2|1
WATER_CASCADE_REFILL|3|2|S8,S3|1
WATER_CASCADE_REFILL|3|2|S8,S4|4
WATER_CASCADE_REFILL|3|2|S8,S6|2
WATER_CASCADE_REFILL|3|2|S8,S7|2
WATER_CASCADE_REFILL|3|2|S8,S8|2
WATER_CASCADE_REFILL|3|2|S8,S9|2
WATER_CASCADE_REFILL|3|2|S9,S2|2
WATER_CASCADE_REFILL|3|2|S9,S3|1
WATER_CASCADE_REFILL|3|2|S9,S4|1
WATER_CASCADE_REFILL|3|2|S9,S5|1
WATER_CASCADE_REFILL|3|2|S9,S7|2
WATER_CASCADE_REFILL|3|2|S9,S9|3
WATER_CASCADE_REFILL|3|3|S1,S4,S2|1
WATER_CASCADE_REFILL|3|3|S1,S6,S2|1
WATER_CASCADE_REFILL|3|3|S2,S2,S5|1
WATER_CASCADE_REFILL|3|3|S2,S3,S2|2
WATER_CASCADE_REFILL|3|3|S2,S3,S6|1
WATER_CASCADE_REFILL|3|3|S2,S3,S7|1
WATER_CASCADE_REFILL|3|3|S2,S4,S6|1
WATER_CASCADE_REFILL|3|3|S2,S5,S5|2
WATER_CASCADE_REFILL|3|3|S2,S5,S7|2
WATER_CASCADE_REFILL|3|3|S2,S6,S8|1
WATER_CASCADE_REFILL|3|3|S2,S7,S8|1
WATER_CASCADE_REFILL|3|3|S2,S8,S5|1
WATER_CASCADE_REFILL|3|3|S2,S9,S2|2
WATER_CASCADE_REFILL|3|3|S2,S9,S7|1
WATER_CASCADE_REFILL|3|3|S3,S2,S4|1
WATER_CASCADE_REFILL|3|3|S3,S3,S2|1
WATER_CASCADE_REFILL|3|3|S3,S4,S5|1
WATER_CASCADE_REFILL|3|3|S3,S4,S6|1
WATER_CASCADE_REFILL|3|3|S3,S4,S7|1
WATER_CASCADE_REFILL|3|3|S3,S5,S2|1
WATER_CASCADE_REFILL|3|3|S3,S5,S9|1
WATER_CASCADE_REFILL|3|3|S3,S6,S3|1
WATER_CASCADE_REFILL|3|3|S3,S6,S4|1
WATER_CASCADE_REFILL|3|3|S3,S6,S5|1
WATER_CASCADE_REFILL|3|3|S3,S6,S6|1
WATER_CASCADE_REFILL|3|3|S3,S8,S2|1
WATER_CASCADE_REFILL|3|3|S3,S8,S3|1
WATER_CASCADE_REFILL|3|3|S3,S8,S7|1
WATER_CASCADE_REFILL|3|3|S3,S9,S2|2
WATER_CASCADE_REFILL|3|3|S4,S1,S9|1
WATER_CASCADE_REFILL|3|3|S4,S2,S3|2
WATER_CASCADE_REFILL|3|3|S4,S2,S5|1
WATER_CASCADE_REFILL|3|3|S4,S2,S6|1
WATER_CASCADE_REFILL|3|3|S4,S4,S3|1
WATER_CASCADE_REFILL|3|3|S4,S4,S4|1
WATER_CASCADE_REFILL|3|3|S4,S4,S7|1
WATER_CASCADE_REFILL|3|3|S4,S5,S5|1
WATER_CASCADE_REFILL|3|3|S4,S6,S5|1
WATER_CASCADE_REFILL|3|3|S4,S7,S2|1
WATER_CASCADE_REFILL|3|3|S4,S8,S4|1
WATER_CASCADE_REFILL|3|3|S4,S8,S5|1
WATER_CASCADE_REFILL|3|3|S4,S8,S9|1
WATER_CASCADE_REFILL|3|3|S4,S9,S3|2
WATER_CASCADE_REFILL|3|3|S4,S9,S9|1
WATER_CASCADE_REFILL|3|3|S5,S2,S8|1
WATER_CASCADE_REFILL|3|3|S5,S4,S2|1
WATER_CASCADE_REFILL|3|3|S5,S4,S6|1
WATER_CASCADE_REFILL|3|3|S5,S5,S5|2
WATER_CASCADE_REFILL|3|3|S5,S5,S8|1
WATER_CASCADE_REFILL|3|3|S5,S6,S2|1
WATER_CASCADE_REFILL|3|3|S5,S6,S3|1
WATER_CASCADE_REFILL|3|3|S5,S7,S4|1
WATER_CASCADE_REFILL|3|3|S5,S8,S4|1
WATER_CASCADE_REFILL|3|3|S6,S2,S5|1
WATER_CASCADE_REFILL|3|3|S6,S3,S3|1
WATER_CASCADE_REFILL|3|3|S6,S3,S9|3
WATER_CASCADE_REFILL|3|3|S6,S4,S3|1
WATER_CASCADE_REFILL|3|3|S6,S4,S6|1
WATER_CASCADE_REFILL|3|3|S6,S4,S7|1
WATER_CASCADE_REFILL|3|3|S6,S5,S2|1
WATER_CASCADE_REFILL|3|3|S6,S5,S3|1
WATER_CASCADE_REFILL|3|3|S6,S5,S8|1
WATER_CASCADE_REFILL|3|3|S6,S6,S5|1
WATER_CASCADE_REFILL|3|3|S6,S6,S6|1
WATER_CASCADE_REFILL|3|3|S6,S6,S8|1
WATER_CASCADE_REFILL|3|3|S6,S7,S4|3
WATER_CASCADE_REFILL|3|3|S6,S8,S3|1
WATER_CASCADE_REFILL|3|3|S6,S9,S6|1
WATER_CASCADE_REFILL|3|3|S6,S9,S8|1
WATER_CASCADE_REFILL|3|3|S7,S2,S4|1
WATER_CASCADE_REFILL|3|3|S7,S2,S8|2
WATER_CASCADE_REFILL|3|3|S7,S3,S5|1
WATER_CASCADE_REFILL|3|3|S7,S3,S6|1
WATER_CASCADE_REFILL|3|3|S7,S3,S7|2
WATER_CASCADE_REFILL|3|3|S7,S4,S4|1
WATER_CASCADE_REFILL|3|3|S7,S4,S7|1
WATER_CASCADE_REFILL|3|3|S7,S5,S2|1
WATER_CASCADE_REFILL|3|3|S7,S5,S3|1
WATER_CASCADE_REFILL|3|3|S7,S6,S4|1
WATER_CASCADE_REFILL|3|3|S7,S6,S5|2
WATER_CASCADE_REFILL|3|3|S7,S7,S4|1
WATER_CASCADE_REFILL|3|3|S7,S7,S7|2
WATER_CASCADE_REFILL|3|3|S7,S8,S4|1
WATER_CASCADE_REFILL|3|3|S7,S8,S5|1
WATER_CASCADE_REFILL|3|3|S7,S8,S9|3
WATER_CASCADE_REFILL|3|3|S7,S9,S5|2
WATER_CASCADE_REFILL|3|3|S7,S9,S6|1
WATER_CASCADE_REFILL|3|3|S7,S9,S9|1
WATER_CASCADE_REFILL|3|3|S8,S1,S3|1
WATER_CASCADE_REFILL|3|3|S8,S1,S9|1
WATER_CASCADE_REFILL|3|3|S8,S2,S2|1
WATER_CASCADE_REFILL|3|3|S8,S2,S5|1
WATER_CASCADE_REFILL|3|3|S8,S3,S4|2
WATER_CASCADE_REFILL|3|3|S8,S4,S2|1
WATER_CASCADE_REFILL|3|3|S8,S4,S5|2
WATER_CASCADE_REFILL|3|3|S8,S4,S6|1
WATER_CASCADE_REFILL|3|3|S8,S4,S9|1
WATER_CASCADE_REFILL|3|3|S8,S5,S6|1
WATER_CASCADE_REFILL|3|3|S8,S5,S9|1
WATER_CASCADE_REFILL|3|3|S8,S7,S1|1
WATER_CASCADE_REFILL|3|3|S8,S7,S4|1
WATER_CASCADE_REFILL|3|3|S8,S7,S6|3
WATER_CASCADE_REFILL|3|3|S8,S8,S2|1
WATER_CASCADE_REFILL|3|3|S8,S8,S7|1
WATER_CASCADE_REFILL|3|3|S8,S8,S8|1
WATER_CASCADE_REFILL|3|3|S8,S9,S2|1
WATER_CASCADE_REFILL|3|3|S8,S9,S7|1
WATER_CASCADE_REFILL|3|3|S9,S3,S3|1
WATER_CASCADE_REFILL|3|3|S9,S3,S5|1
WATER_CASCADE_REFILL|3|3|S9,S5,S2|1
WATER_CASCADE_REFILL|3|3|S9,S6,S2|1
WATER_CASCADE_REFILL|3|3|S9,S6,S3|1
WATER_CASCADE_REFILL|3|3|S9,S6,S5|1
WATER_CASCADE_REFILL|3|3|S9,S6,S6|1
WATER_CASCADE_REFILL|3|3|S9,S6,S7|1
WATER_CASCADE_REFILL|3|3|S9,S7,S8|1
WATER_CASCADE_REFILL|3|3|S9,S8,S3|1
WATER_CASCADE_REFILL|3|3|S9,S9,S7|2
WATER_CASCADE_REFILL|3|3|S9,S9,S8|1
WATER_CASCADE_REFILL|3|4|S1,S8,S2,S8|1
WATER_CASCADE_REFILL|3|4|S1,S8,S4,S1|1
WATER_CASCADE_REFILL|3|4|S1,S9,S2,S5|1
WATER_CASCADE_REFILL|3|4|S2,S2,S2,S8|1
WATER_CASCADE_REFILL|3|4|S2,S2,S6,S4|1
WATER_CASCADE_REFILL|3|4|S2,S2,S8,S4|1
WATER_CASCADE_REFILL|3|4|S2,S3,S1,S9|1
WATER_CASCADE_REFILL|3|4|S2,S3,S2,S3|1
WATER_CASCADE_REFILL|3|4|S2,S3,S2,S6|1
WATER_CASCADE_REFILL|3|4|S2,S5,S2,S6|2
WATER_CASCADE_REFILL|3|4|S2,S6,S3,S5|1
WATER_CASCADE_REFILL|3|4|S2,S6,S5,S6|1
WATER_CASCADE_REFILL|3|4|S2,S7,S8,S5|1
WATER_CASCADE_REFILL|3|4|S2,S8,S3,S5|1
WATER_CASCADE_REFILL|3|4|S2,S8,S7,S8|1
WATER_CASCADE_REFILL|3|4|S3,S2,S2,S7|2
WATER_CASCADE_REFILL|3|4|S3,S3,S5,S8|1
WATER_CASCADE_REFILL|3|4|S3,S3,S6,S4|1
WATER_CASCADE_REFILL|3|4|S3,S3,S8,S4|2
WATER_CASCADE_REFILL|3|4|S3,S4,S5,S4|1
WATER_CASCADE_REFILL|3|4|S3,S4,S7,S4|1
WATER_CASCADE_REFILL|3|4|S3,S6,S7,S8|1
WATER_CASCADE_REFILL|3|4|S3,S6,S9,S5|1
WATER_CASCADE_REFILL|3|4|S3,S7,S3,S4|1
WATER_CASCADE_REFILL|3|4|S3,S7,S8,S3|1
WATER_CASCADE_REFILL|3|4|S3,S8,S2,S5|1
WATER_CASCADE_REFILL|3|4|S3,S9,S4,S6|1
WATER_CASCADE_REFILL|3|4|S3,S9,S4,S7|1
WATER_CASCADE_REFILL|3|4|S3,S9,S8,S5|1
WATER_CASCADE_REFILL|3|4|S4,S3,S2,S9|1
WATER_CASCADE_REFILL|3|4|S4,S4,S5,S5|1
WATER_CASCADE_REFILL|3|4|S4,S4,S5,S6|1
WATER_CASCADE_REFILL|3|4|S4,S5,S2,S9|1
WATER_CASCADE_REFILL|3|4|S4,S6,S5,S2|1
WATER_CASCADE_REFILL|3|4|S4,S6,S6,S5|1
WATER_CASCADE_REFILL|3|4|S4,S6,S6,S9|1
WATER_CASCADE_REFILL|3|4|S4,S7,S2,S9|1
WATER_CASCADE_REFILL|3|4|S4,S9,S3,S9|1
WATER_CASCADE_REFILL|3|4|S4,S9,S9,S9|1
WATER_CASCADE_REFILL|3|4|S5,S3,S2,S2|1
WATER_CASCADE_REFILL|3|4|S5,S3,S2,S3|1
WATER_CASCADE_REFILL|3|4|S5,S3,S4,S6|1
WATER_CASCADE_REFILL|3|4|S5,S4,S5,S5|1
WATER_CASCADE_REFILL|3|4|S5,S5,S8,S4|1
WATER_CASCADE_REFILL|3|4|S5,S6,S6,S4|2
WATER_CASCADE_REFILL|3|4|S5,S6,S6,S6|1
WATER_CASCADE_REFILL|3|4|S5,S6,S7,S6|1
WATER_CASCADE_REFILL|3|4|S5,S8,S3,S4|1
WATER_CASCADE_REFILL|3|4|S5,S8,S5,S7|2
WATER_CASCADE_REFILL|3|4|S5,S8,S6,S3|1
WATER_CASCADE_REFILL|3|4|S5,S8,S8,S1|1
WATER_CASCADE_REFILL|3|4|S5,S8,S8,S3|1
WATER_CASCADE_REFILL|3|4|S5,S9,S1,S9|1
WATER_CASCADE_REFILL|3|4|S5,S9,S2,S2|1
WATER_CASCADE_REFILL|3|4|S6,S2,S9,S2|1
WATER_CASCADE_REFILL|3|4|S6,S4,S2,S3|1
WATER_CASCADE_REFILL|3|4|S6,S4,S2,S4|1
WATER_CASCADE_REFILL|3|4|S6,S4,S4,S8|1
WATER_CASCADE_REFILL|3|4|S6,S6,S4,S7|1
WATER_CASCADE_REFILL|3|4|S6,S7,S2,S7|1
WATER_CASCADE_REFILL|3|4|S6,S8,S8,S9|1
WATER_CASCADE_REFILL|3|4|S6,S9,S2,S5|1
WATER_CASCADE_REFILL|3|4|S6,S9,S9,S7|1
WATER_CASCADE_REFILL|3|4|S7,S2,S5,S9|1
WATER_CASCADE_REFILL|3|4|S7,S2,S6,S3|1
WATER_CASCADE_REFILL|3|4|S7,S2,S9,S2|1
WATER_CASCADE_REFILL|3|4|S7,S4,S1,S4|1
WATER_CASCADE_REFILL|3|4|S7,S4,S4,S9|1
WATER_CASCADE_REFILL|3|4|S7,S4,S6,S4|1
WATER_CASCADE_REFILL|3|4|S7,S4,S6,S7|1
WATER_CASCADE_REFILL|3|4|S7,S4,S7,S3|1
WATER_CASCADE_REFILL|3|4|S7,S6,S4,S4|1
WATER_CASCADE_REFILL|3|4|S7,S6,S5,S9|1
WATER_CASCADE_REFILL|3|4|S7,S6,S6,S3|1
WATER_CASCADE_REFILL|3|4|S7,S6,S6,S6|1
WATER_CASCADE_REFILL|3|4|S7,S6,S7,S8|1
WATER_CASCADE_REFILL|3|4|S7,S7,S7,S4|2
WATER_CASCADE_REFILL|3|4|S7,S7,S8,S5|1
WATER_CASCADE_REFILL|3|4|S7,S8,S6,S9|1
WATER_CASCADE_REFILL|3|4|S8,S1,S3,S5|1
WATER_CASCADE_REFILL|3|4|S8,S2,S2,S3|1
WATER_CASCADE_REFILL|3|4|S8,S2,S9,S6|1
WATER_CASCADE_REFILL|3|4|S8,S3,S4,S4|1
WATER_CASCADE_REFILL|3|4|S8,S3,S9,S5|1
WATER_CASCADE_REFILL|3|4|S8,S4,S4,S2|1
WATER_CASCADE_REFILL|3|4|S8,S4,S5,S7|1
WATER_CASCADE_REFILL|3|4|S8,S6,S6,S6|1
WATER_CASCADE_REFILL|3|4|S8,S6,S8,S2|1
WATER_CASCADE_REFILL|3|4|S8,S6,S9,S8|1
WATER_CASCADE_REFILL|3|4|S8,S7,S2,S3|1
WATER_CASCADE_REFILL|3|4|S8,S7,S5,S9|1
WATER_CASCADE_REFILL|3|4|S8,S8,S3,S2|2
WATER_CASCADE_REFILL|3|4|S8,S8,S4,S5|2
WATER_CASCADE_REFILL|3|4|S8,S9,S6,S6|1
WATER_CASCADE_REFILL|3|4|S9,S2,S4,S2|1
WATER_CASCADE_REFILL|3|4|S9,S3,S2,S6|1
WATER_CASCADE_REFILL|3|4|S9,S3,S3,S8|1
WATER_CASCADE_REFILL|3|4|S9,S3,S5,S3|1
WATER_CASCADE_REFILL|3|4|S9,S3,S8,S8|1
WATER_CASCADE_REFILL|3|4|S9,S3,S9,S5|1
WATER_CASCADE_REFILL|3|4|S9,S5,S3,S7|1
WATER_CASCADE_REFILL|3|4|S9,S6,S3,S9|1
WATER_CASCADE_REFILL|3|4|S9,S6,S6,S5|1
WATER_CASCADE_REFILL|3|4|S9,S9,S4,S5|1
WATER_CASCADE_REFILL|3|5|S1,S4,S5,S7,S3|1
WATER_CASCADE_REFILL|3|5|S2,S2,S1,S3,S6|1
WATER_CASCADE_REFILL|3|5|S2,S2,S4,S4,S9|1
WATER_CASCADE_REFILL|3|5|S2,S4,S7,S3,S8|1
WATER_CASCADE_REFILL|3|5|S2,S7,S2,S8,S8|1
WATER_CASCADE_REFILL|3|5|S2,S7,S9,S7,S4|1
WATER_CASCADE_REFILL|3|5|S2,S9,S2,S2,S5|1
WATER_CASCADE_REFILL|3|5|S3,S4,S4,S3,S6|1
WATER_CASCADE_REFILL|3|5|S3,S6,S2,S8,S3|1
WATER_CASCADE_REFILL|3|5|S3,S6,S7,S9,S9|1
WATER_CASCADE_REFILL|3|5|S3,S7,S8,S8,S3|1
WATER_CASCADE_REFILL|3|5|S3,S8,S8,S3,S9|1
WATER_CASCADE_REFILL|3|5|S4,S2,S3,S1,S2|1
WATER_CASCADE_REFILL|3|5|S4,S4,S4,S8,S7|1
WATER_CASCADE_REFILL|3|5|S4,S4,S6,S3,S2|1
WATER_CASCADE_REFILL|3|5|S4,S6,S4,S2,S3|1
WATER_CASCADE_REFILL|3|5|S4,S6,S4,S9,S6|2
WATER_CASCADE_REFILL|3|5|S4,S7,S1,S9,S5|1
WATER_CASCADE_REFILL|3|5|S4,S7,S4,S2,S5|1
WATER_CASCADE_REFILL|3|5|S5,S2,S3,S3,S8|1
WATER_CASCADE_REFILL|3|5|S5,S2,S8,S9,S6|1
WATER_CASCADE_REFILL|3|5|S5,S2,S9,S4,S5|1
WATER_CASCADE_REFILL|3|5|S5,S5,S4,S9,S6|1
WATER_CASCADE_REFILL|3|5|S5,S7,S5,S5,S7|1
WATER_CASCADE_REFILL|3|5|S6,S2,S4,S4,S9|1
WATER_CASCADE_REFILL|3|5|S6,S3,S2,S5,S6|1
WATER_CASCADE_REFILL|3|5|S6,S4,S8,S8,S3|3
WATER_CASCADE_REFILL|3|5|S6,S5,S5,S2,S2|1
WATER_CASCADE_REFILL|3|5|S6,S6,S7,S4,S3|1
WATER_CASCADE_REFILL|3|5|S6,S9,S3,S3,S9|1
WATER_CASCADE_REFILL|3|5|S6,S9,S8,S7,S1|1
WATER_CASCADE_REFILL|3|5|S7,S3,S2,S1,S4|1
WATER_CASCADE_REFILL|3|5|S7,S4,S4,S3,S7|1
WATER_CASCADE_REFILL|3|5|S7,S7,S5,S4,S6|1
WATER_CASCADE_REFILL|3|5|S7,S8,S1,S8,S7|2
WATER_CASCADE_REFILL|3|5|S8,S2,S8,S6,S3|1
WATER_CASCADE_REFILL|3|5|S8,S6,S2,S5,S9|1
WATER_CASCADE_REFILL|3|5|S9,S3,S3,S8,S6|1
WATER_CASCADE_REFILL|3|5|S9,S3,S4,S6,S9|1
WATER_CASCADE_REFILL|3|5|S9,S5,S8,S7,S3|1
WATER_CASCADE_REFILL|3|5|S9,S6,S7,S6,S4|1
WATER_CASCADE_REFILL|3|5|S9,S7,S7,S9,S9|2
WATER_CASCADE_REFILL|4|1|S1|2
WATER_CASCADE_REFILL|4|1|S2|18
WATER_CASCADE_REFILL|4|1|S3|20
WATER_CASCADE_REFILL|4|1|S4|19
WATER_CASCADE_REFILL|4|1|S5|15
WATER_CASCADE_REFILL|4|1|S6|20
WATER_CASCADE_REFILL|4|1|S7|15
WATER_CASCADE_REFILL|4|1|S8|19
WATER_CASCADE_REFILL|4|1|S9|10
WATER_CASCADE_REFILL|4|2|S1,S7|1
WATER_CASCADE_REFILL|4|2|S2,S2|3
WATER_CASCADE_REFILL|4|2|S2,S3|1
WATER_CASCADE_REFILL|4|2|S2,S4|5
WATER_CASCADE_REFILL|4|2|S2,S5|2
WATER_CASCADE_REFILL|4|2|S2,S6|2
WATER_CASCADE_REFILL|4|2|S2,S7|3
WATER_CASCADE_REFILL|4|2|S2,S8|4
WATER_CASCADE_REFILL|4|2|S2,S9|3
WATER_CASCADE_REFILL|4|2|S3,S3|3
WATER_CASCADE_REFILL|4|2|S3,S7|1
WATER_CASCADE_REFILL|4|2|S3,S8|2
WATER_CASCADE_REFILL|4|2|S3,S9|1
WATER_CASCADE_REFILL|4|2|S4,S1|1
WATER_CASCADE_REFILL|4|2|S4,S3|2
WATER_CASCADE_REFILL|4|2|S4,S5|2
WATER_CASCADE_REFILL|4|2|S4,S7|1
WATER_CASCADE_REFILL|4|2|S4,S8|3
WATER_CASCADE_REFILL|4|2|S4,S9|4
WATER_CASCADE_REFILL|4|2|S5,S2|1
WATER_CASCADE_REFILL|4|2|S5,S3|2
WATER_CASCADE_REFILL|4|2|S5,S4|2
WATER_CASCADE_REFILL|4|2|S5,S5|3
WATER_CASCADE_REFILL|4|2|S5,S6|2
WATER_CASCADE_REFILL|4|2|S5,S7|4
WATER_CASCADE_REFILL|4|2|S5,S8|4
WATER_CASCADE_REFILL|4|2|S5,S9|3
WATER_CASCADE_REFILL|4|2|S6,S2|3
WATER_CASCADE_REFILL|4|2|S6,S3|2
WATER_CASCADE_REFILL|4|2|S6,S4|1
WATER_CASCADE_REFILL|4|2|S6,S6|2
WATER_CASCADE_REFILL|4|2|S6,S8|1
WATER_CASCADE_REFILL|4|2|S6,S9|3
WATER_CASCADE_REFILL|4|2|S7,S3|2
WATER_CASCADE_REFILL|4|2|S7,S4|2
WATER_CASCADE_REFILL|4|2|S7,S5|1
WATER_CASCADE_REFILL|4|2|S7,S7|1
WATER_CASCADE_REFILL|4|2|S7,S8|1
WATER_CASCADE_REFILL|4|2|S8,S2|1
WATER_CASCADE_REFILL|4|2|S8,S4|4
WATER_CASCADE_REFILL|4|2|S8,S5|2
WATER_CASCADE_REFILL|4|2|S8,S6|1
WATER_CASCADE_REFILL|4|2|S8,S7|6
WATER_CASCADE_REFILL|4|2|S8,S8|1
WATER_CASCADE_REFILL|4|2|S8,S9|2
WATER_CASCADE_REFILL|4|2|S9,S2|1
WATER_CASCADE_REFILL|4|2|S9,S4|1
WATER_CASCADE_REFILL|4|2|S9,S5|1
WATER_CASCADE_REFILL|4|2|S9,S6|5
WATER_CASCADE_REFILL|4|2|S9,S7|3
WATER_CASCADE_REFILL|4|2|S9,S9|1
WATER_CASCADE_REFILL|4|3|S1,S7,S6|1
WATER_CASCADE_REFILL|4|3|S2,S4,S6|1
WATER_CASCADE_REFILL|4|3|S2,S4,S8|2
WATER_CASCADE_REFILL|4|3|S2,S4,S9|1
WATER_CASCADE_REFILL|4|3|S2,S6,S4|1
WATER_CASCADE_REFILL|4|3|S2,S7,S4|2
WATER_CASCADE_REFILL|4|3|S2,S8,S9|2
WATER_CASCADE_REFILL|4|3|S3,S2,S4|1
WATER_CASCADE_REFILL|4|3|S3,S2,S9|1
WATER_CASCADE_REFILL|4|3|S3,S3,S3|1
WATER_CASCADE_REFILL|4|3|S3,S5,S9|1
WATER_CASCADE_REFILL|4|3|S3,S7,S9|1
WATER_CASCADE_REFILL|4|3|S3,S8,S9|1
WATER_CASCADE_REFILL|4|3|S4,S2,S4|2
WATER_CASCADE_REFILL|4|3|S4,S2,S9|1
WATER_CASCADE_REFILL|4|3|S4,S3,S5|1
WATER_CASCADE_REFILL|4|3|S4,S8,S4|1
WATER_CASCADE_REFILL|4|3|S4,S8,S7|1
WATER_CASCADE_REFILL|4|3|S4,S9,S6|1
WATER_CASCADE_REFILL|4|3|S5,S3,S4|1
WATER_CASCADE_REFILL|4|3|S5,S3,S6|1
WATER_CASCADE_REFILL|4|3|S5,S3,S8|1
WATER_CASCADE_REFILL|4|3|S5,S4,S1|1
WATER_CASCADE_REFILL|4|3|S5,S5,S3|1
WATER_CASCADE_REFILL|4|3|S5,S5,S5|1
WATER_CASCADE_REFILL|4|3|S5,S7,S3|1
WATER_CASCADE_REFILL|4|3|S5,S7,S8|1
WATER_CASCADE_REFILL|4|3|S5,S8,S6|1
WATER_CASCADE_REFILL|4|3|S5,S9,S6|1
WATER_CASCADE_REFILL|4|3|S6,S2,S2|1
WATER_CASCADE_REFILL|4|3|S6,S2,S8|1
WATER_CASCADE_REFILL|4|3|S6,S5,S7|1
WATER_CASCADE_REFILL|4|3|S6,S5,S9|1
WATER_CASCADE_REFILL|4|3|S6,S6,S9|1
WATER_CASCADE_REFILL|4|3|S6,S8,S9|1
WATER_CASCADE_REFILL|4|3|S7,S3,S3|1
WATER_CASCADE_REFILL|4|3|S7,S4,S9|1
WATER_CASCADE_REFILL|4|3|S7,S7,S2|1
WATER_CASCADE_REFILL|4|3|S7,S7,S3|1
WATER_CASCADE_REFILL|4|3|S7,S7,S5|1
WATER_CASCADE_REFILL|4|3|S8,S3,S3|1
WATER_CASCADE_REFILL|4|3|S8,S4,S4|1
WATER_CASCADE_REFILL|4|3|S8,S5,S6|1
WATER_CASCADE_REFILL|4|3|S8,S8,S5|2
WATER_CASCADE_REFILL|4|3|S8,S8,S6|1
WATER_CASCADE_REFILL|4|3|S8,S9,S3|1
WATER_CASCADE_REFILL|4|3|S8,S9,S6|1
WATER_CASCADE_REFILL|4|3|S8,S9,S9|1
WATER_CASCADE_REFILL|4|3|S9,S2,S3|1
WATER_CASCADE_REFILL|4|3|S9,S2,S6|1
WATER_CASCADE_REFILL|4|3|S9,S3,S3|1
WATER_CASCADE_REFILL|4|3|S9,S3,S7|1
WATER_CASCADE_REFILL|4|3|S9,S6,S3|1
WATER_CASCADE_REFILL|4|3|S9,S7,S4|1
WATER_CASCADE_REFILL|4|3|S9,S7,S6|2
WATER_CASCADE_REFILL|4|4|S1,S3,S8,S4|1
WATER_CASCADE_REFILL|4|4|S2,S6,S8,S2|1
WATER_CASCADE_REFILL|4|4|S3,S4,S7,S2|1
WATER_CASCADE_REFILL|4|4|S3,S8,S4,S6|1
WATER_CASCADE_REFILL|4|4|S4,S7,S5,S7|1
WATER_CASCADE_REFILL|4|4|S5,S2,S3,S3|1
WATER_CASCADE_REFILL|4|4|S5,S6,S2,S3|1
WATER_CASCADE_REFILL|4|4|S6,S3,S4,S5|1
WATER_CASCADE_REFILL|4|4|S7,S5,S3,S6|1
WATER_CASCADE_REFILL|4|4|S7,S5,S9,S2|1
WATER_CASCADE_REFILL|4|4|S7,S9,S9,S9|1
WATER_CASCADE_REFILL|4|4|S8,S3,S6,S9|1
WATER_CASCADE_REFILL|4|4|S9,S5,S7,S9|1
