ORDINARY_LOSS;171,121,161,151,131,111,111,171,111,291,131,111,171,181,121~30~~~0~1~0~0~0~0~1~1~0
ORDINARY_LOSS;161,131,131,111,161,161,181,181,141,181,131,181,151,111,161~~~~0~1~0~0~0~0~1~1~0
ORDINARY_LOSS;111,171,151,171,121,171,131,121,181,181,161,121,111,121,181~~~~0~1~0~0~0~0~1~1~0
ORDINARY_LOSS;131,181,151,161,181,161,171,111,111,161,151,121,131,121,111~~~~0~1~0~0~0~0~1~1~0
ORDINARY_LOSS;181,171,1a1,131,121,151,121,131,131,181,111,151,141,181,111~~~~0~1~0~0~0~0~1~1~0
ORDINARY_WIN;181,181,171,281,151,181,181,161,181,131,181,181,181,151,151~10~~~0~0~0~0~0~0~1~1~0|151,141,171,131,111,151,181,151,161,171,121,131,171,151,151~~~~1~0~0~0~0~0~1~1~0|131,141,171,151,131,111,171,181,161,171,121,131,171,151,151~~~~1~1~0~0~0~0~1~1~0
ORDINARY_LOSS;131,181,121,161,181,161,151,131,111,131,181,181,171,121,161~~~~0~1~0~0~0~0~1~1~0
ORDINARY_LOSS;151,181,151,181,141,121,141,121,1a1,121,181,161,141,111,151~~~~0~1~0~0~0~0~1~1~0
ORDINARY_LOSS;171,151,161,151,161,131,131,121,131,131,181,171,131,151,161~~~~0~1~0~0~0~0~1~1~0
ORDINARY_LOSS;111,141,171,131,181,171,121,111,131,161,181,1a1,141,151,111~~~~0~1~0~0~0~0~1~1~0
ORDINARY_LOSS;171,151,141,1a1,171,181,121,121,151,141,131,131,161,171,171~~~~0~1~0~0~0~0~1~1~0
ORDINARY_LOSS;131,171,161,181,171,151,151,121,151,171,171,131,121,111,151~~~~0~1~0~0~0~0~1~1~0
ORDINARY_LOSS;151,121,121,131,111,171,151,131,131,171,151,131,121,151,171~~~~0~1~0~0~0~0~1~1~0
ORDINARY_LOSS;131,131,1a1,171,111,151,111,121,111,131,111,181,161,141,141~~~~0~1~0~0~0~0~1~1~0
ORDINARY_WIN;111,271,121,181,141,111,141,191,171,171,171,171,111,171,271~1.42~~~0~0~0~0~0~0~1~1~1|121,271,121,171,181,141,171,141,171,171,171,171,111,171,271~1.42~~~1~0~0~0~0~0~1~1~1|141,121,121,161,181,141,121,161,141,121,181,171,161,161,111~~~~1~0~0~0~0~0~1~1~1|161,121,121,151,161,181,171,121,161,121,181,171,161,161,111~~~~1~0~0~0~0~0~1~1~1|141,121,121,151,151,181,181,171,121,121,181,171,161,161,111~~~~1~1~0~0~0~0~1~1~1
ORDINARY_LOSS;111,171,121,111,181,171,181,151,151,171,111,131,161,161,121~~~~0~1~0~0~0~0~1~1~1
ORDINARY_LOSS;161,131,131,161,181,141,111,151,151,111,111,141,111,131,181~~~~0~1~0~0~0~0~1~1~1
ORDINARY_LOSS;131,181,171,131,181,161,121,121,141,131,111,161,151,161,111~~~~0~1~0~0~0~0~1~1~1
ORDINARY_LOSS;151,121,141,111,161,171,171,151,111,111,171,1a1,111,121,181~~~~0~1~0~0~0~0~1~1~1
ORDINARY_LOSS;111,131,241,181,171,181,111,181,111,171,161,171,141,161,121~2~~~0~1~0~0~0~0~1~1~1
ORDINARY_LOSS;181,171,161,131,171,171,151,181,131,131,171,151,111,131,161~~~~0~1~0~0~0~0~1~1~1
ORDINARY_LOSS;141,181,121,141,111,171,151,181,171,121,181,181,111,121,131~~~~0~1~0~0~0~0~1~1~1
ORDINARY_WIN;171,121,181,171,151,111,111,181,171,181,161,141,281,131,171~40~~~0~0~0~0~0~0~1~1~1|181,121,181,121,151,111,121,111,181,181,161,141,281,131,171~40~~~1~0~0~0~0~0~1~1~1|111,181,181,111,151,111,181,111,181,181,161,141,281,131,171~40~~~1~0~0~0~0~0~1~1~1|181,181,181,181,181,151,121,181,181,181,161,141,281,131,171~40~~~1~0~0~0~0~0~1~1~1|291,181,131,141,161,151,181,111,121,181,161,141,181,131,171~0~~~1~1~0~0~0~0~1~1~1
ORDINARY_LOSS;171,161,121,151,111,151,171,171,131,181,121,151,151,121,121~~~~0~1~0~0~0~0~1~1~1
FREE_SPINS;181,131,111,141,151,121,131,161,1a1,1a1,111,171,151,111,1a1~~2.3.4~~2~1~10~0~0~0~1~1~1|151,161,131,141,161,181,171,131,131,181,151,161,181,141,161~~2.3.4~0-1.6-1~2~1~12~1~0~0~2~2~1|111,113,181,181,141,181,141,181,131,131,111,161,141,151,171~~2.3.4~7-2~2~0~14~2~0~0~2~2~1|151,113,111,111,171,141,171,141,131,131,111,161,141,151,171~~2.3.4~~2~1~14~2~0~0~2~2~1|131,161,191,131,131,161,131,131,171,131,122,151,141,121,143~~2.3.4~~2~0~14~3~0~0~2~2~1|141,121,161,181,131,161,181,121,171,171,122,151,141,121,143~~2.3.4~~2~1~14~3~0~0~2~2~1|175,171,185,161,133,161,141,131,151,121,111,121,181,181,141~~2.3.4~~2~1~14~4~0~0~2~2~1|171,141,181,111,111,151,131,121,181,131,111,171,163,181,131~~2.3.4~~2~1~14~5~0~0~2~2~1|171,161,121,111,181,141,121,181,171,181,181,181,151,151,171~~2.3.4~~2~1~14~6~0~0~2~2~1|131,111,161,152,141,121,121,151,152,181,131,123,111,181,181~~2.3.4~~2~1~14~7~0~0~2~2~1|121,181,141,191,121,111,171,121,182,171,112,181,175,191,111~~2.3.4~~2~0~14~8~0~0~2~2~1|161,111,141,171,161,111,161,251,172,161,172,111,175,171,111~21~2.3.4~~2~0~14~8~0~0~2~2~1|151,111,141,131,171,111,171,251,172,111,172,111,175,171,111~21~2.3.4~~2~1~14~8~0~0~2~2~1|111,181,171,131,121,111,111,111,131,171,141,111,161,141,151~~2.3.4~~2~0~14~9~0~0~2~2~1|151,181,171,131,131,121,131,151,131,151,171,141,161,141,151~~2.3.4~~2~1~14~9~0~0~2~2~1|172,183,171,131,165,131,161,171,161,121,131,111,111,111,141~~2.3.4~~2~1~14~10~0~0~2~2~1|141,221,191,191,171,111,171,111,141,131,161,121,161,181,181~1~2.3.4~0-1~2~0~15~11~0~0~2~2~1|151,141,221,151,111,141,131,161,111,131,161,121,161,181,181~2~2.3.4~~2~1~15~11~0~0~2~2~1|141,171,181,141,171,133,161,131,131,131,151,172,181,111,171~~2.3.4~8-1~2~1~16~12~0~0~2~2~1|1710,162,131,121,151,121,173,131,291,171,171,151,151,111,121~22~2.3.4~~2~1~16~13~0~0~2~2~1|121,122,121,121,161,132,121,162,165,161,171,172,181,161,181~~2.3.4~~2~0~16~14~0~0~2~2~1|161,152,191,151,161,132,161,162,165,161,171,172,181,161,181~~2.3.4~~2~0~16~14~0~0~2~2~1|141,172,151,131,151,132,141,172,145,161,171,172,131,181,181~~2.3.4~~2~1~16~14~0~0~2~2~1|171,151,161,181,111,121,181,181,171,151,281,131,171,171,111~31~2.3.4~~2~1~16~15~0~0~2~2~1|261,171,125,141,171,121,151,172,181,151,121,181,181,111,161~0~2.3.4~~2~0~16~16~0~0~2~2~1|121,261,125,111,141,121,151,152,181,151,121,181,181,111,161~1~2.3.4~~2~1~16~16~0~0~2~2~1
ORDINARY_LOSS;171,161,141,181,171,121,181,151,141,151,151,151,161,121,131~~~~0~1~0~0~0~0~1~1~1
ORDINARY_WIN;181,131,181,181,161,181,111,171,181,181,191,181,181,111,181~~~~0~0~0~0~0~0~1~1~2|151,151,131,161,161,161,131,111,171,161,171,151,151,121,111~~~~1~1~0~0~0~0~1~1~2
ORDINARY_LOSS;191,141,171,121,181,171,131,111,151,141,121,161,181,161,121~~~~0~1~0~0~0~0~1~1~2
ORDINARY_LOSS;111,131,171,141,121,161,181,141,151,181,141,171,151,171,161~~~~0~1~0~0~0~0~1~1~2
ORDINARY_LOSS;181,131,181,181,171,131,161,171,121,181,171,181,141,131,151~~~~0~1~0~0~0~0~1~1~2
ORDINARY_LOSS;111,131,141,161,161,161,141,121,181,151,141,141,111,171,161~~~~0~1~0~0~0~0~1~1~2
ORDINARY_LOSS;121,121,161,141,171,171,171,121,111,1a1,141,131,121,151,151~~~~0~1~0~0~0~0~1~1~2
ORDINARY_LOSS;131,121,171,121,121,111,151,111,161,121,111,141,161,141,111~~~~0~1~0~0~0~0~1~1~2
ORDINARY_WIN;181,131,181,171,181,141,181,111,181,121,181,181,181,181,181~~~~0~0~0~0~0~0~1~1~2|171,151,131,181,171,141,171,151,111,181,131,121,141,151,121~~~~1~0~0~0~0~0~1~1~2|171,151,131,131,181,141,181,151,111,181,131,121,141,151,121~~~~1~1~0~0~0~0~1~1~2
ORDINARY_LOSS;121,171,151,121,121,131,131,161,161,151,131,151,111,121,181~~~~0~1~0~0~0~0~1~1~2
ORDINARY_LOSS;161,121,161,121,121,121,171,151,111,111,131,161,131,131,121~~~~0~1~0~0~0~0~1~1~2
ORDINARY_LOSS;181,171,171,131,141,111,181,111,181,111,151,121,121,171,141~~~~0~1~0~0~0~0~1~1~2
ORDINARY_LOSS;151,181,181,151,161,171,171,161,111,131,111,141,151,111,111~~~~0~1~0~0~0~0~1~1~2
ORDINARY_WIN;171,171,171,111,171,171,121,171,171,171,171,131,171,161,191~~~~0~0~0~0~0~0~1~1~3|181,181,161,151,181,111,111,151,121,151,181,131,131,141,161~~~~1~1~0~0~0~0~1~1~3
ORDINARY_LOSS;181,181,151,151,121,121,161,111,121,131,161,141,111,181,131~~~~0~1~0~0~0~0~1~1~3
ORDINARY_LOSS;161,131,121,151,151,161,141,171,131,131,161,181,161,131,191~~~~0~1~0~0~0~0~1~1~3
ORDINARY_LOSS;131,121,151,161,131,111,121,181,111,151,131,121,151,111,181~~~~0~1~0~0~0~0~1~1~3
ORDINARY_LOSS;141,131,111,141,121,141,161,171,121,181,151,151,131,161,161~~~~0~1~0~0~0~0~1~1~3
ORDINARY_LOSS;161,131,151,191,121,181,111,121,111,111,171,161,141,121,111~~~~0~1~0~0~0~0~1~1~3
ORDINARY_LOSS;191,151,171,131,171,171,1a1,141,151,161,151,131,131,121,161~~~~0~1~0~0~0~0~1~1~3
ORDINARY_LOSS;121,181,131,121,171,121,161,171,171,161,111,171,151,111,131~~~~0~1~0~0~0~0~1~1~3
ORDINARY_LOSS;141,131,161,181,141,171,181,181,131,121,161,111,151,151,161~~~~0~1~0~0~0~0~1~1~3
ORDINARY_LOSS;121,131,181,161,111,161,171,141,131,151,171,131,1a1,141,181~~~~0~1~0~0~0~0~1~1~3
ORDINARY_LOSS;171,171,151,181,181,181,181,141,181,1a1,121,151,121,191,131~~~~0~1~0~0~0~0~1~1~3
ORDINARY_LOSS;171,151,141,151,121,151,131,121,121,141,181,121,121,161,121~~~~0~1~0~0~0~0~1~1~3
ORDINARY_WIN;171,171,171,111,171,171,121,171,171,171,171,131,171,161,191~~~~0~0~0~0~0~0~1~1~4|181,181,161,151,181,111,111,151,121,151,181,131,131,141,161~~~~1~1~0~0~0~0~1~1~4
ORDINARY_LOSS;111,131,121,131,151,121,111,181,171,171,161,131,121,161,161~~~~0~1~0~0~0~0~1~1~4
ORDINARY_WIN;111,271,121,181,141,111,141,191,171,171,171,171,111,171,271~1.42~~~0~0~0~0~0~0~1~1~5|121,271,121,171,181,141,171,141,171,171,171,171,111,171,271~1.42~~~1~0~0~0~0~0~1~1~5|141,121,121,161,181,141,121,161,141,121,181,171,161,161,111~~~~1~0~0~0~0~0~1~1~5|161,121,121,151,161,181,171,121,161,121,181,171,161,161,111~~~~1~0~0~0~0~0~1~1~5|141,121,121,151,151,181,181,171,121,121,181,171,161,161,111~~~~1~1~0~0~0~0~1~1~5
ORDINARY_LOSS;161,121,121,141,141,121,141,181,141,151,151,111,111,151,121~~~~0~1~0~0~0~0~1~1~5
ORDINARY_LOSS;181,131,111,121,131,111,161,151,151,121,111,121,161,141,121~~~~0~1~0~0~0~0~1~1~5
ORDINARY_LOSS;141,141,161,181,121,191,181,131,171,171,131,151,181,111,161~~~~0~1~0~0~0~0~1~1~5
ORDINARY_LOSS;171,141,151,121,151,141,171,111,161,141,141,151,121,161,181~~~~0~1~0~0~0~0~1~1~5
ORDINARY_LOSS;161,161,161,121,141,131,181,151,111,141,151,131,1a1,171,141~~~~0~1~0~0~0~0~1~1~5
ORDINARY_LOSS;181,181,171,131,151,171,131,111,121,121,141,131,161,111,131~~~~0~1~0~0~0~0~1~1~5
ORDINARY_LOSS;111,171,111,141,121,111,131,181,161,171,161,141,161,161,181~~~~0~1~0~0~0~0~1~1~5
ORDINARY_LOSS;151,161,181,131,171,111,171,161,141,131,151,131,121,131,161~~~~0~1~0~0~0~0~1~1~5
ORDINARY_LOSS;111,111,171,141,131,121,181,141,121,151,151,171,121,151,151~~~~0~1~0~0~0~0~1~1~5
ORDINARY_LOSS;151,171,161,171,171,131,141,141,141,111,121,111,111,121,151~~~~0~1~0~0~0~0~1~1~5
ORDINARY_LOSS;151,141,121,161,131,1a1,151,141,121,131,151,181,141,111,151~~~~0~1~0~0~0~0~1~1~5
ORDINARY_LOSS;141,161,121,161,111,181,131,141,121,111,141,111,161,1a1,111~~~~0~1~0~0~0~0~1~1~5
ORDINARY_LOSS;181,151,111,141,141,131,141,121,171,161,141,191,151,171,171~~~~0~1~0~0~0~0~1~1~5
ORDINARY_LOSS;181,131,131,111,171,161,121,181,181,161,1a1,171,181,131,161~~~~0~1~0~0~0~0~1~1~5
ORDINARY_LOSS;181,151,131,141,111,121,131,111,111,131,111,121,151,181,141~~~~0~1~0~0~0~0~1~1~5
ORDINARY_LOSS;161,181,131,141,1a1,151,141,121,181,111,111,131,141,171,141~~~~0~1~0~0~0~0~1~1~5
ORDINARY_LOSS;141,161,161,131,131,121,141,151,111,111,181,181,171,151,131~~~~0~1~0~0~0~0~1~1~5
ORDINARY_LOSS;111,141,131,121,141,111,171,161,131,151,161,171,181,161,161~~~~0~1~0~0~0~0~1~1~5
ORDINARY_WIN;171,171,151,171,271,161,161,171,171,151,171,171,171,161,171~11~~~0~0~0~0~0~0~1~1~5|111,141,151,171,151,161,151,141,161,151,161,151,151,131,161~~~~1~0~0~0~0~0~1~1~5|111,111,141,141,171,161,181,141,161,171,121,161,141,131,161~~~~1~0~0~0~0~0~1~1~5|161,111,111,121,171,161,151,181,161,171,121,161,141,131,161~~~~1~0~0~0~0~0~1~1~5|131,111,111,151,121,171,141,151,181,161,171,121,181,141,131~~~~1~1~0~0~0~0~1~1~5
ORDINARY_LOSS;161,131,111,111,141,141,181,121,131,121,151,111,171,151,281~42~~~0~1~0~0~0~0~1~1~5
ORDINARY_LOSS;131,121,151,121,131,181,151,151,171,161,131,131,141,131,121~~~~0~1~0~0~0~0~1~1~5
ORDINARY_LOSS;121,171,161,1a1,131,151,131,111,161,121,181,111,181,121,181~~~~0~1~0~0~0~0~1~1~5
ORDINARY_LOSS;121,151,171,141,141,171,141,151,111,111,111,171,111,151,151~~~~0~1~0~0~0~0~1~1~5
WILD_VORTEX;151,171,131,151,171,141,131,151,181,141,111,181,111,111,111~~~~0~0~0~0~0~0~1~1~5|121,171,131,121,171,141,121,131,181,141,111,181,111,111,111~~~~1~0~0~0~0~0~1~1~5|121,171,131,131,171,141,191,131,181,141,111,181,111,111,111~~~~1~0~0~0~0~0~1~1~6|161,171,121,171,111,141,121,141,181,141,111,181,111,111,111~~~~2~1~0~0~3~0~1~1~0|161,161,181,291,141,181,161,151,291,291,141,121,181,291,191~10.22.30.41~~~2~0~0~0~3~1~2~3~0|141,171,181,171,111,141,111,161,151,171,141,121,141,161,151~~~~2~1~0~0~3~1~2~3~0|291,251,111,171,131,211,171,141,141,281,171,121,141,181,111~0.1.12.30~~~2~0~0~0~3~2~2~3~0|181,251,111,151,131,211,111,141,141,111,281,121,141,181,111~1.12.31~~~2~0~0~0~3~2~2~3~0|131,181,251,141,151,131,181,141,141,121,281,121,141,141,181~2.31~~~2~1~0~0~3~2~2~3~0|151,141,291,171,161,121,121,111,171,271,111,141,241,111,171~2.30.40~~~2~0~0~0~3~3~2~3~0|141,151,141,121,181,161,111,141,111,141,111,141,181,241,111~41~~~2~1~0~0~3~3~2~3~0
ORDINARY_LOSS;171,131,111,121,121,111,121,141,151,151,141,131,161,151,161~~~~0~1~0~0~0~0~1~1~0
ORDINARY_LOSS;181,151,151,161,161,151,131,131,141,281,131,1a1,151,161,111~30~~~0~1~0~0~0~0~1~1~0
FREE_SPINS;151,1a1,121,151,121,171,131,161,141,111,1a1,151,121,111,1a1~~0.3.4~~2~1~10~0~0~0~1~1~0|181,111,111,121,151,121,171,171,161,135,181,151,141,151,131~~0.3.4~~2~1~10~1~0~0~2~2~0|131,141,151,111,131,173,141,141,185,121,111,141,161,161,141~~0.3.4~~2~1~10~2~0~0~2~2~0|111,141,151,113,111,161,111,121,141,151,121,155,111,151,153~~0.3.4~~2~0~10~3~0~0~2~2~0|151,141,151,133,151,161,151,121,141,151,121,155,111,151,153~~0.3.4~~2~0~10~3~0~0~2~2~0|161,141,141,183,131,161,141,121,141,141,191,125,131,141,113~~0.3.4~~2~1~10~3~0~0~2~2~0|111,181,151,181,131,171,181,131,161,141,121,131,121,151,121~~0.3.4~~2~0~10~4~0~0~2~2~0|161,111,151,171,131,171,151,131,161,141,121,131,121,151,121~~0.3.4~~2~1~10~4~0~0~2~2~0|1510,121,131,161,131,151,151,111,141,151,131,181,111,171,291~42~0.3.4~~2~0~10~5~0~0~2~2~0|1210,121,131,161,161,131,161,111,141,171,131,181,181,111,171~~0.3.4~~2~1~10~5~0~0~2~2~0|131,111,151,171,111,121,152,161,182,161,131,171,171,141,1310~~0.3.4~~2~1~10~6~0~0~2~2~0|131,131,121,131,143,161,145,151,151,111,171,141,171,131,153~~0.3.4~~2~1~10~7~0~0~2~2~0|151,111,121,141,161,171,111,121,121,121,171,171,121,181,153~~0.3.4~~2~1~11~10~0~0~2~2~0|181,111,132,131,131,171,152,165,171,115,122,191,121,161,161~~0.3.4~~2~1~11~11~0~0~2~2~0
ORDINARY_LOSS;131,121,151,161,111,141,141,141,151,131,131,121,121,181,161~~~~0~1~0~0~0~0~1~1~0
ORDINARY_LOSS;171,111,141,131,131,121,151,161,241,151,151,181,121,131,1a1~22~~~0~1~0~0~0~0~1~1~0
ORDINARY_LOSS;111,151,111,161,141,111,171,131,121,171,111,181,131,131,181~~~~0~1~0~0~0~0~1~1~0
ORDINARY_LOSS;161,141,141,281,141,161,171,171,151,181,171,161,131,121,151~10~~~0~1~0~0~0~0~1~1~0
ORDINARY_LOSS;181,141,141,151,181,131,151,111,141,131,1a1,161,121,181,171~~~~0~1~0~0~0~0~1~1~0
ORDINARY_LOSS;111,171,171,131,121,111,161,121,141,181,161,191,131,121,151~~~~0~1~0~0~0~0~1~1~0
ORDINARY_LOSS;161,151,121,111,141,111,141,131,171,151,171,111,141,141,151~~~~0~1~0~0~0~0~1~1~0
ORDINARY_LOSS;151,141,111,121,131,121,171,131,131,161,181,151,131,141,171~~~~0~1~0~0~0~0~1~1~0
ORDINARY_LOSS;141,1a1,181,131,121,121,191,291,151,111,121,141,181,171,171~21~~~0~1~0~0~0~0~1~1~0
ORDINARY_LOSS;111,121,151,171,181,111,121,121,151,171,161,161,171,121,111~~~~0~1~0~0~0~0~1~1~0
ORDINARY_WIN;171,171,171,111,171,171,121,171,171,171,171,131,171,161,191~~~~0~0~0~0~0~0~1~1~1|181,181,161,151,181,111,111,151,121,151,181,131,131,141,161~~~~1~1~0~0~0~0~1~1~1
ORDINARY_LOSS;161,151,131,121,141,141,181,141,181,171,111,131,141,221,131~41~~~0~1~0~0~0~0~1~1~1
ORDINARY_LOSS;161,151,131,161,111,181,171,151,111,141,171,141,171,171,171~~~~0~1~0~0~0~0~1~1~1
ORDINARY_LOSS;161,121,111,181,181,171,171,161,121,131,151,171,131,181,151~~~~0~1~0~0~0~0~1~1~1
ORDINARY_LOSS;151,131,111,151,151,161,141,111,131,151,161,171,131,121,151~~~~0~1~0~0~0~0~1~1~1
ORDINARY_LOSS;111,131,121,181,121,121,111,111,151,171,161,131,161,141,171~~~~0~1~0~0~0~0~1~1~1
ORDINARY_WIN;171,121,181,171,151,111,111,181,171,181,161,141,281,131,171~40~~~0~0~0~0~0~0~1~1~1|181,121,181,121,151,111,121,111,181,181,161,141,281,131,171~40~~~1~0~0~0~0~0~1~1~1|111,181,181,111,151,111,181,111,181,181,161,141,281,131,171~40~~~1~0~0~0~0~0~1~1~1|181,181,181,181,181,151,121,181,181,181,161,141,281,131,171~40~~~1~0~0~0~0~0~1~1~1|291,181,131,141,161,151,181,111,121,181,161,141,181,131,171~0~~~1~1~0~0~0~0~1~1~1
ORDINARY_LOSS;121,171,171,161,111,151,121,171,131,151,131,181,161,131,161~~~~0~1~0~0~0~0~1~1~1
ORDINARY_LOSS;131,131,141,171,161,141,111,131,181,161,151,121,111,111,131~~~~0~1~0~0~0~0~1~1~1
ORDINARY_LOSS;121,131,121,131,181,271,161,171,171,121,141,131,111,171,141~12~~~0~1~0~0~0~0~1~1~1
ORDINARY_LOSS;161,1a1,161,151,121,151,171,181,111,121,141,111,141,151,181~~~~0~1~0~0~0~0~1~1~1
ORDINARY_LOSS;111,171,171,171,161,121,131,161,151,111,131,111,171,161,141~~~~0~1~0~0~0~0~1~1~1
ORDINARY_LOSS;121,131,121,141,161,121,141,151,171,131,111,181,111,161,181~~~~0~1~0~0~0~0~1~1~1
ORDINARY_LOSS;151,171,171,181,111,181,121,1a1,151,151,111,131,131,161,151~~~~0~1~0~0~0~0~1~1~1
ORDINARY_LOSS;151,131,181,141,131,161,161,171,151,141,111,181,131,171,171~~~~0~1~0~0~0~0~1~1~1
ORDINARY_LOSS;171,141,171,171,151,141,161,161,111,161,121,171,111,141,131~~~~0~1~0~0~0~0~1~1~1
ORDINARY_WIN;171,171,171,181,151,171,171,171,121,271,171,131,191,181,171~30~~~0~0~0~0~0~0~1~1~2|151,151,151,151,181,151,121,161,121,121,141,131,111,111,181~~~~1~1~0~0~0~0~1~1~2
ORDINARY_LOSS;141,141,151,131,111,181,171,191,141,121,151,151,131,141,141~~~~0~1~0~0~0~0~1~1~2
ORDINARY_LOSS;171,161,181,141,131,141,161,131,131,141,121,141,141,151,121~~~~0~1~0~0~0~0~1~1~2
ORDINARY_LOSS;1a1,121,141,191,141,181,151,151,151,171,191,121,141,121,111~~~~0~1~0~0~0~0~1~1~2
ORDINARY_LOSS;1a1,161,121,171,171,141,111,171,171,111,141,151,111,171,141~~~~0~1~0~0~0~0~1~1~2
ORDINARY_LOSS;171,141,161,121,131,111,171,121,141,171,171,141,171,151,151~~~~0~1~0~0~0~0~1~1~2
ORDINARY_LOSS;141,291,111,131,151,121,161,171,161,151,121,121,131,111,181~1~~~0~1~0~0~0~0~1~1~2
ORDINARY_WIN;171,171,151,171,271,161,161,171,171,151,171,171,171,161,171~11~~~0~0~0~0~0~0~1~1~2|111,141,151,171,151,161,151,141,161,151,161,151,151,131,161~~~~1~0~0~0~0~0~1~1~2|111,111,141,141,171,161,181,141,161,171,121,161,141,131,161~~~~1~0~0~0~0~0~1~1~2|161,111,111,121,171,161,151,181,161,171,121,161,141,131,161~~~~1~0~0~0~0~0~1~1~2|131,111,111,151,121,171,141,151,181,161,171,121,181,141,131~~~~1~1~0~0~0~0~1~1~2
ORDINARY_LOSS;141,151,181,131,1a1,121,161,161,161,141,161,171,171,181,111~~~~0~1~0~0~0~0~1~1~2
ORDINARY_WIN;171,181,131,171,131,131,131,191,111,181,131,171,131,171,121~~~~0~0~0~0~0~0~1~1~3|181,181,181,181,181,181,181,181,111,181,141,181,131,111,121~~~~1~0~0~0~0~0~1~1~3|161,151,151,151,121,181,171,111,111,181,161,141,131,111,121~~~~1~1~0~0~0~0~1~1~3
ORDINARY_LOSS;121,161,121,151,181,161,151,141,121,171,141,121,151,121,151~~~~0~1~0~0~0~0~1~1~3
ORDINARY_LOSS;131,111,131,151,181,171,151,171,121,121,121,121,141,121,111~~~~0~1~0~0~0~0~1~1~3
ORDINARY_LOSS;111,171,141,171,151,161,121,121,181,181,181,121,181,151,181~~~~0~1~0~0~0~0~1~1~3
ORDINARY_LOSS;141,181,121,171,171,131,141,151,161,181,141,141,181,171,111~~~~0~1~0~0~0~0~1~1~3
ORDINARY_WIN;171,181,131,171,131,131,131,191,111,181,131,171,131,171,121~~~~0~0~0~0~0~0~1~1~4|181,181,181,181,181,181,181,181,111,181,141,181,131,111,121~~~~1~0~0~0~0~0~1~1~4|161,151,151,151,121,181,171,111,111,181,161,141,131,111,121~~~~1~1~0~0~0~0~1~1~4
ORDINARY_LOSS;111,161,111,111,141,181,161,131,171,1a1,111,161,161,141,141~~~~0~1~0~0~0~0~1~1~4
ORDINARY_LOSS;1a1,151,181,111,171,151,131,131,141,171,111,121,131,121,141~~~~0~1~0~0~0~0~1~1~4
ORDINARY_LOSS;111,151,181,161,1a1,151,141,171,181,111,181,131,141,151,121~~~~0~1~0~0~0~0~1~1~4
ORDINARY_LOSS;121,151,181,161,131,171,181,121,161,161,141,181,171,171,131~~~~0~1~0~0~0~0~1~1~4
FREE_SPINS;141,111,1a1,171,171,121,171,1a1,141,1a1,151,131,111,131,111~~0.2.3~~2~1~10~0~0~0~1~1~4|141,121,121,151,111,141,163,152,112,113,191,161,142,121,131~~0.2.3~~2~1~10~1~0~0~2~2~4|111,121,141,121,141,121,131,145,162,131,163,172,121,193,131~~0.2.3~~2~0~10~2~0~0~2~2~4|131,111,121,161,121,121,131,135,162,131,163,172,121,193,131~~0.2.3~~2~1~10~2~0~0~2~2~4|171,131,185,151,115,151,161,131,111,131,162,171,141,171,151~~0.2.3~~2~1~10~3~0~0~2~2~4|141,111,171,125,111,111,121,181,123,161,161,131,131,181,131~~0.2.3~~2~1~10~4~0~0~2~2~4|171,121,112,151,111,111,171,141,171,111,141,141,181,191,181~~0.2.3~~2~1~10~5~0~0~2~2~4|171,111,171,171,171,181,111,161,161,151,131,171,141,111,121~~0.2.3~6-1.14-1~2~1~12~6~0~0~2~2~4|111,141,141,173,181,171,162,133,131,131,171,181,173,132,171~~0.2.3~~2~1~12~7~0~0~2~2~4|131,161,183,141,161,131,161,171,165,161,153,181,161,131,141~~0.2.3~~2~0~12~8~0~0~2~2~4|111,131,183,141,141,131,151,151,175,171,153,181,181,131,141~~0.2.3~~2~1~12~8~0~0~2~2~4|131,151,171,161,131,112,171,111,175,181,173,131,171,161,161~~0.2.3~~2~1~12~9~0~0~2~2~4|171,165,141,121,161,181,161,291,161,171,165,132,141,191,161~21~0.2.3~~2~0~12~10~0~0~2~2~4|121,175,141,121,121,181,181,161,161,171,175,132,161,181,141~~0.2.3~~2~1~12~10~0~0~2~2~4|171,141,141,181,133,131,171,121,131,131,163,161,183,171,171~~0.2.3~~2~1~12~11~0~0~2~2~4|153,141,121,171,141,171,175,152,181,161,181,125,131,131,151~~0.2.3~~2~1~12~12~0~0~2~2~4
ORDINARY_LOSS;121,151,151,131,181,161,161,141,161,151,181,1a1,171,161,161~~~~0~1~0~0~0~0~1~1~4
ORDINARY_LOSS;161,111,141,121,181,181,131,181,111,131,161,161,161,131,131~~~~0~1~0~0~0~0~1~1~4
ORDINARY_LOSS;161,171,151,1a1,181,161,181,111,151,111,171,141,111,111,181~~~~0~1~0~0~0~0~1~1~4
ORDINARY_WIN;181,181,181,181,121,171,181,171,191,181,121,181,181,181,151~~~~0~0~0~0~0~0~1~1~5|181,151,181,151,121,171,131,151,171,181,171,121,131,161,151~~~~1~0~0~0~0~0~1~1~5|171,181,181,141,121,171,141,131,171,181,171,121,131,161,151~~~~1~0~0~0~0~0~1~1~5|131,181,181,161,141,121,171,141,131,131,181,121,131,161,151~~~~1~1~0~0~0~0~1~1~5
ORDINARY_LOSS;141,121,171,161,131,131,131,171,131,1a1,111,171,111,111,131~~~~0~1~0~0~0~0~1~1~5
ORDINARY_LOSS;181,141,171,151,151,121,181,121,131,161,131,131,161,191,171~~~~0~1~0~0~0~0~1~1~5
ORDINARY_LOSS;181,161,161,141,141,141,121,131,141,121,131,151,181,111,181~~~~0~1~0~0~0~0~1~1~5
ORDINARY_LOSS;181,121,141,131,131,171,171,181,111,161,161,131,151,151,161~~~~0~1~0~0~0~0~1~1~0
ORDINARY_WIN;181,181,161,181,141,151,181,181,131,181,181,181,131,181,181~~~~0~0~0~0~0~0~1~1~0|141,131,161,161,141,151,181,171,131,121,181,141,111,181,131~~~~1~1~0~0~0~0~1~1~0
ORDINARY_LOSS;141,161,171,111,181,121,161,1a1,141,141,181,131,181,131,151~~~~0~1~0~0~0~0~1~1~0
ORDINARY_LOSS;131,151,171,111,121,141,181,181,181,181,181,121,131,121,111~~~~0~1~0~0~0~0~1~1~0
ORDINARY_LOSS;131,131,161,151,171,141,171,111,141,111,151,181,131,131,231~42~~~0~1~0~0~0~0~1~1~0
ORDINARY_LOSS;111,171,161,111,151,121,161,141,171,121,111,111,161,141,121~~~~0~1~0~0~0~0~1~1~0
ORDINARY_LOSS;131,161,151,111,121,171,181,181,171,161,181,141,141,171,131~~~~0~1~0~0~0~0~1~1~1
ORDINARY_LOSS;171,131,131,141,151,181,161,151,181,121,111,171,121,151,171~~~~0~1~0~0~0~0~1~1~1
ORDINARY_WIN;181,171,171,171,171,171,171,151,171,171,161,171,171,171,161~~~~0~0~0~0~0~0~1~1~1|161,171,181,121,151,131,161,131,151,141,141,161,121,171,161~~~~1~1~0~0~0~0~1~1~1
ORDINARY_LOSS;171,141,121,161,111,161,151,111,181,141,161,131,121,171,1a1~~~~0~1~0~0~0~0~1~1~1
ORDINARY_WIN;181,141,181,181,281,121,181,181,181,181,131,171,181,151,191~11~~~0~0~0~0~0~0~1~1~2|161,131,141,111,171,121,121,131,181,141,131,171,181,111,151~~~~1~1~0~0~0~0~1~1~2
ORDINARY_LOSS;151,161,171,111,131,131,141,121,181,121,111,151,151,151,161~~~~0~1~0~0~0~0~1~1~2
ORDINARY_LOSS;141,111,111,111,131,171,181,181,181,121,151,131,151,161,161~~~~0~1~0~0~0~0~1~1~2
ORDINARY_LOSS;161,181,171,161,131,161,111,151,181,181,151,131,171,171,111~~~~0~1~0~0~0~0~1~1~2
ORDINARY_LOSS;171,131,121,151,1a1,111,171,111,121,111,111,171,181,181,121~~~~0~1~0~0~0~0~1~1~2
ORDINARY_LOSS;111,131,141,161,171,171,131,111,111,181,181,171,181,121,121~~~~0~1~0~0~0~0~1~1~2
ORDINARY_WIN;121,181,131,151,141,121,141,121,111,181,181,181,181,181,171~~~~0~0~0~0~0~0~1~1~2|141,181,131,181,151,141,111,141,111,181,181,181,181,181,171~~~~1~0~0~0~0~0~1~1~2|181,181,131,181,181,151,181,111,111,181,181,181,181,181,171~~~~1~0~0~0~0~0~1~1~2|131,111,131,181,171,151,181,111,111,151,111,181,151,261,171~41~~~1~1~0~0~0~0~1~1~2
ORDINARY_LOSS;121,151,191,151,111,141,131,131,131,131,181,161,161,131,161~~~~0~1~0~0~0~0~1~1~2
ORDINARY_WIN;171,181,181,281,151,131,171,181,181,181,181,161,181,191,111~10~~~0~0~0~0~0~0~1~1~3|161,181,171,171,131,131,131,181,171,181,141,161,121,161,111~~~~1~0~0~0~0~0~1~1~3|151,161,181,171,131,131,181,131,181,181,141,161,121,161,111~~~~1~1~0~0~0~0~1~1~3
ORDINARY_LOSS;161,151,131,121,141,161,121,141,121,111,111,181,181,171,141~~~~0~1~0~0~0~0~1~1~3
ORDINARY_LOSS;181,131,1a1,181,151,161,131,171,131,111,151,181,111,131,151~~~~0~1~0~0~0~0~1~1~3
ORDINARY_LOSS;171,1a1,151,121,111,181,131,131,181,141,181,171,151,171,181~~~~0~1~0~0~0~0~1~1~3
ORDINARY_LOSS;151,131,121,131,161,161,111,171,151,121,171,1a1,141,151,181~~~~0~1~0~0~0~0~1~1~3
ORDINARY_LOSS;161,151,161,131,151,141,161,141,131,171,121,121,161,191,161~~~~0~1~0~0~0~0~1~1~3
ORDINARY_LOSS;121,141,121,111,151,111,121,151,171,141,151,141,141,171,111~~~~0~1~0~0~0~0~1~1~3
ORDINARY_WIN;181,181,181,181,121,171,181,171,191,181,121,181,181,181,151~~~~0~0~0~0~0~0~1~1~4|181,151,181,151,121,171,131,151,171,181,171,121,131,161,151~~~~1~0~0~0~0~0~1~1~4|171,181,181,141,121,171,141,131,171,181,171,121,131,161,151~~~~1~0~0~0~0~0~1~1~4|131,181,181,161,141,121,171,141,131,131,181,121,131,161,151~~~~1~1~0~0~0~0~1~1~4
ORDINARY_LOSS;211,151,181,171,121,161,161,141,111,181,111,131,131,161,1a1~0~~~0~1~0~0~0~0~1~1~4
ORDINARY_WIN;171,181,131,171,131,131,131,191,111,181,131,171,131,171,121~~~~0~0~0~0~0~0~1~1~5|181,181,181,181,181,181,181,181,111,181,141,181,131,111,121~~~~1~0~0~0~0~0~1~1~5|161,151,151,151,121,181,171,111,111,181,161,141,131,111,121~~~~1~1~0~0~0~0~1~1~5
ORDINARY_LOSS;111,151,151,181,151,121,111,131,181,121,1a1,111,171,161,111~~~~0~1~0~0~0~0~1~1~5
ORDINARY_WIN;181,181,171,281,151,181,181,161,181,131,181,181,181,151,151~10~~~0~0~0~0~0~0~1~1~5|151,141,171,131,111,151,181,151,161,171,121,131,171,151,151~~~~1~0~0~0~0~0~1~1~5|131,141,171,151,131,111,171,181,161,171,121,131,171,151,151~~~~1~1~0~0~0~0~1~1~5
ORDINARY_LOSS;161,171,181,131,171,111,181,1a1,161,141,151,181,121,161,161~~~~0~1~0~0~0~0~1~1~5
ORDINARY_LOSS;261,131,151,181,111,121,181,121,121,151,181,141,161,171,151~0~~~0~1~0~0~0~0~1~1~5
ORDINARY_LOSS;111,121,181,111,151,151,141,121,151,111,111,131,151,171,121~~~~0~1~0~0~0~0~1~1~5
ORDINARY_LOSS;131,151,161,141,131,131,161,111,141,151,161,181,1a1,141,131~~~~0~1~0~0~0~0~1~1~5
ORDINARY_LOSS;151,141,141,161,121,181,141,121,131,181,141,121,161,151,161~~~~0~1~0~0~0~0~1~1~5
ORDINARY_LOSS;141,141,171,161,161,121,131,171,121,151,181,111,161,151,141~~~~0~1~0~0~0~0~1~1~5
ORDINARY_LOSS;171,161,151,161,141,181,121,131,141,151,131,131,151,141,131~~~~0~1~0~0~0~0~1~1~5
ORDINARY_WIN;281,281,181,141,181,181,181,181,111,131,181,131,161,121,181~0.1~~~0~0~0~0~0~0~1~1~5|131,131,171,111,171,141,111,161,111,161,131,131,161,161,121~~~~1~1~0~0~0~0~1~1~5
ORDINARY_LOSS;161,121,151,171,141,141,141,141,111,131,171,171,111,141,161~~~~0~1~0~0~0~0~1~1~5
ORDINARY_LOSS;111,171,141,181,151,141,171,171,131,151,131,131,161,111,171~~~~0~1~0~0~0~0~1~1~5
ORDINARY_LOSS;151,151,141,121,1a1,111,131,181,181,161,121,111,141,151,141~~~~0~1~0~0~0~0~1~1~5
ORDINARY_LOSS;121,131,151,191,171,131,161,181,181,151,161,121,131,131,171~~~~0~1~0~0~0~0~1~1~5
ORDINARY_LOSS;151,141,151,111,171,131,131,181,171,141,161,151,111,121,121~~~~0~1~0~0~0~0~1~1~5
ORDINARY_LOSS;141,111,141,111,111,111,171,141,161,151,111,151,141,111,141~~~~0~1~0~0~0~0~1~1~5
ORDINARY_LOSS;111,161,151,121,151,1a1,141,171,181,131,151,161,181,151,161~~~~0~1~0~0~0~0~1~1~5
ORDINARY_LOSS;121,141,181,131,111,121,181,141,151,181,141,131,171,151,141~~~~0~1~0~0~0~0~1~1~5
FREE_SPINS;111,151,1a1,151,121,121,1a1,111,161,151,171,121,121,1a1,161~~0.2.4~~2~1~10~0~0~0~1~1~5|131,181,141,171,161,141,161,111,171,141,141,121,133,161,111~~0.2.4~9-3~2~1~13~1~0~0~2~2~5|131,152,153,131,121,171,121,131,131,151,181,121,121,161,141~~0.2.4~~2~0~13~2~0~0~2~2~5|171,152,153,171,121,171,111,161,121,151,181,121,121,161,141~~0.2.4~~2~1~13~2~0~0~2~2~5|131,141,161,111,141,141,121,151,121,121,131,121,111,121,181~~0.2.4~~2~1~13~3~0~0~2~2~5|181,111,141,111,161,171,181,151,181,121,121,171,123,141,141~~0.2.4~3-1~2~1~14~4~0~0~2~2~5|111,141,111,251,181,173,161,122,131,151,151,131,131,135,181~10~0.2.4~~2~1~14~5~0~0~2~2~5|171,131,181,131,151,181,111,131,151,131,171,141,181,131,121~~0.2.4~~2~0~14~6~0~0~2~2~5|151,171,181,151,151,181,181,111,151,171,171,141,171,181,121~~0.2.4~~2~0~14~6~0~0~2~2~5|161,171,171,181,181,131,181,171,111,171,171,141,171,181,121~~0.2.4~~2~1~14~6~0~0~2~2~5|161,111,181,151,131,161,181,131,181,151,181,181,131,141,121~~0.2.4~1-1.3-2~2~1~17~7~0~0~2~2~5|161,141,121,131,171,161,151,171,172,151,141,182,181,151,171~~0.2.4~~2~1~17~8~0~0~2~2~5|151,182,111,131,181,182,181,151,131,181,161,181,171,111,131~~0.2.4~~2~0~17~9~0~0~2~2~5|131,152,111,131,141,132,171,151,131,111,181,161,171,111,131~~0.2.4~~2~0~17~9~0~0~2~2~5|121,152,111,141,121,142,131,171,151,111,181,161,171,111,131~~0.2.4~~2~1~17~9~0~0~2~2~5|261,181,111,111,191,141,261,133,128,171,141,131,161,182,161~0.20~0.2.4~~2~0~17~10~0~0~2~2~5|111,181,111,161,111,141,111,133,128,171,141,131,161,182,161~~0.2.4~~2~0~17~10~0~0~2~2~5|151,171,181,181,161,141,131,133,128,171,141,131,161,182,161~~0.2.4~~2~1~17~10~0~0~2~2~5|181,121,131,171,188,171,151,125,161,121,181,131,141,121,181~~0.2.4~~2~1~17~11~0~0~2~2~5|181,111,181,141,161,191,151,141,131,111,131,171,141,121,111~~0.2.4~~2~1~17~12~0~0~2~2~5|181,181,121,111,171,151,171,112,121,111,111,151,161,121,121~~0.2.4~11-1~2~1~18~13~0~0~2~2~5|141,131,161,171,111,171,151,131,151,151,161,151,171,131,131~~0.2.4~~2~1~18~14~0~0~2~2~5|141,141,181,151,155,171,112,122,181,121,121,161,181,141,122~~0.2.4~~2~1~18~15~0~0~2~2~5|171,161,181,191,161,151,121,131,181,141,141,171,151,181,181~~0.2.4~~2~0~18~16~0~0~2~2~5|121,171,161,181,161,151,141,121,131,141,141,171,151,181,181~~0.2.4~~2~1~18~16~0~0~2~2~5|161,111,171,111,181,171,162,141,151,153,133,151,151,171,161~~0.2.4~~2~1~18~17~0~0~2~2~5|171,121,181,171,152,131,111,175,295,181,171,171,181,161,171~22~0.2.4~~2~0~18~18~0~0~2~2~5|151,121,181,181,152,131,131,155,115,161,151,181,111,181,161~~0.2.4~~2~0~18~18~0~0~2~2~5|141,121,181,151,182,131,111,135,115,131,161,181,111,181,161~~0.2.4~~2~1~18~18~0~0~2~2~5
ORDINARY_LOSS;121,121,161,171,211,121,151,181,161,171,131,111,171,111,181~11~~~0~1~0~0~0~0~1~1~5
ORDINARY_LOSS;141,121,121,161,171,181,141,161,111,141,121,141,181,141,121~~~~0~1~0~0~0~0~1~1~5
ORDINARY_LOSS;131,141,141,161,181,171,111,181,171,181,141,161,121,171,151~~~~0~1~0~0~0~0~1~1~5
ORDINARY_LOSS;111,161,161,161,181,1a1,151,121,111,171,141,141,111,181,111~~~~0~1~0~0~0~0~1~1~5
ORDINARY_LOSS;171,111,121,171,131,131,151,131,131,111,121,151,181,111,111~~~~0~1~0~0~0~0~1~1~5
ORDINARY_LOSS;111,161,181,111,111,141,171,171,161,121,171,141,1a1,151,111~~~~0~1~0~0~0~0~1~1~5
ORDINARY_LOSS;111,171,191,161,181,161,131,151,141,171,181,181,161,131,121~~~~0~1~0~0~0~0~1~1~5
ORDINARY_LOSS;131,121,181,141,151,131,121,181,181,131,251,151,121,181,121~31~~~0~1~0~0~0~0~1~1~5
ORDINARY_LOSS;141,161,161,111,111,111,171,181,171,161,111,111,181,141,111~~~~0~1~0~0~0~0~1~1~5
ORDINARY_LOSS;141,141,171,141,171,141,181,111,151,171,131,161,151,161,111~~~~0~1~0~0~0~0~1~1~5
ORDINARY_LOSS;131,181,121,161,141,161,161,121,161,1a1,121,121,131,181,121~~~~0~1~0~0~0~0~1~1~5
ORDINARY_LOSS;111,111,111,141,181,161,131,121,111,171,161,161,141,141,171~~~~0~1~0~0~0~0~1~1~5
ORDINARY_LOSS;111,111,181,131,171,161,171,121,171,141,1a1,121,121,161,131~~~~0~1~0~0~0~0~1~1~5
ORDINARY_LOSS;161,171,121,111,171,151,161,111,141,151,111,121,121,151,121~~~~0~1~0~0~0~0~1~1~5
ORDINARY_LOSS;111,131,131,141,151,1a1,161,161,161,181,131,151,171,141,111~~~~0~1~0~0~0~0~1~1~5
ORDINARY_LOSS;161,151,161,131,131,111,171,161,121,151,121,141,141,161,141~~~~0~1~0~0~0~0~1~1~5
ORDINARY_LOSS;111,161,161,121,111,121,131,131,161,1a1,151,141,181,111,121~~~~0~1~0~0~0~0~1~1~5
ORDINARY_LOSS;131,161,141,1a1,151,131,141,151,121,111,141,141,161,161,121~~~~0~1~0~0~0~0~1~1~5
ORDINARY_LOSS;161,151,131,181,121,121,171,111,141,161,141,121,111,121,141~~~~0~1~0~0~0~0~1~1~5
ORDINARY_LOSS;181,181,131,161,171,181,1a1,121,131,161,171,121,161,141,121~~~~0~1~0~0~0~0~1~1~5
ORDINARY_LOSS;171,111,161,181,121,231,121,121,111,151,151,121,131,181,121~12~~~0~1~0~0~0~0~1~1~5
ORDINARY_WIN;181,181,171,161,181,181,181,181,171,181,151,181,181,161,181~~~~0~0~0~0~0~0~1~1~5|121,181,171,121,131,161,161,111,171,141,171,151,181,111,161~~~~1~1~0~0~0~0~1~1~5
ORDINARY_LOSS;161,181,131,141,111,151,141,181,111,131,131,171,171,181,111~~~~0~1~0~0~0~0~1~1~5
ORDINARY_LOSS;131,141,161,181,151,151,121,151,181,151,161,171,181,131,181~~~~0~1~0~0~0~0~1~1~5
ORDINARY_LOSS;121,161,151,131,141,151,141,171,131,131,141,171,111,121,171~~~~0~1~0~0~0~0~1~1~5
WILD_VORTEX;181,191,111,121,161,181,171,121,151,111,171,121,131,161,161~~~~0~0~0~0~0~0~1~1~6|191,181,111,131,161,181,121,171,151,161,111,171,131,161,161~~~~2~1~0~0~3~0~1~1~0|121,291,111,181,181,111,291,111,151,291,121,171,181,291,121~1.20.30.41~~~2~0~0~0~3~1~2~3~0|131,181,121,161,131,111,151,111,151,111,121,171,141,171,121~~~~2~1~0~0~3~1~2~3~0|181,121,131,291,171,131,181,131,281,171,181,121,111,131,281~10.22.42~~~2~0~0~0~3~2~2~3~0|111,141,121,111,171,171,181,131,161,171,171,121,111,111,131~~~~2~1~0~0~3~2~2~3~0|141,151,171,121,181,161,141,291,181,251,291,151,121,151,281~21.30.31.42~~~2~1~0~0~3~3~2~3~0
ORDINARY_LOSS;111,171,131,151,111,1a1,171,151,171,121,121,171,181,181,141~~~~0~1~0~0~0~0~1~1~0
ORDINARY_WIN;181,131,181,181,161,181,111,171,181,181,191,181,181,111,181~~~~0~0~0~0~0~0~1~1~1|151,151,131,161,161,161,131,111,171,161,171,151,151,121,111~~~~1~1~0~0~0~0~1~1~1
ORDINARY_LOSS;181,111,171,141,161,141,121,131,121,181,141,121,131,141,121~~~~0~1~0~0~0~0~1~1~1
ORDINARY_LOSS;171,131,111,151,171,141,161,141,111,171,121,181,171,121,151~~~~0~1~0~0~0~0~1~1~1
ORDINARY_LOSS;131,161,141,161,131,151,1a1,181,121,181,171,111,161,111,161~~~~0~1~0~0~0~0~1~1~1
ORDINARY_LOSS;111,131,111,171,151,171,131,171,141,151,181,141,131,181,121~~~~0~1~0~0~0~0~1~1~1
ORDINARY_LOSS;111,161,121,161,151,141,131,171,171,151,121,111,161,141,121~~~~0~1~0~0~0~0~1~1~1
ORDINARY_LOSS;111,121,161,141,1a1,131,161,131,161,141,151,131,121,141,181~~~~0~1~0~0~0~0~1~1~1
ORDINARY_LOSS;171,131,131,111,151,131,141,1a1,181,111,181,141,171,131,141~~~~0~1~0~0~0~0~1~1~1
ORDINARY_LOSS;171,141,161,131,131,131,121,181,131,151,151,151,111,151,111~~~~0~1~0~0~0~0~1~1~1
ORDINARY_LOSS;181,161,151,141,161,181,171,141,171,121,121,131,191,111,221~42~~~0~1~0~0~0~0~1~1~1
ORDINARY_WIN;181,131,181,171,181,141,181,111,181,121,181,181,181,181,181~~~~0~0~0~0~0~0~1~1~1|171,151,131,181,171,141,171,151,111,181,131,121,141,151,121~~~~1~0~0~0~0~0~1~1~1|171,151,131,131,181,141,181,151,111,181,131,121,141,151,121~~~~1~1~0~0~0~0~1~1~1
ORDINARY_LOSS;111,1a1,111,131,151,171,151,161,121,111,151,111,111,131,111~~~~0~1~0~0~0~0~1~1~1
ORDINARY_LOSS;171,121,131,141,111,131,171,111,111,141,141,181,171,111,141~~~~0~1~0~0~0~0~1~1~1
ORDINARY_LOSS;141,161,121,151,131,181,161,141,171,131,151,161,181,121,111~~~~0~1~0~0~0~0~1~1~1
ORDINARY_LOSS;161,151,171,141,131,131,181,141,111,171,121,1a1,171,151,121~~~~0~1~0~0~0~0~1~1~1
ORDINARY_LOSS;121,121,171,121,111,161,131,111,111,111,121,151,141,141,181~~~~0~1~0~0~0~0~1~1~1
ORDINARY_LOSS;131,111,121,151,1a1,121,131,281,181,141,151,181,141,141,151~21~~~0~1~0~0~0~0~1~1~1
ORDINARY_LOSS;131,141,111,151,141,181,181,111,1a1,111,111,121,111,171,161~~~~0~1~0~0~0~0~1~1~1
ORDINARY_LOSS;111,141,121,131,181,111,121,171,121,151,121,121,171,161,111~~~~0~1~0~0~0~0~1~1~1
ORDINARY_LOSS;161,141,121,151,121,181,171,141,131,151,161,151,171,1a1,151~~~~0~1~0~0~0~0~1~1~1
ORDINARY_WIN;181,181,181,111,171,181,181,181,111,1a1,121,281,181,181,151~32~~~0~0~0~0~0~0~1~1~1|121,171,141,171,111,171,141,141,111,181,1a1,121,181,171,151~~~~1~1~0~0~0~0~1~1~1
ORDINARY_LOSS;161,121,181,141,171,151,111,181,151,161,171,1a1,131,141,161~~~~0~1~0~0~0~0~1~1~1
ORDINARY_LOSS;111,251,161,181,181,141,131,141,161,181,171,181,161,131,111~1~~~0~1~0~0~0~0~1~1~1
ORDINARY_LOSS;141,111,111,181,141,141,111,121,121,181,121,151,121,121,171~~~~0~1~0~0~0~0~1~1~1
ORDINARY_LOSS;131,111,171,181,141,151,141,131,121,191,141,151,181,171,181~~~~0~1~0~0~0~0~1~1~1
ORDINARY_LOSS;171,141,121,111,121,141,171,171,111,141,181,161,181,181,181~~~~0~1~0~0~0~0~1~1~1
ORDINARY_LOSS;131,161,191,161,111,131,121,141,151,151,191,181,141,121,121~~~~0~1~0~0~0~0~1~1~1
ORDINARY_LOSS;141,141,141,131,131,151,181,131,111,161,171,141,141,131,111~~~~0~1~0~0~0~0~1~1~1
ORDINARY_LOSS;181,131,181,111,141,151,181,181,131,181,111,111,181,111,131~~~~0~1~0~0~0~0~1~1~1
ORDINARY_WIN;161,161,161,121,171,161,161,111,171,161,171,171,171,171,171~~~~0~0~0~0~0~0~1~1~1|171,171,121,191,121,171,111,111,171,171,171,171,171,171,171~~~~1~0~0~0~0~0~1~1~2|141,141,121,151,141,121,131,111,111,181,121,161,191,151,111~~~~1~1~0~0~0~0~1~1~2
ORDINARY_LOSS;111,131,161,181,111,121,131,121,131,151,141,141,111,181,151~~~~0~1~0~0~0~0~1~1~2
ORDINARY_LOSS;1a1,121,161,131,161,131,111,181,141,171,111,171,171,141,171~~~~0~1~0~0~0~0~1~1~2
ORDINARY_LOSS;111,141,131,151,1a1,181,151,151,121,181,181,111,141,151,111~~~~0~1~0~0~0~0~1~1~2
ORDINARY_WIN;131,181,181,181,151,181,181,181,181,181,181,111,181,131,151~~~~0~0~0~0~0~0~1~1~2|181,121,131,171,161,151,111,181,121,171,151,111,161,131,151~~~~1~1~0~0~0~0~1~1~2
ORDINARY_LOSS;151,121,161,171,151,131,161,121,141,121,161,121,171,141,181~~~~0~1~0~0~0~0~1~1~2
ORDINARY_LOSS;151,181,181,171,111,131,121,181,151,181,121,161,181,181,131~~~~0~1~0~0~0~0~1~1~2
ORDINARY_LOSS;181,121,131,151,141,171,131,171,151,161,151,161,171,191,121~~~~0~1~0~0~0~0~1~1~2
ORDINARY_WIN;181,181,181,121,181,181,181,111,161,171,181,181,121,181,181~~~~0~0~0~0~0~0~1~1~2|121,171,161,131,161,121,151,111,161,181,141,171,151,141,121~~~~1~0~0~0~0~0~1~1~2|141,121,171,121,131,121,111,151,111,181,141,171,151,141,121~~~~1~1~0~0~0~0~1~1~2
ORDINARY_LOSS;161,181,161,151,141,131,131,161,131,151,161,121,111,181,161~~~~0~1~0~0~0~0~1~1~2
ORDINARY_WIN;181,161,191,181,181,181,181,161,181,141,111,181,181,271,181~41~~~0~0~0~0~0~0~1~1~3|151,181,161,141,161,141,131,171,161,151,141,111,161,171,271~42~~~1~0~0~0~0~0~1~1~3|141,151,181,141,141,141,121,131,171,151,141,111,161,171,271~42~~~1~1~0~0~0~0~1~1~3
ORDINARY_LOSS;141,171,171,111,131,181,111,181,171,151,161,171,151,141,141~~~~0~1~0~0~0~0~1~1~3
ORDINARY_LOSS;181,171,141,161,161,111,151,111,111,161,1a1,151,111,151,141~~~~0~1~0~0~0~0~1~1~3
ORDINARY_LOSS;151,181,271,171,161,161,151,181,181,171,181,131,141,141,181~2~~~0~1~0~0~0~0~1~1~3
ORDINARY_LOSS;161,131,111,171,141,151,151,161,111,181,121,131,131,151,161~~~~0~1~0~0~0~0~1~1~3
ORDINARY_LOSS;131,1a1,151,151,171,111,181,141,161,111,111,161,141,181,291~42~~~0~1~0~0~0~0~1~1~3
ORDINARY_LOSS;161,181,171,141,131,171,121,131,111,171,111,121,181,181,131~~~~0~1~0~0~0~0~1~1~3
ORDINARY_LOSS;141,1a1,131,171,171,171,111,141,121,171,171,171,141,111,141~~~~0~1~0~0~0~0~1~1~3
ORDINARY_LOSS;141,141,171,111,131,141,131,131,111,181,181,131,181,271,111~41~~~0~1~0~0~0~0~1~1~3
ORDINARY_LOSS;131,141,141,171,111,121,181,151,151,151,171,161,111,151,151~~~~0~1~0~0~0~0~1~1~3
ORDINARY_WIN;181,171,171,171,171,171,171,151,171,171,161,171,171,171,161~~~~0~0~0~0~0~0~1~1~3|161,171,181,121,151,131,161,131,151,141,141,161,121,171,161~~~~1~1~0~0~0~0~1~1~3
ORDINARY_LOSS;121,161,111,141,131,111,151,151,121,121,131,171,111,171,141~~~~0~1~0~0~0~0~1~1~3
ORDINARY_LOSS;131,141,161,131,141,141,111,181,121,141,131,121,181,161,121~~~~0~1~0~0~0~0~1~1~3
ORDINARY_LOSS;111,111,171,171,111,141,181,131,121,161,181,121,131,181,191~~~~0~1~0~0~0~0~1~1~3
ORDINARY_LOSS;161,161,141,121,171,121,181,131,1a1,131,141,131,161,141,181~~~~0~1~0~0~0~0~1~1~3
ORDINARY_LOSS;171,181,161,141,121,111,111,131,151,161,1a1,161,111,161,111~~~~0~1~0~0~0~0~1~1~3
ORDINARY_LOSS;151,111,181,121,171,161,111,171,161,121,171,181,1a1,151,131~~~~0~1~0~0~0~0~1~1~3
ORDINARY_LOSS;161,121,1a1,171,171,181,121,181,151,161,141,141,171,181,171~~~~0~1~0~0~0~0~1~1~3
FREE_SPINS;151,131,1a1,141,131,131,161,1a1,121,171,111,161,181,181,1a1~~0.2.4~~2~1~10~0~0~0~1~1~3|151,161,121,175,182,151,121,121,181,141,131,131,121,151,171~~0.2.4~1-2.13-2~2~1~14~1~0~0~2~2~3|132,112,121,141,141,131,161,145,111,141,173,131,141,171,135~~0.2.4~~2~1~14~2~0~0~2~2~3|121,111,171,121,121,161,131,141,151,181,111,182,121,171,111~~0.2.4~9-3~2~1~17~3~0~0~2~2~3|131,131,181,171,141,141,155,141,121,171,141,121,141,141,151~~0.2.4~~2~1~17~4~0~0~2~2~3|181,181,111,121,181,181,141,121,121,161,111,161,161,111,141~~0.2.4~~2~1~17~5~0~0~2~2~3|161,161,151,131,151,141,141,181,141,111,161,171,121,151,121~~0.2.4~4-2~2~1~19~6~0~0~2~2~3|121,111,132,121,181,183,181,123,111,151,122,161,141,151,132~~0.2.4~~2~0~19~7~0~0~2~2~3|171,111,132,151,181,183,181,183,111,141,152,161,141,151,132~~0.2.4~~2~1~19~7~0~0~2~2~3|141,151,121,121,181,185,111,171,131,121,161,111,121,151,151~~0.2.4~~2~1~19~8~0~0~2~2~3|121,141,131,161,161,131,182,121,131,141,153,183,111,141,181~~0.2.4~~2~0~19~9~0~0~2~2~3|161,121,141,141,161,161,152,181,121,141,153,183,111,141,181~~0.2.4~~2~1~19~9~0~0~2~2~3|121,181,143,181,141,161,181,171,181,1810,181,151,171,181,131~~0.2.4~~2~0~19~10~0~0~2~2~3|131,121,143,171,141,161,161,291,171,1510,151,151,151,171,131~21~0.2.4~~2~0~19~10~0~0~2~2~3|151,131,123,171,171,161,181,161,171,1510,151,151,151,171,131~~0.2.4~~2~1~19~10~0~0~2~2~3|151,141,292,151,173,171,111,161,171,141,111,141,181,121,141~2~0.2.4~8-5.10-2~2~0~26~11~0~0~2~2~3|151,151,142,111,133,151,241,111,161,141,111,141,181,121,141~20~0.2.4~~2~1~26~11~0~0~2~2~3|171,161,121,153,121,161,181,171,293,171,131,151,191,121,121~22~0.2.4~~2~0~26~12~0~0~2~2~3|181,131,171,113,161,151,131,181,173,171,131,151,191,121,121~~0.2.4~~2~1~26~12~0~0~2~2~3|111,163,131,161,152,141,171,171,121,182,168,151,161,171,161~~0.2.4~~2~1~26~13~0~0~2~2~3|131,141,181,131,161,141,181,181,161,121,121,153,111,291,141~41~0.2.4~~2~1~26~14~0~0~2~2~3|121,121,181,121,131,141,161,161,121,151,111,121,131,121,161~~0.2.4~~2~0~26~15~0~0~2~2~3|171,141,181,121,131,141,161,161,161,151,151,111,131,131,161~~0.2.4~~2~1~26~15~0~0~2~2~3|141,171,151,181,153,112,111,231,111,111,171,175,161,121,171~21~0.2.4~~2~1~26~16~0~0~2~2~3|161,171,111,121,131,141,141,121,131,141,151,171,131,161,171~~0.2.4~~2~1~26~17~0~0~2~2~3|111,171,111,161,171,151,141,141,181,141,151,131,141,181,161~~0.2.4~~2~1~26~18~0~0~2~2~3|141,151,171,153,151,121,171,121,161,171,161,111,141,141,141~~0.2.4~~2~1~26~19~0~0~2~2~3|131,151,131,141,131,181,151,171,161,171,131,121,161,121,181~~0.2.4~~2~1~26~20~0~0~2~2~3|131,171,121,171,141,131,171,111,121,121,121,121,121,121,171~~0.2.4~~2~0~26~21~0~0~2~2~3|181,131,121,111,141,131,131,111,121,121,121,121,121,121,171~~0.2.4~~2~0~26~21~0~0~2~2~3|151,181,121,151,111,141,141,111,121,121,121,121,121,121,171~~0.2.4~~2~1~26~21~0~0~2~2~3|111,151,111,185,118,171,182,161,111,153,152,131,191,171,141~~0.2.4~~2~0~26~22~0~0~2~2~3|151,151,151,145,188,171,172,181,161,153,152,131,191,171,141~~0.2.4~~2~1~26~22~0~0~2~2~3|141,111,123,121,161,131,175,151,162,171,151,161,181,161,121~~0.2.4~~2~1~26~23~0~0~2~2~3|165,111,113,173,131,131,141,171,145,131,121,161,132,131,161~~0.2.4~~2~1~26~24~0~0~2~2~3|171,111,161,181,135,131,161,181,171,181,181,121,131,181,151~~0.2.4~~2~1~26~25~0~0~2~2~3|151,111,181,171,181,111,181,131,151,191,111,131,161,151,131~~0.2.4~~2~0~26~26~0~0~2~2~3|151,151,111,161,171,111,141,131,151,151,111,131,161,151,131~~0.2.4~~2~1~26~26~0~0~2~2~3
ORDINARY_LOSS;181,171,181,111,141,181,121,111,171,161,131,131,161,151,131~~~~0~1~0~0~0~0~1~1~3
ORDINARY_LOSS;161,181,171,131,161,171,131,151,131,171,141,171,131,141,151~~~~0~1~0~0~0~0~1~1~3
ORDINARY_LOSS;181,181,151,131,121,131,121,1a1,161,141,121,151,181,111,121~~~~0~1~0~0~0~0~1~1~3
ORDINARY_LOSS;151,161,121,151,111,161,111,141,131,161,141,121,141,131,181~~~~0~1~0~0~0~0~1~1~3
ORDINARY_LOSS;141,171,161,121,181,111,131,121,121,161,171,131,121,181,131~~~~0~1~0~0~0~0~1~1~3
ORDINARY_LOSS;151,141,151,151,111,161,161,121,141,131,161,181,111,171,151~~~~0~1~0~0~0~0~1~1~3
ORDINARY_LOSS;181,171,181,111,141,111,111,171,121,141,1a1,161,131,131,171~~~~0~1~0~0~0~0~1~1~3
ORDINARY_LOSS;111,131,161,141,161,181,141,151,131,141,121,161,171,171,141~~~~0~1~0~0~0~0~1~1~3
ORDINARY_LOSS;121,131,131,111,181,161,141,161,171,181,141,121,111,171,161~~~~0~1~0~0~0~0~1~1~3
ORDINARY_WIN;141,181,181,181,181,111,181,121,1a1,181,181,191,171,181,181~~~~0~0~0~0~0~0~1~1~4|141,121,141,111,181,111,111,121,1a1,121,121,111,111,131,171~~~~1~1~0~0~0~0~1~1~4
ORDINARY_LOSS;131,111,121,111,121,121,181,161,171,111,121,121,131,1a1,181~~~~0~1~0~0~0~0~1~1~4
ORDINARY_WIN;181,181,181,121,181,181,181,111,161,171,181,181,121,181,181~~~~0~0~0~0~0~0~1~1~4|121,171,161,131,161,121,151,111,161,181,141,171,151,141,121~~~~1~0~0~0~0~0~1~1~4|141,121,171,121,131,121,111,151,111,181,141,171,151,141,121~~~~1~1~0~0~0~0~1~1~4
ORDINARY_LOSS;171,171,121,131,111,111,181,161,161,121,111,111,191,121,161~~~~0~1~0~0~0~0~1~1~4
ORDINARY_LOSS;181,171,141,141,171,191,121,121,161,151,111,181,1a1,131,151~~~~0~1~0~0~0~0~1~1~4
ORDINARY_LOSS;171,181,151,161,171,171,111,121,141,171,121,141,121,161,141~~~~0~1~0~0~0~0~1~1~4
ORDINARY_LOSS;1a1,151,171,181,111,191,141,111,141,111,171,141,121,161,121~~~~0~1~0~0~0~0~1~1~4
ORDINARY_LOSS;1a1,151,171,161,151,151,111,131,161,131,181,131,171,171,141~~~~0~1~0~0~0~0~1~1~4
ORDINARY_LOSS;111,121,121,171,1a1,111,171,141,141,121,161,181,151,121,141~~~~0~1~0~0~0~0~1~1~4
ORDINARY_LOSS;151,111,111,171,161,141,131,151,171,141,121,121,171,131,181~~~~0~1~0~0~0~0~1~1~4
ORDINARY_LOSS;131,141,131,141,1a1,181,161,151,131,111,181,111,121,151,111~~~~0~1~0~0~0~0~1~1~4
ORDINARY_LOSS;171,141,151,141,161,181,151,111,161,161,161,161,151,111,131~~~~0~1~0~0~0~0~1~1~4
ORDINARY_LOSS;151,111,111,171,181,1a1,111,121,141,161,121,141,181,121,151~~~~0~1~0~0~0~0~1~1~4
ORDINARY_LOSS;151,121,151,141,181,1a1,131,141,111,171,131,121,121,141,131~~~~0~1~0~0~0~0~1~1~4
ORDINARY_LOSS;141,171,161,181,141,151,161,121,181,181,111,121,131,171,161~~~~0~1~0~0~0~0~1~1~4
ORDINARY_LOSS;121,181,181,161,151,111,141,121,121,111,151,151,141,161,121~~~~0~1~0~0~0~0~1~1~4
ORDINARY_LOSS;171,141,111,181,171,111,181,141,141,181,161,141,141,131,181~~~~0~1~0~0~0~0~1~1~4
ORDINARY_LOSS;141,171,131,151,181,151,181,161,131,151,141,181,121,151,181~~~~0~1~0~0~0~0~1~1~4
ORDINARY_LOSS;161,111,161,131,171,181,121,181,161,141,161,121,181,171,181~~~~0~1~0~0~0~0~1~1~4
ORDINARY_WIN;161,161,161,121,171,161,161,111,171,161,171,171,171,171,171~~~~0~0~0~0~0~0~1~1~4|171,171,121,191,121,171,111,111,171,171,171,171,171,171,171~~~~1~0~0~0~0~0~1~1~5|141,141,121,151,141,121,131,111,111,181,121,161,191,151,111~~~~1~1~0~0~0~0~1~1~5
ORDINARY_LOSS;141,131,171,181,111,161,171,181,161,131,131,151,141,181,171~~~~0~1~0~0~0~0~1~1~5
ORDINARY_LOSS;151,111,111,171,151,181,131,111,111,131,181,181,171,121,131~~~~0~1~0~0~0~0~1~1~5
ORDINARY_LOSS;121,181,181,171,171,131,131,291,141,171,181,131,181,121,131~21~~~0~1~0~0~0~0~1~1~5
ORDINARY_LOSS;111,121,141,141,141,161,171,161,181,161,1a1,141,111,131,121~~~~0~1~0~0~0~0~1~1~5
ORDINARY_LOSS;141,151,181,161,111,111,171,111,131,151,181,121,171,161,121~~~~0~1~0~0~0~0~1~1~5
ORDINARY_LOSS;151,111,131,171,181,121,151,171,181,161,161,151,161,131,1a1~~~~0~1~0~0~0~0~1~1~5
ORDINARY_LOSS;181,161,121,171,171,141,131,181,151,151,191,131,111,171,131~~~~0~1~0~0~0~0~1~1~5
ORDINARY_LOSS;181,141,161,141,181,151,161,121,161,111,111,131,141,161,131~~~~0~1~0~0~0~0~1~1~5
ORDINARY_WIN;171,271,131,171,171,141,171,171,151,171,171,161,111,171,171~1~~~0~0~0~0~0~0~1~1~5|121,151,131,151,171,141,151,181,151,181,121,161,171,171,111~~~~1~0~0~0~0~0~1~1~5|141,121,131,181,171,141,181,151,181,181,121,161,171,171,111~~~~1~1~0~0~0~0~1~1~5
ORDINARY_LOSS;141,141,141,111,161,291,181,121,181,151,131,111,141,151,131~12~~~0~1~0~0~0~0~1~1~5
ORDINARY_LOSS;181,111,131,161,181,161,171,111,141,121,161,151,141,191,161~~~~0~1~0~0~0~0~1~1~5
ORDINARY_LOSS;181,141,131,161,171,171,141,141,181,171,141,131,181,161,111~~~~0~1~0~0~0~0~1~1~5
ORDINARY_LOSS;121,181,151,151,1a1,131,121,131,181,111,141,181,181,131,151~~~~0~1~0~0~0~0~1~1~5
FREE_SPINS;161,161,161,121,1a1,181,141,121,1a1,1a1,161,111,161,151,151~~1.2.3~~2~1~10~0~0~0~1~1~5|171,141,141,151,153,151,121,161,161,121,135,121,131,121,161~~1.2.3~~2~1~10~1~0~0~2~2~5|141,181,131,161,181,161,111,151,141,151,121,111,171,171,141~~1.2.3~~2~1~10~2~0~0~2~2~5|151,161,181,121,161,181,151,138,141,171,171,141,163,151,161~~1.2.3~~2~1~10~3~0~0~2~2~5|151,151,151,151,121,151,171,141,131,121,151,291,141,161,141~32~1.2.3~12-2~2~1~12~4~0~0~2~2~5|121,121,171,161,181,161,183,181,131,151,131,142,183,161,151~~1.2.3~~2~1~12~5~0~0~2~2~5|151,161,171,111,121,141,181,181,191,141,141,151,161,141,191~~1.2.3~~2~1~12~6~0~0~2~2~5|181,185,121,181,131,191,131,151,181,132,181,181,172,131,151~~1.2.3~10-1~2~0~13~7~0~0~2~2~5|161,225,121,131,111,131,141,131,151,182,141,131,172,131,151~1~1.2.3~~2~1~13~7~0~0~2~2~5|161,151,161,151,121,171,111,141,181,161,161,151,131,161,181~~1.2.3~~2~1~13~8~0~0~2~2~5|171,151,141,111,121,141,171,151,181,111,111,121,181,111,141~~1.2.3~~2~1~13~9~0~0~2~2~5|131,161,131,121,141,181,151,121,123,181,171,171,111,171,151~~1.2.3~~2~1~13~10~0~0~2~2~5|151,161,141,151,118,171,151,171,131,111,135,141,131,111,133~~1.2.3~~2~0~13~11~0~0~2~2~5|171,161,141,111,118,171,121,171,131,111,135,141,131,111,133~~1.2.3~~2~0~13~11~0~0~2~2~5|121,161,141,121,118,111,171,121,131,111,135,141,131,111,133~~1.2.3~~2~0~13~11~0~0~2~2~5|131,161,141,161,118,111,181,171,131,111,135,141,131,111,133~~1.2.3~~2~1~13~11~0~0~2~2~5|171,121,161,141,161,121,1710,152,111,171,171,121,152,141,111~~1.2.3~~2~1~13~12~0~0~2~2~5|161,151,171,131,141,131,171,161,171,171,131,111,111,121,151~~1.2.3~~2~1~13~13~0~0~2~2~5
ORDINARY_LOSS;231,141,171,121,161,181,141,191,111,171,111,151,181,121,121~0~~~0~1~0~0~0~0~1~1~5
ORDINARY_LOSS;121,181,171,121,161,161,141,131,181,131,181,121,181,111,111~~~~0~1~0~0~0~0~1~1~5
ORDINARY_WIN;131,181,181,171,181,181,181,121,181,181,181,181,161,181,121~~~~0~0~0~0~0~0~1~1~5|121,131,131,131,141,171,131,161,121,151,151,121,181,161,121~~~~1~0~0~0~0~0~1~1~5|161,181,121,171,141,171,171,161,121,151,151,121,181,161,121~~~~1~1~0~0~0~0~1~1~5
ORDINARY_LOSS;131,1a1,121,141,111,121,131,111,171,131,121,131,161,171,131~~~~0~1~0~0~0~0~1~1~5
ORDINARY_WIN;171,171,151,171,271,161,161,171,171,151,171,171,171,161,171~11~~~0~0~0~0~0~0~1~1~5|111,141,151,171,151,161,151,141,161,151,161,151,151,131,161~~~~1~0~0~0~0~0~1~1~5|111,111,141,141,171,161,181,141,161,171,121,161,141,131,161~~~~1~0~0~0~0~0~1~1~5|161,111,111,121,171,161,151,181,161,171,121,161,141,131,161~~~~1~0~0~0~0~0~1~1~5|131,111,111,151,121,171,141,151,181,161,171,121,181,141,131~~~~1~1~0~0~0~0~1~1~5
ORDINARY_LOSS;111,131,151,161,161,151,161,161,181,121,1a1,171,121,141,161~~~~0~1~0~0~0~0~1~1~5
ORDINARY_LOSS;141,171,151,181,151,181,131,111,141,151,151,181,121,121,111~~~~0~1~0~0~0~0~1~1~5
ORDINARY_LOSS;131,171,141,131,171,161,181,111,161,141,141,121,111,181,141~~~~0~1~0~0~0~0~1~1~5
ORDINARY_LOSS;121,181,121,131,131,161,171,121,171,151,161,141,111,121,141~~~~0~1~0~0~0~0~1~1~5
ORDINARY_LOSS;181,111,171,141,171,161,121,111,111,181,141,161,151,161,121~~~~0~1~0~0~0~0~1~1~5
ORDINARY_LOSS;131,1a1,141,161,121,151,181,121,121,151,151,171,171,161,241~42~~~0~1~0~0~0~0~1~1~5
ORDINARY_LOSS;181,131,131,151,111,121,131,121,111,171,121,161,121,111,111~~~~0~1~0~0~0~0~1~1~5
ORDINARY_LOSS;171,171,171,181,161,121,181,121,171,171,131,121,141,171,181~~~~0~1~0~0~0~0~1~1~5
ORDINARY_LOSS;161,1a1,131,181,171,151,111,171,121,171,151,131,171,181,111~~~~0~1~0~0~0~0~1~1~5
ORDINARY_LOSS;111,151,161,171,141,131,111,161,181,171,131,151,121,111,131~~~~0~1~0~0~0~0~1~1~5
ORDINARY_LOSS;121,121,151,1a1,131,141,131,131,181,111,111,181,151,111,181~~~~0~1~0~0~0~0~1~1~5
ORDINARY_LOSS;141,131,171,121,111,171,121,151,111,131,111,141,131,181,111~~~~0~1~0~0~0~0~1~1~5
ORDINARY_LOSS;191,141,151,151,111,121,171,141,131,181,111,131,141,131,171~~~~0~1~0~0~0~0~1~1~5
ORDINARY_WIN;121,131,181,171,171,131,121,131,141,121,171,131,171,171,131~~~~0~0~0~0~0~0~1~1~5|171,121,181,121,171,171,121,121,141,171,121,171,181,171,171~~~~1~0~0~0~0~0~1~1~5|271,171,181,131,171,171,171,161,141,171,171,171,181,171,171~0~~~1~0~0~0~0~0~1~1~5|131,181,181,141,161,131,121,161,141,181,161,151,121,181,181~~~~1~1~0~0~0~0~1~1~5
ORDINARY_LOSS;121,181,151,171,111,161,111,291,121,131,171,161,111,111,151~21~~~0~1~0~0~0~0~1~1~5
ORDINARY_LOSS;121,1a1,121,161,131,141,121,121,121,171,151,151,171,131,131~~~~0~1~0~0~0~0~1~1~5
ORDINARY_LOSS;141,131,131,121,121,121,121,161,171,151,131,181,181,111,131~~~~0~1~0~0~0~0~1~1~5
ORDINARY_WIN;171,171,151,171,271,161,161,171,171,151,171,171,171,161,171~11~~~0~0~0~0~0~0~1~1~5|111,141,151,171,151,161,151,141,161,151,161,151,151,131,161~~~~1~0~0~0~0~0~1~1~5|111,111,141,141,171,161,181,141,161,171,121,161,141,131,161~~~~1~0~0~0~0~0~1~1~5|161,111,111,121,171,161,151,181,161,171,121,161,141,131,161~~~~1~0~0~0~0~0~1~1~5|131,111,111,151,121,171,141,151,181,161,171,121,181,141,131~~~~1~1~0~0~0~0~1~1~5
ORDINARY_LOSS;141,141,161,131,181,171,151,161,161,171,131,171,121,181,141~~~~0~1~0~0~0~0~1~1~5
ORDINARY_LOSS;171,111,121,171,111,131,141,151,161,171,151,181,141,171,151~~~~0~1~0~0~0~0~1~1~5
ORDINARY_LOSS;151,141,131,171,181,121,181,111,121,181,181,161,121,161,181~~~~0~1~0~0~0~0~1~1~5
ORDINARY_WIN;181,181,171,161,181,181,181,181,171,181,151,181,181,161,181~~~~0~0~0~0~0~0~1~1~5|121,181,171,121,131,161,161,111,171,141,171,151,181,111,161~~~~1~1~0~0~0~0~1~1~5
ORDINARY_LOSS;151,111,131,141,171,281,181,111,161,171,121,151,141,151,141~12~~~0~1~0~0~0~0~1~1~5
ORDINARY_LOSS;121,131,1a1,171,171,151,151,171,141,181,171,161,161,151,181~~~~0~1~0~0~0~0~1~1~5
ORDINARY_LOSS;141,161,181,111,161,161,141,181,111,181,181,181,141,111,111~~~~0~1~0~0~0~0~1~1~5
ORDINARY_LOSS;141,131,151,161,161,151,131,121,161,121,171,111,121,131,121~~~~0~1~0~0~0~0~1~1~5
ORDINARY_LOSS;161,181,161,141,161,1a1,151,141,121,111,111,141,141,121,131~~~~0~1~0~0~0~0~1~1~5
FREE_SPINS;161,151,141,121,111,141,1a1,161,121,171,171,1a1,1a1,171,141~~2.3.4~~2~1~10~0~0~0~1~1~5|151,121,111,131,161,131,111,131,151,171,171,141,121,151,171~~2.3.4~~2~1~10~1~0~0~2~2~5|171,152,141,141,111,148,131,161,151,181,171,111,131,141,165~~2.3.4~~2~1~10~2~0~0~2~2~5|141,171,162,121,181,131,111,182,151,181,152,121,111,171,151~~2.3.4~~2~1~10~3~0~0~2~2~5|131,251,112,151,181,151,141,131,163,161,163,131,161,162,141~1~2.3.4~~2~1~10~4~0~0~2~2~5|182,191,131,171,161,161,141,131,141,131,141,151,151,181,121~~2.3.4~5-2.10-2~2~1~14~5~0~0~2~2~5|183,171,163,161,131,141,155,171,141,121,131,143,131,163,121~~2.3.4~~2~1~14~6~0~0~2~2~5|171,151,181,161,141,181,151,151,131,171,131,141,171,151,171~~2.3.4~~2~1~14~7~0~0~2~2~5|121,161,131,111,171,161,131,121,171,141,111,131,131,181,181~~2.3.4~~2~1~14~8~0~0~2~2~5|141,111,121,131,141,172,181,151,171,131,171,175,132,181,171~~2.3.4~~2~1~14~9~0~0~2~2~5|151,141,141,171,141,151,171,131,185,181,151,131,171,141,131~~2.3.4~5-2.10-1~2~1~17~10~0~0~2~2~5|171,111,161,121,161,181,141,171,241,111,171,181,131,161,111~22~2.3.4~~2~1~17~11~0~0~2~2~5|141,161,171,141,131,111,171,111,131,141,133,161,151,171,151~~2.3.4~~2~1~17~12~0~0~2~2~5|191,181,171,141,181,161,121,161,111,181,181,131,171,132,141~~2.3.4~~2~0~17~13~0~0~2~2~5|141,181,171,181,141,181,171,121,111,181,181,131,171,132,141~~2.3.4~~2~1~17~13~0~0~2~2~5|141,121,141,111,161,131,161,141,121,171,172,121,141,141,141~~2.3.4~~2~1~17~14~0~0~2~2~5|135,161,121,151,171,131,133,121,151,141,131,181,141,181,161~~2.3.4~~2~0~17~15~0~0~2~2~5|185,161,121,181,151,171,163,121,151,151,141,181,141,181,161~~2.3.4~~2~1~17~15~0~0~2~2~5|171,161,151,181,131,111,181,151,161,171,111,161,111,121,141~~2.3.4~~2~1~17~16~0~0~2~2~5|173,112,151,192,171,171,192,121,171,171,153,181,121,171,111~~2.3.4~~2~0~17~17~0~0~2~2~5|143,122,151,152,121,151,152,181,121,161,133,181,151,121,111~~2.3.4~~2~0~17~17~0~0~2~2~5|173,162,141,142,141,111,142,111,181,161,133,181,151,121,111~~2.3.4~~2~0~17~17~0~0~2~2~5|143,172,161,152,111,111,132,111,181,161,133,181,151,121,111~~2.3.4~~2~1~17~17~0~0~2~2~5
ORDINARY_LOSS;131,121,151,171,141,131,111,171,141,151,151,131,181,181,121~~~~0~1~0~0~0~0~1~1~5
ORDINARY_LOSS;1a1,181,171,181,141,111,111,151,121,131,181,141,181,161,111~~~~0~1~0~0~0~0~1~1~5
ORDINARY_LOSS;161,121,111,141,161,121,131,141,141,181,121,111,181,111,181~~~~0~1~0~0~0~0~1~1~5
ORDINARY_LOSS;111,111,171,151,171,131,161,181,151,151,171,171,151,141,171~~~~0~1~0~0~0~0~1~1~5
ORDINARY_LOSS;141,131,161,151,171,131,171,1a1,121,111,121,161,131,181,111~~~~0~1~0~0~0~0~1~1~5
ORDINARY_LOSS;141,131,131,161,161,151,181,111,141,111,111,171,141,181,111~~~~0~1~0~0~0~0~1~1~5
ORDINARY_LOSS;141,131,181,151,121,141,181,151,111,151,111,151,131,161,141~~~~0~1~0~0~0~0~1~1~5
ORDINARY_LOSS;131,141,181,131,171,131,111,151,121,171,181,171,121,181,181~~~~0~1~0~0~0~0~1~1~5
ORDINARY_LOSS;171,111,161,141,281,171,161,111,131,1a1,161,111,161,121,151~11~~~0~1~0~0~0~0~1~1~5
ORDINARY_LOSS;141,1a1,171,151,141,181,171,151,151,181,151,171,171,111,171~~~~0~1~0~0~0~0~1~1~5
ORDINARY_LOSS;111,131,151,171,171,121,141,171,151,131,171,111,161,181,111~~~~0~1~0~0~0~0~1~1~5
ORDINARY_LOSS;181,111,141,141,111,181,161,171,131,141,171,171,111,121,121~~~~0~1~0~0~0~0~1~1~5
ORDINARY_LOSS;1a1,121,121,171,141,141,171,151,181,181,181,151,161,111,181~~~~0~1~0~0~0~0~1~1~5
ORDINARY_LOSS;141,131,161,151,161,171,141,181,131,121,151,151,111,131,171~~~~0~1~0~0~0~0~1~1~5
ORDINARY_LOSS;161,181,181,151,121,161,131,151,111,171,121,121,111,131,1a1~~~~0~1~0~0~0~0~1~1~5
ORDINARY_LOSS;161,111,151,1a1,131,181,151,151,181,161,131,151,151,151,181~~~~0~1~0~0~0~0~1~1~5
ORDINARY_LOSS;1a1,181,161,171,171,171,171,131,131,111,111,181,151,161,141~~~~0~1~0~0~0~0~1~1~5
ORDINARY_LOSS;181,171,161,121,131,141,111,121,171,121,141,161,181,121,131~~~~0~1~0~0~0~0~1~1~5
ORDINARY_LOSS;111,141,151,131,171,161,121,181,1a1,121,171,171,121,111,181~~~~0~1~0~0~0~0~1~1~5
ORDINARY_LOSS;181,131,121,111,151,171,161,161,181,161,111,151,111,171,291~42~~~0~1~0~0~0~0~1~1~5
ORDINARY_LOSS;1a1,151,121,111,111,161,141,161,171,131,161,171,151,141,111~~~~0~1~0~0~0~0~1~1~5
ORDINARY_LOSS;171,141,111,181,181,171,161,131,161,131,181,181,161,161,151~~~~0~1~0~0~0~0~1~1~5
ORDINARY_LOSS;141,161,131,181,151,121,141,111,121,161,121,121,171,111,111~~~~0~1~0~0~0~0~1~1~5
ORDINARY_LOSS;131,141,131,141,131,171,121,121,1a1,121,131,111,171,121,161~~~~0~1~0~0~0~0~1~1~5
ORDINARY_LOSS;141,151,131,121,131,181,121,141,141,181,111,111,141,171,121~~~~0~1~0~0~0~0~1~1~5
ORDINARY_LOSS;171,181,171,121,111,171,151,131,151,121,131,161,111,151,181~~~~0~1~0~0~0~0~1~1~5
ORDINARY_LOSS;131,151,161,111,181,141,121,131,131,151,181,141,161,121,161~~~~0~1~0~0~0~0~1~1~5
ORDINARY_LOSS;171,111,161,181,111,121,141,141,1a1,161,161,151,111,181,141~~~~0~1~0~0~0~0~1~1~5
ORDINARY_LOSS;121,151,151,171,121,131,161,161,111,161,131,171,121,181,181~~~~0~1~0~0~0~0~1~1~5
ORDINARY_WIN;171,271,131,171,171,141,171,171,151,171,171,161,111,171,171~1~~~0~0~0~0~0~0~1~1~5|121,151,131,151,171,141,151,181,151,181,121,161,171,171,111~~~~1~0~0~0~0~0~1~1~5|141,121,131,181,171,141,181,151,181,181,121,161,171,171,111~~~~1~1~0~0~0~0~1~1~5
ORDINARY_LOSS;161,151,181,131,171,161,131,121,131,121,161,121,181,141,111~~~~0~1~0~0~0~0~1~1~5
ORDINARY_LOSS;251,171,161,121,171,181,141,121,151,161,131,111,111,131,181~0~~~0~1~0~0~0~0~1~1~5
ORDINARY_LOSS;181,161,161,111,181,141,141,111,121,131,141,131,111,1a1,131~~~~0~1~0~0~0~0~1~1~5
ORDINARY_LOSS;161,121,141,171,151,141,131,171,121,151,161,111,151,161,181~~~~0~1~0~0~0~0~1~1~5
ORDINARY_LOSS;1a1,161,121,111,171,141,191,111,171,161,141,151,171,131,121~~~~0~1~0~0~0~0~1~1~5
ORDINARY_LOSS;111,181,111,181,141,141,131,121,131,141,131,151,141,181,151~~~~0~1~0~0~0~0~1~1~5
ORDINARY_LOSS;131,111,141,131,171,161,141,141,111,111,121,181,171,131,1a1~~~~0~1~0~0~0~0~1~1~5
ORDINARY_LOSS;121,161,151,1a1,181,121,161,161,131,181,131,111,131,161,181~~~~0~1~0~0~0~0~1~1~5
ORDINARY_LOSS;181,111,111,161,111,131,131,151,131,151,151,131,181,121,181~~~~0~1~0~0~0~0~1~1~5
ORDINARY_WIN;171,151,131,171,181,171,181,171,121,171,181,181,181,181,111~~~~0~0~0~0~0~0~1~1~5|181,151,131,281,151,181,181,181,121,171,181,181,181,181,111~10~~~1~0~0~0~0~0~1~1~5|141,151,131,181,111,151,121,161,121,171,181,171,161,151,111~~~~1~1~0~0~0~0~1~1~5
ORDINARY_LOSS;151,141,181,171,171,111,141,181,171,171,131,151,131,131,121~~~~0~1~0~0~0~0~1~1~5
ORDINARY_LOSS;181,131,171,111,181,141,141,221,121,141,121,161,141,141,131~21~~~0~1~0~0~0~0~1~1~5
ORDINARY_LOSS;151,171,141,171,121,1a1,161,151,141,161,171,171,121,131,161~~~~0~1~0~0~0~0~1~1~5
ORDINARY_LOSS;161,141,161,151,151,121,171,141,141,181,131,131,131,161,121~~~~0~1~0~0~0~0~1~1~5
ORDINARY_LOSS;161,171,151,171,121,131,121,111,141,131,181,161,111,161,1a1~~~~0~1~0~0~0~0~1~1~5
ORDINARY_LOSS;161,141,111,131,151,171,151,181,131,151,181,181,151,131,181~~~~0~1~0~0~0~0~1~1~5
ORDINARY_LOSS;141,131,151,151,111,161,111,121,141,161,141,181,111,181,161~~~~0~1~0~0~0~0~1~1~5
ORDINARY_LOSS;141,161,151,111,161,121,141,131,111,111,151,161,171,291,181~41~~~0~1~0~0~0~0~1~1~5
ORDINARY_LOSS;181,181,151,181,171,141,161,161,111,1a1,121,171,151,131,181~~~~0~1~0~0~0~0~1~1~5
FREE_SPINS;1a1,111,121,131,151,131,181,1a1,161,131,151,151,131,1a1,171~~0.2.4~~2~1~10~0~0~0~1~1~5|151,111,161,171,141,161,151,171,121,121,161,151,131,161,111~~0.2.4~~2~1~10~1~0~0~2~2~5|141,171,151,141,151,131,111,111,131,161,191,151,171,121,161~~0.2.4~2-3~2~1~13~2~0~0~2~2~5|171,151,171,131,183,161,181,182,111,151,171,173,121,161,111~~0.2.4~~2~1~13~3~0~0~2~2~5|171,161,141,121,113,291,191,161,181,171,161,161,121,121,141~12~0.2.4~5-1~2~0~14~4~0~0~2~2~5|111,161,151,161,123,111,171,161,181,131,121,171,121,121,141~~0.2.4~~2~0~14~4~0~0~2~2~5|161,111,151,171,123,111,131,171,181,131,121,171,121,121,141~~0.2.4~~2~1~14~4~0~0~2~2~5|161,173,182,111,191,121,111,141,161,161,151,142,171,141,111~~0.2.4~~2~0~14~5~0~0~2~2~5|111,173,182,151,111,121,181,111,141,191,151,142,171,141,111~~0.2.4~~2~0~14~5~0~0~2~2~5|141,173,182,171,151,121,121,181,141,121,151,142,151,171,141~~0.2.4~~2~1~14~5~0~0~2~2~5|161,181,131,111,141,131,171,161,171,151,131,141,121,121,181~~0.2.4~2-2~2~1~16~6~0~0~2~2~5|161,121,131,171,121,111,181,122,111,121,151,121,141,121,151~~0.2.4~12-1~2~0~17~7~0~0~2~2~5|181,161,131,121,171,111,161,182,111,131,181,151,141,141,151~~0.2.4~~2~1~17~7~0~0~2~2~5|178,161,111,153,111,121,163,171,181,151,161,143,145,131,181~~0.2.4~~2~1~17~8~0~0~2~2~5|162,165,111,121,141,111,131,152,151,171,151,161,181,121,161~~0.2.4~9-1~2~1~18~9~0~0~2~2~5|131,183,163,151,111,111,131,111,172,161,153,131,171,111,113~~0.2.4~~2~1~18~10~0~0~2~2~5|151,151,112,121,141,111,131,121,111,141,141,181,181,172,121~~0.2.4~0-1.8-2~2~0~21~11~0~0~2~2~5|131,151,152,111,121,141,171,131,121,141,141,181,181,172,121~~0.2.4~~2~1~21~11~0~0~2~2~5|131,171,141,121,141,151,161,131,141,161,111,141,151,111,112~~0.2.4~~2~0~21~12~0~0~2~2~5|151,131,171,111,121,151,131,161,131,181,161,111,151,111,112~~0.2.4~~2~1~21~12~0~0~2~2~5|141,111,141,161,111,121,121,121,151,141,181,161,171,131,171~~0.2.4~~2~1~21~13~0~0~2~2~5|161,141,131,171,151,151,181,141,171,131,121,121,141,141,111~~0.2.4~~2~1~21~14~0~0~2~2~5|161,131,131,171,161,141,141,131,151,161,141,111,171,121,171~~0.2.4~~2~1~21~15~0~0~2~2~5|151,151,131,171,151,181,111,171,121,151,121,111,161,161,161~~0.2.4~~2~1~21~16~0~0~2~2~5|131,121,111,155,141,151,153,181,135,161,131,141,135,113,181~~0.2.4~~2~1~21~17~0~0~2~2~5|171,121,131,161,131,141,141,161,181,111,111,121,151,131,141~~0.2.4~~2~1~21~18~0~0~2~2~5|175,151,151,171,153,151,161,173,121,111,181,111,131,171,171~~0.2.4~~2~0~21~19~0~0~2~2~5|155,151,151,141,153,151,171,163,121,111,181,111,131,171,171~~0.2.4~~2~1~21~19~0~0~2~2~5|121,121,2910,141,151,131,161,151,161,161,153,151,151,113,191~2~0.2.4~~2~0~21~20~0~0~2~2~5|141,121,1210,111,141,131,131,161,161,171,173,161,171,163,111~~0.2.4~~2~1~21~20~0~0~2~2~5|122,121,171,181,141,181,181,171,171,141,131,111,141,171,171~~0.2.4~~2~1~21~21~0~0~2~2~5
ORDINARY_LOSS;151,141,131,151,181,121,161,181,141,181,131,171,121,141,131~~~~0~1~0~0~0~0~1~1~5
ORDINARY_LOSS;161,181,171,171,151,121,121,181,151,171,181,171,171,111,121~~~~0~1~0~0~0~0~1~1~5
ORDINARY_LOSS;151,161,121,171,131,181,151,171,141,111,161,161,181,131,181~~~~0~1~0~0~0~0~1~1~5
FREE_SPINS;111,121,111,151,131,1a1,111,171,141,1a1,131,141,181,1a1,151~~1.3.4~~2~1~10~0~0~0~1~1~5|191,162,131,111,171,181,121,151,145,171,111,132,171,161,171~~1.3.4~~2~1~10~1~0~0~2~2~5|131,141,121,121,181,171,131,181,181,111,171,111,121,171,131~~1.3.4~~2~1~10~2~0~0~2~2~5|141,181,131,131,141,172,171,131,131,131,141,131,141,181,141~~1.3.4~~2~0~10~3~0~0~2~2~5|161,141,181,111,141,172,121,161,171,121,131,141,141,181,141~~1.3.4~~2~1~10~3~0~0~2~2~5|111,181,141,151,131,141,121,111,173,171,145,141,171,121,171~~1.3.4~~2~1~10~4~0~0~2~2~5|181,171,111,151,161,181,121,131,171,172,111,121,181,151,171~~1.3.4~~2~1~10~5~0~0~2~2~5|171,161,141,131,111,151,121,118,131,121,112,111,111,171,181~~1.3.4~12-3~2~1~13~6~0~0~2~2~5|188,111,143,111,131,181,181,181,131,181,181,143,161,151,161~~1.3.4~~2~0~13~7~0~0~2~2~5|148,111,143,161,111,131,151,181,131,171,141,143,161,151,161~~1.3.4~~2~1~13~7~0~0~2~2~5|123,111,151,131,111,181,121,141,131,131,181,181,171,161,111~~1.3.4~~2~1~13~8~0~0~2~2~5|181,151,121,161,181,141,131,181,171,181,141,151,121,131,111~~1.3.4~~2~0~13~9~0~0~2~2~5|111,151,121,161,161,141,151,131,171,111,141,151,121,131,111~~1.3.4~~2~1~13~9~0~0~2~2~5|131,121,163,161,171,131,141,131,141,151,141,111,171,131,171~~1.3.4~~2~0~13~10~0~0~2~2~5|181,121,163,151,161,171,171,141,141,151,141,111,171,131,171~~1.3.4~~2~1~13~10~0~0~2~2~5|111,121,141,141,185,121,121,121,111,111,181,151,291,181,181~40~1.3.4~~2~0~13~11~0~0~2~2~5|151,111,141,121,145,181,131,131,111,111,181,151,291,181,181~40~1.3.4~~2~1~13~11~0~0~2~2~5|181,181,111,131,151,131,111,111,171,151,171,151,161,131,171~~1.3.4~~2~1~13~12~0~0~2~2~5|111,151,135,151,211,131,111,121,143,181,121,121,181,131,121~11~1.3.4~~2~0~13~13~0~0~2~2~5|181,151,135,151,151,131,131,121,143,181,121,121,181,131,121~~1.3.4~~2~0~13~13~0~0~2~2~5|141,181,155,121,151,151,171,121,143,181,121,121,181,131,121~~1.3.4~~2~1~13~13~0~0~2~2~5
ORDINARY_LOSS;141,141,121,111,131,181,171,161,131,161,131,161,161,151,121~~~~0~1~0~0~0~0~1~1~5
ORDINARY_LOSS;131,181,121,171,131,181,151,111,151,181,111,141,181,111,151~~~~0~1~0~0~0~0~1~1~5
ORDINARY_LOSS;161,161,111,161,141,121,171,131,171,131,171,121,171,131,181~~~~0~1~0~0~0~0~1~1~5
ORDINARY_LOSS;161,1a1,131,121,141,121,141,131,171,111,161,111,111,111,181~~~~0~1~0~0~0~0~1~1~5
ORDINARY_LOSS;151,131,131,181,121,121,111,141,131,131,151,1a1,121,141,131~~~~0~1~0~0~0~0~1~1~5
ORDINARY_LOSS;121,161,131,161,181,181,171,111,141,291,111,161,171,151,121~30~~~0~1~0~0~0~0~1~1~5
ORDINARY_LOSS;131,171,151,141,151,151,111,111,141,131,181,161,131,181,171~~~~0~1~0~0~0~0~1~1~5
ORDINARY_LOSS;171,151,121,121,151,141,131,111,141,111,121,141,181,171,1a1~~~~0~1~0~0~0~0~1~1~5
ORDINARY_LOSS;121,121,161,181,141,121,111,161,151,161,161,111,131,131,121~~~~0~1~0~0~0~0~1~1~5
ORDINARY_LOSS;111,141,141,151,181,131,181,111,141,141,131,111,141,141,171~~~~0~1~0~0~0~0~1~1~5
ORDINARY_LOSS;121,131,111,151,151,171,181,121,161,141,131,111,131,131,181~~~~0~1~0~0~0~0~1~1~5
ORDINARY_LOSS;111,171,111,121,181,181,111,171,1a1,141,131,111,171,161,151~~~~0~1~0~0~0~0~1~1~5
ORDINARY_LOSS;161,171,151,121,131,111,171,121,141,171,151,181,111,121,191~~~~0~1~0~0~0~0~1~1~5
ORDINARY_LOSS;131,171,141,121,151,181,161,161,171,171,141,231,161,171,131~32~~~0~1~0~0~0~0~1~1~5
ORDINARY_LOSS;141,181,121,1a1,151,171,161,191,171,131,171,151,181,111,181~~~~0~1~0~0~0~0~1~1~5
ORDINARY_LOSS;141,141,141,121,181,121,181,161,171,181,141,161,121,121,161~~~~0~1~0~0~0~0~1~1~5
ORDINARY_LOSS;131,111,161,181,141,1a1,161,111,121,151,291,121,161,191,151~31~~~0~1~0~0~0~0~1~1~5
ORDINARY_LOSS;141,1a1,111,121,181,181,171,171,141,121,121,121,181,161,111~~~~0~1~0~0~0~0~1~1~5
ORDINARY_LOSS;141,131,131,141,151,181,121,161,161,111,141,171,141,171,151~~~~0~1~0~0~0~0~1~1~5
ORDINARY_LOSS;141,161,1a1,111,191,181,151,151,211,181,181,171,181,111,151~22~~~0~1~0~0~0~0~1~1~5
ORDINARY_LOSS;151,171,161,181,111,171,151,161,111,171,131,141,121,131,181~~~~0~1~0~0~0~0~1~1~5
ORDINARY_LOSS;141,131,121,161,141,121,181,151,131,181,181,121,111,161,171~~~~0~1~0~0~0~0~1~1~5
ORDINARY_LOSS;131,171,141,111,141,111,121,111,181,151,171,141,161,131,131~~~~0~1~0~0~0~0~1~1~5
ORDINARY_LOSS;291,111,121,131,131,1a1,111,171,141,121,151,171,161,121,181~0~~~0~1~0~0~0~0~1~1~5
ORDINARY_WIN;171,171,151,171,271,161,161,171,171,151,171,171,171,161,171~11~~~0~0~0~0~0~0~1~1~5|111,141,151,171,151,161,151,141,161,151,161,151,151,131,161~~~~1~0~0~0~0~0~1~1~5|111,111,141,141,171,161,181,141,161,171,121,161,141,131,161~~~~1~0~0~0~0~0~1~1~5|161,111,111,121,171,161,151,181,161,171,121,161,141,131,161~~~~1~0~0~0~0~0~1~1~5|131,111,111,151,121,171,141,151,181,161,171,121,181,141,131~~~~1~1~0~0~0~0~1~1~5
ORDINARY_LOSS;181,141,141,121,111,161,121,131,181,151,151,171,151,151,131~~~~0~1~0~0~0~0~1~1~5
ORDINARY_LOSS;111,151,111,171,181,111,181,151,121,291,121,141,181,141,151~30~~~0~1~0~0~0~0~1~1~5
ORDINARY_LOSS;151,131,161,111,121,121,131,121,131,151,121,181,111,121,181~~~~0~1~0~0~0~0~1~1~5
ORDINARY_LOSS;121,151,151,111,121,181,111,151,171,181,171,141,1a1,121,131~~~~0~1~0~0~0~0~1~1~5
ORDINARY_LOSS;151,131,151,171,181,111,161,111,111,161,181,161,171,181,161~~~~0~1~0~0~0~0~1~1~5
ORDINARY_LOSS;1a1,161,181,141,121,131,131,161,161,161,151,171,151,121,151~~~~0~1~0~0~0~0~1~1~5
ORDINARY_LOSS;171,171,151,171,171,181,131,161,121,141,171,171,131,151,111~~~~0~1~0~0~0~0~1~1~5
ORDINARY_LOSS;161,111,111,141,171,121,151,171,141,111,151,141,111,161,141~~~~0~1~0~0~0~0~1~1~5
ORDINARY_LOSS;1a1,151,161,161,121,181,181,151,121,111,151,151,141,151,171~~~~0~1~0~0~0~0~1~1~5
ORDINARY_LOSS;111,161,111,131,111,161,151,1a1,181,141,161,171,171,161,121~~~~0~1~0~0~0~0~1~1~5
ORDINARY_LOSS;181,161,111,141,1a1,121,181,131,111,161,131,121,181,161,131~~~~0~1~0~0~0~0~1~1~5
ORDINARY_LOSS;111,131,181,1a1,171,121,141,151,171,111,111,171,161,171,131~~~~0~1~0~0~0~0~1~1~5
ORDINARY_LOSS;141,151,161,171,111,181,171,121,1a1,151,121,111,181,171,141~~~~0~1~0~0~0~0~1~1~5
ORDINARY_LOSS;141,171,161,141,161,161,151,111,1a1,121,161,181,181,161,161~~~~0~1~0~0~0~0~1~1~5
ORDINARY_LOSS;131,151,1a1,171,151,161,111,181,111,131,131,111,171,181,151~~~~0~1~0~0~0~0~1~1~5
ORDINARY_LOSS;171,121,121,161,171,161,121,181,1a1,171,171,151,141,141,131~~~~0~1~0~0~0~0~1~1~5
ORDINARY_LOSS;151,121,181,161,151,121,111,111,171,171,131,181,151,131,171~~~~0~1~0~0~0~0~1~1~5
ORDINARY_WIN;181,171,171,171,171,171,171,151,171,171,161,171,171,171,161~~~~0~0~0~0~0~0~1~1~5|161,171,181,121,151,131,161,131,151,141,141,161,121,171,161~~~~1~1~0~0~0~0~1~1~5
ORDINARY_LOSS;121,1a1,131,171,171,151,111,151,121,181,141,111,111,161,161~~~~0~1~0~0~0~0~1~1~5
ORDINARY_LOSS;151,141,161,171,111,181,171,151,141,181,111,161,131,161,181~~~~0~1~0~0~0~0~1~1~5
ORDINARY_LOSS;141,161,181,111,111,131,161,131,151,111,181,1a1,171,181,171~~~~0~1~0~0~0~0~1~1~5
ORDINARY_LOSS;151,151,161,181,181,131,131,181,171,131,111,161,141,161,171~~~~0~1~0~0~0~0~1~1~5
ORDINARY_LOSS;121,121,131,161,151,181,141,251,141,171,161,171,141,141,151~21~~~0~1~0~0~0~0~1~1~5
ORDINARY_LOSS;131,111,131,181,151,171,171,111,131,131,131,121,171,181,161~~~~0~1~0~0~0~0~1~1~5
ORDINARY_LOSS;151,181,171,171,131,141,121,111,141,121,171,141,171,131,121~~~~0~1~0~0~0~0~1~1~5
ORDINARY_LOSS;141,151,161,181,181,141,181,161,151,151,171,191,161,151,151~~~~0~1~0~0~0~0~1~1~5
ORDINARY_LOSS;121,121,121,111,141,141,121,151,121,181,211,111,1a1,171,131~31~~~0~1~0~0~0~0~1~1~0
ORDINARY_LOSS;161,151,141,151,121,151,181,171,131,131,131,181,121,171,151~~~~0~1~0~0~0~0~1~1~0
ORDINARY_LOSS;1a1,171,181,131,161,151,131,141,141,151,161,121,181,131,171~~~~0~1~0~0~0~0~1~1~0
ORDINARY_LOSS;151,161,141,111,181,121,131,111,171,161,181,121,121,151,121~~~~0~1~0~0~0~0~1~1~0
ORDINARY_LOSS;171,171,171,151,171,131,181,141,161,151,131,131,151,141,181~~~~0~1~0~0~0~0~1~1~0
ORDINARY_LOSS;1a1,181,131,161,181,131,171,161,111,171,181,131,111,111,111~~~~0~1~0~0~0~0~1~1~0
ORDINARY_LOSS;161,1a1,151,181,181,181,171,181,131,121,161,131,191,131,121~~~~0~1~0~0~0~0~1~1~0
ORDINARY_WIN;191,171,181,141,131,181,181,141,181,181,131,181,181,181,181~~~~0~0~0~0~0~0~1~1~1|251,161,171,151,161,131,181,141,151,111,111,131,171,141,121~0~~~1~0~0~0~0~0~1~1~1|161,161,171,161,161,131,161,181,141,111,111,131,171,141,121~~~~1~0~0~0~0~0~1~1~1|181,171,171,121,151,131,141,181,141,111,111,131,171,141,121~~~~1~1~0~0~0~0~1~1~1
ORDINARY_LOSS;181,111,171,151,161,121,161,121,151,151,181,181,161,121,171~~~~0~1~0~0~0~0~1~1~1
ORDINARY_WIN;131,181,231,181,291,171,181,181,181,171,181,181,171,181,181~2.11~~~0~0~0~0~0~0~1~1~3|161,131,231,161,141,171,151,161,141,121,121,171,171,141,171~2~~~1~0~0~0~0~0~1~1~3|171,131,231,181,141,171,111,151,141,121,121,171,171,141,171~2~~~1~1~0~0~0~0~1~1~3
ORDINARY_LOSS;151,151,151,171,111,131,121,161,121,131,291,151,131,121,151~31~~~0~1~0~0~0~0~1~1~3
ORDINARY_LOSS;161,161,141,151,111,121,161,171,181,161,161,171,171,181,161~~~~0~1~0~0~0~0~1~1~3
ORDINARY_LOSS;151,151,121,161,141,181,181,111,171,131,121,171,121,111,131~~~~0~1~0~0~0~0~1~1~3
ORDINARY_LOSS;151,171,121,141,141,131,191,131,121,131,111,121,111,161,111~~~~0~1~0~0~0~0~1~1~3
ORDINARY_LOSS;111,1a1,171,161,181,161,131,111,151,181,151,151,121,171,131~~~~0~1~0~0~0~0~1~1~3
ORDINARY_LOSS;161,131,131,181,131,111,141,141,111,1a1,181,171,171,151,161~~~~0~1~0~0~0~0~1~1~3
ORDINARY_LOSS;161,121,131,111,171,151,161,171,131,131,161,141,141,161,181~~~~0~1~0~0~0~0~1~1~3
ORDINARY_LOSS;121,121,121,151,151,161,111,141,131,151,161,1a1,111,191,171~~~~0~1~0~0~0~0~1~1~3
ORDINARY_WIN;171,151,131,171,181,171,181,171,121,171,181,181,181,181,111~~~~0~0~0~0~0~0~1~1~3|181,151,131,281,151,181,181,181,121,171,181,181,181,181,111~10~~~1~0~0~0~0~0~1~1~3|141,151,131,181,111,151,121,161,121,171,181,171,161,151,111~~~~1~1~0~0~0~0~1~1~3
ORDINARY_LOSS;131,131,111,121,131,111,151,121,151,111,111,181,171,151,131~~~~0~1~0~0~0~0~1~1~3
ORDINARY_LOSS;181,141,181,111,171,171,111,131,141,131,151,181,161,111,141~~~~0~1~0~0~0~0~1~1~3
ORDINARY_LOSS;151,171,171,121,151,151,181,171,111,151,121,121,1a1,161,151~~~~0~1~0~0~0~0~1~1~3
ORDINARY_LOSS;181,171,181,161,161,111,171,151,1a1,161,121,161,171,171,121~~~~0~1~0~0~0~0~1~1~3
ORDINARY_WIN;181,181,131,181,131,181,131,181,131,171,181,181,171,181,281~42~~~0~0~0~0~0~0~1~1~3|121,141,161,151,151,141,111,181,131,121,131,171,111,161,171~~~~1~1~0~0~0~0~1~1~3
ORDINARY_LOSS;111,111,121,1a1,151,161,181,141,131,161,161,161,141,111,111~~~~0~1~0~0~0~0~1~1~3
ORDINARY_LOSS;121,181,181,161,181,151,111,161,231,131,161,131,121,151,111~22~~~0~1~0~0~0~0~1~1~3
ORDINARY_LOSS;171,131,121,241,121,121,1a1,111,161,171,161,161,161,121,111~10~~~0~1~0~0~0~0~1~1~3
ORDINARY_WIN;181,181,171,281,151,181,181,161,181,131,181,181,181,151,151~10~~~0~0~0~0~0~0~1~1~3|151,141,171,131,111,151,181,151,161,171,121,131,171,151,151~~~~1~0~0~0~0~0~1~1~3|131,141,171,151,131,111,171,181,161,171,121,131,171,151,151~~~~1~1~0~0~0~0~1~1~3
ORDINARY_LOSS;131,181,131,181,161,141,171,171,111,171,111,121,171,141,161~~~~0~1~0~0~0~0~1~1~3
ORDINARY_WIN;141,181,181,181,181,111,181,121,1a1,181,181,191,171,181,181~~~~0~0~0~0~0~0~1~1~4|141,121,141,111,181,111,111,121,1a1,121,121,111,111,131,171~~~~1~1~0~0~0~0~1~1~4
ORDINARY_LOSS;131,181,111,141,181,181,131,161,131,1a1,151,111,181,151,121~~~~0~1~0~0~0~0~1~1~4
ORDINARY_LOSS;161,121,141,111,121,141,171,161,161,151,111,131,151,121,151~~~~0~1~0~0~0~0~1~1~4
ORDINARY_LOSS;141,161,141,161,131,161,121,181,121,161,141,111,131,141,171~~~~0~1~0~0~0~0~1~1~4
ORDINARY_LOSS;131,131,1a1,111,161,171,181,121,141,121,171,121,151,161,151~~~~0~1~0~0~0~0~1~1~4
ORDINARY_LOSS;121,151,131,151,111,171,141,181,141,181,171,111,131,141,171~~~~0~1~0~0~0~0~1~1~4
ORDINARY_LOSS;111,121,151,161,251,171,111,171,131,171,111,121,141,141,151~11~~~0~1~0~0~0~0~1~1~4
ORDINARY_LOSS;151,151,121,111,161,161,111,171,151,171,111,161,181,131,231~42~~~0~1~0~0~0~0~1~1~4
ORDINARY_WIN;171,271,131,171,171,141,171,171,151,171,171,161,111,171,171~1~~~0~0~0~0~0~0~1~1~4|121,151,131,151,171,141,151,181,151,181,121,161,171,171,111~~~~1~0~0~0~0~0~1~1~4|141,121,131,181,171,141,181,151,181,181,121,161,171,171,111~~~~1~1~0~0~0~0~1~1~4
ORDINARY_LOSS;181,141,141,121,161,171,111,161,121,1a1,151,141,121,131,141~~~~0~1~0~0~0~0~1~1~4
ORDINARY_LOSS;131,121,131,291,181,121,181,111,141,171,121,161,171,151,171~10~~~0~1~0~0~0~0~1~1~4
ORDINARY_LOSS;181,131,171,1a1,131,111,181,181,181,131,121,171,121,121,181~~~~0~1~0~0~0~0~1~1~4
ORDINARY_LOSS;151,111,141,181,121,161,151,181,111,131,181,181,171,161,111~~~~0~1~0~0~0~0~1~1~4
ORDINARY_LOSS;111,161,111,171,131,1a1,141,111,181,111,131,121,161,171,151~~~~0~1~0~0~0~0~1~1~4
ORDINARY_LOSS;181,121,181,151,131,191,131,171,111,191,141,151,141,1a1,131~~~~0~1~0~0~0~0~1~1~4
ORDINARY_LOSS;131,151,141,121,181,171,141,131,181,151,111,141,141,161,151~~~~0~1~0~0~0~0~1~1~4
ORDINARY_LOSS;111,171,121,171,141,161,161,121,181,171,121,141,111,171,111~~~~0~1~0~0~0~0~1~1~4
ORDINARY_LOSS;171,1a1,141,141,171,161,151,111,131,121,111,141,141,171,291~42~~~0~1~0~0~0~0~1~1~4
ORDINARY_WIN;181,181,121,181,161,191,111,181,151,281,181,181,181,181,141~30~~~0~0~0~0~0~0~1~1~5|161,121,121,171,111,161,141,111,151,141,181,111,151,141,141~~~~1~1~0~0~0~0~1~1~5
ORDINARY_LOSS;151,151,181,151,151,171,181,111,231,151,171,181,141,121,161~22~~~0~1~0~0~0~0~1~1~5
ORDINARY_LOSS;161,141,151,131,111,121,131,151,171,111,141,161,121,111,121~~~~0~1~0~0~0~0~1~1~5
ORDINARY_LOSS;131,161,151,141,161,121,111,121,171,141,161,161,121,111,121~~~~0~1~0~0~0~0~1~1~5
ORDINARY_LOSS;151,161,161,191,131,161,131,111,141,161,151,161,111,151,141~~~~0~1~0~0~0~0~1~1~5
ORDINARY_LOSS;131,1a1,141,131,181,171,171,141,161,151,161,141,171,121,181~~~~0~1~0~0~0~0~1~1~5
ORDINARY_LOSS;131,171,151,111,121,131,111,111,151,181,161,121,121,111,211~42~~~0~1~0~0~0~0~1~1~5
ORDINARY_LOSS;171,111,161,151,181,151,151,161,181,151,181,141,111,141,111~~~~0~1~0~0~0~0~1~1~5
ORDINARY_LOSS;121,1a1,121,181,151,181,151,161,111,171,161,131,161,111,111~~~~0~1~0~0~0~0~1~1~5
ORDINARY_LOSS;151,171,161,181,1a1,131,161,121,121,151,181,181,161,161,131~~~~0~1~0~0~0~0~1~1~5
ORDINARY_LOSS;251,151,131,181,161,181,151,1a1,141,111,141,161,131,141,151~0~~~0~1~0~0~0~0~1~1~5
ORDINARY_LOSS;121,181,181,181,151,131,111,161,161,161,181,161,181,181,111~~~~0~1~0~0~0~0~1~1~5
ORDINARY_LOSS;151,111,121,141,141,111,121,171,121,161,171,181,141,181,141~~~~0~1~0~0~0~0~1~1~5
ORDINARY_LOSS;181,151,111,111,111,161,171,161,131,121,181,151,181,161,121~~~~0~1~0~0~0~0~1~1~5
FREE_SPINS;1a1,151,131,131,181,181,1a1,121,171,181,151,171,141,181,1a1~~0.2.4~~2~1~10~0~0~0~1~1~5|161,121,141,121,111,151,141,171,141,181,131,151,111,141,151~~0.2.4~~2~1~10~1~0~0~2~2~5|111,141,171,171,181,181,171,123,181,111,171,151,121,111,171~~0.2.4~~2~0~10~2~0~0~2~2~5|131,111,141,171,181,181,111,123,181,111,111,151,181,121,111~~0.2.4~~2~1~10~2~0~0~2~2~5|121,151,145,171,121,161,131,181,151,171,111,161,162,181,131~~0.2.4~~2~1~10~3~0~0~2~2~5|131,151,121,171,171,113,123,111,111,131,151,121,111,151,171~~0.2.4~~2~1~10~4~0~0~2~2~5|133,171,131,151,112,181,143,181,121,111,173,171,183,171,151~~0.2.4~11-2~2~1~12~5~0~0~2~2~5|141,141,171,171,181,151,132,121,131,132,161,133,121,161,181~~0.2.4~~2~1~12~6~0~0~2~2~5|151,141,121,171,161,151,151,131,181,181,111,181,141,151,151~~0.2.4~~2~0~12~7~0~0~2~2~5|171,141,121,171,171,161,181,131,181,181,111,181,141,151,151~~0.2.4~~2~1~12~7~0~0~2~2~5|142,131,183,141,181,111,161,141,135,181,113,161,122,171,161~~0.2.4~~2~0~12~8~0~0~2~2~5|122,131,183,171,181,111,121,161,135,181,113,161,122,171,161~~0.2.4~~2~1~12~8~0~0~2~2~5|141,171,151,131,171,171,131,151,121,181,151,141,141,151,161~~0.2.4~13-1~2~1~13~9~0~0~2~2~5|121,111,171,181,181,181,121,151,161,141,121,171,131,131,141~~0.2.4~~2~1~13~10~0~0~2~2~5|151,178,171,173,171,111,161,171,151,171,171,171,181,162,141~~0.2.4~~2~0~13~11~0~0~2~2~5|161,128,151,143,111,111,111,161,151,171,181,131,181,162,141~~0.2.4~~2~1~13~11~0~0~2~2~5|181,121,141,131,111,131,111,111,161,141,131,151,141,111,151~~0.2.4~~2~1~13~12~0~0~2~2~5|121,121,123,121,1610,111,152,151,141,131,161,141,141,181,171~~0.2.4~~2~1~13~13~0~0~2~2~5
ORDINARY_LOSS;111,131,171,281,171,121,151,161,151,181,171,111,181,161,121~10~~~0~1~0~0~0~0~1~1~5
ORDINARY_LOSS;141,171,161,111,171,1a1,151,131,141,151,121,121,131,111,131~~~~0~1~0~0~0~0~1~1~5
ORDINARY_WIN;181,171,171,171,171,171,171,151,171,171,161,171,171,171,161~~~~0~0~0~0~0~0~1~1~5|161,171,181,121,151,131,161,131,151,141,141,161,121,171,161~~~~1~1~0~0~0~0~1~1~5
ORDINARY_LOSS;171,151,141,171,151,171,121,131,131,181,111,121,1a1,131,121~~~~0~1~0~0~0~0~1~1~5
ORDINARY_WIN;281,281,181,141,181,181,181,181,111,131,181,131,161,121,181~0.1~~~0~0~0~0~0~0~1~1~5|131,131,171,111,171,141,111,161,111,161,131,131,161,161,121~~~~1~1~0~0~0~0~1~1~5
ORDINARY_LOSS;171,111,151,171,121,171,161,131,121,121,291,171,161,181,131~31~~~0~1~0~0~0~0~1~1~5
ORDINARY_LOSS;161,111,181,171,171,171,161,151,151,151,141,171,151,161,151~~~~0~1~0~0~0~0~1~1~5
ORDINARY_LOSS;151,1a1,151,161,161,111,171,181,131,151,121,181,121,191,111~~~~0~1~0~0~0~0~1~1~5
ORDINARY_LOSS;131,141,181,121,161,171,121,181,111,121,121,141,111,131,161~~~~0~1~0~0~0~0~1~1~5
ORDINARY_LOSS;131,121,131,131,151,161,1a1,161,111,111,161,121,151,171,121~~~~0~1~0~0~0~0~1~1~5
ORDINARY_LOSS;161,131,171,131,251,161,151,121,141,161,111,171,111,1a1,121~11~~~0~1~0~0~0~0~1~1~5
ORDINARY_LOSS;151,161,181,121,121,181,141,111,171,151,171,131,111,151,171~~~~0~1~0~0~0~0~1~1~5
ORDINARY_LOSS;131,131,141,181,111,181,141,141,111,181,171,181,171,151,181~~~~0~1~0~0~0~0~1~1~5
ORDINARY_LOSS;151,121,131,161,111,141,111,171,171,121,171,141,141,181,181~~~~0~1~0~0~0~0~1~1~5
ORDINARY_LOSS;161,131,171,121,181,141,171,121,111,161,131,181,161,151,181~~~~0~1~0~0~0~0~1~1~5
ORDINARY_LOSS;151,151,181,131,131,141,161,131,181,151,151,121,171,181,161~~~~0~1~0~0~0~0~1~1~5
ORDINARY_LOSS;141,151,141,111,111,171,181,171,141,171,181,111,141,111,131~~~~0~1~0~0~0~0~1~1~5
ORDINARY_LOSS;141,141,131,111,111,151,181,111,111,151,161,111,181,151,121~~~~0~1~0~0~0~0~1~1~5
ORDINARY_LOSS;131,171,181,151,151,111,111,161,1a1,121,131,241,121,131,141~32~~~0~1~0~0~0~0~1~1~5
ORDINARY_LOSS;121,151,111,131,171,161,151,111,181,111,171,121,151,111,161~~~~0~1~0~0~0~0~1~1~5
ORDINARY_LOSS;1a1,111,151,181,121,141,111,181,171,181,151,111,141,111,131~~~~0~1~0~0~0~0~1~1~5
ORDINARY_LOSS;161,121,141,131,111,141,181,131,131,151,161,171,111,171,111~~~~0~1~0~0~0~0~1~1~5
ORDINARY_LOSS;151,171,151,131,171,111,161,111,161,131,121,131,181,171,141~~~~0~1~0~0~0~0~1~1~5
ORDINARY_LOSS;121,161,141,131,161,111,181,181,111,141,181,131,151,111,131~~~~0~1~0~0~0~0~1~1~5
ORDINARY_LOSS;111,171,181,161,121,131,151,141,181,131,111,151,161,191,121~~~~0~1~0~0~0~0~1~1~5
ORDINARY_LOSS;111,141,181,131,141,141,111,171,151,1a1,141,121,191,111,131~~~~0~1~0~0~0~0~1~1~5
ORDINARY_LOSS;161,111,181,181,171,171,161,141,161,141,151,181,171,111,111~~~~0~1~0~0~0~0~1~1~5
ORDINARY_LOSS;131,161,161,131,141,121,121,151,111,151,171,161,161,131,121~~~~0~1~0~0~0~0~1~1~5
ORDINARY_LOSS;121,171,161,111,181,141,171,121,141,111,111,121,141,191,161~~~~0~1~0~0~0~0~1~1~5
ORDINARY_LOSS;121,181,181,111,141,141,171,161,131,181,141,181,141,171,181~~~~0~1~0~0~0~0~1~1~5
WILD_VORTEX;181,161,111,111,141,111,111,191,131,111,181,151,171,151,161~~~~0~0~0~0~0~0~1~1~6|161,181,161,151,121,141,121,161,131,191,181,151,171,151,161~~~~2~1~0~0~3~0~1~1~0|171,131,161,131,271,131,181,121,171,131,221,121,191,171,291~11.31.42~~~2~0~0~0~3~1~2~3~0|111,131,161,111,131,131,151,181,121,131,221,121,191,171,291~31.42~~~2~1~0~0~3~1~2~3~0|121,121,161,121,141,171,131,151,251,241,131,111,271,161,111~22.30.40~~~2~1~0~0~3~2~2~3~0|291,291,131,291,181,121,291,171,261,151,161,151,111,141,121~0.1.10.20.22~~~2~0~0~0~3~3~2~3~0|181,181,121,181,141,131,141,181,171,141,121,141,111,141,121~~~~2~0~0~0~3~3~2~3~0|121,131,121,171,141,131,181,141,171,141,121,141,111,141,121~~~~2~1~0~0~3~3~2~3~0
ORDINARY_LOSS;161,131,181,121,121,161,111,151,181,131,111,141,141,151,141~~~~0~1~0~0~0~0~1~1~0
ORDINARY_WIN;191,121,181,121,181,181,151,181,151,181,181,181,1a1,181,181~~~~0~0~0~0~0~0~1~1~1|111,121,121,131,111,121,121,151,151,111,161,111,141,111,1a1~~~~1~0~0~0~0~0~1~1~1|141,131,111,171,131,111,151,151,151,111,161,111,141,111,1a1~~~~1~1~0~0~0~0~1~1~1
ORDINARY_LOSS;121,151,171,131,161,111,181,111,181,161,161,181,111,191,131~~~~0~1~0~0~0~0~1~1~1
ORDINARY_LOSS;141,161,131,181,141,171,111,121,121,111,171,151,161,121,151~~~~0~1~0~0~0~0~1~1~1
ORDINARY_LOSS;151,181,161,171,121,151,121,161,181,161,141,111,151,111,171~~~~0~1~0~0~0~0~1~1~1
ORDINARY_LOSS;141,181,121,141,121,131,171,151,131,151,151,171,121,111,131~~~~0~1~0~0~0~0~1~1~1
ORDINARY_LOSS;181,151,131,131,181,111,121,141,151,131,171,131,161,121,111~~~~0~1~0~0~0~0~1~1~1
ORDINARY_LOSS;141,1a1,171,171,111,171,131,111,141,111,141,191,171,111,121~~~~0~1~0~0~0~0~1~1~1
ORDINARY_LOSS;161,161,151,181,111,121,121,161,151,111,161,161,121,151,111~~~~0~1~0~0~0~0~1~1~1
ORDINARY_WIN;171,141,181,291,161,181,121,141,171,141,141,181,181,181,181~10~~~0~0~0~0~0~0~1~1~3|141,181,181,181,161,181,181,111,121,181,141,181,181,181,181~~~~1~0~0~0~0~0~1~1~3|121,151,141,141,181,161,181,111,121,111,181,141,141,191,131~~~~1~1~0~0~0~0~1~1~3
ORDINARY_LOSS;1a1,171,171,121,181,181,131,181,131,121,121,181,181,111,151~~~~0~1~0~0~0~0~1~1~3
FREE_SPINS;171,121,161,141,1a1,131,161,161,1a1,151,1a1,161,171,141,151~~1.2.3~~2~1~10~0~0~0~1~1~3|181,181,111,161,111,181,181,141,171,161,111,111,171,111,131~~1.2.3~7-2~2~0~12~1~0~0~2~2~3|111,171,111,181,161,111,181,141,171,161,111,111,171,111,131~~1.2.3~~2~1~12~1~0~0~2~2~3|131,161,111,141,131,181,151,171,131,111,171,181,111,161,111~~1.2.3~~2~0~12~2~0~0~2~2~3|131,161,111,131,141,181,121,151,171,111,171,181,111,161,111~~1.2.3~~2~1~12~2~0~0~2~2~3|131,121,181,131,141,141,171,111,171,111,171,131,141,131,121~~1.2.3~~2~1~12~3~0~0~2~2~3|121,111,161,171,141,151,141,171,171,113,121,122,113,111,111~~1.2.3~~2~1~12~4~0~0~2~2~3|181,161,181,131,111,161,121,131,121,131,131,181,131,171,161~~1.2.3~~2~1~12~5~0~0~2~2~3|172,151,121,141,171,122,132,141,161,121,111,111,171,181,161~~1.2.3~~2~1~12~6~0~0~2~2~3|181,131,171,181,151,131,181,133,161,151,171,113,111,111,141~~1.2.3~~2~0~12~7~0~0~2~2~3|171,171,171,151,131,151,151,163,161,151,171,113,111,111,141~~1.2.3~~2~1~12~7~0~0~2~2~3|181,175,113,163,192,151,151,151,191,151,145,111,191,161,291~42~1.2.3~~2~0~12~8~0~0~2~2~3|161,165,153,173,162,151,121,151,151,181,155,141,181,181,161~~1.2.3~~2~0~12~8~0~0~2~2~3|181,165,163,163,172,161,161,161,121,161,185,141,181,181,161~~1.2.3~~2~0~12~8~0~0~2~2~3|171,185,183,143,122,171,111,111,121,161,185,141,121,181,181~~1.2.3~~2~1~12~8~0~0~2~2~3|155,111,153,111,151,161,131,171,161,131,165,121,141,181,121~~1.2.3~~2~1~12~9~0~0~2~2~3|141,151,151,121,131,191,151,141,111,111,291,151,121,161,171~31~1.2.3~~2~0~12~10~0~0~2~2~3|111,171,131,131,121,131,191,131,111,171,121,111,121,161,171~~1.2.3~~2~0~12~10~0~0~2~2~3|151,111,171,171,131,121,151,181,111,171,121,111,121,161,171~~1.2.3~~2~1~12~10~0~0~2~2~3|171,181,121,172,171,121,145,143,171,121,111,151,131,151,111~~1.2.3~~2~0~12~11~0~0~2~2~3|141,181,121,292,161,121,155,143,141,121,111,151,131,151,111~10~1.2.3~~2~0~12~11~0~0~2~2~3|151,181,121,122,161,121,115,133,151,121,111,151,131,151,111~~1.2.3~~2~1~12~11~0~0~2~2~3|161,141,151,121,111,111,185,173,181,131,151,121,131,171,171~~1.2.3~~2~1~12~12~0~0~2~2~3
ORDINARY_LOSS;171,131,171,171,181,121,141,181,131,171,131,181,141,151,111~~~~0~1~0~0~0~0~1~1~3
ORDINARY_LOSS;131,161,161,171,161,161,141,131,171,111,151,171,151,131,141~~~~0~1~0~0~0~0~1~1~3
ORDINARY_LOSS;181,161,151,1a1,181,181,111,121,111,151,131,131,141,181,111~~~~0~1~0~0~0~0~1~1~3
ORDINARY_LOSS;131,151,121,141,271,131,151,161,121,181,141,151,121,161,151~11~~~0~1~0~0~0~0~1~1~3
ORDINARY_LOSS;111,141,151,131,111,111,151,151,121,181,131,141,161,161,151~~~~0~1~0~0~0~0~1~1~3
ORDINARY_LOSS;181,121,131,141,171,121,111,151,1a1,131,181,141,141,181,171~~~~0~1~0~0~0~0~1~1~3
ORDINARY_LOSS;161,191,181,121,161,161,171,171,111,151,121,141,151,111,131~~~~0~1~0~0~0~0~1~1~3
ORDINARY_LOSS;181,161,171,131,121,171,141,131,181,161,171,171,111,161,111~~~~0~1~0~0~0~0~1~1~3
ORDINARY_WIN;121,121,181,121,131,121,121,181,111,181,181,161,121,171,111~~~~0~0~0~0~0~0~1~1~3|181,181,181,291,181,131,181,181,111,181,181,161,121,171,111~10~~~1~0~0~0~0~0~1~1~5|111,161,131,151,141,131,131,111,111,171,111,161,121,171,111~~~~1~0~0~0~0~0~1~1~5|131,111,161,161,151,141,111,111,111,171,111,161,121,171,111~~~~1~1~0~0~0~0~1~1~5
ORDINARY_LOSS;151,161,161,111,151,171,171,141,121,171,141,151,121,121,151~~~~0~1~0~0~0~0~1~1~5
ORDINARY_LOSS;181,181,121,161,121,161,151,131,171,131,181,111,181,181,161~~~~0~1~0~0~0~0~1~1~5
ORDINARY_LOSS;181,181,151,141,181,141,111,151,171,141,121,161,111,131,151~~~~0~1~0~0~0~0~1~1~5
ORDINARY_LOSS;151,121,181,121,171,141,141,131,181,141,111,161,111,181,141~~~~0~1~0~0~0~0~1~1~5
ORDINARY_LOSS;131,161,111,131,131,111,151,151,141,151,111,151,111,151,171~~~~0~1~0~0~0~0~1~1~5
ORDINARY_LOSS;181,111,161,181,161,131,151,141,141,131,141,131,141,161,141~~~~0~1~0~0~0~0~1~1~5
ORDINARY_LOSS;181,181,131,151,131,181,111,111,151,151,121,121,111,131,121~~~~0~1~0~0~0~0~1~1~5
ORDINARY_LOSS;141,121,161,121,121,161,131,141,131,111,111,161,171,151,121~~~~0~1~0~0~0~0~1~1~5
ORDINARY_LOSS;271,171,121,111,151,181,131,141,181,161,111,141,151,1a1,161~0~~~0~1~0~0~0~0~1~1~5
ORDINARY_LOSS;121,151,171,111,111,161,151,161,121,141,151,181,171,111,131~~~~0~1~0~0~0~0~1~1~5
ORDINARY_LOSS;121,171,171,1a1,151,171,111,141,131,151,141,161,131,121,181~~~~0~1~0~0~0~0~1~1~5
ORDINARY_LOSS;181,141,151,1a1,161,151,131,181,131,121,171,131,171,111,131~~~~0~1~0~0~0~0~1~1~5
ORDINARY_LOSS;131,1a1,111,111,121,181,161,181,161,161,131,141,151,151,131~~~~0~1~0~0~0~0~1~1~5
ORDINARY_LOSS;161,181,141,1a1,111,111,111,151,171,171,131,121,161,121,141~~~~0~1~0~0~0~0~1~1~5
ORDINARY_LOSS;181,141,131,171,171,151,151,141,131,161,161,181,121,121,151~~~~0~1~0~0~0~0~1~1~5
ORDINARY_LOSS;161,131,161,141,111,111,131,121,161,121,131,141,1a1,171,121~~~~0~1~0~0~0~0~1~1~5
ORDINARY_LOSS;121,171,151,111,161,151,181,121,171,111,141,151,121,121,131~~~~0~1~0~0~0~0~1~1~5
ORDINARY_LOSS;141,151,151,1a1,121,161,111,151,111,111,121,141,131,161,131~~~~0~1~0~0~0~0~1~1~5
ORDINARY_WIN;181,181,171,161,181,181,181,181,171,181,151,181,181,161,181~~~~0~0~0~0~0~0~1~1~5|121,181,171,121,131,161,161,111,171,141,171,151,181,111,161~~~~1~1~0~0~0~0~1~1~5
ORDINARY_LOSS;171,111,171,181,141,1a1,181,121,161,131,131,151,161,121,111~~~~0~1~0~0~0~0~1~1~5
ORDINARY_LOSS;111,161,151,121,111,141,171,171,181,141,121,111,181,181,111~~~~0~1~0~0~0~0~1~1~5
ORDINARY_LOSS;131,131,1a1,161,111,181,151,131,131,111,121,141,121,141,131~~~~0~1~0~0~0~0~1~1~5
ORDINARY_LOSS;141,171,161,181,1a1,181,181,141,121,161,141,151,181,151,161~~~~0~1~0~0~0~0~1~1~5
ORDINARY_LOSS;151,181,181,141,181,181,161,171,111,161,121,121,181,161,161~~~~0~1~0~0~0~0~1~1~5
ORDINARY_LOSS;181,181,131,111,141,151,151,171,131,131,141,161,121,181,111~~~~0~1~0~0~0~0~1~1~5
ORDINARY_LOSS;161,141,121,151,111,141,121,181,111,121,111,151,161,151,171~~~~0~1~0~0~0~0~1~1~5
ORDINARY_LOSS;131,161,181,181,171,181,111,131,151,161,111,131,181,111,161~~~~0~1~0~0~0~0~1~1~5
ORDINARY_WIN;171,121,181,171,151,111,111,181,171,181,161,141,281,131,171~40~~~0~0~0~0~0~0~1~1~5|181,121,181,121,151,111,121,111,181,181,161,141,281,131,171~40~~~1~0~0~0~0~0~1~1~5|111,181,181,111,151,111,181,111,181,181,161,141,281,131,171~40~~~1~0~0~0~0~0~1~1~5|181,181,181,181,181,151,121,181,181,181,161,141,281,131,171~40~~~1~0~0~0~0~0~1~1~5|291,181,131,141,161,151,181,111,121,181,161,141,181,131,171~0~~~1~1~0~0~0~0~1~1~5
ORDINARY_LOSS;171,181,111,151,151,141,171,131,171,181,151,131,151,141,161~~~~0~1~0~0~0~0~1~1~5
ORDINARY_LOSS;121,181,141,171,171,111,141,181,161,131,121,121,141,1a1,141~~~~0~1~0~0~0~0~1~1~5
ORDINARY_LOSS;171,111,111,151,121,151,131,151,151,151,111,121,121,111,151~~~~0~1~0~0~0~0~1~1~5
ORDINARY_LOSS;161,1a1,151,121,121,131,171,181,181,131,131,151,171,141,121~~~~0~1~0~0~0~0~1~1~5
ORDINARY_LOSS;181,131,151,141,161,111,131,121,131,121,121,1a1,151,171,171~~~~0~1~0~0~0~0~1~1~5
ORDINARY_LOSS;141,161,141,131,141,131,111,111,131,131,171,131,111,111,131~~~~0~1~0~0~0~0~1~1~5
ORDINARY_LOSS;121,181,121,111,171,181,131,111,131,161,131,121,151,111,131~~~~0~1~0~0~0~0~1~1~5
ORDINARY_LOSS;141,171,151,121,161,131,131,161,151,121,161,161,121,131,181~~~~0~1~0~0~0~0~1~1~5
ORDINARY_LOSS;151,121,1a1,131,181,181,141,161,161,161,141,111,181,161,151~~~~0~1~0~0~0~0~1~1~5
ORDINARY_WIN;281,281,181,141,181,181,181,181,111,131,181,131,161,121,181~0.1~~~0~0~0~0~0~0~1~1~5|131,131,171,111,171,141,111,161,111,161,131,131,161,161,121~~~~1~1~0~0~0~0~1~1~5
ORDINARY_LOSS;111,151,121,131,171,171,171,131,151,151,121,121,111,171,131~~~~0~1~0~0~0~0~1~1~5
ORDINARY_LOSS;121,161,151,161,111,131,131,171,1a1,121,171,181,141,111,151~~~~0~1~0~0~0~0~1~1~5
ORDINARY_LOSS;161,161,161,151,151,141,131,151,141,111,111,171,121,141,131~~~~0~1~0~0~0~0~1~1~5
ORDINARY_LOSS;171,121,121,151,111,161,151,171,121,121,181,141,141,111,181~~~~0~1~0~0~0~0~1~1~5
ORDINARY_WIN;181,181,181,121,181,181,181,111,161,171,181,181,121,181,181~~~~0~0~0~0~0~0~1~1~5|121,171,161,131,161,121,151,111,161,181,141,171,151,141,121~~~~1~0~0~0~0~0~1~1~5|141,121,171,121,131,121,111,151,111,181,141,171,151,141,121~~~~1~1~0~0~0~0~1~1~5
ORDINARY_LOSS;121,121,141,141,181,131,1a1,181,151,151,161,171,121,171,181~~~~0~1~0~0~0~0~1~1~5
ORDINARY_LOSS;141,151,151,151,161,171,171,181,171,131,121,171,141,161,141~~~~0~1~0~0~0~0~1~1~5
ORDINARY_LOSS;141,151,131,161,141,121,181,111,151,171,181,121,121,131,181~~~~0~1~0~0~0~0~1~1~5
ORDINARY_LOSS;151,171,131,181,141,151,111,111,1a1,151,171,121,111,171,131~~~~0~1~0~0~0~0~1~1~5
FREE_SPINS;1a1,181,141,181,1a1,181,171,161,1a1,121,161,131,121,121,181~~0.1.2~~2~1~10~0~0~0~1~1~5|171,121,151,181,151,151,111,121,131,141,141,161,171,171,171~~0.1.2~~2~1~10~1~0~0~2~2~5|131,151,181,131,151,123,151,151,121,131,121,121,131,171,171~~0.1.2~~2~0~10~2~0~0~2~2~5|151,131,181,111,131,123,161,161,121,131,121,121,131,171,171~~0.1.2~~2~1~10~2~0~0~2~2~5|131,141,161,131,171,171,151,151,121,181,131,151,121,131,121~~0.1.2~12-1~2~1~11~3~0~0~2~2~5|185,121,181,181,165,151,182,162,183,181,141,161,181,151,131~~0.1.2~~2~0~11~4~0~0~2~2~5|125,191,121,171,165,151,162,122,163,121,141,161,121,151,131~~0.1.2~~2~0~11~4~0~0~2~2~5|145,121,121,111,175,151,152,162,123,121,121,141,121,151,131~~0.1.2~~2~1~11~4~0~0~2~2~5|181,151,141,111,151,121,171,191,141,141,171,171,151,131,181~~0.1.2~~2~0~11~5~0~0~2~2~5|131,181,141,121,111,121,111,171,141,141,171,171,151,131,181~~0.1.2~~2~1~11~5~0~0~2~2~5|161,171,121,131,111,151,121,181,161,121,161,181,141,131,131~~0.1.2~~2~1~11~6~0~0~2~2~5|121,141,161,141,171,131,131,141,181,181,171,161,181,171,131~~0.1.2~~2~0~11~7~0~0~2~2~5|151,121,161,161,171,131,141,131,181,181,171,161,181,171,131~~0.1.2~~2~1~11~7~0~0~2~2~5|161,151,171,141,121,161,161,183,151,181,171,113,171,131,112~~0.1.2~~2~0~11~8~0~0~2~2~5|181,151,171,131,141,121,131,183,151,181,171,113,171,131,112~~0.1.2~~2~1~11~8~0~0~2~2~5|121,181,121,151,111,181,171,171,111,151,151,171,111,171,121~~0.1.2~~2~1~11~9~0~0~2~2~5|141,161,121,181,111,121,171,121,141,151,111,181,151,141,141~~0.1.2~8-2~2~0~13~10~0~0~2~2~5|151,141,161,181,181,111,131,171,141,151,111,181,151,141,141~~0.1.2~~2~1~13~10~0~0~2~2~5|181,121,181,131,151,111,181,161,131,181,141,131,141,151,151~~0.1.2~~2~1~13~11~0~0~2~2~5|171,135,121,151,123,173,131,111,181,161,133,152,141,181,151~~0.1.2~~2~1~13~12~0~0~2~2~5|141,181,123,141,171,181,131,111,115,151,282,151,131,141,181~31~0.1.2~~2~1~13~13~0~0~2~2~5
ORDINARY_LOSS;141,181,181,111,151,151,171,121,121,121,171,151,151,131,181~~~~0~1~0~0~0~0~1~1~5
ORDINARY_LOSS;121,121,121,131,161,121,141,181,171,161,141,181,151,181,171~~~~0~1~0~0~0~0~1~1~5
ORDINARY_LOSS;121,141,151,161,161,181,141,161,171,181,181,151,171,131,181~~~~0~1~0~0~0~0~1~1~5
ORDINARY_LOSS;161,131,121,141,181,111,161,111,131,121,131,111,171,121,181~~~~0~1~0~0~0~0~1~1~5
ORDINARY_LOSS;171,181,121,111,111,121,141,111,111,181,111,191,161,171,181~~~~0~1~0~0~0~0~1~1~5
ORDINARY_LOSS;111,111,181,121,121,171,171,171,161,181,161,131,111,131,121~~~~0~1~0~0~0~0~1~1~5
ORDINARY_WIN;181,181,131,181,131,181,131,181,131,171,181,181,171,181,281~42~~~0~0~0~0~0~0~1~1~5|121,141,161,151,151,141,111,181,131,121,131,171,111,161,171~~~~1~1~0~0~0~0~1~1~5
ORDINARY_LOSS;171,151,151,171,181,131,1a1,181,141,131,161,161,181,151,111~~~~0~1~0~0~0~0~1~1~5
ORDINARY_LOSS;141,141,151,171,121,171,171,131,181,151,131,161,131,121,161~~~~0~1~0~0~0~0~1~1~5
ORDINARY_LOSS;121,181,121,171,171,151,111,161,161,151,141,171,141,181,161~~~~0~1~0~0~0~0~1~1~5
ORDINARY_LOSS;141,141,161,111,141,131,121,181,161,151,141,141,121,161,181~~~~0~1~0~0~0~0~1~1~5
ORDINARY_LOSS;161,171,161,131,141,141,121,161,161,151,111,151,111,111,181~~~~0~1~0~0~0~0~1~1~5
ORDINARY_LOSS;141,141,181,111,121,1a1,111,121,131,151,121,141,141,181,151~~~~0~1~0~0~0~0~1~1~5
ORDINARY_LOSS;181,151,161,161,131,111,131,171,111,141,151,161,121,181,131~~~~0~1~0~0~0~0~1~1~5
ORDINARY_LOSS;151,111,131,111,111,151,171,121,181,171,111,171,171,181,151~~~~0~1~0~0~0~0~1~1~5
ORDINARY_LOSS;141,121,151,161,121,121,131,181,171,141,131,141,171,111,121~~~~0~1~0~0~0~0~1~1~5
ORDINARY_LOSS;141,171,111,111,171,111,181,121,181,111,121,141,181,151,171~~~~0~1~0~0~0~0~1~1~5
ORDINARY_LOSS;131,151,121,181,1a1,261,181,141,171,111,121,141,171,161,151~12~~~0~1~0~0~0~0~1~1~5
ORDINARY_LOSS;121,111,171,111,131,141,141,181,161,161,161,151,141,161,131~~~~0~1~0~0~0~0~1~1~5
ORDINARY_LOSS;121,181,111,141,1a1,131,131,131,171,131,121,151,161,131,151~~~~0~1~0~0~0~0~1~1~5
ORDINARY_LOSS;121,131,141,171,111,171,1a1,111,131,131,131,151,151,111,181~~~~0~1~0~0~0~0~1~1~5
ORDINARY_LOSS;111,1a1,111,121,181,141,151,131,171,181,171,171,131,141,131~~~~0~1~0~0~0~0~1~1~5
ORDINARY_LOSS;131,111,131,121,171,121,111,161,151,111,151,121,161,151,131~~~~0~1~0~0~0~0~1~1~5
ORDINARY_LOSS;181,141,181,171,111,151,121,121,171,121,151,121,141,111,131~~~~0~1~0~0~0~0~1~1~5
ORDINARY_LOSS;181,151,131,161,171,111,171,261,121,131,131,121,141,1a1,151~21~~~0~1~0~0~0~0~1~1~5
ORDINARY_LOSS;181,171,171,131,151,141,181,161,141,171,131,141,141,151,161~~~~0~1~0~0~0~0~1~1~5
ORDINARY_LOSS;121,231,121,161,131,111,161,171,141,171,171,121,121,1a1,111~1~~~0~1~0~0~0~0~1~1~0
ORDINARY_LOSS;141,181,181,161,151,151,181,111,161,111,131,181,121,151,181~~~~0~1~0~0~0~0~1~1~0
ORDINARY_LOSS;111,121,181,141,191,161,161,151,151,111,181,181,191,181,141~~~~0~1~0~0~0~0~1~1~0
ORDINARY_LOSS;1a1,181,161,161,121,181,151,131,121,161,181,111,131,111,111~~~~0~1~0~0~0~0~1~1~0
ORDINARY_LOSS;171,111,161,141,1a1,121,111,141,151,151,181,131,181,141,181~~~~0~1~0~0~0~0~1~1~0
ORDINARY_LOSS;151,181,171,141,171,111,131,131,161,111,131,121,121,141,161~~~~0~1~0~0~0~0~1~1~0
ORDINARY_LOSS;151,151,141,151,151,171,161,181,141,161,121,131,141,1a1,151~~~~0~1~0~0~0~0~1~1~0
ORDINARY_WIN;181,131,181,181,161,181,111,171,181,181,191,181,181,111,181~~~~0~0~0~0~0~0~1~1~1|151,151,131,161,161,161,131,111,171,161,171,151,151,121,111~~~~1~1~0~0~0~0~1~1~1
ORDINARY_LOSS;181,121,111,181,131,141,141,151,141,151,111,181,151,131,111~~~~0~1~0~0~0~0~1~1~1
ORDINARY_WIN;181,181,131,181,131,181,131,181,131,171,181,181,171,181,281~42~~~0~0~0~0~0~0~1~1~1|121,141,161,151,151,141,111,181,131,121,131,171,111,161,171~~~~1~1~0~0~0~0~1~1~1
ORDINARY_LOSS;171,161,111,141,161,121,171,181,111,171,111,111,161,181,141~~~~0~1~0~0~0~0~1~1~1
ORDINARY_WIN;121,131,191,281,111,181,181,141,181,161,181,181,181,181,181~10~~~0~0~0~0~0~0~1~1~2|131,121,131,181,151,111,161,111,141,121,181,161,141,171,111~~~~1~1~0~0~0~0~1~1~2
ORDINARY_LOSS;141,111,151,131,111,151,121,181,161,121,171,181,171,141,151~~~~0~1~0~0~0~0~1~1~2
ORDINARY_LOSS;131,131,111,131,171,131,121,141,161,121,121,171,111,141,151~~~~0~1~0~0~0~0~1~1~2
ORDINARY_LOSS;171,161,131,181,181,181,111,151,151,141,181,181,1a1,151,171~~~~0~1~0~0~0~0~1~1~2
ORDINARY_LOSS;121,141,181,151,131,151,121,181,111,151,121,181,161,171,111~~~~0~1~0~0~0~0~1~1~2
ORDINARY_LOSS;161,111,161,161,141,141,131,111,141,161,1a1,121,131,111,171~~~~0~1~0~0~0~0~1~1~2
ORDINARY_WIN;171,121,181,171,151,111,111,181,171,181,161,141,281,131,171~40~~~0~0~0~0~0~0~1~1~2|181,121,181,121,151,111,121,111,181,181,161,141,281,131,171~40~~~1~0~0~0~0~0~1~1~2|111,181,181,111,151,111,181,111,181,181,161,141,281,131,171~40~~~1~0~0~0~0~0~1~1~2|181,181,181,181,181,151,121,181,181,181,161,141,281,131,171~40~~~1~0~0~0~0~0~1~1~2|291,181,131,141,161,151,181,111,121,181,161,141,181,131,171~0~~~1~1~0~0~0~0~1~1~2
ORDINARY_LOSS;121,171,181,111,151,111,261,191,151,121,161,121,181,111,111~20~~~0~1~0~0~0~0~1~1~2
FREE_SPINS;1a1,121,151,171,131,181,181,171,141,171,141,1a1,161,1a1,171~~0.3.4~~2~1~10~0~0~0~1~1~2|181,161,191,121,151,171,162,151,131,161,162,171,181,125,141~~0.3.4~~2~0~10~1~0~0~2~2~2|161,181,161,131,121,171,152,161,131,161,162,171,181,125,141~~0.3.4~~2~1~10~1~0~0~2~2~2|161,151,161,173,131,161,131,131,151,151,123,125,161,111,111~~0.3.4~~2~1~10~2~0~0~2~2~2|111,181,171,183,121,131,121,181,112,131,181,141,191,121,151~~0.3.4~~2~0~10~3~0~0~2~2~2|161,111,171,293,121,131,161,121,112,131,131,141,161,121,151~10~0.3.4~~2~0~10~3~0~0~2~2~2|131,111,171,113,121,131,121,131,122,131,131,141,161,121,151~~0.3.4~~2~0~10~3~0~0~2~2~2|141,111,171,183,111,121,131,121,122,161,181,141,161,121,151~~0.3.4~~2~1~10~3~0~0~2~2~2|111,131,112,121,181,111,161,161,131,151,111,151,152,131,151~~0.3.4~~2~1~10~4~0~0~2~2~2|141,161,151,121,131,181,131,181,131,121,141,111,141,161,171~~0.3.4~~2~1~10~5~0~0~2~2~2|151,161,121,131,141,181,121,151,145,151,131,133,171,131,191~~0.3.4~~2~1~10~6~0~0~2~2~2|181,131,182,161,111,152,111,131,281,181,121,131,121,131,111~22~0.3.4~~2~1~10~7~0~0~2~2~2|181,112,151,141,181,161,121,183,161,151,171,141,151,182,151~~0.3.4~~2~0~10~8~0~0~2~2~2|181,112,151,141,141,161,121,123,161,151,171,141,151,182,151~~0.3.4~~2~1~10~8~0~0~2~2~2|141,115,171,193,115,151,171,141,111,181,182,173,171,181,121~~0.3.4~~2~0~10~9~0~0~2~2~2|181,135,111,183,145,151,181,111,121,111,182,183,111,181,121~~0.3.4~~2~0~10~9~0~0~2~2~2|161,135,111,133,145,151,181,111,121,131,132,113,181,111,121~~0.3.4~~2~1~10~9~0~0~2~2~2|151,111,161,121,141,181,161,131,121,171,181,151,171,111,131~~0.3.4~~2~1~10~10~0~0~2~2~2
ORDINARY_LOSS;151,131,161,171,121,161,181,151,171,131,151,131,151,171,141~~~~0~1~0~0~0~0~1~1~2
ORDINARY_LOSS;131,131,161,151,151,121,171,181,181,261,151,121,111,171,141~30~~~0~1~0~0~0~0~1~1~2
ORDINARY_LOSS;181,141,121,121,111,171,181,131,161,171,131,181,111,111,1a1~~~~0~1~0~0~0~0~1~1~2
ORDINARY_LOSS;141,121,121,171,181,181,121,111,111,1a1,121,171,131,151,111~~~~0~1~0~0~0~0~1~1~2
ORDINARY_LOSS;171,171,131,181,121,141,111,161,121,121,111,1a1,151,161,181~~~~0~1~0~0~0~0~1~1~2
ORDINARY_LOSS;141,141,161,121,121,111,161,181,121,171,151,171,181,111,151~~~~0~1~0~0~0~0~1~1~2
ORDINARY_LOSS;151,121,111,181,161,141,131,171,181,111,121,171,171,181,141~~~~0~1~0~0~0~0~1~1~2
ORDINARY_LOSS;141,111,121,171,181,171,151,121,131,151,161,111,141,121,141~~~~0~1~0~0~0~0~1~1~2
ORDINARY_WIN;181,181,181,181,121,171,181,171,191,181,121,181,181,181,151~~~~0~0~0~0~0~0~1~1~3|181,151,181,151,121,171,131,151,171,181,171,121,131,161,151~~~~1~0~0~0~0~0~1~1~3|171,181,181,141,121,171,141,131,171,181,171,121,131,161,151~~~~1~0~0~0~0~0~1~1~3|131,181,181,161,141,121,171,141,131,131,181,121,131,161,151~~~~1~1~0~0~0~0~1~1~3
ORDINARY_LOSS;181,141,161,181,161,121,171,131,131,121,181,141,111,161,111~~~~0~1~0~0~0~0~1~1~3
ORDINARY_LOSS;171,111,141,151,131,121,141,121,151,161,171,161,171,141,161~~~~0~1~0~0~0~0~1~1~3
ORDINARY_LOSS;131,111,141,131,121,131,181,141,181,1a1,131,141,181,111,131~~~~0~1~0~0~0~0~1~1~3
ORDINARY_LOSS;171,161,181,111,151,111,111,131,181,111,181,171,151,161,171~~~~0~1~0~0~0~0~1~1~3
ORDINARY_LOSS;161,111,131,121,151,111,131,141,141,121,111,171,161,131,121~~~~0~1~0~0~0~0~1~1~3
ORDINARY_LOSS;151,111,111,171,151,141,1a1,111,171,151,131,181,111,141,111~~~~0~1~0~0~0~0~1~1~3
ORDINARY_LOSS;111,131,171,141,141,121,151,171,131,121,141,151,171,111,131~~~~0~1~0~0~0~0~1~1~3
ORDINARY_WIN;121,131,181,171,171,131,121,131,141,121,171,131,171,171,131~~~~0~0~0~0~0~0~1~1~3|171,121,181,121,171,171,121,121,141,171,121,171,181,171,171~~~~1~0~0~0~0~0~1~1~3|271,171,181,131,171,171,171,161,141,171,171,171,181,171,171~0~~~1~0~0~0~0~0~1~1~3|131,181,181,141,161,131,121,161,141,181,161,151,121,181,181~~~~1~1~0~0~0~0~1~1~3
ORDINARY_LOSS;121,111,151,131,171,141,181,141,131,151,141,181,181,181,131~~~~0~1~0~0~0~0~1~1~3
ORDINARY_WIN;151,181,181,181,111,181,121,181,191,181,151,181,111,171,281~42~~~0~0~0~0~0~0~1~1~4|131,141,151,121,151,111,111,111,121,181,111,151,171,111,171~~~~1~1~0~0~0~0~1~1~4
ORDINARY_LOSS;171,121,131,181,181,161,121,141,151,171,1a1,121,111,161,181~~~~0~1~0~0~0~0~1~1~4
ORDINARY_LOSS;161,171,161,131,181,151,161,1a1,131,121,131,131,131,151,111~~~~0~1~0~0~0~0~1~1~4
ORDINARY_LOSS;131,161,121,141,181,111,1a1,111,111,181,161,171,121,111,111~~~~0~1~0~0~0~0~1~1~4
ORDINARY_LOSS;131,161,181,141,151,1a1,151,171,171,151,181,161,131,121,131~~~~0~1~0~0~0~0~1~1~4
ORDINARY_LOSS;111,121,131,1a1,161,141,171,131,151,151,161,111,141,111,121~~~~0~1~0~0~0~0~1~1~4
ORDINARY_LOSS;111,111,111,121,151,151,151,171,181,161,131,151,141,171,171~~~~0~1~0~0~0~0~1~1~4
ORDINARY_LOSS;141,181,111,261,121,161,131,121,111,111,121,161,171,161,121~10~~~0~1~0~0~0~0~1~1~4
ORDINARY_LOSS;161,161,151,111,151,181,121,181,161,131,151,171,111,171,151~~~~0~1~0~0~0~0~1~1~4
ORDINARY_LOSS;141,161,121,111,171,151,121,271,111,1a1,111,161,141,161,131~21~~~0~1~0~0~0~0~1~1~4
ORDINARY_WIN;121,131,181,171,171,131,121,131,141,121,171,131,171,171,131~~~~0~0~0~0~0~0~1~1~4|171,121,181,121,171,171,121,121,141,171,121,171,181,171,171~~~~1~0~0~0~0~0~1~1~4|271,171,181,131,171,171,171,161,141,171,171,171,181,171,171~0~~~1~0~0~0~0~0~1~1~4|131,181,181,141,161,131,121,161,141,181,161,151,121,181,181~~~~1~1~0~0~0~0~1~1~4
ORDINARY_LOSS;141,111,161,151,111,151,121,181,151,191,171,111,121,141,121~~~~0~1~0~0~0~0~1~1~4
ORDINARY_LOSS;111,131,111,111,121,161,161,181,161,141,181,151,181,141,111~~~~0~1~0~0~0~0~1~1~4
ORDINARY_LOSS;141,111,111,141,161,171,151,171,131,111,171,111,171,141,181~~~~0~1~0~0~0~0~1~1~4
ORDINARY_LOSS;111,161,131,151,161,131,151,111,111,161,121,161,141,151,131~~~~0~1~0~0~0~0~1~1~4
ORDINARY_LOSS;161,161,131,131,111,121,141,161,161,151,151,161,111,151,181~~~~0~1~0~0~0~0~1~1~4
ORDINARY_LOSS;181,1a1,161,121,131,141,131,141,151,131,161,171,151,111,121~~~~0~1~0~0~0~0~1~1~4
ORDINARY_LOSS;141,121,131,151,111,171,161,151,141,171,151,131,111,1a1,181~~~~0~1~0~0~0~0~1~1~4
ORDINARY_LOSS;111,131,181,181,141,131,111,151,151,161,151,171,141,141,141~~~~0~1~0~0~0~0~1~1~4
ORDINARY_LOSS;181,121,151,171,111,141,171,141,181,161,111,111,111,171,141~~~~0~1~0~0~0~0~1~1~5
ORDINARY_LOSS;181,181,111,141,131,171,161,131,151,171,131,111,111,121,141~~~~0~1~0~0~0~0~1~1~5
ORDINARY_LOSS;111,151,171,161,161,121,161,181,131,141,121,171,181,181,121~~~~0~1~0~0~0~0~1~1~5
ORDINARY_LOSS;141,131,151,111,171,171,151,151,131,131,181,111,121,151,121~~~~0~1~0~0~0~0~1~1~5
ORDINARY_LOSS;121,1a1,181,171,111,171,161,141,141,151,111,141,111,181,151~~~~0~1~0~0~0~0~1~1~5
ORDINARY_LOSS;171,141,111,121,161,181,141,131,151,171,151,111,151,121,141~~~~0~1~0~0~0~0~1~1~5
ORDINARY_LOSS;111,121,141,131,131,141,111,161,151,161,171,111,131,151,141~~~~0~1~0~0~0~0~1~1~5
ORDINARY_LOSS;151,141,141,131,141,181,151,171,121,161,191,171,161,111,121~~~~0~1~0~0~0~0~1~1~5
ORDINARY_LOSS;171,131,111,131,121,111,161,121,161,131,181,161,1a1,151,171~~~~0~1~0~0~0~0~1~1~5
ORDINARY_LOSS;161,171,121,111,111,131,151,111,161,181,151,111,131,121,141~~~~0~1~0~0~0~0~1~1~5
ORDINARY_LOSS;171,141,181,141,161,121,121,171,161,131,111,141,171,151,121~~~~0~1~0~0~0~0~1~1~5
ORDINARY_LOSS;141,151,141,151,141,161,131,161,111,111,141,131,121,161,121~~~~0~1~0~0~0~0~1~1~5
ORDINARY_LOSS;131,151,111,151,171,121,181,1a1,111,141,121,111,161,111,131~~~~0~1~0~0~0~0~1~1~5
ORDINARY_LOSS;141,111,111,151,121,111,181,151,121,131,161,121,161,161,171~~~~0~1~0~0~0~0~1~1~5
ORDINARY_LOSS;131,161,261,171,121,171,181,141,111,171,161,151,131,111,181~2~~~0~1~0~0~0~0~1~1~5
ORDINARY_LOSS;131,161,111,121,171,121,111,171,121,161,121,181,161,111,111~~~~0~1~0~0~0~0~1~1~5
ORDINARY_LOSS;171,121,131,141,181,151,141,151,111,111,161,111,151,171,181~~~~0~1~0~0~0~0~1~1~5
ORDINARY_LOSS;151,161,141,121,181,171,151,151,131,181,131,161,111,171,121~~~~0~1~0~0~0~0~1~1~5
ORDINARY_WIN;181,181,171,281,151,181,181,161,181,131,181,181,181,151,151~10~~~0~0~0~0~0~0~1~1~5|151,141,171,131,111,151,181,151,161,171,121,131,171,151,151~~~~1~0~0~0~0~0~1~1~5|131,141,171,151,131,111,171,181,161,171,121,131,171,151,151~~~~1~1~0~0~0~0~1~1~5
ORDINARY_LOSS;161,171,161,111,1a1,151,111,161,141,181,131,151,141,191,171~~~~0~1~0~0~0~0~1~1~5
ORDINARY_LOSS;131,121,131,171,141,161,161,171,151,121,171,181,181,121,151~~~~0~1~0~0~0~0~1~1~5
ORDINARY_LOSS;171,161,141,111,171,151,151,121,131,171,121,171,121,111,161~~~~0~1~0~0~0~0~1~1~5
ORDINARY_LOSS;111,171,171,161,171,131,111,111,161,171,141,131,131,131,111~~~~0~1~0~0~0~0~1~1~5
ORDINARY_LOSS;161,131,1a1,161,111,151,181,111,151,161,131,171,171,131,131~~~~0~1~0~0~0~0~1~1~5
ORDINARY_LOSS;141,151,151,111,161,181,151,171,141,151,181,141,141,161,131~~~~0~1~0~0~0~0~1~1~5
ORDINARY_LOSS;151,121,111,161,121,121,131,161,181,291,111,181,151,121,161~30~~~0~1~0~0~0~0~1~1~5
ORDINARY_LOSS;181,171,131,151,181,181,111,131,131,121,181,131,161,151,171~~~~0~1~0~0~0~0~1~1~5
FREE_SPINS;171,181,1a1,1a1,151,141,171,121,111,131,161,151,1a1,181,111~~0.1.4~~2~1~10~0~0~0~1~1~5|171,111,171,151,181,121,171,141,161,131,181,181,121,151,171~~0.1.4~~2~1~10~1~0~0~2~2~5|161,141,191,151,161,151,141,121,161,161,171,171,131,121,131~~0.1.4~~2~0~10~2~0~0~2~2~5|121,141,141,141,151,151,171,141,121,111,171,171,131,121,131~~0.1.4~~2~0~10~2~0~0~2~2~5|181,181,121,171,151,151,111,171,121,111,171,171,131,121,131~~0.1.4~~2~1~10~2~0~0~2~2~5|121,131,181,151,111,183,188,111,113,161,185,181,125,151,131~~0.1.4~~2~0~10~3~0~0~2~2~5|181,121,131,181,151,113,148,111,113,111,115,161,125,151,131~~0.1.4~~2~1~10~3~0~0~2~2~5|161,121,141,185,122,121,151,181,161,111,141,131,141,161,181~~0.1.4~~2~1~10~4~0~0~2~2~5|141,181,121,141,161,111,121,151,151,161,171,181,151,141,161~~0.1.4~~2~1~10~5~0~0~2~2~5|141,181,111,181,121,131,111,151,151,131,151,161,131,141,151~~0.1.4~~2~1~10~6~0~0~2~2~5|155,151,171,151,121,131,161,121,171,171,141,181,141,111,161~~0.1.4~~2~1~10~7~0~0~2~2~5|111,181,131,111,132,121,181,131,171,132,151,181,171,291,131~41~0.1.4~~2~0~10~8~0~0~2~2~5|151,111,181,161,112,121,171,181,171,182,151,181,151,181,171~~0.1.4~~2~1~10~8~0~0~2~2~5|151,141,141,161,121,121,141,171,111,171,181,171,141,111,151~~0.1.4~0-3~2~1~13~9~0~0~2~2~5|161,141,131,151,161,123,131,121,151,161,161,173,161,151,131~~0.1.4~~2~1~13~10~0~0~2~2~5|151,111,141,151,181,161,133,181,181,161,163,161,171,141,151~~0.1.4~~2~1~13~11~0~0~2~2~5|141,151,131,131,151,151,181,171,155,131,141,122,171,161,111~~0.1.4~~2~0~13~12~0~0~2~2~5|221,141,131,121,121,131,181,181,175,131,141,122,171,161,111~0~0.1.4~~2~1~13~12~0~0~2~2~5|131,131,161,111,132,151,121,191,165,161,131,141,131,121,121~~0.1.4~~2~0~13~13~0~0~2~2~5|161,171,161,141,112,151,171,121,165,121,161,141,131,121,121~~0.1.4~~2~1~13~13~0~0~2~2~5
ORDINARY_LOSS;111,141,121,171,111,1a1,131,161,151,171,171,131,111,171,111~~~~0~1~0~0~0~0~1~1~5
ORDINARY_WIN;171,151,131,171,181,171,181,171,121,171,181,181,181,181,111~~~~0~0~0~0~0~0~1~1~5|181,151,131,281,151,181,181,181,121,171,181,181,181,181,111~10~~~1~0~0~0~0~0~1~1~5|141,151,131,181,111,151,121,161,121,171,181,171,161,151,111~~~~1~1~0~0~0~0~1~1~5
ORDINARY_LOSS;131,131,141,131,121,111,151,171,141,111,121,161,151,131,1a1~~~~0~1~0~0~0~0~1~1~5
ORDINARY_LOSS;171,181,131,171,151,171,141,131,161,151,141,121,141,161,161~~~~0~1~0~0~0~0~1~1~5
ORDINARY_LOSS;181,131,151,151,181,171,161,111,171,1a1,171,181,161,131,181~~~~0~1~0~0~0~0~1~1~5
ORDINARY_LOSS;141,151,111,161,161,131,151,141,161,131,111,171,181,111,151~~~~0~1~0~0~0~0~1~1~5
ORDINARY_LOSS;181,151,151,171,171,121,171,271,151,161,161,111,111,141,111~21~~~0~1~0~0~0~0~1~1~5
ORDINARY_WIN;171,271,131,171,171,141,171,171,151,171,171,161,111,171,171~1~~~0~0~0~0~0~0~1~1~5|121,151,131,151,171,141,151,181,151,181,121,161,171,171,111~~~~1~0~0~0~0~0~1~1~5|141,121,131,181,171,141,181,151,181,181,121,161,171,171,111~~~~1~1~0~0~0~0~1~1~5
ORDINARY_LOSS;141,1a1,141,151,171,171,111,111,171,181,141,111,171,111,151~~~~0~1~0~0~0~0~1~1~5
ORDINARY_WIN;181,131,181,171,181,141,181,111,181,121,181,181,181,181,181~~~~0~0~0~0~0~0~1~1~5|171,151,131,181,171,141,171,151,111,181,131,121,141,151,121~~~~1~0~0~0~0~0~1~1~5|171,151,131,131,181,141,181,151,111,181,131,121,141,151,121~~~~1~1~0~0~0~0~1~1~5
ORDINARY_LOSS;131,111,181,171,151,131,121,141,161,161,161,151,151,131,171~~~~0~1~0~0~0~0~1~1~5
ORDINARY_LOSS;121,141,181,111,171,121,141,141,171,111,121,161,141,111,171~~~~0~1~0~0~0~0~1~1~5
ORDINARY_LOSS;161,141,171,1a1,111,131,141,151,161,121,171,111,171,141,151~~~~0~1~0~0~0~0~1~1~5
ORDINARY_LOSS;111,181,181,171,131,141,121,171,111,121,121,111,181,111,151~~~~0~1~0~0~0~0~1~1~5
ORDINARY_WIN;281,281,181,141,181,181,181,181,111,131,181,131,161,121,181~0.1~~~0~0~0~0~0~0~1~1~5|131,131,171,111,171,141,111,161,111,161,131,131,161,161,121~~~~1~1~0~0~0~0~1~1~5
ORDINARY_LOSS;131,111,181,151,171,171,181,161,131,131,171,171,131,1a1,171~~~~0~1~0~0~0~0~1~1~5
ORDINARY_LOSS;171,121,161,151,111,111,131,171,171,111,171,111,181,141,111~~~~0~1~0~0~0~0~1~1~5
ORDINARY_LOSS;161,121,141,181,161,131,151,111,121,161,131,111,161,161,121~~~~0~1~0~0~0~0~1~1~5
ORDINARY_LOSS;131,181,161,141,141,171,141,141,111,171,111,161,181,181,131~~~~0~1~0~0~0~0~1~1~5
ORDINARY_WIN;181,121,181,181,161,181,151,171,181,181,181,181,141,181,181~~~~0~0~0~0~0~0~1~1~5|131,121,121,121,171,161,181,151,171,111,171,121,171,171,141~~~~1~1~0~0~0~0~1~1~5
ORDINARY_LOSS;111,131,161,171,141,1a1,151,111,111,171,181,171,141,171,171~~~~0~1~0~0~0~0~1~1~5
ORDINARY_LOSS;151,131,121,141,151,181,121,121,171,161,151,161,131,141,161~~~~0~1~0~0~0~0~1~1~5
ORDINARY_LOSS;131,181,131,111,111,171,121,131,141,131,111,181,151,1a1,181~~~~0~1~0~0~0~0~1~1~5
ORDINARY_LOSS;111,161,111,141,161,121,171,121,121,141,111,171,121,121,171~~~~0~1~0~0~0~0~1~1~5
ORDINARY_LOSS;171,111,171,171,131,111,181,181,141,111,121,171,141,171,151~~~~0~1~0~0~0~0~1~1~5
ORDINARY_LOSS;161,151,181,131,121,161,111,111,141,171,171,111,161,181,161~~~~0~1~0~0~0~0~1~1~5
ORDINARY_LOSS;121,161,121,151,141,241,111,181,181,151,121,131,181,121,121~12~~~0~1~0~0~0~0~1~1~5
ORDINARY_LOSS;181,181,111,161,141,151,111,141,191,131,121,131,111,121,181~~~~0~1~0~0~0~0~1~1~5
ORDINARY_WIN;171,151,131,171,181,171,181,171,121,171,181,181,181,181,111~~~~0~0~0~0~0~0~1~1~5|181,151,131,281,151,181,181,181,121,171,181,181,181,181,111~10~~~1~0~0~0~0~0~1~1~5|141,151,131,181,111,151,121,161,121,171,181,171,161,151,111~~~~1~1~0~0~0~0~1~1~5
ORDINARY_LOSS;161,161,131,181,1a1,111,121,151,161,121,111,141,131,111,141~~~~0~1~0~0~0~0~1~1~5
ORDINARY_LOSS;151,161,161,151,161,121,111,171,121,151,1a1,171,151,141,141~~~~0~1~0~0~0~0~1~1~5
ORDINARY_LOSS;121,131,131,111,111,141,141,121,121,131,171,111,121,151,171~~~~0~1~0~0~0~0~1~1~5
ORDINARY_LOSS;121,151,121,181,131,181,131,141,171,151,171,121,161,171,121~~~~0~1~0~0~0~0~1~1~5
ORDINARY_WIN;181,181,171,161,181,181,181,181,171,181,151,181,181,161,181~~~~0~0~0~0~0~0~1~1~5|121,181,171,121,131,161,161,111,171,141,171,151,181,111,161~~~~1~1~0~0~0~0~1~1~5
ORDINARY_LOSS;171,141,121,111,151,111,121,111,181,181,111,121,141,191,131~~~~0~1~0~0~0~0~1~1~5
ORDINARY_LOSS;1a1,161,271,181,151,111,181,131,181,111,121,131,131,131,121~2~~~0~1~0~0~0~0~1~1~5
ORDINARY_LOSS;141,181,141,121,181,131,171,121,141,181,141,181,141,151,161~~~~0~1~0~0~0~0~1~1~5
ORDINARY_LOSS;161,131,141,151,141,141,161,111,181,121,141,161,141,111,111~~~~0~1~0~0~0~0~1~1~5
FREE_SPINS;111,151,111,161,1a1,181,1a1,111,181,1a1,181,171,121,161,181~~1.2.3~~2~1~10~0~0~0~1~1~5|161,151,141,121,111,121,151,151,131,181,121,141,161,171,111~~1.2.3~~2~1~10~1~0~0~2~2~5|182,171,141,181,153,171,181,131,181,171,111,172,111,291,171~41~1.2.3~~2~0~10~2~0~0~2~2~5|172,171,141,131,153,171,171,141,131,171,111,172,111,291,171~41~1.2.3~~2~0~10~2~0~0~2~2~5|182,171,141,121,133,151,171,141,131,111,171,112,111,121,111~~1.2.3~~2~1~10~2~0~0~2~2~5|171,142,171,131,121,111,171,111,151,181,111,161,121,121,181~~1.2.3~~2~1~10~3~0~0~2~2~5|171,181,181,112,181,131,111,181,171,162,171,121,121,181,151~~1.2.3~~2~0~10~4~0~0~2~2~5|171,171,171,142,111,131,181,111,171,162,171,121,121,181,151~~1.2.3~~2~1~10~4~0~0~2~2~5|151,111,181,131,161,172,151,151,111,121,121,131,161,181,111~~1.2.3~~2~1~10~5~0~0~2~2~5|131,131,181,161,161,121,152,161,111,161,161,181,121,151,151~~1.2.3~4-2~2~1~12~6~0~0~2~2~5|141,191,181,141,181,151,111,151,111,141,111,141,141,141,141~~1.2.3~~2~0~12~7~0~0~2~2~5|121,141,181,121,141,181,241,111,111,141,111,141,141,141,141~20~1.2.3~~2~0~12~7~0~0~2~2~5|161,121,181,191,121,181,141,111,111,131,151,111,171,181,171~~1.2.3~~2~1~12~7~0~0~2~2~5|141,131,151,141,121,141,161,181,171,181,151,121,121,161,161~~1.2.3~~2~1~12~8~0~0~2~2~5|161,141,111,171,121,131,141,133,151,181,111,181,161,111,161~~1.2.3~~2~1~12~9~0~0~2~2~5|111,161,141,181,171,151,111,121,125,181,181,181,131,151,121~~1.2.3~~2~1~12~10~0~0~2~2~5|131,181,133,181,141,141,161,151,142,151,171,171,151,141,151~~1.2.3~~2~1~12~11~0~0~2~2~5|141,141,151,161,161,121,121,111,111,111,131,141,161,111,171~~1.2.3~~2~1~12~12~0~0~2~2~5
ORDINARY_LOSS;131,161,181,161,121,171,171,151,151,171,181,141,111,121,171~~~~0~1~0~0~0~0~1~1~5
ORDINARY_LOSS;171,181,121,181,111,181,151,111,1a1,131,131,121,131,131,141~~~~0~1~0~0~0~0~1~1~5
ORDINARY_LOSS;161,161,181,191,111,111,121,121,151,181,141,1a1,131,131,111~~~~0~1~0~0~0~0~1~1~5
ORDINARY_LOSS;141,181,171,121,111,161,131,171,151,161,121,131,141,151,181~~~~0~1~0~0~0~0~1~1~5
ORDINARY_LOSS;141,131,181,131,121,171,171,121,161,131,181,181,151,181,121~~~~0~1~0~0~0~0~1~1~5
ORDINARY_LOSS;151,121,181,121,121,171,161,131,181,131,171,181,141,121,121~~~~0~1~0~0~0~0~1~1~5
ORDINARY_LOSS;171,141,161,111,161,161,131,111,131,181,161,151,121,181,151~~~~0~1~0~0~0~0~1~1~5
ORDINARY_LOSS;181,161,181,151,181,171,141,161,111,181,161,161,111,121,171~~~~0~1~0~0~0~0~1~1~5
ORDINARY_LOSS;141,121,121,171,121,141,161,161,131,141,181,171,121,171,171~~~~0~1~0~0~0~0~1~1~5
ORDINARY_LOSS;131,121,181,151,131,121,171,171,151,121,121,161,111,181,181~~~~0~1~0~0~0~0~1~1~5
ORDINARY_LOSS;161,121,1a1,111,171,141,141,141,121,151,121,171,141,161,151~~~~0~1~0~0~0~0~1~1~5
ORDINARY_LOSS;181,171,171,1a1,261,161,131,111,161,181,141,111,151,191,161~11~~~0~1~0~0~0~0~1~1~5
ORDINARY_LOSS;151,171,121,121,181,131,131,1a1,151,161,161,111,111,151,121~~~~0~1~0~0~0~0~1~1~5
ORDINARY_LOSS;121,171,1a1,121,161,111,171,151,131,131,161,171,131,181,151~~~~0~1~0~0~0~0~1~1~5
ORDINARY_LOSS;261,141,161,111,151,1a1,171,121,161,131,151,181,171,161,181~0~~~0~1~0~0~0~0~1~1~5
ORDINARY_LOSS;111,171,131,161,111,181,131,151,221,141,171,161,141,131,171~22~~~0~1~0~0~0~0~1~1~5
ORDINARY_WIN;181,181,171,161,181,181,181,181,171,181,151,181,181,161,181~~~~0~0~0~0~0~0~1~1~5|121,181,171,121,131,161,161,111,171,141,171,151,181,111,161~~~~1~1~0~0~0~0~1~1~5
ORDINARY_LOSS;131,161,131,121,151,161,171,111,1a1,151,151,161,181,111,111~~~~0~1~0~0~0~0~1~1~5
ORDINARY_LOSS;171,171,181,161,141,111,141,171,121,121,111,181,141,181,131~~~~0~1~0~0~0~0~1~1~5
ORDINARY_LOSS;161,181,171,151,161,111,111,131,181,141,181,151,121,171,141~~~~0~1~0~0~0~0~1~1~5
ORDINARY_WIN;171,271,131,171,171,141,171,171,151,171,171,161,111,171,171~1~~~0~0~0~0~0~0~1~1~5|121,151,131,151,171,141,151,181,151,181,121,161,171,171,111~~~~1~0~0~0~0~0~1~1~5|141,121,131,181,171,141,181,151,181,181,121,161,171,171,111~~~~1~1~0~0~0~0~1~1~5
ORDINARY_LOSS;151,161,111,171,141,181,171,161,161,161,141,111,151,181,111~~~~0~1~0~0~0~0~1~1~5
ORDINARY_LOSS;151,131,111,171,151,181,121,181,161,181,111,131,181,181,161~~~~0~1~0~0~0~0~1~1~5
ORDINARY_LOSS;121,161,171,171,141,121,111,181,131,121,111,161,141,111,161~~~~0~1~0~0~0~0~1~1~5
ORDINARY_LOSS;171,171,171,171,121,171,181,151,181,121,171,181,151,151,141~~~~0~1~0~0~0~0~1~1~5
ORDINARY_LOSS;121,111,121,111,151,141,151,121,161,171,141,181,171,151,151~~~~0~1~0~0~0~0~1~1~5
ORDINARY_WIN;181,181,181,121,181,181,181,111,161,171,181,181,121,181,181~~~~0~0~0~0~0~0~1~1~5|121,171,161,131,161,121,151,111,161,181,141,171,151,141,121~~~~1~0~0~0~0~0~1~1~5|141,121,171,121,131,121,111,151,111,181,141,171,151,141,121~~~~1~1~0~0~0~0~1~1~5
ORDINARY_LOSS;131,111,131,141,151,131,151,141,111,121,171,181,171,111,131~~~~0~1~0~0~0~0~1~1~5
ORDINARY_LOSS;131,131,131,121,131,111,181,171,181,181,181,151,141,171,141~~~~0~1~0~0~0~0~1~1~5
ORDINARY_LOSS;121,121,181,151,161,111,141,181,181,191,141,161,151,171,171~~~~0~1~0~0~0~0~1~1~5
ORDINARY_LOSS;151,111,141,111,131,161,141,171,121,131,111,161,131,151,131~~~~0~1~0~0~0~0~1~1~5
ORDINARY_LOSS;111,171,151,151,111,131,131,161,141,141,121,161,121,171,151~~~~0~1~0~0~0~0~1~1~5
ORDINARY_LOSS;181,131,181,161,131,151,151,171,161,131,191,121,181,161,171~~~~0~1~0~0~0~0~1~1~5
ORDINARY_LOSS;151,151,1a1,111,171,181,181,151,161,111,111,181,171,151,111~~~~0~1~0~0~0~0~1~1~5
ORDINARY_LOSS;121,151,171,181,141,111,161,121,181,151,151,1a1,151,141,121~~~~0~1~0~0~0~0~1~1~5
ORDINARY_LOSS;111,141,111,131,111,161,151,1a1,121,111,181,131,151,121,111~~~~0~1~0~0~0~0~1~1~5
FREE_SPINS;1a1,181,131,161,181,131,1a1,141,151,1a1,161,141,111,121,131~~0.2.3~~2~1~10~0~0~0~1~1~5|151,171,151,151,121,111,141,171,161,141,181,181,121,131,131~~0.2.3~~2~1~10~1~0~0~2~2~5|161,111,131,141,161,161,151,161,121,171,151,121,121,171,181~~0.2.3~3-2~2~0~12~2~0~0~2~2~5|111,111,131,111,121,141,121,151,121,171,151,121,121,171,181~~0.2.3~~2~1~12~2~0~0~2~2~5|131,111,181,181,121,111,131,111,111,151,131,291,161,161,171~32~0.2.3~~2~0~12~3~0~0~2~2~5|151,131,181,131,181,121,121,131,131,141,151,131,161,161,171~~0.2.3~~2~0~12~3~0~0~2~2~5|111,151,181,161,181,121,151,161,121,151,141,151,161,161,171~~0.2.3~~2~1~12~3~0~0~2~2~5|111,121,111,171,171,161,121,181,171,171,171,151,131,141,171~~0.2.3~~2~1~12~4~0~0~2~2~5|131,161,121,121,161,161,291,153,141,121,173,165,161,151,131~20~0.2.3~~2~0~12~5~0~0~2~2~5|131,131,131,131,141,111,171,153,141,111,123,175,161,151,131~~0.2.3~~2~1~12~5~0~0~2~2~5|161,165,132,121,153,161,121,181,111,181,171,181,181,121,162~~0.2.3~~2~1~12~6~0~0~2~2~5|121,141,181,121,161,181,211,181,181,171,181,171,181,181,151~20~0.2.3~~2~0~12~7~0~0~2~2~5|151,121,141,161,121,161,111,121,211,111,171,171,141,161,151~22~0.2.3~~2~0~12~7~0~0~2~2~5|171,151,141,131,161,161,111,111,211,111,171,171,141,161,151~22~0.2.3~~2~1~12~7~0~0~2~2~5|191,181,111,161,141,121,131,121,151,111,131,111,171,171,141~~0.2.3~3-1~2~0~13~8~0~0~2~2~5|141,181,111,181,161,141,171,131,151,111,131,111,171,171,141~~0.2.3~~2~1~13~8~0~0~2~2~5|141,183,161,111,181,141,161,131,151,181,151,141,141,113,155~~0.2.3~~2~1~13~9~0~0~2~2~5|171,171,1210,112,171,161,125,141,192,131,161,141,131,171,141~~0.2.3~~2~0~13~10~0~0~2~2~5|161,141,1210,182,111,161,165,121,142,131,161,141,131,171,141~~0.2.3~~2~0~13~10~0~0~2~2~5|141,141,1210,182,181,111,165,121,142,121,131,141,131,171,141~~0.2.3~~2~1~13~10~0~0~2~2~5|111,121,121,151,111,133,111,121,131,181,131,171,131,141,171~~0.2.3~4-2~2~0~15~11~0~0~2~2~5|111,121,121,151,151,133,181,121,131,181,131,171,131,141,171~~0.2.3~~2~1~15~11~0~0~2~2~5|151,111,181,181,161,151,141,131,171,111,151,141,171,161,171~~0.2.3~~2~1~15~12~0~0~2~2~5|181,171,111,141,151,131,162,121,121,182,161,161,141,161,171~~0.2.3~~2~1~15~13~0~0~2~2~5|111,151,171,151,1710,111,131,171,181,172,121,131,131,121,111~~0.2.3~~2~0~15~14~0~0~2~2~5|161,111,151,111,1510,111,171,131,181,122,121,131,131,121,111~~0.2.3~~2~1~15~14~0~0~2~2~5|141,181,111,141,121,182,171,111,171,131,113,131,131,151,121~~0.2.3~~2~1~15~15~0~0~2~2~5
ORDINARY_LOSS;181,171,141,161,151,141,181,131,161,181,161,151,121,171,181~~~~0~1~0~0~0~0~1~1~5
ORDINARY_WIN;171,171,151,171,271,161,161,171,171,151,171,171,171,161,171~11~~~0~0~0~0~0~0~1~1~5|111,141,151,171,151,161,151,141,161,151,161,151,151,131,161~~~~1~0~0~0~0~0~1~1~5|111,111,141,141,171,161,181,141,161,171,121,161,141,131,161~~~~1~0~0~0~0~0~1~1~5|161,111,111,121,171,161,151,181,161,171,121,161,141,131,161~~~~1~0~0~0~0~0~1~1~5|131,111,111,151,121,171,141,151,181,161,171,121,181,141,131~~~~1~1~0~0~0~0~1~1~5
ORDINARY_LOSS;141,161,161,151,111,121,141,111,121,131,141,121,131,131,121~~~~0~1~0~0~0~0~1~1~5
ORDINARY_LOSS;1a1,111,151,161,181,111,161,131,151,141,171,161,151,161,181~~~~0~1~0~0~0~0~1~1~5
ORDINARY_LOSS;151,131,181,141,131,131,141,161,111,121,251,1a1,131,121,171~31~~~0~1~0~0~0~0~1~1~5
ORDINARY_LOSS;151,131,131,171,111,181,181,181,181,161,111,151,131,181,171~~~~0~1~0~0~0~0~1~1~5
ORDINARY_WIN;171,271,131,171,171,141,171,171,151,171,171,161,111,171,171~1~~~0~0~0~0~0~0~1~1~5|121,151,131,151,171,141,151,181,151,181,121,161,171,171,111~~~~1~0~0~0~0~0~1~1~5|141,121,131,181,171,141,181,151,181,181,121,161,171,171,111~~~~1~1~0~0~0~0~1~1~5
ORDINARY_LOSS;151,161,191,171,161,141,111,151,111,151,131,111,141,141,181~~~~0~1~0~0~0~0~1~1~5
ORDINARY_LOSS;121,111,141,131,131,141,181,111,161,1a1,161,161,161,121,121~~~~0~1~0~0~0~0~1~1~5
ORDINARY_LOSS;171,141,141,131,141,131,111,151,121,181,181,131,141,121,141~~~~0~1~0~0~0~0~1~1~5
ORDINARY_LOSS;141,141,151,181,141,161,111,171,121,121,111,111,161,131,111~~~~0~1~0~0~0~0~1~1~5
ORDINARY_LOSS;171,181,121,151,131,151,131,181,161,111,181,161,171,181,171~~~~0~1~0~0~0~0~1~1~5
ORDINARY_LOSS;171,141,141,161,151,111,161,171,151,131,171,1a1,111,181,111~~~~0~1~0~0~0~0~1~1~5
ORDINARY_LOSS;151,151,121,171,171,181,121,121,121,131,211,1a1,161,121,141~31~~~0~1~0~0~0~0~1~1~5
ORDINARY_LOSS;171,171,181,111,111,161,111,121,181,1a1,111,151,141,181,151~~~~0~1~0~0~0~0~1~1~5
ORDINARY_LOSS;121,161,151,121,111,181,111,131,161,171,161,181,121,181,141~~~~0~1~0~0~0~0~1~1~5
ORDINARY_LOSS;181,171,111,171,141,111,1a1,151,181,161,171,181,111,121,121~~~~0~1~0~0~0~0~1~1~5
ORDINARY_LOSS;151,171,111,161,1a1,171,111,111,161,121,121,161,121,161,161~~~~0~1~0~0~0~0~1~1~5
ORDINARY_LOSS;141,121,141,181,121,171,171,141,171,131,111,121,131,181,111~~~~0~1~0~0~0~0~1~1~5
ORDINARY_LOSS;1a1,161,281,141,121,141,111,131,151,161,111,141,111,131,151~2~~~0~1~0~0~0~0~1~1~5
ORDINARY_LOSS;1a1,141,151,171,131,121,161,151,131,131,111,131,151,181,151~~~~0~1~0~0~0~0~1~1~5
ORDINARY_LOSS;161,141,121,151,151,151,131,151,131,131,131,141,151,181,141~~~~0~1~0~0~0~0~1~1~5
ORDINARY_LOSS;151,171,151,111,131,181,161,131,121,171,171,161,131,131,181~~~~0~1~0~0~0~0~1~1~5
ORDINARY_LOSS;111,141,141,191,121,141,121,181,181,111,181,131,121,131,151~~~~0~1~0~0~0~0~1~1~5
ORDINARY_LOSS;171,181,111,151,121,141,141,121,181,141,111,131,151,181,171~~~~0~1~0~0~0~0~1~1~5
ORDINARY_LOSS;111,161,111,141,121,181,161,151,171,131,121,131,111,111,181~~~~0~1~0~0~0~0~1~1~5
ORDINARY_LOSS;111,1a1,141,121,181,131,151,181,171,121,131,131,111,181,111~~~~0~1~0~0~0~0~1~1~5
ORDINARY_LOSS;141,111,111,161,151,111,121,121,181,171,141,111,141,161,161~~~~0~1~0~0~0~0~1~1~5
ORDINARY_WIN;181,121,181,181,161,181,151,171,181,181,181,181,141,181,181~~~~0~0~0~0~0~0~1~1~5|131,121,121,121,171,161,181,151,171,111,171,121,171,171,141~~~~1~1~0~0~0~0~1~1~5
ORDINARY_LOSS;111,181,181,1a1,161,111,181,121,141,131,161,131,141,171,121~~~~0~1~0~0~0~0~1~1~5
ORDINARY_LOSS;171,141,121,131,121,141,181,171,181,111,121,131,131,121,181~~~~0~1~0~0~0~0~1~1~5
ORDINARY_LOSS;121,181,141,111,161,151,111,111,111,161,121,111,121,181,131~~~~0~1~0~0~0~0~1~1~5
ORDINARY_LOSS;121,141,141,151,161,171,111,161,151,141,121,161,111,161,131~~~~0~1~0~0~0~0~1~1~5
ORDINARY_LOSS;1a1,141,161,111,181,171,141,281,141,121,111,131,151,171,141~21~~~0~1~0~0~0~0~1~1~5
ORDINARY_LOSS;141,121,151,181,131,161,141,1a1,141,161,121,131,121,121,121~~~~0~1~0~0~0~0~1~1~5
ORDINARY_LOSS;111,181,161,141,1a1,171,161,181,161,131,161,131,181,181,161~~~~0~1~0~0~0~0~1~1~5
ORDINARY_LOSS;131,161,171,161,151,141,171,131,171,111,1a1,111,181,181,131~~~~0~1~0~0~0~0~1~1~5
ORDINARY_WIN;181,181,171,281,151,181,181,161,181,131,181,181,181,151,151~10~~~0~0~0~0~0~0~1~1~5|151,141,171,131,111,151,181,151,161,171,121,131,171,151,151~~~~1~0~0~0~0~0~1~1~5|131,141,171,151,131,111,171,181,161,171,121,131,171,151,151~~~~1~1~0~0~0~0~1~1~5
ORDINARY_LOSS;151,141,141,181,141,171,1a1,131,131,181,151,131,151,141,111~~~~0~1~0~0~0~0~1~1~5
ORDINARY_LOSS;151,181,161,141,121,141,131,121,161,111,171,171,181,161,131~~~~0~1~0~0~0~0~1~1~5
ORDINARY_LOSS;171,171,161,161,151,151,121,171,151,151,161,141,161,141,151~~~~0~1~0~0~0~0~1~1~5
ORDINARY_WIN;181,181,171,161,181,181,181,181,171,181,151,181,181,161,181~~~~0~0~0~0~0~0~1~1~5|121,181,171,121,131,161,161,111,171,141,171,151,181,111,161~~~~1~1~0~0~0~0~1~1~5
ORDINARY_LOSS;141,171,181,141,151,161,131,181,161,151,151,151,121,141,121~~~~0~1~0~0~0~0~1~1~5
ORDINARY_LOSS;151,181,121,161,181,111,151,121,161,151,111,171,191,121,181~~~~0~1~0~0~0~0~1~1~5
ORDINARY_LOSS;141,111,181,181,171,181,121,111,161,141,1a1,121,121,181,151~~~~0~1~0~0~0~0~1~1~5
ORDINARY_LOSS;151,151,141,121,131,171,161,111,131,121,121,161,111,141,151~~~~0~1~0~0~0~0~1~1~5
ORDINARY_LOSS;111,141,171,171,121,151,181,161,131,121,171,151,121,111,111~~~~0~1~0~0~0~0~1~1~5
FREE_SPINS;1a1,171,151,141,121,151,111,131,171,121,1a1,151,111,161,1a1~~0.3.4~~2~1~10~0~0~0~1~1~5|171,121,123,181,151,111,162,151,141,181,161,121,131,121,153~~0.3.4~~2~1~10~1~0~0~2~2~5|171,171,151,121,121,171,121,111,151,181,161,141,141,171,131~~0.3.4~~2~1~10~2~0~0~2~2~5|171,141,131,131,111,151,171,141,161,131,171,183,111,111,131~~0.3.4~~2~1~10~3~0~0~2~2~5|181,151,131,131,161,141,151,121,121,151,161,131,121,171,141~~0.3.4~12-3~2~1~13~4~0~0~2~2~5|181,141,151,111,141,171,181,141,141,121,131,121,171,111,171~~0.3.4~~2~0~13~5~0~0~2~2~5|171,181,151,121,111,171,121,131,181,121,131,121,171,111,171~~0.3.4~~2~1~13~5~0~0~2~2~5|181,181,121,111,171,111,151,141,131,171,171,181,141,181,181~~0.3.4~~2~1~13~6~0~0~2~2~5|181,181,173,151,151,151,121,1310,161,131,161,151,181,111,171~~0.3.4~~2~1~13~7~0~0~2~2~5|171,181,111,121,121,131,111,181,131,151,171,121,181,131,161~~0.3.4~~2~1~13~8~0~0~2~2~5|181,121,161,141,122,121,131,181,151,161,163,131,181,131,121~~0.3.4~2-1~2~1~14~9~0~0~2~2~5|131,111,151,121,121,141,181,161,171,141,171,171,161,161,121~~0.3.4~~2~1~14~10~0~0~2~2~5|171,133,121,181,161,151,121,161,111,181,151,131,171,141,161~~0.3.4~14-1~2~1~15~11~0~0~2~2~5|151,131,121,251,141,141,181,151,141,121,132,151,131,113,151~10~0.3.4~~2~0~15~12~0~0~2~2~5|121,131,121,151,141,141,161,181,141,131,122,131,161,133,111~~0.3.4~~2~1~15~12~0~0~2~2~5|161,151,161,121,141,161,111,141,155,171,171,151,151,131,171~~0.3.4~~2~1~15~13~0~0~2~2~5|171,181,161,111,181,171,181,111,111,111,111,111,121,141,161~~0.3.4~~2~0~15~14~0~0~2~2~5|121,171,161,151,111,171,141,111,111,111,111,111,121,141,161~~0.3.4~~2~1~15~14~0~0~2~2~5|182,171,181,171,181,113,111,181,115,121,171,131,161,172,171~~0.3.4~~2~0~15~15~0~0~2~2~5|112,181,171,111,171,113,181,111,115,121,171,131,161,172,171~~0.3.4~~2~0~15~15~0~0~2~2~5|172,181,171,161,141,173,161,171,185,121,171,131,161,172,171~~0.3.4~~2~0~15~15~0~0~2~2~5|112,171,181,131,161,143,121,161,185,141,121,131,111,162,161~~0.3.4~~2~1~15~15~0~0~2~2~5
ORDINARY_LOSS;111,151,111,141,121,181,151,181,151,121,151,181,171,121,171~~~~0~1~0~0~0~0~1~1~5
ORDINARY_LOSS;131,131,161,141,141,121,131,111,111,121,151,171,161,191,171~~~~0~1~0~0~0~0~1~1~5
ORDINARY_LOSS;181,111,181,1a1,131,161,111,151,131,111,111,141,131,161,131~~~~0~1~0~0~0~0~1~1~5
ORDINARY_LOSS;121,181,121,171,171,111,161,161,111,161,121,121,151,181,171~~~~0~1~0~0~0~0~1~1~5
ORDINARY_LOSS;161,121,131,111,171,171,141,111,151,121,1a1,131,141,161,131~~~~0~1~0~0~0~0~1~1~5
ORDINARY_LOSS;151,121,121,161,181,1a1,121,141,111,151,181,131,171,161,121~~~~0~1~0~0~0~0~1~1~5
ORDINARY_LOSS;111,161,181,111,171,181,141,161,141,131,111,1a1,171,141,161~~~~0~1~0~0~0~0~1~1~5
ORDINARY_LOSS;131,151,181,121,161,151,131,171,171,151,111,181,161,191,131~~~~0~1~0~0~0~0~1~1~5
ORDINARY_LOSS;181,161,151,131,131,111,121,1a1,151,151,111,131,181,151,141~~~~0~1~0~0~0~0~1~1~5
ORDINARY_LOSS;161,141,161,131,111,161,131,111,171,171,151,161,171,171,151~~~~0~1~0~0~0~0~1~1~5
WILD_VORTEX;111,181,171,161,181,171,111,191,181,161,161,151,181,161,121~~~~0~0~0~0~0~0~1~1~6|131,121,111,131,121,161,151,161,111,161,161,151,181,161,121~~~~2~1~0~0~3~0~1~1~0|121,131,141,291,211,111,291,131,141,161,171,161,161,151,261~10.11.20.42~~~2~0~0~0~3~1~2~3~0|161,171,161,121,211,111,131,161,141,161,171,161,161,151,261~11.42~~~2~1~0~0~3~1~2~3~0|171,281,181,251,121,291,181,141,181,161,161,111,111,171,121~1.10.12~~~2~0~0~0~3~2~2~3~0|111,121,171,171,251,121,161,141,141,161,161,111,111,171,121~11~~~2~1~0~0~3~2~2~3~0|291,121,121,111,161,191,291,191,181,291,181,151,181,221,121~0.20.30.41~~~2~0~0~0~3~3~2~3~0|121,141,181,151,111,181,151,181,131,161,111,161,131,121,111~~~~2~0~0~0~3~3~2~3~0|141,121,141,171,151,111,171,151,131,161,111,161,131,121,111~~~~2~1~0~0~3~3~2~3~0
ORDINARY_LOSS;151,131,171,121,111,121,1a1,111,111,121,111,161,141,131,121~~~~0~1~0~0~0~0~1~1~0
ORDINARY_WIN;171,151,131,171,181,171,181,171,121,171,181,181,181,181,111~~~~0~0~0~0~0~0~1~1~0|181,151,131,281,151,181,181,181,121,171,181,181,181,181,111~10~~~1~0~0~0~0~0~1~1~0|141,151,131,181,111,151,121,161,121,171,181,171,161,151,111~~~~1~1~0~0~0~0~1~1~0
ORDINARY_LOSS;151,121,181,181,181,161,171,151,141,111,171,171,181,181,171~~~~0~1~0~0~0~0~1~1~0
ORDINARY_LOSS;121,151,161,151,121,131,161,131,161,151,151,121,151,111,171~~~~0~1~0~0~0~0~1~1~0
ORDINARY_LOSS;151,151,131,111,131,181,181,151,141,161,111,141,171,171,181~~~~0~1~0~0~0~0~1~1~0
ORDINARY_LOSS;181,131,161,121,171,151,131,131,171,1a1,111,121,151,111,131~~~~0~1~0~0~0~0~1~1~0
ORDINARY_WIN;121,181,131,151,141,121,141,121,111,181,181,181,181,181,171~~~~0~0~0~0~0~0~1~1~0|141,181,131,181,151,141,111,141,111,181,181,181,181,181,171~~~~1~0~0~0~0~0~1~1~0|181,181,131,181,181,151,181,111,111,181,181,181,181,181,171~~~~1~0~0~0~0~0~1~1~0|131,111,131,181,171,151,181,111,111,151,111,181,151,261,171~41~~~1~1~0~0~0~0~1~1~0
ORDINARY_LOSS;171,131,181,151,131,151,1a1,161,111,131,171,131,181,111,181~~~~0~1~0~0~0~0~1~1~0
ORDINARY_LOSS;111,181,181,131,131,161,111,131,151,151,121,131,121,181,131~~~~0~1~0~0~0~0~1~1~0
ORDINARY_LOSS;131,141,181,161,121,121,151,111,151,121,181,141,1a1,161,171~~~~0~1~0~0~0~0~1~1~0
ORDINARY_LOSS;161,161,1a1,181,141,161,121,111,181,111,161,161,181,141,171~~~~0~1~0~0~0~0~1~1~0
ORDINARY_LOSS;171,111,1a1,161,141,151,161,181,111,121,161,161,121,181,141~~~~0~1~0~0~0~0~1~1~0
ORDINARY_LOSS;121,161,121,111,131,141,171,161,171,111,181,151,131,141,131~~~~0~1~0~0~0~0~1~1~0
ORDINARY_LOSS;131,161,151,161,141,181,111,181,171,151,191,121,181,161,161~~~~0~1~0~0~0~0~1~1~0
ORDINARY_WIN;181,181,121,181,161,191,111,181,151,281,181,181,181,181,141~30~~~0~0~0~0~0~0~1~1~1|161,121,121,171,111,161,141,111,151,141,181,111,151,141,141~~~~1~1~0~0~0~0~1~1~1
ORDINARY_LOSS;121,141,131,151,171,1a1,141,111,111,111,161,111,161,141,121~~~~0~1~0~0~0~0~1~1~1
ORDINARY_WIN;171,121,181,171,151,111,111,181,171,181,161,141,281,131,171~40~~~0~0~0~0~0~0~1~1~1|181,121,181,121,151,111,121,111,181,181,161,141,281,131,171~40~~~1~0~0~0~0~0~1~1~1|111,181,181,111,151,111,181,111,181,181,161,141,281,131,171~40~~~1~0~0~0~0~0~1~1~1|181,181,181,181,181,151,121,181,181,181,161,141,281,131,171~40~~~1~0~0~0~0~0~1~1~1|291,181,131,141,161,151,181,111,121,181,161,141,181,131,171~0~~~1~1~0~0~0~0~1~1~1
ORDINARY_LOSS;181,181,1a1,131,131,141,121,141,161,161,121,181,111,181,181~~~~0~1~0~0~0~0~1~1~1
ORDINARY_LOSS;121,161,151,151,181,171,181,121,121,181,161,121,121,141,171~~~~0~1~0~0~0~0~1~1~1
ORDINARY_LOSS;181,181,161,121,111,141,111,121,181,1a1,141,111,171,121,111~~~~0~1~0~0~0~0~1~1~1
ORDINARY_LOSS;121,161,161,121,111,121,161,131,181,131,111,171,121,171,121~~~~0~1~0~0~0~0~1~1~1
ORDINARY_LOSS;111,111,161,131,111,151,131,121,161,181,121,121,141,121,161~~~~0~1~0~0~0~0~1~1~1
ORDINARY_LOSS;141,171,141,151,111,131,131,151,171,121,181,131,141,131,131~~~~0~1~0~0~0~0~1~1~1
ORDINARY_LOSS;121,131,121,151,111,141,171,1a1,161,161,121,181,261,111,151~40~~~0~1~0~0~0~0~1~1~1
ORDINARY_LOSS;131,121,161,131,161,1a1,151,171,171,181,111,131,131,181,111~~~~0~1~0~0~0~0~1~1~1
ORDINARY_LOSS;141,161,191,111,141,151,131,181,161,181,121,171,181,161,181~~~~0~1~0~0~0~0~1~1~1
ORDINARY_WIN;181,131,181,181,161,181,111,171,181,181,191,181,181,111,181~~~~0~0~0~0~0~0~1~1~2|151,151,131,161,161,161,131,111,171,161,171,151,151,121,111~~~~1~1~0~0~0~0~1~1~2
ORDINARY_LOSS;181,151,181,181,121,181,151,121,141,131,141,141,131,121,161~~~~0~1~0~0~0~0~1~1~2
ORDINARY_LOSS;181,121,111,111,1a1,171,121,151,161,131,141,171,141,111,181~~~~0~1~0~0~0~0~1~1~2
ORDINARY_LOSS;151,161,151,131,141,1a1,111,161,131,151,161,161,181,111,121~~~~0~1~0~0~0~0~1~1~2
ORDINARY_LOSS;131,171,171,121,131,131,141,141,141,111,171,181,111,181,181~~~~0~1~0~0~0~0~1~1~2
ORDINARY_LOSS;181,141,111,121,141,161,161,161,121,121,131,151,131,161,181~~~~0~1~0~0~0~0~1~1~2
ORDINARY_LOSS;151,151,171,141,1a1,181,121,131,141,161,161,171,131,121,171~~~~0~1~0~0~0~0~1~1~2
ORDINARY_WIN;171,151,131,171,181,171,181,171,121,171,181,181,181,181,111~~~~0~0~0~0~0~0~1~1~2|181,151,131,281,151,181,181,181,121,171,181,181,181,181,111~10~~~1~0~0~0~0~0~1~1~2|141,151,131,181,111,151,121,161,121,171,181,171,161,151,111~~~~1~1~0~0~0~0~1~1~2
ORDINARY_LOSS;141,121,141,151,1a1,161,191,171,161,141,141,151,151,121,181~~~~0~1~0~0~0~0~1~1~2
ORDINARY_WIN;181,181,181,181,121,171,181,171,191,181,121,181,181,181,151~~~~0~0~0~0~0~0~1~1~3|181,151,181,151,121,171,131,151,171,181,171,121,131,161,151~~~~1~0~0~0~0~0~1~1~3|171,181,181,141,121,171,141,131,171,181,171,121,131,161,151~~~~1~0~0~0~0~0~1~1~3|131,181,181,161,141,121,171,141,131,131,181,121,131,161,151~~~~1~1~0~0~0~0~1~1~3
ORDINARY_LOSS;181,121,181,171,141,141,121,111,131,131,121,121,171,141,111~~~~0~1~0~0~0~0~1~1~3
ORDINARY_LOSS;131,181,151,181,141,141,141,151,131,171,171,151,171,161,151~~~~0~1~0~0~0~0~1~1~3
ORDINARY_LOSS;121,111,111,161,171,171,121,1a1,171,141,171,171,171,161,131~~~~0~1~0~0~0~0~1~1~3
ORDINARY_WIN;131,181,181,171,181,181,181,121,181,181,181,181,161,181,121~~~~0~0~0~0~0~0~1~1~3|121,131,131,131,141,171,131,161,121,151,151,121,181,161,121~~~~1~0~0~0~0~0~1~1~3|161,181,121,171,141,171,171,161,121,151,151,121,181,161,121~~~~1~1~0~0~0~0~1~1~3
ORDINARY_LOSS;121,151,161,141,181,121,181,161,161,141,121,121,1a1,111,121~~~~0~1~0~0~0~0~1~1~3
ORDINARY_LOSS;1a1,131,111,151,151,121,151,151,181,151,121,151,181,111,171~~~~0~1~0~0~0~0~1~1~3
ORDINARY_LOSS;111,141,111,131,171,171,161,161,141,141,181,141,151,181,141~~~~0~1~0~0~0~0~1~1~3
ORDINARY_LOSS;141,161,131,171,111,141,171,121,161,181,121,141,161,141,151~~~~0~1~0~0~0~0~1~1~3
ORDINARY_LOSS;161,171,171,121,151,141,111,121,111,131,151,171,171,181,111~~~~0~1~0~0~0~0~1~1~3
ORDINARY_LOSS;111,161,161,141,121,151,141,121,111,121,111,181,161,141,171~~~~0~1~0~0~0~0~1~1~4
ORDINARY_LOSS;111,181,111,111,181,121,141,121,141,171,131,111,121,111,181~~~~0~1~0~0~0~0~1~1~4
ORDINARY_LOSS;141,151,161,131,131,151,131,161,171,161,111,151,171,151,111~~~~0~1~0~0~0~0~1~1~4
ORDINARY_LOSS;181,131,151,171,151,161,161,121,161,111,131,111,181,111,171~~~~0~1~0~0~0~0~1~1~4
ORDINARY_LOSS;181,161,131,161,111,171,181,121,171,131,121,121,181,161,181~~~~0~1~0~0~0~0~1~1~4
ORDINARY_LOSS;151,121,111,111,111,151,161,121,171,111,181,111,161,181,171~~~~0~1~0~0~0~0~1~1~4
ORDINARY_LOSS;131,171,151,131,141,171,121,161,161,131,141,1a1,121,121,151~~~~0~1~0~0~0~0~1~1~4
ORDINARY_WIN;171,171,151,171,271,161,161,171,171,151,171,171,171,161,171~11~~~0~0~0~0~0~0~1~1~4|111,141,151,171,151,161,151,141,161,151,161,151,151,131,161~~~~1~0~0~0~0~0~1~1~4|111,111,141,141,171,161,181,141,161,171,121,161,141,131,161~~~~1~0~0~0~0~0~1~1~4|161,111,111,121,171,161,151,181,161,171,121,161,141,131,161~~~~1~0~0~0~0~0~1~1~4|131,111,111,151,121,171,141,151,181,161,171,121,181,141,131~~~~1~1~0~0~0~0~1~1~4
ORDINARY_LOSS;161,151,181,1a1,181,131,161,141,141,161,171,181,151,181,171~~~~0~1~0~0~0~0~1~1~4
ORDINARY_LOSS;121,171,171,151,181,111,161,151,121,171,181,151,131,121,121~~~~0~1~0~0~0~0~1~1~4
ORDINARY_LOSS;121,121,161,131,161,131,131,111,151,121,131,131,151,111,171~~~~0~1~0~0~0~0~1~1~4
ORDINARY_LOSS;151,131,161,171,151,171,181,161,171,111,161,151,141,131,161~~~~0~1~0~0~0~0~1~1~4
ORDINARY_LOSS;141,131,161,121,141,121,121,111,111,181,171,171,1a1,121,161~~~~0~1~0~0~0~0~1~1~4
ORDINARY_LOSS;151,171,141,161,161,171,131,161,181,111,141,141,1a1,151,111~~~~0~1~0~0~0~0~1~1~4
ORDINARY_LOSS;171,181,151,141,131,121,171,171,111,131,171,131,131,161,171~~~~0~1~0~0~0~0~1~1~4
ORDINARY_LOSS;151,131,151,121,141,121,1a1,151,111,121,171,181,151,131,151~~~~0~1~0~0~0~0~1~1~4
ORDINARY_WIN;181,181,131,181,121,181,151,181,121,181,181,151,181,181,181~~~~0~0~0~0~0~0~1~1~4|141,181,131,111,141,121,151,151,121,181,171,151,111,111,121~~~~1~1~0~0~0~0~1~1~4
ORDINARY_LOSS;131,121,131,121,121,131,111,161,151,121,151,111,131,121,141~~~~0~1~0~0~0~0~1~1~4
ORDINARY_LOSS;121,181,131,111,111,151,161,121,131,111,161,161,181,171,121~~~~0~1~0~0~0~0~1~1~4
ORDINARY_LOSS;121,181,161,181,181,181,131,151,141,111,121,141,141,131,161~~~~0~1~0~0~0~0~1~1~4
ORDINARY_LOSS;121,161,131,181,111,161,151,111,171,171,181,151,1a1,151,151~~~~0~1~0~0~0~0~1~1~4
ORDINARY_LOSS;131,181,121,151,1a1,131,111,111,121,151,181,141,121,121,181~~~~0~1~0~0~0~0~1~1~4
ORDINARY_LOSS;171,131,171,151,121,141,181,131,161,141,141,151,151,181,151~~~~0~1~0~0~0~0~1~1~4
ORDINARY_LOSS;111,181,131,121,161,181,141,161,171,131,181,161,151,151,111~~~~0~1~0~0~0~0~1~1~4
ORDINARY_WIN;181,181,171,281,151,181,181,161,181,131,181,181,181,151,151~10~~~0~0~0~0~0~0~1~1~4|151,141,171,131,111,151,181,151,161,171,121,131,171,151,151~~~~1~0~0~0~0~0~1~1~4|131,141,171,151,131,111,171,181,161,171,121,131,171,151,151~~~~1~1~0~0~0~0~1~1~4
ORDINARY_LOSS;181,111,181,171,141,121,111,171,161,121,141,181,151,181,121~~~~0~1~0~0~0~0~1~1~4
ORDINARY_WIN;181,181,181,181,121,171,181,171,191,181,121,181,181,181,151~~~~0~0~0~0~0~0~1~1~5|181,151,181,151,121,171,131,151,171,181,171,121,131,161,151~~~~1~0~0~0~0~0~1~1~5|171,181,181,141,121,171,141,131,171,181,171,121,131,161,151~~~~1~0~0~0~0~0~1~1~5|131,181,181,161,141,121,171,141,131,131,181,121,131,161,151~~~~1~1~0~0~0~0~1~1~5
ORDINARY_LOSS;171,121,161,121,131,131,161,151,151,151,181,161,161,181,141~~~~0~1~0~0~0~0~1~1~5
ORDINARY_LOSS;181,281,171,131,161,171,121,111,111,151,181,141,151,121,191~1~~~0~1~0~0~0~0~1~1~5
ORDINARY_LOSS;161,161,181,161,131,171,131,171,141,171,161,181,151,131,1a1~~~~0~1~0~0~0~0~1~1~5
ORDINARY_LOSS;121,111,151,161,121,111,171,281,171,161,131,171,151,161,181~21~~~0~1~0~0~0~0~1~1~5
ORDINARY_LOSS;111,181,181,161,181,171,131,131,161,161,121,111,181,131,161~~~~0~1~0~0~0~0~1~1~5
ORDINARY_LOSS;131,151,1a1,141,131,141,171,111,111,161,121,161,131,141,181~~~~0~1~0~0~0~0~1~1~5
ORDINARY_LOSS;171,171,171,131,131,131,151,161,161,141,181,141,141,161,181~~~~0~1~0~0~0~0~1~1~5
ORDINARY_LOSS;171,171,131,131,121,121,121,171,181,181,131,221,161,141,151~32~~~0~1~0~0~0~0~1~1~5
ORDINARY_LOSS;181,131,131,141,151,121,121,171,161,161,141,111,121,161,151~~~~0~1~0~0~0~0~1~1~5
ORDINARY_LOSS;151,121,141,1a1,171,131,141,181,161,121,141,111,141,131,151~~~~0~1~0~0~0~0~1~1~5
ORDINARY_LOSS;131,121,111,161,141,151,181,131,131,121,151,121,181,161,181~~~~0~1~0~0~0~0~1~1~5
ORDINARY_WIN;171,271,131,171,171,141,171,171,151,171,171,161,111,171,171~1~~~0~0~0~0~0~0~1~1~5|121,151,131,151,171,141,151,181,151,181,121,161,171,171,111~~~~1~0~0~0~0~0~1~1~5|141,121,131,181,171,141,181,151,181,181,121,161,171,171,111~~~~1~1~0~0~0~0~1~1~5
ORDINARY_LOSS;121,151,181,181,171,171,121,111,151,141,151,151,131,191,141~~~~0~1~0~0~0~0~1~1~5
ORDINARY_LOSS;171,141,151,181,121,131,141,111,131,141,111,141,141,161,131~~~~0~1~0~0~0~0~1~1~5
ORDINARY_LOSS;121,121,121,151,141,121,111,161,111,111,161,161,111,181,141~~~~0~1~0~0~0~0~1~1~5
ORDINARY_LOSS;131,141,141,121,111,161,121,121,181,111,141,141,151,181,161~~~~0~1~0~0~0~0~1~1~5
ORDINARY_LOSS;131,111,161,141,131,131,141,161,171,151,151,121,121,151,151~~~~0~1~0~0~0~0~1~1~5
ORDINARY_LOSS;141,181,171,111,171,121,181,111,141,141,141,181,161,151,111~~~~0~1~0~0~0~0~1~1~5
FREE_SPINS;161,171,171,181,1a1,161,181,1a1,121,181,1a1,131,111,131,141~~1.2.3~~2~1~10~0~0~0~1~1~5|125,141,131,121,171,162,132,181,141,121,141,181,161,161,151~~1.2.3~~2~1~10~1~0~0~2~2~5|161,131,181,141,161,181,111,171,121,141,145,161,111,171,141~~1.2.3~~2~1~10~2~0~0~2~2~5|191,141,121,181,151,131,151,141,121,171,161,111,141,171,151~~1.2.3~1-2.12-1~2~0~13~3~0~0~2~2~5|111,141,121,121,181,131,141,141,121,171,161,111,141,171,151~~1.2.3~~2~0~13~3~0~0~2~2~5|131,111,141,121,181,131,121,141,141,171,161,111,141,171,151~~1.2.3~~2~1~13~3~0~0~2~2~5|141,111,171,151,161,141,135,171,171,133,111,121,142,181,111~~1.2.3~~2~1~13~4~0~0~2~2~5|141,111,121,161,121,111,171,152,121,181,161,171,111,141,131~~1.2.3~~2~0~13~5~0~0~2~2~5|121,141,111,131,161,111,191,172,151,181,161,171,111,141,131~~1.2.3~~2~0~13~5~0~0~2~2~5|181,121,141,141,131,161,111,172,151,181,161,171,111,141,131~~1.2.3~~2~1~13~5~0~0~2~2~5|121,121,171,141,151,121,132,161,121,141,161,141,151,181,131~~1.2.3~~2~0~13~6~0~0~2~2~5|161,141,171,111,141,151,162,131,161,141,161,141,151,181,131~~1.2.3~~2~1~13~6~0~0~2~2~5|162,168,111,131,113,161,161,161,111,141,171,141,131,111,171~~1.2.3~~2~0~13~7~0~0~2~2~5|122,188,181,161,173,131,141,131,161,141,171,141,131,111,171~~1.2.3~~2~1~13~7~0~0~2~2~5|181,192,121,113,181,111,141,111,111,171,173,185,131,121,142~~1.2.3~~2~0~13~8~0~0~2~2~5|131,182,121,113,151,181,121,181,141,171,173,185,131,121,142~~1.2.3~~2~0~13~8~0~0~2~2~5|161,132,121,123,111,151,121,121,141,111,173,175,131,121,142~~1.2.3~~2~0~13~8~0~0~2~2~5|181,162,131,123,111,151,131,141,141,111,173,175,131,121,142~~1.2.3~~2~1~13~8~0~0~2~2~5|141,111,181,121,151,111,121,141,131,171,131,161,162,141,111~~1.2.3~1-1.8-3~2~1~17~9~0~0~2~2~5|152,171,141,131,111,121,172,131,141,141,171,111,141,171,141~~1.2.3~~2~1~17~10~0~0~2~2~5|171,183,131,131,161,171,171,121,161,161,111,181,145,161,143~~1.2.3~5-2.13-2~2~0~21~11~0~0~2~2~5|161,183,131,151,131,161,141,121,161,161,111,181,145,161,143~~1.2.3~~2~0~21~11~0~0~2~2~5|111,183,131,161,151,131,181,141,121,131,111,181,185,141,143~~1.2.3~~2~1~21~11~0~0~2~2~5|111,162,151,181,121,121,141,111,171,123,181,161,121,111,151~~1.2.3~~2~1~21~12~0~0~2~2~5|171,111,141,111,113,141,171,141,155,151,171,161,121,131,131~~1.2.3~~2~0~21~13~0~0~2~2~5|291,171,111,121,113,111,121,171,155,151,171,161,121,131,131~0~1.2.3~~2~0~21~13~0~0~2~2~5|141,171,111,161,113,111,181,171,155,151,171,161,121,131,131~~1.2.3~~2~1~21~13~0~0~2~2~5|151,141,141,121,181,151,181,151,181,151,111,111,131,121,121~~1.2.3~~2~0~21~14~0~0~2~2~5|161,141,141,111,121,181,181,181,181,131,111,111,131,121,121~~1.2.3~~2~1~21~14~0~0~2~2~5|141,171,191,141,173,195,131,151,145,141,171,141,161,141,141~~1.2.3~~2~0~21~15~0~0~2~2~5|121,151,171,151,123,175,121,111,165,121,161,171,111,181,161~~1.2.3~~2~0~21~15~0~0~2~2~5|161,151,171,181,153,175,171,111,165,121,161,171,111,181,161~~1.2.3~~2~0~21~15~0~0~2~2~5|111,161,151,151,183,155,181,111,165,111,121,161,111,181,161~~1.2.3~~2~1~21~15~0~0~2~2~5|131,121,171,151,151,111,171,111,141,171,171,141,111,141,111~~1.2.3~~2~1~21~16~0~0~2~2~5|121,122,162,171,141,141,161,141,151,121,161,121,131,171,151~~1.2.3~~2~1~21~17~0~0~2~2~5|121,151,141,181,111,161,121,151,171,181,111,291,181,171,131~32~1.2.3~~2~1~21~18~0~0~2~2~5|111,131,161,112,181,171,141,115,141,161,1810,151,153,111,171~~1.2.3~~2~0~21~19~0~0~2~2~5|161,131,161,152,181,171,161,145,141,161,1810,151,153,111,171~~1.2.3~~2~1~21~19~0~0~2~2~5|151,161,111,131,121,131,135,181,152,162,141,171,111,111,161~~1.2.3~~2~1~21~20~0~0~2~2~5|162,111,131,171,153,131,151,151,111,151,142,173,1610,141,151~~1.2.3~~2~1~21~21~0~0~2~2~5
ORDINARY_LOSS;111,151,151,171,161,121,171,111,171,141,151,151,121,121,181~~~~0~1~0~0~0~0~1~1~5
ORDINARY_LOSS;141,121,161,141,151,141,181,131,171,121,181,161,171,151,131~~~~0~1~0~0~0~0~1~1~5
ORDINARY_LOSS;131,131,171,141,161,161,171,171,111,111,121,131,121,111,171~~~~0~1~0~0~0~0~1~1~5
ORDINARY_LOSS;171,151,121,131,181,131,131,111,141,131,111,151,141,161,111~~~~0~1~0~0~0~0~1~1~5
ORDINARY_LOSS;141,171,181,171,111,171,121,151,181,121,171,181,161,181,151~~~~0~1~0~0~0~0~1~1~5
ORDINARY_LOSS;171,161,121,141,121,161,181,111,131,171,181,161,131,181,111~~~~0~1~0~0~0~0~1~1~5
ORDINARY_LOSS;161,151,141,171,141,111,161,131,111,121,151,161,131,181,111~~~~0~1~0~0~0~0~1~1~5
ORDINARY_WIN;121,131,181,171,171,131,121,131,141,121,171,131,171,171,131~~~~0~0~0~0~0~0~1~1~5|171,121,181,121,171,171,121,121,141,171,121,171,181,171,171~~~~1~0~0~0~0~0~1~1~5|271,171,181,131,171,171,171,161,141,171,171,171,181,171,171~0~~~1~0~0~0~0~0~1~1~5|131,181,181,141,161,131,121,161,141,181,161,151,121,181,181~~~~1~1~0~0~0~0~1~1~5
ORDINARY_LOSS;151,141,121,141,141,111,181,171,131,111,151,111,151,161,131~~~~0~1~0~0~0~0~1~1~5
ORDINARY_LOSS;141,161,141,161,111,161,121,141,171,181,171,131,161,161,151~~~~0~1~0~0~0~0~1~1~5
ORDINARY_LOSS;151,161,111,111,141,111,1a1,171,161,181,171,141,161,111,111~~~~0~1~0~0~0~0~1~1~5
ORDINARY_LOSS;151,161,151,171,111,171,151,151,161,151,141,141,121,181,1a1~~~~0~1~0~0~0~0~1~1~5
ORDINARY_LOSS;161,151,171,181,111,141,181,111,151,131,1a1,151,181,131,141~~~~0~1~0~0~0~0~1~1~5
ORDINARY_LOSS;111,141,131,171,111,141,131,131,151,181,171,151,181,131,121~~~~0~1~0~0~0~0~1~1~5
ORDINARY_LOSS;131,121,171,181,171,131,141,151,141,111,171,181,171,141,121~~~~0~1~0~0~0~0~1~1~5
ORDINARY_LOSS;141,151,181,181,161,171,161,171,111,181,141,151,111,141,141~~~~0~1~0~0~0~0~1~1~5
ORDINARY_LOSS;121,161,141,171,151,111,151,171,151,171,151,131,181,161,111~~~~0~1~0~0~0~0~1~1~5
ORDINARY_LOSS;121,141,171,151,121,161,151,131,181,161,151,181,121,141,181~~~~0~1~0~0~0~0~1~1~5
ORDINARY_LOSS;131,151,151,151,111,161,141,171,181,131,141,111,131,161,161~~~~0~1~0~0~0~0~1~1~5
ORDINARY_WIN;181,181,171,161,181,181,181,181,171,181,151,181,181,161,181~~~~0~0~0~0~0~0~1~1~5|121,181,171,121,131,161,161,111,171,141,171,151,181,111,161~~~~1~1~0~0~0~0~1~1~5
ORDINARY_LOSS;141,121,151,151,151,161,121,171,171,1a1,121,111,151,121,131~~~~0~1~0~0~0~0~1~1~5
ORDINARY_LOSS;181,161,141,181,151,141,121,151,211,151,121,161,111,161,121~22~~~0~1~0~0~0~0~1~1~5
ORDINARY_LOSS;161,111,111,171,121,121,151,181,181,131,141,161,131,181,171~~~~0~1~0~0~0~0~1~1~5
ORDINARY_LOSS;111,171,121,161,121,121,131,181,111,161,171,171,111,111,161~~~~0~1~0~0~0~0~1~1~5
ORDINARY_LOSS;111,111,111,111,131,141,151,131,161,181,141,111,141,151,151~~~~0~1~0~0~0~0~1~1~5
ORDINARY_LOSS;161,171,141,121,111,111,111,181,151,131,1a1,111,111,131,161~~~~0~1~0~0~0~0~1~1~5
ORDINARY_LOSS;181,121,161,151,121,131,151,131,111,121,151,131,181,111,141~~~~0~1~0~0~0~0~1~1~5
ORDINARY_LOSS;1a1,121,181,171,151,111,131,111,151,111,121,161,151,171,171~~~~0~1~0~0~0~0~1~1~5
ORDINARY_WIN;181,181,171,281,151,181,181,161,181,131,181,181,181,151,151~10~~~0~0~0~0~0~0~1~1~5|151,141,171,131,111,151,181,151,161,171,121,131,171,151,151~~~~1~0~0~0~0~0~1~1~5|131,141,171,151,131,111,171,181,161,171,121,131,171,151,151~~~~1~1~0~0~0~0~1~1~5
ORDINARY_LOSS;121,171,111,161,1a1,181,121,181,131,171,121,151,111,141,141~~~~0~1~0~0~0~0~1~1~5
ORDINARY_LOSS;121,141,181,161,171,161,171,131,111,141,181,171,171,141,131~~~~0~1~0~0~0~0~1~1~5
ORDINARY_LOSS;131,141,141,111,1a1,151,111,181,181,151,171,161,181,171,161~~~~0~1~0~0~0~0~1~1~5
FREE_SPINS;111,1a1,181,171,131,161,171,161,151,1a1,181,171,181,1a1,161~~0.3.4~~2~1~10~0~0~0~1~1~5|181,111,181,181,151,131,111,131,181,123,181,171,161,111,121~~0.3.4~~2~0~10~1~0~0~2~2~5|121,181,111,161,151,131,141,111,131,183,121,171,161,111,121~~0.3.4~~2~1~10~1~0~0~2~2~5|191,131,171,171,111,141,115,151,163,181,175,181,181,181,151~~0.3.4~~2~0~10~2~0~0~2~2~5|141,131,171,131,171,141,115,151,163,181,175,181,181,181,151~~0.3.4~~2~1~10~2~0~0~2~2~5|181,171,151,121,121,161,111,181,181,121,161,151,151,181,131~~0.3.4~~2~1~10~3~0~0~2~2~5|141,181,151,171,152,151,171,121,162,171,121,152,121,111,141~~0.3.4~~2~1~10~4~0~0~2~2~5|111,151,111,141,161,121,161,151,151,131,161,171,121,171,173~~0.3.4~~2~1~10~5~0~0~2~2~5|151,161,141,161,141,295,291,133,181,161,171,111,171,181,171~12.20~0.3.4~~2~0~10~6~0~0~2~2~5|131,181,141,151,111,155,161,133,181,161,171,111,171,181,171~~0.3.4~~2~1~10~6~0~0~2~2~5|153,111,171,131,173,151,142,121,121,141,153,132,171,171,111~~0.3.4~~2~1~10~7~0~0~2~2~5|131,181,141,111,131,171,161,171,161,121,111,181,171,181,121~~0.3.4~~2~1~10~8~0~0~2~2~5|161,121,191,171,121,112,121,111,143,151,151,163,151,111,171~~0.3.4~~2~0~10~9~0~0~2~2~5|111,171,161,141,181,172,181,141,143,151,151,163,151,111,171~~0.3.4~~2~1~10~9~0~0~2~2~5|181,171,111,171,161,121,151,171,111,131,131,161,161,111,131~~0.3.4~~2~0~10~10~0~0~2~2~5|171,181,111,161,161,121,171,151,111,131,131,161,161,111,131~~0.3.4~~2~1~10~10~0~0~2~2~5
ORDINARY_LOSS;171,141,151,111,161,131,121,111,131,121,141,181,121,111,171~~~~0~1~0~0~0~0~1~1~5
ORDINARY_LOSS;131,151,161,181,171,111,171,161,181,151,141,161,111,121,171~~~~0~1~0~0~0~0~1~1~5
ORDINARY_LOSS;121,141,221,151,181,171,121,121,121,141,171,131,171,131,151~2~~~0~1~0~0~0~0~1~1~5
ORDINARY_LOSS;141,171,111,161,181,131,111,121,121,151,111,111,181,161,171~~~~0~1~0~0~0~0~1~1~5
ORDINARY_LOSS;171,141,111,151,181,171,161,111,151,141,171,161,181,111,151~~~~0~1~0~0~0~0~1~1~5
ORDINARY_LOSS;171,151,161,181,111,141,131,171,121,181,161,141,121,1a1,131~~~~0~1~0~0~0~0~1~1~5
ORDINARY_LOSS;141,141,141,151,181,161,131,151,181,121,121,181,181,171,121~~~~0~1~0~0~0~0~1~1~5
ORDINARY_LOSS;291,151,151,121,151,171,131,161,181,181,161,131,161,1a1,171~0~~~0~1~0~0~0~0~1~1~5
ORDINARY_LOSS;131,121,121,151,171,181,131,121,181,161,131,151,111,171,171~~~~0~1~0~0~0~0~1~1~5
ORDINARY_LOSS;131,171,161,141,161,171,151,131,111,111,111,171,171,141,151~~~~0~1~0~0~0~0~1~1~5
ORDINARY_LOSS;151,141,121,131,1a1,131,181,171,181,111,171,161,141,161,111~~~~0~1~0~0~0~0~1~1~5
ORDINARY_LOSS;121,181,131,151,161,131,171,171,171,151,151,181,141,121,111~~~~0~1~0~0~0~0~1~1~5
ORDINARY_WIN;281,281,181,141,181,181,181,181,111,131,181,131,161,121,181~0.1~~~0~0~0~0~0~0~1~1~5|131,131,171,111,171,141,111,161,111,161,131,131,161,161,121~~~~1~1~0~0~0~0~1~1~5
ORDINARY_LOSS;181,181,161,141,171,161,141,151,121,111,141,141,111,171,121~~~~0~1~0~0~0~0~1~1~5
ORDINARY_LOSS;111,131,151,151,151,171,171,111,111,161,141,121,171,181,161~~~~0~1~0~0~0~0~1~1~5
ORDINARY_LOSS;111,161,1a1,131,161,161,111,171,151,281,161,171,121,171,151~30~~~0~1~0~0~0~0~1~1~5
ORDINARY_WIN;181,181,181,181,181,121,181,181,171,151,181,181,121,161,181~~~~0~0~0~0~0~0~1~1~5|121,141,151,131,141,121,131,151,171,121,181,151,121,121,161~~~~1~1~0~0~0~0~1~1~5
ORDINARY_LOSS;131,171,121,141,141,121,171,131,181,151,161,181,161,141,121~~~~0~1~0~0~0~0~1~1~5
ORDINARY_LOSS;141,111,161,111,181,171,161,161,141,141,141,141,191,171,171~~~~0~1~0~0~0~0~1~1~5
ORDINARY_LOSS;121,121,131,161,161,161,161,151,181,141,151,111,151,131,1a1~~~~0~1~0~0~0~0~1~1~5
ORDINARY_LOSS;171,111,161,181,131,151,181,111,161,181,151,141,181,171,121~~~~0~1~0~0~0~0~1~1~5
ORDINARY_LOSS;141,181,141,121,111,171,141,111,151,161,171,121,141,171,151~~~~0~1~0~0~0~0~1~1~5
ORDINARY_LOSS;141,161,141,161,1a1,111,171,141,121,171,131,111,111,171,161~~~~0~1~0~0~0~0~1~1~5
ORDINARY_LOSS;151,131,141,1a1,161,121,151,121,141,121,131,151,141,141,141~~~~0~1~0~0~0~0~1~1~5
ORDINARY_LOSS;161,121,1a1,181,111,161,131,131,141,151,131,181,141,181,171~~~~0~1~0~0~0~0~1~1~5
ORDINARY_LOSS;141,171,111,171,111,111,151,161,141,121,121,181,171,161,131~~~~0~1~0~0~0~0~1~1~5
ORDINARY_LOSS;161,151,161,121,131,111,121,161,121,141,181,161,121,141,1a1~~~~0~1~0~0~0~0~1~1~5
ORDINARY_LOSS;181,151,141,111,171,121,121,161,181,151,181,171,111,131,171~~~~0~1~0~0~0~0~1~1~5
ORDINARY_LOSS;151,161,1a1,181,111,121,121,161,121,131,161,181,121,131,121~~~~0~1~0~0~0~0~1~1~5
ORDINARY_LOSS;131,121,121,1a1,181,121,131,161,171,181,141,151,111,151,131~~~~0~1~0~0~0~0~1~1~5
ORDINARY_LOSS;141,161,161,171,111,171,141,171,181,161,161,121,151,161,151~~~~0~1~0~0~0~0~1~1~5
ORDINARY_LOSS;111,151,1a1,171,131,181,171,181,111,151,181,131,111,141,121~~~~0~1~0~0~0~0~1~1~5
ORDINARY_LOSS;181,181,121,111,111,141,151,121,111,111,141,151,181,141,151~~~~0~1~0~0~0~0~1~1~5
ORDINARY_LOSS;161,131,1a1,111,171,111,121,141,121,181,181,121,161,131,171~~~~0~1~0~0~0~0~1~1~5
ORDINARY_LOSS;141,141,171,151,161,131,121,171,171,161,161,131,131,181,161~~~~0~1~0~0~0~0~1~1~5
ORDINARY_LOSS;151,181,131,141,131,161,171,141,141,181,121,161,111,131,141~~~~0~1~0~0~0~0~1~1~5
ORDINARY_LOSS;161,141,111,141,171,111,131,121,121,1a1,151,131,151,121,171~~~~0~1~0~0~0~0~1~1~5
ORDINARY_LOSS;111,171,161,161,161,111,171,121,131,161,161,1a1,161,141,151~~~~0~1~0~0~0~0~1~1~5
ORDINARY_LOSS;111,111,171,131,181,141,111,161,181,131,171,121,151,161,111~~~~0~1~0~0~0~0~1~1~5
ORDINARY_LOSS;131,171,161,121,131,181,171,111,111,1a1,161,151,151,171,161~~~~0~1~0~0~0~0~1~1~5
ORDINARY_LOSS;121,141,141,161,151,161,161,181,181,151,181,111,151,151,181~~~~0~1~0~0~0~0~1~1~5
ORDINARY_LOSS;111,111,171,181,141,181,111,131,171,171,151,1a1,141,191,161~~~~0~1~0~0~0~0~1~1~5
ORDINARY_LOSS;141,131,181,171,151,121,161,151,181,151,251,121,141,111,131~31~~~0~1~0~0~0~0~1~1~5
ORDINARY_LOSS;161,121,151,121,111,111,171,181,181,171,121,171,181,111,151~~~~0~1~0~0~0~0~1~1~5
ORDINARY_LOSS;161,181,121,161,171,181,151,111,171,181,141,181,181,161,161~~~~0~1~0~0~0~0~1~1~5
ORDINARY_LOSS;161,161,171,121,111,171,131,161,141,141,1a1,131,181,131,131~~~~0~1~0~0~0~0~1~1~5
ORDINARY_LOSS;141,141,131,161,141,171,111,1a1,131,161,171,121,161,181,181~~~~0~1~0~0~0~0~1~1~5
ORDINARY_LOSS;161,121,111,181,151,181,111,151,131,181,121,171,171,121,111~~~~0~1~0~0~0~0~1~1~5
ORDINARY_LOSS;161,151,141,171,121,171,171,131,141,121,181,261,141,141,161~32~~~0~1~0~0~0~0~1~1~5
ORDINARY_LOSS;121,131,161,151,171,131,111,121,171,171,181,171,161,171,181~~~~0~1~0~0~0~0~1~1~5
ORDINARY_LOSS;161,171,131,151,181,181,151,131,181,151,141,121,151,181,191~~~~0~1~0~0~0~0~1~1~5
ORDINARY_LOSS;151,181,151,141,111,161,171,161,161,141,111,171,141,161,131~~~~0~1~0~0~0~0~1~1~5
ORDINARY_LOSS;251,131,161,141,171,171,161,171,111,141,121,191,151,111,161~0~~~0~1~0~0~0~0~1~1~5
ORDINARY_LOSS;111,151,181,241,111,121,141,131,121,181,141,121,131,141,161~10~~~0~1~0~0~0~0~1~1~5
ORDINARY_LOSS;141,1a1,141,151,141,171,171,121,161,141,181,141,111,141,151~~~~0~1~0~0~0~0~1~1~5
ORDINARY_LOSS;161,141,171,121,181,141,171,1a1,111,171,111,151,111,181,181~~~~0~1~0~0~0~0~1~1~5
ORDINARY_LOSS;121,111,151,131,121,151,141,171,171,131,141,151,151,181,131~~~~0~1~0~0~0~0~1~1~5
ORDINARY_LOSS;131,151,151,181,161,171,131,121,161,141,131,191,111,181,131~~~~0~1~0~0~0~0~1~1~5
ORDINARY_LOSS;161,141,131,141,121,121,181,121,171,141,111,1a1,151,151,171~~~~0~1~0~0~0~0~1~1~5
ORDINARY_LOSS;171,171,161,161,171,181,181,141,121,171,181,181,171,121,131~~~~0~1~0~0~0~0~1~1~5
ORDINARY_LOSS;161,111,171,131,131,111,141,121,151,181,111,181,141,161,171~~~~0~1~0~0~0~0~1~1~5
ORDINARY_WIN;181,181,181,181,181,121,181,181,171,151,181,181,121,161,181~~~~0~0~0~0~0~0~1~1~5|121,141,151,131,141,121,131,151,171,121,181,151,121,121,161~~~~1~1~0~0~0~0~1~1~5
ORDINARY_LOSS;121,111,111,131,171,171,181,181,111,171,161,141,171,141,131~~~~0~1~0~0~0~0~1~1~5
ORDINARY_LOSS;131,151,141,151,111,151,121,161,131,131,121,131,121,161,171~~~~0~1~0~0~0~0~1~1~5
ORDINARY_LOSS;181,121,141,171,181,151,131,151,111,131,141,131,131,181,141~~~~0~1~0~0~0~0~1~1~5
ORDINARY_LOSS;171,171,161,121,151,181,171,161,171,161,171,161,171,161,131~~~~0~1~0~0~0~0~1~1~5
ORDINARY_LOSS;171,111,131,111,121,181,121,141,141,121,141,181,141,131,161~~~~0~1~0~0~0~0~1~1~5
ORDINARY_LOSS;151,171,131,151,111,131,161,161,141,151,161,161,121,181,171~~~~0~1~0~0~0~0~1~1~5
FREE_SPINS;131,131,181,151,181,1a1,151,171,131,1a1,181,131,1a1,111,141~~1.3.4~~2~1~10~0~0~0~1~1~5|171,181,171,141,133,121,171,161,141,171,171,131,161,171,141~~1.3.4~~2~1~10~1~0~0~2~2~5|141,151,161,141,163,161,141,181,181,141,181,132,121,141,121~~1.3.4~~2~0~10~2~0~0~2~2~5|161,151,161,161,163,161,141,181,181,121,181,132,121,121,121~~1.3.4~~2~1~10~2~0~0~2~2~5|111,123,131,171,171,161,162,181,111,151,161,181,141,161,161~~1.3.4~~2~1~10~3~0~0~2~2~5|131,131,161,181,141,171,112,161,161,121,181,161,151,151,131~~1.3.4~~2~1~10~4~0~0~2~2~5|151,141,151,151,181,151,151,151,131,141,151,161,151,131,171~~1.3.4~~2~0~10~5~0~0~2~2~5|141,141,141,151,151,181,161,151,131,121,141,161,171,131,171~~1.3.4~~2~1~10~5~0~0~2~2~5|171,175,133,173,161,162,181,131,171,171,121,171,171,181,1710~~1.3.4~~2~0~10~6~0~0~2~2~5|161,145,133,133,161,162,131,181,131,181,151,121,141,131,1810~~1.3.4~~2~0~10~6~0~0~2~2~5|151,165,143,183,161,162,141,131,181,181,151,121,141,131,1810~~1.3.4~~2~1~10~6~0~0~2~2~5|121,181,171,171,161,171,181,171,171,181,151,161,111,181,141~~1.3.4~~2~0~10~7~0~0~2~2~5|151,121,181,121,131,161,141,121,181,181,151,161,111,181,141~~1.3.4~~2~0~10~7~0~0~2~2~5|131,151,181,131,131,161,181,141,181,181,151,161,111,181,141~~1.3.4~~2~1~10~7~0~0~2~2~5|133,161,121,111,141,171,121,141,161,181,188,141,121,161,181~~1.3.4~~2~1~10~8~0~0~2~2~5|111,131,141,183,141,161,181,121,143,111,181,121,141,1310,141~~1.3.4~~2~0~10~9~0~0~2~2~5|131,111,131,123,181,161,111,181,123,111,181,121,141,1310,141~~1.3.4~~2~1~10~9~0~0~2~2~5|111,151,141,131,111,142,121,171,131,171,141,121,151,251,151~41~1.3.4~~2~1~10~10~0~0~2~2~5
ORDINARY_LOSS;141,171,141,151,131,131,121,161,181,161,141,131,151,221,111~41~~~0~1~0~0~0~0~1~1~5
ORDINARY_LOSS;121,181,161,151,151,121,141,171,151,151,111,151,131,171,241~42~~~0~1~0~0~0~0~1~1~5
ORDINARY_LOSS;181,131,181,131,141,1a1,181,111,181,151,151,131,141,131,181~~~~0~1~0~0~0~0~1~1~5
ORDINARY_LOSS;181,161,181,161,151,131,141,151,121,141,181,221,151,171,131~32~~~0~1~0~0~0~0~1~1~5
ORDINARY_LOSS;121,181,151,151,141,151,141,161,111,171,161,191,121,181,181~~~~0~1~0~0~0~0~1~1~5
ORDINARY_WIN;181,181,181,121,181,181,181,111,161,171,181,181,121,181,181~~~~0~0~0~0~0~0~1~1~5|121,171,161,131,161,121,151,111,161,181,141,171,151,141,121~~~~1~0~0~0~0~0~1~1~5|141,121,171,121,131,121,111,151,111,181,141,171,151,141,121~~~~1~1~0~0~0~0~1~1~5
ORDINARY_LOSS;121,141,181,121,151,191,131,131,171,141,131,131,161,1a1,161~~~~0~1~0~0~0~0~1~1~5
ORDINARY_LOSS;121,181,121,131,151,141,121,141,121,121,161,171,121,111,181~~~~0~1~0~0~0~0~1~1~5
ORDINARY_LOSS;171,111,161,141,141,151,121,141,151,121,161,141,121,111,171~~~~0~1~0~0~0~0~1~1~5
ORDINARY_LOSS;111,171,161,1a1,171,151,141,181,121,121,151,151,141,121,191~~~~0~1~0~0~0~0~1~1~5
ORDINARY_LOSS;121,181,131,111,181,141,111,171,121,121,121,121,151,121,151~~~~0~1~0~0~0~0~1~1~5
FREE_SPINS;111,161,1a1,1a1,141,121,171,131,161,111,111,1a1,141,141,171~~0.1.3~~2~1~10~0~0~0~1~1~5|121,1410,111,161,181,161,171,161,111,161,121,111,161,181,111~~0.1.3~~2~1~10~1~0~0~2~2~5|121,153,131,111,1610,131,173,131,173,151,181,131,161,131,121~~0.1.3~~2~0~10~2~0~0~2~2~5|131,123,151,141,1110,161,153,171,173,121,151,181,151,161,121~~0.1.3~~2~1~10~2~0~0~2~2~5|111,141,185,183,161,142,121,111,151,171,141,162,131,181,132~~0.1.3~~2~1~10~3~0~0~2~2~5|141,151,151,141,141,121,131,121,171,181,151,141,111,153,111~~0.1.3~~2~1~10~4~0~0~2~2~5|161,111,171,151,171,131,131,141,161,141,141,161,131,171,181~~0.1.3~~2~1~10~5~0~0~2~2~5|172,121,161,111,181,181,111,171,161,125,153,161,181,141,131~~0.1.3~1-3.11-1~2~1~14~6~0~0~2~2~5|171,125,161,111,141,131,151,153,111,131,151,141,271,171,131~40~0.1.3~~2~1~14~7~0~0~2~2~5|133,131,141,111,191,153,151,121,171,111,141,151,131,115,121~~0.1.3~11-3.14-3~2~1~20~8~0~0~2~2~5|131,161,131,111,111,181,111,161,171,131,141,161,181,161,121~~0.1.3~~2~1~20~9~0~0~2~2~5|161,161,171,131,141,161,181,111,121,161,141,131,111,171,131~~0.1.3~~2~1~20~10~0~0~2~2~5|151,181,111,151,111,141,131,181,121,151,121,141,161,121,171~~0.1.3~~2~1~20~11~0~0~2~2~5|181,121,131,131,151,161,151,171,171,111,138,161,161,131,181~~0.1.3~~2~1~20~12~0~0~2~2~5|141,151,121,173,161,121,151,161,141,161,173,141,111,132,181~~0.1.3~~2~1~20~13~0~0~2~2~5|131,111,161,181,181,133,121,151,151,141,131,122,181,111,151~~0.1.3~~2~1~20~14~0~0~2~2~5|191,111,141,131,111,111,141,152,112,121,151,161,181,151,121~~0.1.3~~2~0~20~15~0~0~2~2~5|111,181,141,121,181,131,121,142,152,121,151,161,181,151,121~~0.1.3~~2~1~20~15~0~0~2~2~5|161,135,151,173,111,171,151,111,121,121,125,181,131,121,181~~0.1.3~~2~1~20~16~0~0~2~2~5|115,183,171,181,181,111,171,143,131,121,111,121,161,121,181~~0.1.3~~2~1~20~17~0~0~2~2~5|141,161,141,141,163,171,162,131,111,161,181,291,198,161,151~32~0.1.3~~2~0~20~18~0~0~2~2~5|141,141,141,171,143,171,162,131,111,151,131,181,178,111,151~~0.1.3~~2~1~20~18~0~0~2~2~5|181,111,161,183,161,121,111,121,181,131,131,161,131,181,131~~0.1.3~~2~0~20~19~0~0~2~2~5|141,111,161,143,161,121,131,111,121,131,131,161,131,181,131~~0.1.3~~2~1~20~19~0~0~2~2~5|111,171,281,141,171,181,141,171,121,171,121,181,181,111,181~2~0.1.3~~2~0~20~20~0~0~2~2~5|121,111,281,121,141,181,131,141,121,141,121,181,181,111,181~2~0.1.3~~2~0~20~20~0~0~2~2~5|131,111,281,161,141,181,181,131,141,121,141,181,181,111,181~2~0.1.3~~2~0~20~20~0~0~2~2~5|131,131,111,151,161,141,181,131,141,131,121,141,151,181,111~~0.1.3~~2~1~20~20~0~0~2~2~5
ORDINARY_LOSS;271,171,171,111,141,151,171,161,131,171,111,151,181,1a1,181~0~~~0~1~0~0~0~0~1~1~5
ORDINARY_LOSS;171,181,141,111,111,111,151,121,131,131,141,1a1,131,161,131~~~~0~1~0~0~0~0~1~1~5
ORDINARY_LOSS;131,1a1,111,141,151,151,161,181,111,181,111,181,111,121,131~~~~0~1~0~0~0~0~1~1~5
ORDINARY_LOSS;111,131,131,171,161,171,151,161,271,171,1a1,181,181,121,181~22~~~0~1~0~0~0~0~1~1~5
ORDINARY_LOSS;161,161,131,121,171,131,111,111,111,161,111,171,141,111,171~~~~0~1~0~0~0~0~1~1~5
ORDINARY_LOSS;131,121,1a1,121,181,181,141,181,181,141,181,111,181,171,171~~~~0~1~0~0~0~0~1~1~5
ORDINARY_LOSS;161,141,181,171,121,191,111,131,171,161,131,151,151,171,151~~~~0~1~0~0~0~0~1~1~5
ORDINARY_LOSS;111,131,171,161,181,131,121,181,161,131,151,171,161,151,121~~~~0~1~0~0~0~0~1~1~5
ORDINARY_LOSS;141,141,111,131,181,151,131,1a1,121,121,181,171,151,151,131~~~~0~1~0~0~0~0~1~1~5
ORDINARY_WIN;121,131,181,171,171,131,121,131,141,121,171,131,171,171,131~~~~0~0~0~0~0~0~1~1~5|171,121,181,121,171,171,121,121,141,171,121,171,181,171,171~~~~1~0~0~0~0~0~1~1~5|271,171,181,131,171,171,171,161,141,171,171,171,181,171,171~0~~~1~0~0~0~0~0~1~1~5|131,181,181,141,161,131,121,161,141,181,161,151,121,181,181~~~~1~1~0~0~0~0~1~1~5
ORDINARY_LOSS;151,171,171,111,111,171,111,131,131,191,151,131,151,121,131~~~~0~1~0~0~0~0~1~1~5
ORDINARY_WIN;181,181,161,131,181,181,121,181,281,181,161,161,181,181,161~22~~~0~0~0~0~0~0~1~1~5|141,171,161,181,171,131,161,121,121,171,161,161,171,161,161~~~~1~1~0~0~0~0~1~1~5
ORDINARY_LOSS;171,171,161,141,141,141,161,171,111,171,121,181,171,141,131~~~~0~1~0~0~0~0~1~1~5
ORDINARY_LOSS;181,131,181,171,181,111,131,151,161,151,141,151,121,121,141~~~~0~1~0~0~0~0~1~1~5
ORDINARY_LOSS;111,171,111,131,141,151,121,131,181,161,121,131,241,141,171~40~~~0~1~0~0~0~0~1~1~5
ORDINARY_LOSS;151,111,121,171,161,161,171,141,121,141,161,161,171,1a1,151~~~~0~1~0~0~0~0~1~1~5
ORDINARY_LOSS;161,121,131,171,151,111,141,1a1,151,141,161,141,161,151,171~~~~0~1~0~0~0~0~1~1~5
ORDINARY_LOSS;121,111,161,161,161,171,181,121,131,111,1a1,161,171,151,111~~~~0~1~0~0~0~0~1~1~5
ORDINARY_WIN;121,131,181,171,171,131,121,131,141,121,171,131,171,171,131~~~~0~0~0~0~0~0~1~1~5|171,121,181,121,171,171,121,121,141,171,121,171,181,171,171~~~~1~0~0~0~0~0~1~1~5|271,171,181,131,171,171,171,161,141,171,171,171,181,171,171~0~~~1~0~0~0~0~0~1~1~5|131,181,181,141,161,131,121,161,141,181,161,151,121,181,181~~~~1~1~0~0~0~0~1~1~5
ORDINARY_LOSS;181,111,121,171,121,131,141,161,171,121,181,131,111,141,111~~~~0~1~0~0~0~0~1~1~5
ORDINARY_LOSS;161,121,171,121,121,1a1,131,171,131,141,121,121,141,141,191~~~~0~1~0~0~0~0~1~1~5
ORDINARY_LOSS;111,171,121,141,111,131,131,151,121,171,131,181,121,111,151~~~~0~1~0~0~0~0~1~1~5
ORDINARY_LOSS;151,121,161,1a1,141,131,141,121,181,161,131,151,141,151,111~~~~0~1~0~0~0~0~1~1~5
ORDINARY_WIN;131,181,181,171,181,181,181,121,181,181,181,181,161,181,121~~~~0~0~0~0~0~0~1~1~5|121,131,131,131,141,171,131,161,121,151,151,121,181,161,121~~~~1~0~0~0~0~0~1~1~5|161,181,121,171,141,171,171,161,121,151,151,121,181,161,121~~~~1~1~0~0~0~0~1~1~5
ORDINARY_LOSS;111,131,111,171,111,111,161,171,151,151,121,121,151,171,131~~~~0~1~0~0~0~0~1~1~5
ORDINARY_LOSS;151,141,121,181,141,131,121,151,111,151,161,141,131,141,1a1~~~~0~1~0~0~0~0~1~1~5
ORDINARY_LOSS;111,171,131,151,171,141,161,151,111,151,131,131,181,171,151~~~~0~1~0~0~0~0~1~1~5
ORDINARY_LOSS;171,161,171,151,181,131,151,151,181,141,181,151,131,151,171~~~~0~1~0~0~0~0~1~1~5
ORDINARY_LOSS;161,171,1a1,141,141,131,121,161,151,141,141,131,181,161,141~~~~0~1~0~0~0~0~1~1~5
ORDINARY_LOSS;141,151,131,151,131,151,121,121,161,161,111,161,181,161,171~~~~0~1~0~0~0~0~1~1~5
ORDINARY_LOSS;171,111,121,141,111,181,131,171,141,171,131,171,151,181,151~~~~0~1~0~0~0~0~1~1~5
ORDINARY_LOSS;171,161,141,121,141,181,151,121,171,111,151,131,181,111,181~~~~0~1~0~0~0~0~1~1~5
ORDINARY_LOSS;121,171,131,131,161,141,121,121,111,131,1a1,121,161,181,151~~~~0~1~0~0~0~0~1~1~5
ORDINARY_LOSS;121,171,171,111,161,111,191,181,141,141,141,171,181,151,181~~~~0~1~0~0~0~0~1~1~5
ORDINARY_LOSS;161,111,181,181,111,111,141,171,151,181,151,1a1,231,111,151~40~~~0~1~0~0~0~0~1~1~5
ORDINARY_LOSS;161,121,161,181,121,151,141,151,111,131,111,141,161,161,171~~~~0~1~0~0~0~0~1~1~5
ORDINARY_LOSS;1a1,151,181,111,161,141,131,131,131,121,111,161,171,121,151~~~~0~1~0~0~0~0~1~1~5
ORDINARY_LOSS;161,161,1a1,111,171,131,171,111,161,121,131,151,161,181,141~~~~0~1~0~0~0~0~1~1~5
ORDINARY_LOSS;151,171,121,141,181,271,111,1a1,121,161,121,191,131,181,131~12~~~0~1~0~0~0~0~1~1~5
ORDINARY_LOSS;181,161,171,161,161,141,151,151,181,121,181,151,161,111,181~~~~0~1~0~0~0~0~1~1~5
ORDINARY_LOSS;161,181,181,161,161,161,131,131,181,131,121,161,1a1,121,131~~~~0~1~0~0~0~0~1~1~5
ORDINARY_LOSS;151,131,171,151,141,141,131,111,161,141,151,131,131,181,131~~~~0~1~0~0~0~0~1~1~5
ORDINARY_LOSS;151,161,151,141,111,161,151,1a1,181,161,181,161,151,181,151~~~~0~1~0~0~0~0~1~1~5
ORDINARY_LOSS;141,151,121,131,131,131,121,1a1,131,181,181,161,151,111,151~~~~0~1~0~0~0~0~1~1~5
ORDINARY_LOSS;161,131,111,121,121,171,171,131,181,161,181,1a1,141,161,171~~~~0~1~0~0~0~0~1~1~5
ORDINARY_LOSS;161,141,121,171,141,171,111,111,111,141,131,111,181,151,181~~~~0~1~0~0~0~0~1~1~5
ORDINARY_WIN;181,181,161,131,181,181,121,181,281,181,161,161,181,181,161~22~~~0~0~0~0~0~0~1~1~5|141,171,161,181,171,131,161,121,121,171,161,161,171,161,161~~~~1~1~0~0~0~0~1~1~5
ORDINARY_LOSS;181,171,121,141,131,181,131,171,1a1,121,141,171,151,131,141~~~~0~1~0~0~0~0~1~1~5
ORDINARY_LOSS;161,181,171,151,121,141,161,161,111,131,161,111,131,161,171~~~~0~1~0~0~0~0~1~1~5
ORDINARY_LOSS;161,131,161,131,171,131,171,121,121,111,141,181,131,171,191~~~~0~1~0~0~0~0~1~1~5
ORDINARY_LOSS;171,181,151,121,171,151,121,161,181,151,161,131,111,131,151~~~~0~1~0~0~0~0~1~1~5
ORDINARY_LOSS;121,121,141,171,181,131,111,151,131,111,171,1a1,181,161,161~~~~0~1~0~0~0~0~1~1~5
ORDINARY_LOSS;111,151,171,121,141,111,121,131,181,181,171,131,161,121,141~~~~0~1~0~0~0~0~1~1~5
ORDINARY_LOSS;111,151,141,141,1a1,161,181,121,121,131,151,171,181,171,191~~~~0~1~0~0~0~0~1~1~5
ORDINARY_LOSS;181,111,141,131,131,171,161,181,161,181,111,171,151,181,171~~~~0~1~0~0~0~0~1~1~5
ORDINARY_LOSS;141,141,181,121,151,171,171,121,131,141,131,111,151,171,151~~~~0~1~0~0~0~0~1~1~5
ORDINARY_LOSS;161,171,131,111,181,141,141,141,131,141,151,131,131,111,171~~~~0~1~0~0~0~0~1~1~5
ORDINARY_LOSS;131,171,171,121,141,141,131,151,181,111,141,141,141,171,181~~~~0~1~0~0~0~0~1~1~5
ORDINARY_LOSS;141,1a1,151,111,141,161,151,161,151,171,131,111,161,181,161~~~~0~1~0~0~0~0~1~1~5
ORDINARY_LOSS;131,161,131,111,151,151,161,151,161,171,121,131,131,151,161~~~~0~1~0~0~0~0~1~1~5
ORDINARY_LOSS;141,121,151,121,171,111,151,131,161,161,121,121,161,121,131~~~~0~1~0~0~0~0~1~1~5
ORDINARY_LOSS;161,111,121,111,151,111,141,161,141,141,171,181,171,171,181~~~~0~1~0~0~0~0~1~1~5
ORDINARY_LOSS;121,151,181,141,131,111,181,121,131,291,131,181,161,181,1a1~30~~~0~1~0~0~0~0~1~1~5
ORDINARY_LOSS;111,161,131,111,171,171,121,141,141,171,161,131,111,161,121~~~~0~1~0~0~0~0~1~1~5
ORDINARY_LOSS;181,121,181,151,131,181,161,121,141,1a1,171,151,141,161,151~~~~0~1~0~0~0~0~1~1~5
ORDINARY_LOSS;1a1,111,171,151,131,141,131,131,161,131,121,151,151,181,121~~~~0~1~0~0~0~0~1~1~5
ORDINARY_LOSS;141,121,131,111,151,141,131,161,111,121,121,151,131,171,121~~~~0~1~0~0~0~0~1~1~5
ORDINARY_WIN;181,181,161,181,141,151,181,181,131,181,181,181,131,181,181~~~~0~0~0~0~0~0~1~1~5|141,131,161,161,141,151,181,171,131,121,181,141,111,181,131~~~~1~1~0~0~0~0~1~1~5
ORDINARY_LOSS;171,131,161,181,161,111,181,131,141,141,111,151,171,151,151~~~~0~1~0~0~0~0~1~1~5
ORDINARY_LOSS;121,151,141,151,121,141,171,111,131,181,111,131,1a1,161,121~~~~0~1~0~0~0~0~1~1~5
ORDINARY_LOSS;131,131,161,161,171,171,121,131,121,1a1,121,131,141,121,131~~~~0~1~0~0~0~0~1~1~5
ORDINARY_LOSS;161,181,141,141,141,131,121,131,131,141,181,181,141,141,171~~~~0~1~0~0~0~0~1~1~5
ORDINARY_LOSS;181,131,181,181,121,171,151,111,171,131,181,181,131,151,131~~~~0~1~0~0~0~0~1~1~5
ORDINARY_LOSS;121,131,121,121,111,121,131,131,141,181,161,171,151,161,141~~~~0~1~0~0~0~0~1~1~5
ORDINARY_LOSS;181,111,151,1a1,111,161,151,161,131,181,121,181,111,111,131~~~~0~1~0~0~0~0~1~1~5
ORDINARY_WIN;181,181,131,181,131,181,131,181,131,171,181,181,171,181,281~42~~~0~0~0~0~0~0~1~1~5|121,141,161,151,151,141,111,181,131,121,131,171,111,161,171~~~~1~1~0~0~0~0~1~1~5
ORDINARY_LOSS;121,151,151,181,161,151,181,171,111,121,111,121,151,111,181~~~~0~1~0~0~0~0~1~1~5
ORDINARY_LOSS;121,111,161,181,171,151,161,181,121,1a1,241,111,121,161,121~31~~~0~1~0~0~0~0~1~1~5
ORDINARY_LOSS;161,181,151,121,161,161,111,141,151,161,121,141,171,151,141~~~~0~1~0~0~0~0~1~1~5
ORDINARY_LOSS;181,131,151,111,131,171,111,121,151,131,161,151,161,141,151~~~~0~1~0~0~0~0~1~1~5
ORDINARY_LOSS;111,181,141,121,171,171,151,181,181,131,171,171,181,151,171~~~~0~1~0~0~0~0~1~1~5
ORDINARY_LOSS;121,161,161,121,151,131,141,141,151,181,141,111,181,121,111~~~~0~1~0~0~0~0~1~1~5
ORDINARY_LOSS;181,151,141,111,171,141,161,111,151,181,171,141,121,111,121~~~~0~1~0~0~0~0~1~1~5
ORDINARY_LOSS;171,131,141,171,121,171,161,161,121,181,141,181,161,141,141~~~~0~1~0~0~0~0~1~1~5
ORDINARY_LOSS;181,171,111,121,141,181,131,151,161,181,171,141,151,171,151~~~~0~1~0~0~0~0~1~1~5
ORDINARY_WIN;171,121,181,171,151,111,111,181,171,181,161,141,281,131,171~40~~~0~0~0~0~0~0~1~1~5|181,121,181,121,151,111,121,111,181,181,161,141,281,131,171~40~~~1~0~0~0~0~0~1~1~5|111,181,181,111,151,111,181,111,181,181,161,141,281,131,171~40~~~1~0~0~0~0~0~1~1~5|181,181,181,181,181,151,121,181,181,181,161,141,281,131,171~40~~~1~0~0~0~0~0~1~1~5|291,181,131,141,161,151,181,111,121,181,161,141,181,131,171~0~~~1~1~0~0~0~0~1~1~5
ORDINARY_LOSS;181,151,151,141,141,121,131,151,171,111,121,141,111,181,151~~~~0~1~0~0~0~0~1~1~5
ORDINARY_LOSS;111,211,181,131,111,151,131,181,171,111,181,141,141,151,151~1~~~0~1~0~0~0~0~1~1~5
ORDINARY_LOSS;1a1,181,151,121,131,171,141,131,111,151,121,141,171,131,171~~~~0~1~0~0~0~0~1~1~5
ORDINARY_LOSS;131,131,151,151,141,151,111,141,111,181,161,121,151,151,181~~~~0~1~0~0~0~0~1~1~5
ORDINARY_LOSS;111,181,161,151,111,171,181,161,161,131,151,131,161,181,151~~~~0~1~0~0~0~0~1~1~5
ORDINARY_LOSS;161,261,151,161,131,181,121,121,141,151,141,141,121,111,141~1~~~0~1~0~0~0~0~1~1~5
ORDINARY_LOSS;171,141,181,131,151,171,111,121,131,111,181,181,161,131,111~~~~0~1~0~0~0~0~1~1~5
ORDINARY_LOSS;151,161,111,141,111,141,121,171,171,161,131,151,181,121,171~~~~0~1~0~0~0~0~1~1~5
ORDINARY_LOSS;171,171,141,241,111,171,161,121,111,121,131,111,111,161,151~10~~~0~1~0~0~0~0~1~1~5
ORDINARY_LOSS;171,131,141,181,141,171,121,131,181,121,131,131,171,131,111~~~~0~1~0~0~0~0~1~1~5
ORDINARY_LOSS;151,151,121,111,141,171,131,181,141,181,171,141,161,121,171~~~~0~1~0~0~0~0~1~1~5
ORDINARY_LOSS;181,131,131,241,111,151,131,181,181,171,161,141,131,181,141~10~~~0~1~0~0~0~0~1~1~5
ORDINARY_LOSS;151,111,171,181,131,161,121,171,161,171,181,141,111,121,121~~~~0~1~0~0~0~0~1~1~5
ORDINARY_LOSS;121,171,131,151,161,141,131,141,171,191,151,151,181,131,111~~~~0~1~0~0~0~0~1~1~5
ORDINARY_LOSS;121,171,171,1a1,181,181,111,161,181,151,171,181,111,181,151~~~~0~1~0~0~0~0~1~1~5
ORDINARY_LOSS;121,131,151,161,131,131,171,151,161,151,131,121,161,121,151~~~~0~1~0~0~0~0~1~1~5
ORDINARY_LOSS;171,161,111,121,141,171,141,141,281,151,121,171,121,161,121~22~~~0~1~0~0~0~0~1~1~5
ORDINARY_LOSS;171,111,141,161,141,181,121,181,151,151,131,141,111,141,141~~~~0~1~0~0~0~0~1~1~5
ORDINARY_LOSS;131,121,181,1a1,111,181,141,121,121,151,181,191,161,141,111~~~~0~1~0~0~0~0~1~1~5
ORDINARY_LOSS;141,161,121,181,171,131,151,151,161,141,1a1,181,151,151,151~~~~0~1~0~0~0~0~1~1~5
ORDINARY_LOSS;131,111,151,121,141,141,151,241,161,161,141,131,111,111,151~21~~~0~1~0~0~0~0~1~1~5
ORDINARY_LOSS;161,171,131,181,141,181,111,131,111,161,291,131,111,171,171~31~~~0~1~0~0~0~0~1~1~5
ORDINARY_LOSS;161,131,161,121,121,171,121,141,181,121,151,121,151,141,181~~~~0~1~0~0~0~0~1~1~5
ORDINARY_LOSS;131,171,121,151,131,161,141,141,181,171,161,111,151,171,181~~~~0~1~0~0~0~0~1~1~5
ORDINARY_LOSS;121,171,181,121,171,181,131,141,1a1,161,121,181,151,151,151~~~~0~1~0~0~0~0~1~1~5
ORDINARY_LOSS;151,131,141,171,141,121,1a1,171,181,121,171,171,161,141,161~~~~0~1~0~0~0~0~1~1~5
ORDINARY_LOSS;181,141,161,141,121,121,121,111,151,161,131,141,131,161,121~~~~0~1~0~0~0~0~1~1~5
ORDINARY_LOSS;171,131,161,111,131,151,161,161,161,111,141,171,181,121,121~~~~0~1~0~0~0~0~1~1~5
ORDINARY_LOSS;121,181,121,181,131,181,161,111,121,131,181,121,121,141,111~~~~0~1~0~0~0~0~1~1~5
ORDINARY_LOSS;161,171,191,141,111,181,121,151,131,121,111,151,141,181,181~~~~0~1~0~0~0~0~1~1~5
ORDINARY_LOSS;121,171,161,161,151,141,121,121,151,121,111,131,151,161,161~~~~0~1~0~0~0~0~1~1~5
ORDINARY_LOSS;121,121,171,131,131,181,141,131,151,181,131,111,121,131,141~~~~0~1~0~0~0~0~1~1~5
ORDINARY_LOSS;131,121,161,171,171,1a1,121,111,121,141,161,171,171,171,181~~~~0~1~0~0~0~0~1~1~5
ORDINARY_LOSS;131,111,141,141,171,111,121,161,161,161,141,131,151,171,181~~~~0~1~0~0~0~0~1~1~5
ORDINARY_LOSS;161,141,1a1,151,141,121,131,121,151,131,131,121,111,121,111~~~~0~1~0~0~0~0~1~1~5
ORDINARY_LOSS;181,171,121,151,161,151,181,141,121,161,151,171,131,121,161~~~~0~1~0~0~0~0~1~1~5
ORDINARY_LOSS;161,181,161,181,171,111,161,161,131,181,171,181,121,111,1a1~~~~0~1~0~0~0~0~1~1~5
ORDINARY_WIN;181,171,171,171,171,171,171,151,171,171,161,171,171,171,161~~~~0~0~0~0~0~0~1~1~5|161,171,181,121,151,131,161,131,151,141,141,161,121,171,161~~~~1~1~0~0~0~0~1~1~5
ORDINARY_LOSS;151,121,171,141,161,181,161,121,151,161,161,121,131,151,131~~~~0~1~0~0~0~0~1~1~5
ORDINARY_LOSS;141,171,171,161,181,141,121,131,171,111,131,121,121,181,181~~~~0~1~0~0~0~0~1~1~5
ORDINARY_LOSS;131,131,161,121,171,171,121,121,111,131,131,171,121,1a1,171~~~~0~1~0~0~0~0~1~1~5
ORDINARY_LOSS;161,151,161,111,111,171,141,141,131,121,171,131,121,131,161~~~~0~1~0~0~0~0~1~1~5
ORDINARY_LOSS;141,161,121,161,151,161,181,181,171,111,161,161,151,171,181~~~~0~1~0~0~0~0~1~1~5
ORDINARY_LOSS;161,161,111,171,181,121,111,171,161,181,151,171,131,181,171~~~~0~1~0~0~0~0~1~1~5
ORDINARY_LOSS;111,111,181,151,141,181,151,171,111,181,141,181,151,131,161~~~~0~1~0~0~0~0~1~1~5
ORDINARY_LOSS;151,121,161,151,111,131,141,131,241,141,141,131,171,171,131~22~~~0~1~0~0~0~0~1~1~5
ORDINARY_LOSS;171,151,121,111,141,151,161,181,131,131,131,111,131,111,141~~~~0~1~0~0~0~0~1~1~5
ORDINARY_WIN;181,181,171,281,151,181,181,161,181,131,181,181,181,151,151~10~~~0~0~0~0~0~0~1~1~5|151,141,171,131,111,151,181,151,161,171,121,131,171,151,151~~~~1~0~0~0~0~0~1~1~5|131,141,171,151,131,111,171,181,161,171,121,131,171,151,151~~~~1~1~0~0~0~0~1~1~5
ORDINARY_LOSS;231,111,111,121,171,161,131,151,121,171,171,181,151,141,161~0~~~0~1~0~0~0~0~1~1~5
ORDINARY_LOSS;181,131,161,181,151,181,111,131,161,151,131,141,171,151,1a1~~~~0~1~0~0~0~0~1~1~5
ORDINARY_LOSS;181,181,141,131,131,171,171,141,171,121,151,111,171,181,181~~~~0~1~0~0~0~0~1~1~5
ORDINARY_LOSS;181,171,121,1a1,131,121,151,151,151,151,121,171,121,281,131~41~~~0~1~0~0~0~0~1~1~5
ORDINARY_LOSS;161,181,181,141,181,181,151,161,121,151,131,161,141,161,111~~~~0~1~0~0~0~0~1~1~5
ORDINARY_LOSS;181,1a1,161,111,131,121,171,121,151,171,161,151,181,171,161~~~~0~1~0~0~0~0~1~1~5
ORDINARY_LOSS;1a1,111,151,141,111,171,181,221,161,121,181,181,161,181,111~21~~~0~1~0~0~0~0~1~1~5
ORDINARY_LOSS;131,171,121,111,111,151,111,181,181,111,131,181,161,111,161~~~~0~1~0~0~0~0~1~1~5
ORDINARY_LOSS;111,131,161,161,141,171,181,181,181,121,141,181,141,131,121~~~~0~1~0~0~0~0~1~1~5
ORDINARY_LOSS;141,181,131,161,141,121,121,171,131,181,191,121,181,171,151~~~~0~1~0~0~0~0~1~1~5
ORDINARY_LOSS;121,151,151,151,161,141,161,121,161,141,141,131,1a1,111,141~~~~0~1~0~0~0~0~1~1~5
ORDINARY_LOSS;121,111,181,151,131,141,141,121,131,291,131,131,161,121,161~30~~~0~1~0~0~0~0~1~1~5
ORDINARY_LOSS;111,151,181,161,1a1,171,141,181,151,161,151,131,131,161,141~~~~0~1~0~0~0~0~1~1~5
ORDINARY_LOSS;181,111,151,171,171,141,121,151,161,141,151,151,131,131,141~~~~0~1~0~0~0~0~1~1~5
ORDINARY_LOSS;161,151,161,181,131,121,141,181,171,181,131,121,171,111,141~~~~0~1~0~0~0~0~1~1~5
ORDINARY_LOSS;121,161,151,141,131,161,151,141,121,171,171,151,111,111,111~~~~0~1~0~0~0~0~1~1~5
ORDINARY_LOSS;111,161,151,171,161,151,171,111,141,141,131,121,131,121,121~~~~0~1~0~0~0~0~1~1~5
ORDINARY_WIN;281,281,181,141,181,181,181,181,111,131,181,131,161,121,181~0.1~~~0~0~0~0~0~0~1~1~5|131,131,171,111,171,141,111,161,111,161,131,131,161,161,121~~~~1~1~0~0~0~0~1~1~5
ORDINARY_LOSS;111,141,191,121,171,151,111,161,111,151,181,121,111,141,111~~~~0~1~0~0~0~0~1~1~5
ORDINARY_LOSS;151,141,111,151,171,121,181,111,171,131,171,181,131,131,171~~~~0~1~0~0~0~0~1~1~5
ORDINARY_LOSS;151,151,161,191,111,121,141,171,141,121,131,121,171,161,131~~~~0~1~0~0~0~0~1~1~5
ORDINARY_LOSS;121,171,121,131,121,161,161,161,111,121,121,141,121,181,171~~~~0~1~0~0~0~0~1~1~5
ORDINARY_LOSS;121,141,141,171,131,181,131,121,161,121,171,171,141,121,111~~~~0~1~0~0~0~0~1~1~5
ORDINARY_LOSS;171,131,161,111,121,1a1,181,151,161,141,161,131,111,161,171~~~~0~1~0~0~0~0~1~1~5
ORDINARY_LOSS;161,121,121,121,161,181,151,111,111,181,161,121,121,171,151~~~~0~1~0~0~0~0~1~1~5
ORDINARY_LOSS;131,141,131,111,121,111,141,111,151,1a1,151,151,111,171,111~~~~0~1~0~0~0~0~1~1~5
ORDINARY_LOSS;161,111,171,141,121,111,1a1,181,161,141,121,151,141,121,111~~~~0~1~0~0~0~0~1~1~5
FREE_SPINS;1a1,121,121,161,111,1a1,141,121,161,171,171,1a1,151,161,141~~0.1.3~~2~1~10~0~0~0~1~1~5|161,111,121,161,151,161,171,131,161,151,151,131,131,131,131~~0.1.3~~2~0~10~1~0~0~2~2~5|151,111,121,141,171,151,131,171,131,151,151,131,131,131,131~~0.1.3~~2~1~10~1~0~0~2~2~5|141,182,125,181,121,191,121,141,141,122,112,121,181,161,111~~0.1.3~~2~0~10~2~0~0~2~2~5|111,132,185,181,181,181,181,151,181,182,122,111,181,161,111~~0.1.3~~2~0~10~2~0~0~2~2~5|161,112,135,161,131,161,181,161,151,152,122,111,181,161,111~~0.1.3~~2~0~10~2~0~0~2~2~5|121,112,135,171,151,131,121,181,151,152,122,111,181,161,111~~0.1.3~~2~1~10~2~0~0~2~2~5|111,141,131,121,131,151,161,181,161,141,131,111,181,181,131~~0.1.3~~2~1~10~3~0~0~2~2~5|171,153,131,121,181,181,161,181,172,161,171,111,131,171,151~~0.1.3~~2~1~10~4~0~0~2~2~5|141,111,151,161,181,121,151,121,115,161,141,181,141,121,141~~0.1.3~~2~1~10~5~0~0~2~2~5|141,191,181,111,161,112,131,161,121,171,161,161,151,131,121~~0.1.3~12-1~2~0~11~6~0~0~2~2~5|121,141,181,171,111,112,131,131,121,161,121,171,151,131,121~~0.1.3~~2~1~11~6~0~0~2~2~5|121,141,181,171,141,161,111,141,111,151,161,151,121,171,111~~0.1.3~~2~0~11~7~0~0~2~2~5|111,121,181,141,171,161,171,111,111,151,161,151,121,171,111~~0.1.3~~2~1~11~7~0~0~2~2~5|151,131,141,171,141,141,151,161,1110,171,171,181,141,172,141~~0.1.3~~2~1~11~8~0~0~2~2~5|131,173,181,181,161,155,131,151,195,121,171,131,162,141,121~~0.1.3~~2~0~11~9~0~0~2~2~5|171,133,171,141,161,155,141,131,155,121,171,131,162,141,121~~0.1.3~~2~1~11~9~0~0~2~2~5|211,161,171,153,171,148,161,141,111,141,141,171,141,161,141~0~0.1.3~0-2~2~1~13~10~0~0~2~2~5|123,161,181,181,171,141,121,151,121,121,171,131,171,141,141~~0.1.3~~2~1~13~11~0~0~2~2~5|171,131,131,181,171,171,181,141,131,181,121,171,181,121,151~~0.1.3~11-1~2~1~14~12~0~0~2~2~5|161,141,151,151,181,131,151,151,121,161,171,111,161,141,173~~0.1.3~~2~0~14~13~0~0~2~2~5|141,161,141,121,181,131,161,181,121,161,171,111,161,141,173~~0.1.3~~2~1~14~13~0~0~2~2~5|141,181,141,111,171,171,121,111,141,123,171,162,181,171,171~~0.1.3~~2~1~14~14~0~0~2~2~5
ORDINARY_LOSS;151,151,141,181,131,131,171,171,111,111,121,141,141,141,131~~~~0~1~0~0~0~0~1~1~5
ORDINARY_LOSS;111,111,151,181,131,131,1a1,181,181,111,181,161,131,121,181~~~~0~1~0~0~0~0~1~1~5
ORDINARY_LOSS;181,181,111,111,181,141,171,151,151,171,151,161,121,131,271~42~~~0~1~0~0~0~0~1~1~5
ORDINARY_LOSS;181,171,151,171,161,121,161,121,161,121,181,181,111,141,171~~~~0~1~0~0~0~0~1~1~5
ORDINARY_LOSS;121,121,151,141,181,121,131,181,141,141,181,151,121,141,161~~~~0~1~0~0~0~0~1~1~5
ORDINARY_LOSS;171,161,151,141,181,121,161,111,111,141,171,131,141,131,171~~~~0~1~0~0~0~0~1~1~5
ORDINARY_LOSS;141,141,171,141,131,111,121,161,181,171,121,151,151,181,151~~~~0~1~0~0~0~0~1~1~5
ORDINARY_LOSS;1a1,151,161,131,151,181,121,181,131,131,161,171,131,131,171~~~~0~1~0~0~0~0~1~1~5
ORDINARY_WIN;181,171,171,171,171,171,171,151,171,171,161,171,171,171,161~~~~0~0~0~0~0~0~1~1~5|161,171,181,121,151,131,161,131,151,141,141,161,121,171,161~~~~1~1~0~0~0~0~1~1~5
ORDINARY_LOSS;141,131,131,111,181,161,151,141,131,111,181,131,111,181,111~~~~0~1~0~0~0~0~1~1~5
ORDINARY_LOSS;181,181,171,131,141,181,111,121,121,121,121,161,181,171,111~~~~0~1~0~0~0~0~1~1~5
ORDINARY_LOSS;111,161,111,181,121,131,161,161,141,161,111,121,121,121,141~~~~0~1~0~0~0~0~1~1~5
FREE_SPINS;141,171,111,1a1,151,131,1a1,151,141,1a1,181,171,111,141,141~~1.2.3~~2~1~10~0~0~0~1~1~5|161,151,168,145,121,161,128,165,171,141,171,141,172,111,111~~1.2.3~9-1~2~0~11~1~0~0~2~2~5|171,121,158,125,141,121,278,125,171,141,171,141,172,111,111~20~1.2.3~~2~0~11~1~0~0~2~2~5|121,171,158,155,151,141,158,275,171,141,171,141,172,111,111~21~1.2.3~~2~0~11~1~0~0~2~2~5|131,121,178,175,181,141,138,275,171,141,171,141,172,111,111~21~1.2.3~~2~0~11~1~0~0~2~2~5|121,131,128,185,181,141,138,115,131,141,141,141,112,111,111~~1.2.3~~2~1~11~1~0~0~2~2~5|121,171,141,131,131,121,121,141,121,181,161,111,191,121,135~~1.2.3~~2~0~11~2~0~0~2~2~5|141,171,141,181,131,131,141,111,141,181,161,111,191,121,135~~1.2.3~~2~1~11~2~0~0~2~2~5|161,161,151,151,171,141,171,161,113,141,112,171,131,182,191~~1.2.3~14-1~2~1~12~3~0~0~2~2~5|141,151,151,121,151,151,182,171,111,173,151,181,131,111,151~~1.2.3~~2~1~12~4~0~0~2~2~5|121,171,171,161,181,161,121,121,171,131,171,121,151,171,121~~1.2.3~~2~1~12~5~0~0~2~2~5|161,181,131,141,171,141,131,161,121,141,121,131,121,181,161~~1.2.3~0-2.13-1~2~1~15~6~0~0~2~2~5|161,121,121,141,131,171,181,121,121,161,141,131,151,141,171~~1.2.3~~2~1~15~7~0~0~2~2~5|111,171,111,181,131,141,131,121,181,131,121,121,181,125,161~~1.2.3~~2~1~15~8~0~0~2~2~5|171,161,111,131,121,141,131,141,171,151,111,111,121,171,171~~1.2.3~~2~1~15~9~0~0~2~2~5|141,171,181,131,161,161,111,161,151,111,111,121,121,161,161~~1.2.3~0-1~2~1~16~10~0~0~2~2~5|141,131,161,111,171,141,151,121,141,141,151,163,111,162,155~~1.2.3~~2~0~16~11~0~0~2~2~5|141,131,161,121,111,171,161,151,121,171,151,163,111,162,155~~1.2.3~~2~1~16~11~0~0~2~2~5|141,151,181,131,141,161,183,161,181,151,171,181,181,161,171~~1.2.3~~2~1~16~12~0~0~2~2~5|171,181,141,151,161,161,111,111,121,121,141,131,171,111,111~~1.2.3~~2~1~16~13~0~0~2~2~5|181,143,181,121,151,121,171,181,171,181,171,121,175,151,151~~1.2.3~~2~1~16~14~0~0~2~2~5|141,121,121,181,141,121,131,161,161,141,111,121,141,191,181~~1.2.3~~2~1~16~15~0~0~2~2~5|181,182,151,185,181,131,182,161,171,141,131,171,183,181,171~~1.2.3~~2~0~16~16~0~0~2~2~5|131,132,151,145,141,131,172,161,171,141,131,171,183,181,171~~1.2.3~~2~1~16~16~0~0~2~2~5
ORDINARY_LOSS;171,171,151,161,161,161,131,131,151,171,171,141,111,121,161~~~~0~1~0~0~0~0~1~1~5
ORDINARY_LOSS;161,111,111,181,151,121,161,141,111,181,161,151,141,131,111~~~~0~1~0~0~0~0~1~1~5
ORDINARY_LOSS;121,161,181,141,121,151,151,151,111,111,131,181,171,131,131~~~~0~1~0~0~0~0~1~1~5
ORDINARY_LOSS;111,141,131,131,161,131,111,141,151,121,141,1a1,181,131,131~~~~0~1~0~0~0~0~1~1~5
ORDINARY_LOSS;171,181,161,181,151,121,161,141,141,171,171,121,111,181,181~~~~0~1~0~0~0~0~1~1~5
ORDINARY_LOSS;171,151,181,141,111,121,141,141,131,111,181,111,151,141,161~~~~0~1~0~0~0~0~1~1~5
ORDINARY_LOSS;111,181,111,111,121,121,171,181,141,111,161,131,161,171,121~~~~0~1~0~0~0~0~1~1~5
ORDINARY_LOSS;181,171,131,141,141,171,151,111,131,121,181,181,121,181,171~~~~0~1~0~0~0~0~1~1~5
ORDINARY_LOSS;171,141,281,151,161,161,121,181,121,131,111,161,161,131,171~2~~~0~1~0~0~0~0~1~1~5
ORDINARY_LOSS;121,181,181,131,171,161,111,161,121,141,181,111,111,181,151~~~~0~1~0~0~0~0~1~1~5
ORDINARY_LOSS;141,121,161,111,161,111,111,111,151,181,121,121,161,141,151~~~~0~1~0~0~0~0~1~1~5
ORDINARY_LOSS;151,191,181,151,111,161,121,141,131,181,171,191,181,161,181~~~~0~1~0~0~0~0~1~1~5
ORDINARY_LOSS;181,141,141,181,181,121,121,151,141,171,161,151,191,151,131~~~~0~1~0~0~0~0~1~1~5
ORDINARY_LOSS;111,1a1,121,151,181,121,161,141,141,151,171,121,161,211,151~41~~~0~1~0~0~0~0~1~1~5
ORDINARY_LOSS;171,131,161,151,141,181,131,161,141,181,131,121,151,151,121~~~~0~1~0~0~0~0~1~1~5
ORDINARY_LOSS;181,131,121,181,141,181,231,151,151,181,161,151,171,181,151~20~~~0~1~0~0~0~0~1~1~5
ORDINARY_LOSS;141,161,151,171,131,111,171,151,171,121,111,131,131,131,161~~~~0~1~0~0~0~0~1~1~5
ORDINARY_LOSS;131,131,171,161,171,111,161,151,121,161,161,181,161,141,171~~~~0~1~0~0~0~0~1~1~5
ORDINARY_LOSS;131,151,181,141,111,161,171,111,171,131,171,121,131,141,121~~~~0~1~0~0~0~0~1~1~5
ORDINARY_LOSS;141,151,121,141,141,181,161,111,121,111,131,111,131,111,121~~~~0~1~0~0~0~0~1~1~5
ORDINARY_LOSS;121,181,171,131,161,161,121,131,131,111,171,171,151,161,121~~~~0~1~0~0~0~0~1~1~5
ORDINARY_LOSS;151,141,111,171,1a1,121,151,141,171,181,151,161,181,181,171~~~~0~1~0~0~0~0~1~1~5
ORDINARY_LOSS;121,131,141,171,1a1,111,141,141,111,181,131,131,181,121,161~~~~0~1~0~0~0~0~1~1~5
ORDINARY_LOSS;111,151,161,121,121,111,181,181,121,111,121,141,141,1a1,151~~~~0~1~0~0~0~0~1~1~5
ORDINARY_LOSS;1a1,131,111,111,121,181,121,141,121,161,171,141,121,121,171~~~~0~1~0~0~0~0~1~1~5
ORDINARY_LOSS;111,141,111,171,131,131,1a1,151,141,171,151,131,161,161,131~~~~0~1~0~0~0~0~1~1~5
ORDINARY_LOSS;111,121,161,181,151,131,171,141,1a1,121,171,181,111,131,171~~~~0~1~0~0~0~0~1~1~5
ORDINARY_LOSS;181,141,121,131,171,131,131,141,171,161,121,141,181,121,1a1~~~~0~1~0~0~0~0~1~1~5
ORDINARY_LOSS;121,141,131,141,151,131,171,171,111,111,161,141,181,111,121~~~~0~1~0~0~0~0~1~1~5
ORDINARY_LOSS;1a1,111,121,121,171,151,141,151,111,131,141,151,111,111,161~~~~0~1~0~0~0~0~1~1~5
ORDINARY_LOSS;181,131,131,151,181,111,111,151,131,171,131,141,131,161,171~~~~0~1~0~0~0~0~1~1~5
ORDINARY_LOSS;1a1,181,151,221,161,131,131,121,171,171,171,141,111,161,111~10~~~0~1~0~0~0~0~1~1~5
ORDINARY_LOSS;121,131,151,181,141,171,171,141,161,161,181,141,181,181,151~~~~0~1~0~0~0~0~1~1~5
ORDINARY_LOSS;121,221,1a1,131,111,121,111,171,181,171,151,171,181,131,171~1~~~0~1~0~0~0~0~1~1~5
ORDINARY_LOSS;151,131,161,181,141,121,141,151,161,181,151,111,131,131,151~~~~0~1~0~0~0~0~1~1~5
ORDINARY_LOSS;141,151,171,111,111,141,151,161,121,111,141,171,181,131,181~~~~0~1~0~0~0~0~1~1~5
ORDINARY_LOSS;1a1,151,181,131,171,111,151,151,151,151,171,111,141,111,171~~~~0~1~0~0~0~0~1~1~5
ORDINARY_LOSS;141,141,151,151,171,171,1a1,161,161,141,171,171,151,111,181~~~~0~1~0~0~0~0~1~1~5
ORDINARY_LOSS;121,111,181,121,171,141,181,161,181,151,111,171,131,131,131~~~~0~1~0~0~0~0~1~1~5
ORDINARY_LOSS;131,131,181,141,151,181,161,141,131,171,1a1,111,141,131,181~~~~0~1~0~0~0~0~1~1~5
ORDINARY_LOSS;181,181,171,111,141,131,151,171,191,181,181,151,171,171,181~~~~0~1~0~0~0~0~1~1~5
ORDINARY_LOSS;171,161,171,121,111,181,161,131,111,1a1,151,131,181,111,181~~~~0~1~0~0~0~0~1~1~5
ORDINARY_LOSS;131,181,151,121,171,121,111,131,171,181,1a1,161,181,141,111~~~~0~1~0~0~0~0~1~1~5
ORDINARY_LOSS;121,111,141,111,131,111,1a1,151,121,181,131,111,181,111,171~~~~0~1~0~0~0~0~1~1~0
ORDINARY_LOSS;181,151,131,161,161,171,161,151,131,171,111,141,171,151,151~~~~0~1~0~0~0~0~1~1~0
ORDINARY_LOSS;181,171,171,131,171,111,181,111,121,191,121,131,161,181,121~~~~0~1~0~0~0~0~1~1~0
ORDINARY_WIN;171,171,171,111,171,171,171,191,171,171,171,151,111,171,131~~~~0~0~0~0~0~0~1~1~1|171,141,161,111,111,111,111,181,111,181,131,151,131,111,131~~~~1~1~0~0~0~0~1~1~1
ORDINARY_LOSS;111,191,151,151,171,251,131,111,181,171,111,161,111,151,131~12~~~0~1~0~0~0~0~1~1~1
ORDINARY_LOSS;151,131,151,131,171,121,141,121,141,181,161,261,1a1,181,151~32~~~0~1~0~0~0~0~1~1~1
ORDINARY_LOSS;151,181,151,141,131,131,131,171,171,131,291,181,121,131,121~31~~~0~1~0~0~0~0~1~1~1
ORDINARY_LOSS;131,151,131,141,151,141,171,121,161,121,121,111,121,171,111~~~~0~1~0~0~0~0~1~1~1
ORDINARY_WIN;171,151,131,171,181,171,181,171,121,171,181,181,181,181,111~~~~0~0~0~0~0~0~1~1~1|181,151,131,281,151,181,181,181,121,171,181,181,181,181,111~10~~~1~0~0~0~0~0~1~1~1|141,151,131,181,111,151,121,161,121,171,181,171,161,151,111~~~~1~1~0~0~0~0~1~1~1
ORDINARY_LOSS;131,161,151,121,131,131,111,121,121,171,161,151,141,161,151~~~~0~1~0~0~0~0~1~1~1
ORDINARY_LOSS;141,151,131,121,161,141,161,161,1a1,131,191,161,171,111,121~~~~0~1~0~0~0~0~1~1~1
ORDINARY_LOSS;141,141,181,151,111,151,151,181,151,141,131,171,131,181,181~~~~0~1~0~0~0~0~1~1~1
ORDINARY_WIN;171,271,131,171,171,141,171,171,151,171,171,161,111,171,171~1~~~0~0~0~0~0~0~1~1~1|121,151,131,151,171,141,151,181,151,181,121,161,171,171,111~~~~1~0~0~0~0~0~1~1~1|141,121,131,181,171,141,181,151,181,181,121,161,171,171,111~~~~1~1~0~0~0~0~1~1~1
ORDINARY_LOSS;131,141,161,181,141,141,151,131,161,181,121,111,131,121,151~~~~0~1~0~0~0~0~1~1~1
ORDINARY_LOSS;181,111,141,181,121,131,121,131,121,131,121,171,181,141,181~~~~0~1~0~0~0~0~1~1~1
ORDINARY_LOSS;131,121,131,141,121,121,171,181,161,181,141,171,151,141,141~~~~0~1~0~0~0~0~1~1~1
ORDINARY_WIN;181,131,181,181,161,181,111,171,181,181,191,181,181,111,181~~~~0~0~0~0~0~0~1~1~2|151,151,131,161,161,161,131,111,171,161,171,151,151,121,111~~~~1~1~0~0~0~0~1~1~2
ORDINARY_LOSS;151,1a1,151,241,131,141,121,131,161,121,181,111,171,161,151~10~~~0~1~0~0~0~0~1~1~2
ORDINARY_LOSS;171,121,171,131,161,171,141,121,161,111,121,141,111,171,161~~~~0~1~0~0~0~0~1~1~2
ORDINARY_LOSS;111,141,171,121,171,151,121,151,141,111,131,171,141,171,161~~~~0~1~0~0~0~0~1~1~2
ORDINARY_LOSS;111,131,161,141,131,111,121,181,121,181,141,121,161,111,131~~~~0~1~0~0~0~0~1~1~2
ORDINARY_LOSS;161,161,111,131,131,181,161,161,141,171,121,111,121,161,111~~~~0~1~0~0~0~0~1~1~2
ORDINARY_LOSS;171,171,121,181,111,111,1a1,181,111,131,111,151,131,161,151~~~~0~1~0~0~0~0~1~1~2
ORDINARY_LOSS;121,151,151,171,111,171,111,111,171,181,181,161,131,141,131~~~~0~1~0~0~0~0~1~1~2
ORDINARY_LOSS;181,121,131,141,161,161,161,111,151,161,141,141,191,161,291~42~~~0~1~0~0~0~0~1~1~2
ORDINARY_LOSS;161,131,131,171,121,151,181,131,161,171,131,151,111,141,151~~~~0~1~0~0~0~0~1~1~2
ORDINARY_LOSS;111,111,171,121,121,1a1,171,131,171,161,141,121,131,121,171~~~~0~1~0~0~0~0~1~1~2
ORDINARY_WIN;171,171,171,111,171,171,121,171,171,171,171,131,171,161,191~~~~0~0~0~0~0~0~1~1~3|181,181,161,151,181,111,111,151,121,151,181,131,131,141,161~~~~1~1~0~0~0~0~1~1~3
ORDINARY_LOSS;161,171,171,141,171,121,111,131,121,171,131,161,181,141,121~~~~0~1~0~0~0~0~1~1~3
ORDINARY_LOSS;151,131,121,131,121,151,141,111,181,161,151,151,181,171,161~~~~0~1~0~0~0~0~1~1~3
ORDINARY_LOSS;161,181,161,251,121,141,1a1,151,151,141,131,141,121,141,191~10~~~0~1~0~0~0~0~1~1~3
ORDINARY_LOSS;141,171,1a1,161,181,111,121,161,121,131,161,111,151,181,141~~~~0~1~0~0~0~0~1~1~3
ORDINARY_LOSS;151,171,131,121,181,141,161,111,161,111,141,121,131,181,171~~~~0~1~0~0~0~0~1~1~3
ORDINARY_LOSS;161,121,1a1,181,151,161,121,121,181,121,141,111,171,151,141~~~~0~1~0~0~0~0~1~1~3
ORDINARY_LOSS;111,131,121,151,141,121,141,111,131,191,141,121,171,151,131~~~~0~1~0~0~0~0~1~1~3
ORDINARY_LOSS;141,141,141,141,171,111,161,161,171,141,141,151,151,141,181~~~~0~1~0~0~0~0~1~1~3
ORDINARY_WIN;191,121,181,121,181,181,151,181,151,181,181,181,1a1,181,181~~~~0~0~0~0~0~0~1~1~4|111,121,121,131,111,121,121,151,151,111,161,111,141,111,1a1~~~~1~0~0~0~0~0~1~1~4|141,131,111,171,131,111,151,151,151,111,161,111,141,111,1a1~~~~1~1~0~0~0~0~1~1~4
ORDINARY_LOSS;141,181,161,181,121,161,131,121,131,141,121,171,161,141,171~~~~0~1~0~0~0~0~1~1~4
ORDINARY_LOSS;161,151,121,121,171,141,171,131,161,121,161,131,181,161,161~~~~0~1~0~0~0~0~1~1~4
ORDINARY_LOSS;181,121,181,111,131,151,121,111,131,131,131,141,111,151,131~~~~0~1~0~0~0~0~1~1~4
ORDINARY_LOSS;121,111,141,161,131,141,151,121,111,151,171,131,131,161,131~~~~0~1~0~0~0~0~1~1~4
ORDINARY_LOSS;111,171,141,121,161,171,151,111,121,121,131,171,121,111,171~~~~0~1~0~0~0~0~1~1~4
ORDINARY_LOSS;151,1a1,181,151,161,181,121,141,111,131,111,171,111,151,191~~~~0~1~0~0~0~0~1~1~4
ORDINARY_LOSS;131,151,191,1a1,171,181,131,141,111,151,141,121,171,111,151~~~~0~1~0~0~0~0~1~1~4
ORDINARY_WIN;171,151,131,171,181,171,181,171,121,171,181,181,181,181,111~~~~0~0~0~0~0~0~1~1~4|181,151,131,281,151,181,181,181,121,171,181,181,181,181,111~10~~~1~0~0~0~0~0~1~1~4|141,151,131,181,111,151,121,161,121,171,181,171,161,151,111~~~~1~1~0~0~0~0~1~1~4
ORDINARY_LOSS;181,111,181,131,111,151,121,141,181,131,141,181,131,171,141~~~~0~1~0~0~0~0~1~1~4
ORDINARY_WIN;181,181,171,161,181,181,181,181,171,181,151,181,181,161,181~~~~0~0~0~0~0~0~1~1~4|121,181,171,121,131,161,161,111,171,141,171,151,181,111,161~~~~1~1~0~0~0~0~1~1~4
ORDINARY_LOSS;131,141,121,161,1a1,181,111,141,141,161,161,221,111,151,171~32~~~0~1~0~0~0~0~1~1~4
ORDINARY_LOSS;131,181,131,171,1a1,111,171,111,171,171,141,131,111,111,161~~~~0~1~0~0~0~0~1~1~4
ORDINARY_LOSS;161,181,111,141,171,121,151,131,171,131,161,111,181,161,181~~~~0~1~0~0~0~0~1~1~4
ORDINARY_LOSS;181,141,121,171,141,131,121,131,151,111,111,1a1,171,181,121~~~~0~1~0~0~0~0~1~1~4
ORDINARY_LOSS;181,171,121,141,171,161,141,121,141,131,111,161,171,171,161~~~~0~1~0~0~0~0~1~1~4
ORDINARY_LOSS;111,131,171,131,131,121,111,161,161,111,181,181,171,171,171~~~~0~1~0~0~0~0~1~1~4
ORDINARY_LOSS;121,131,121,141,151,1a1,121,111,121,141,111,141,171,181,121~~~~0~1~0~0~0~0~1~1~4
ORDINARY_LOSS;131,161,121,131,131,131,121,151,171,171,111,121,151,131,111~~~~0~1~0~0~0~0~1~1~4
ORDINARY_LOSS;121,181,131,141,121,171,141,141,161,111,171,141,151,161,121~~~~0~1~0~0~0~0~1~1~4
ORDINARY_LOSS;171,141,181,111,121,151,171,111,1a1,131,141,141,121,151,151~~~~0~1~0~0~0~0~1~1~5
ORDINARY_LOSS;171,271,161,121,141,121,171,111,131,111,141,121,131,171,141~1~~~0~1~0~0~0~0~1~1~5
ORDINARY_LOSS;131,111,161,151,171,181,111,1a1,151,161,141,141,151,151,171~~~~0~1~0~0~0~0~1~1~5
ORDINARY_WIN;181,171,171,171,171,171,171,151,171,171,161,171,171,171,161~~~~0~0~0~0~0~0~1~1~5|161,171,181,121,151,131,161,131,151,141,141,161,121,171,161~~~~1~1~0~0~0~0~1~1~5
ORDINARY_LOSS;121,181,1a1,121,111,121,171,161,171,181,141,161,171,171,111~~~~0~1~0~0~0~0~1~1~5
ORDINARY_LOSS;111,141,121,1a1,131,151,121,161,121,141,151,151,181,121,131~~~~0~1~0~0~0~0~1~1~5
ORDINARY_LOSS;131,181,121,181,141,151,111,111,131,151,111,141,181,121,131~~~~0~1~0~0~0~0~1~1~5
ORDINARY_LOSS;121,171,141,151,171,161,111,141,111,111,131,161,181,181,181~~~~0~1~0~0~0~0~1~1~5
FREE_SPINS;1a1,171,151,1a1,121,161,161,131,191,141,131,121,1a1,121,161~~0.1.4~~2~1~10~0~0~0~1~1~5|161,121,181,141,141,171,141,111,131,121,151,111,171,151,141~~0.1.4~~2~1~10~1~0~0~2~2~5|161,181,143,131,161,131,153,121,121,181,121,181,171,131,121~~0.1.4~~2~1~10~2~0~0~2~2~5|121,151,153,171,133,161,151,181,161,151,151,121,121,171,182~~0.1.4~~2~1~10~3~0~0~2~2~5|111,111,121,171,131,121,111,161,142,112,181,141,171,182,131~~0.1.4~~2~1~10~4~0~0~2~2~5|141,111,141,141,161,121,141,141,131,183,141,181,151,141,141~~0.1.4~~2~0~10~5~0~0~2~2~5|141,161,111,171,161,121,181,151,131,183,181,181,151,131,151~~0.1.4~~2~1~10~5~0~0~2~2~5|141,141,111,111,161,141,161,151,131,121,171,131,171,171,121~~0.1.4~~2~1~10~6~0~0~2~2~5|141,121,141,181,161,123,121,151,161,161,131,111,131,181,151~~0.1.4~~2~0~10~7~0~0~2~2~5|171,141,141,151,181,163,191,151,161,161,131,111,131,181,151~~0.1.4~~2~1~10~7~0~0~2~2~5|131,181,161,171,131,151,121,151,171,111,121,151,141,131,141~~0.1.4~~2~1~10~8~0~0~2~2~5|161,121,171,111,121,131,151,112,141,151,121,131,142,181,141~~0.1.4~1-1.10-2~2~1~13~9~0~0~2~2~5|171,131,171,141,141,171,163,151,111,161,122,121,141,171,181~~0.1.4~12-1~2~1~14~10~0~0~2~2~5|161,121,151,241,141,131,151,131,121,181,111,181,111,131,111~10~0.1.4~~2~1~14~11~0~0~2~2~5|181,168,181,143,111,151,181,181,121,151,151,171,181,161,181~~0.1.4~8-3.10-1~2~1~18~12~0~0~2~2~5|171,161,141,131,131,121,142,141,121,141,172,161,151,111,161~~0.1.4~~2~1~18~13~0~0~2~2~5|121,151,141,151,151,181,131,161,151,161,121,181,151,161,181~~0.1.4~~2~0~18~14~0~0~2~2~5|151,121,141,131,111,181,111,131,161,161,121,181,151,161,181~~0.1.4~~2~1~18~14~0~0~2~2~5|131,151,111,131,151,141,163,152,141,182,162,121,161,1210,121~~0.1.4~~2~0~18~15~0~0~2~2~5|131,131,111,121,131,141,133,162,141,182,162,121,161,1210,121~~0.1.4~~2~0~18~15~0~0~2~2~5|121,161,111,161,121,141,183,162,141,182,162,121,161,1210,121~~0.1.4~~2~0~18~15~0~0~2~2~5|131,121,111,181,121,141,193,182,141,182,182,121,161,1210,121~~0.1.4~~2~0~18~15~0~0~2~2~5|131,131,111,141,181,141,143,182,141,122,182,181,181,1410,161~~0.1.4~~2~1~18~15~0~0~2~2~5|111,121,111,131,181,111,181,151,161,121,131,141,171,121,171~~0.1.4~~2~1~18~16~0~0~2~2~5|161,171,181,111,161,181,161,111,181,161,181,171,141,122,143~~0.1.4~~2~0~18~17~0~0~2~2~5|111,151,171,111,171,111,161,111,111,161,161,171,141,122,143~~0.1.4~~2~0~18~17~0~0~2~2~5|111,151,171,121,121,171,161,121,161,161,161,171,141,122,143~~0.1.4~~2~1~18~17~0~0~2~2~5|115,113,161,122,112,121,111,111,181,131,111,141,111,111,161~~0.1.4~~2~0~18~18~0~0~2~2~5|185,163,161,182,122,121,171,181,181,181,131,141,151,141,161~~0.1.4~~2~0~18~18~0~0~2~2~5|125,163,161,182,122,121,131,151,171,141,131,141,151,141,161~~0.1.4~~2~1~18~18~0~0~2~2~5
ORDINARY_LOSS;161,171,141,181,121,181,171,181,111,141,141,171,191,121,181~~~~0~1~0~0~0~0~1~1~5
ORDINARY_LOSS;131,171,131,161,151,131,171,181,111,151,161,141,141,151,121~~~~0~1~0~0~0~0~1~1~5
ORDINARY_LOSS;161,121,141,131,151,181,151,111,181,111,161,121,131,141,121~~~~0~1~0~0~0~0~1~1~5
ORDINARY_WIN;171,171,151,171,271,161,161,171,171,151,171,171,171,161,171~11~~~0~0~0~0~0~0~1~1~5|111,141,151,171,151,161,151,141,161,151,161,151,151,131,161~~~~1~0~0~0~0~0~1~1~5|111,111,141,141,171,161,181,141,161,171,121,161,141,131,161~~~~1~0~0~0~0~0~1~1~5|161,111,111,121,171,161,151,181,161,171,121,161,141,131,161~~~~1~0~0~0~0~0~1~1~5|131,111,111,151,121,171,141,151,181,161,171,121,181,141,131~~~~1~1~0~0~0~0~1~1~5
ORDINARY_LOSS;181,181,181,121,151,181,141,141,171,121,121,171,141,111,151~~~~0~1~0~0~0~0~1~1~5
ORDINARY_LOSS;161,121,131,151,141,141,161,171,111,111,131,131,171,151,121~~~~0~1~0~0~0~0~1~1~5
ORDINARY_LOSS;131,141,121,181,111,191,181,171,161,141,161,191,171,181,181~~~~0~1~0~0~0~0~1~1~5
ORDINARY_LOSS;251,131,151,121,151,171,161,111,181,161,181,151,161,161,171~0~~~0~1~0~0~0~0~1~1~5
ORDINARY_LOSS;151,111,141,121,151,141,131,131,111,111,111,131,121,141,111~~~~0~1~0~0~0~0~1~1~5
ORDINARY_WIN;181,181,171,161,181,181,181,181,171,181,151,181,181,161,181~~~~0~0~0~0~0~0~1~1~5|121,181,171,121,131,161,161,111,171,141,171,151,181,111,161~~~~1~1~0~0~0~0~1~1~5
ORDINARY_LOSS;171,141,141,121,111,141,121,121,161,151,121,181,131,141,111~~~~0~1~0~0~0~0~1~1~5
ORDINARY_LOSS;131,131,151,131,131,121,151,121,161,151,151,121,131,121,141~~~~0~1~0~0~0~0~1~1~5
ORDINARY_LOSS;111,171,151,121,181,141,121,111,141,111,111,141,141,111,161~~~~0~1~0~0~0~0~1~1~5
ORDINARY_LOSS;121,121,111,111,171,141,171,141,181,181,111,141,111,181,141~~~~0~1~0~0~0~0~1~1~5
WILD_VORTEX;131,171,111,141,111,111,111,131,181,171,111,161,111,131,161~~~~0~0~0~0~0~0~1~1~5|171,131,171,131,151,141,141,131,181,121,171,161,181,131,161~~~~1~0~0~0~0~0~1~1~5|191,171,171,151,151,141,131,141,181,121,171,161,181,131,161~~~~1~0~0~0~0~0~1~1~6|121,171,171,151,151,151,141,131,181,121,171,161,181,131,161~~~~2~1~0~0~3~0~1~1~0|171,131,291,141,181,291,291,121,231,191,171,141,141,161,121~2.12.20.22~~~2~0~0~0~3~1~2~3~0|171,121,151,161,111,171,171,151,131,161,171,131,181,171,121~~~~2~0~0~0~3~1~2~3~0|141,121,151,121,161,111,161,151,131,171,161,131,161,181,121~~~~2~1~0~0~3~1~2~3~0|261,171,111,271,131,181,141,291,151,141,111,141,181,121,121~0.10.21~~~2~0~0~0~3~2~2~3~0|181,261,111,111,131,181,121,141,151,141,111,141,181,121,121~1~~~2~1~0~0~3~2~2~3~0|271,171,291,151,181,181,151,141,131,151,171,131,171,291,291~0.2.41.42~~~2~0~0~0~3~3~2~3~0|141,271,171,171,181,181,181,141,131,161,171,131,171,111,171~1~~~2~1~0~0~3~3~2~3~0
ORDINARY_LOSS;161,171,161,181,121,121,141,111,141,141,111,161,131,131,131~~~~0~1~0~0~0~0~1~1~0
ORDINARY_LOSS;181,151,171,131,141,121,151,141,171,161,181,141,171,171,181~~~~0~1~0~0~0~0~1~1~0
ORDINARY_WIN;171,151,131,171,181,171,181,171,121,171,181,181,181,181,111~~~~0~0~0~0~0~0~1~1~0|181,151,131,281,151,181,181,181,121,171,181,181,181,181,111~10~~~1~0~0~0~0~0~1~1~0|141,151,131,181,111,151,121,161,121,171,181,171,161,151,111~~~~1~1~0~0~0~0~1~1~0
ORDINARY_LOSS;171,131,121,111,181,131,141,111,171,151,151,161,171,141,1a1~~~~0~1~0~0~0~0~1~1~0
ORDINARY_WIN;181,171,171,171,171,171,171,151,171,171,161,171,171,171,161~~~~0~0~0~0~0~0~1~1~0|161,171,181,121,151,131,161,131,151,141,141,161,121,171,161~~~~1~1~0~0~0~0~1~1~0
ORDINARY_LOSS;141,111,131,151,171,171,141,141,111,141,141,131,161,131,161~~~~0~1~0~0~0~0~1~1~0
ORDINARY_LOSS;151,1a1,171,141,171,151,131,161,161,141,141,151,111,111,161~~~~0~1~0~0~0~0~1~1~0
ORDINARY_LOSS;181,181,141,161,111,131,161,1a1,121,111,161,131,111,141,171~~~~0~1~0~0~0~0~1~1~0
ORDINARY_LOSS;111,111,151,151,161,151,111,171,181,121,161,111,151,111,131~~~~0~1~0~0~0~0~1~1~0
ORDINARY_LOSS;181,151,111,141,171,161,121,161,131,131,181,171,141,131,121~~~~0~1~0~0~0~0~1~1~0
ORDINARY_LOSS;121,111,151,161,141,161,151,111,121,181,251,131,111,121,171~31~~~0~1~0~0~0~0~1~1~0
ORDINARY_LOSS;121,171,151,111,161,161,121,181,181,161,191,111,161,181,181~~~~0~1~0~0~0~0~1~1~0
ORDINARY_LOSS;161,111,141,111,111,141,181,171,181,141,151,161,151,151,181~~~~0~1~0~0~0~0~1~1~0
ORDINARY_WIN;131,181,181,171,181,181,181,121,181,181,181,181,161,181,121~~~~0~0~0~0~0~0~1~1~0|121,131,131,131,141,171,131,161,121,151,151,121,181,161,121~~~~1~0~0~0~0~0~1~1~0|161,181,121,171,141,171,171,161,121,151,151,121,181,161,121~~~~1~1~0~0~0~0~1~1~0
ORDINARY_LOSS;151,111,131,161,171,161,171,121,151,161,141,181,161,131,171~~~~0~1~0~0~0~0~1~1~0
ORDINARY_LOSS;1a1,181,121,141,141,131,111,151,161,141,151,111,121,181,111~~~~0~1~0~0~0~0~1~1~0
ORDINARY_LOSS;151,141,111,141,171,111,161,171,161,121,171,171,121,181,121~~~~0~1~0~0~0~0~1~1~0
ORDINARY_LOSS;181,151,121,151,151,141,131,181,131,141,161,171,161,181,111~~~~0~1~0~0~0~0~1~1~0
ORDINARY_WIN;181,181,121,181,161,191,111,181,151,281,181,181,181,181,141~30~~~0~0~0~0~0~0~1~1~1|161,121,121,171,111,161,141,111,151,141,181,111,151,141,141~~~~1~1~0~0~0~0~1~1~1
ORDINARY_LOSS;161,111,141,141,181,131,1a1,181,111,171,151,111,131,181,161~~~~0~1~0~0~0~0~1~1~1
ORDINARY_LOSS;141,131,131,121,181,121,131,141,121,111,111,161,171,181,151~~~~0~1~0~0~0~0~1~1~1
ORDINARY_LOSS;141,151,181,151,111,111,131,111,181,151,141,291,161,171,171~32~~~0~1~0~0~0~0~1~1~1
ORDINARY_LOSS;111,181,151,111,141,181,131,141,1a1,161,131,181,151,181,181~~~~0~1~0~0~0~0~1~1~1
ORDINARY_WIN;161,161,161,121,171,161,161,111,171,161,171,171,171,171,171~~~~0~0~0~0~0~0~1~1~1|171,171,121,191,121,171,111,111,171,171,171,171,171,171,171~~~~1~0~0~0~0~0~1~1~2|141,141,121,151,141,121,131,111,111,181,121,161,191,151,111~~~~1~1~0~0~0~0~1~1~2
ORDINARY_LOSS;181,151,171,151,181,131,171,171,121,131,171,151,131,131,111~~~~0~1~0~0~0~0~1~1~2
ORDINARY_LOSS;181,161,121,131,131,141,161,1a1,121,171,131,171,161,141,131~~~~0~1~0~0~0~0~1~1~2
ORDINARY_LOSS;111,111,151,121,181,141,111,121,151,151,131,151,111,141,171~~~~0~1~0~0~0~0~1~1~2
ORDINARY_LOSS;141,181,141,111,161,111,1a1,131,121,161,171,191,141,171,151~~~~0~1~0~0~0~0~1~1~2
ORDINARY_LOSS;121,121,181,111,111,141,161,151,171,121,131,121,141,171,121~~~~0~1~0~0~0~0~1~1~2
ORDINARY_LOSS;111,161,131,111,131,151,151,161,181,131,171,161,141,151,111~~~~0~1~0~0~0~0~1~1~2
ORDINARY_LOSS;171,151,111,161,181,121,111,141,171,181,131,181,171,171,1a1~~~~0~1~0~0~0~0~1~1~2
ORDINARY_LOSS;111,181,141,171,131,161,151,151,181,121,181,181,131,181,181~~~~0~1~0~0~0~0~1~1~2
ORDINARY_WIN;181,181,181,121,181,181,181,111,161,171,181,181,121,181,181~~~~0~0~0~0~0~0~1~1~2|121,171,161,131,161,121,151,111,161,181,141,171,151,141,121~~~~1~0~0~0~0~0~1~1~2|141,121,171,121,131,121,111,151,111,181,141,171,151,141,121~~~~1~1~0~0~0~0~1~1~2
ORDINARY_LOSS;151,111,171,161,171,171,161,111,181,121,141,131,141,141,151~~~~0~1~0~0~0~0~1~1~2
ORDINARY_LOSS;121,141,171,141,161,181,161,151,161,131,181,141,141,171,181~~~~0~1~0~0~0~0~1~1~2
ORDINARY_LOSS;171,131,131,161,131,241,141,151,171,141,181,131,121,161,111~12~~~0~1~0~0~0~0~1~1~2
ORDINARY_LOSS;161,161,121,131,141,121,161,181,1a1,181,171,171,111,131,161~~~~0~1~0~0~0~0~1~1~2
ORDINARY_LOSS;131,171,131,121,161,141,121,151,181,121,1a1,121,161,111,111~~~~0~1~0~0~0~0~1~1~2
ORDINARY_LOSS;111,151,151,221,181,121,121,131,141,111,161,131,161,111,161~10~~~0~1~0~0~0~0~1~1~2
ORDINARY_LOSS;131,121,121,151,141,161,131,141,121,171,141,111,181,1a1,131~~~~0~1~0~0~0~0~1~1~2
ORDINARY_LOSS;131,111,151,121,161,141,151,181,161,171,111,111,181,111,141~~~~0~1~0~0~0~0~1~1~2
ORDINARY_WIN;191,171,181,141,131,181,181,141,181,181,131,181,181,181,181~~~~0~0~0~0~0~0~1~1~3|251,161,171,151,161,131,181,141,151,111,111,131,171,141,121~0~~~1~0~0~0~0~0~1~1~3|161,161,171,161,161,131,161,181,141,111,111,131,171,141,121~~~~1~0~0~0~0~0~1~1~3|181,171,171,121,151,131,141,181,141,111,111,131,171,141,121~~~~1~1~0~0~0~0~1~1~3
ORDINARY_LOSS;171,151,171,161,111,141,171,141,151,151,171,161,251,131,181~40~~~0~1~0~0~0~0~1~1~3
ORDINARY_LOSS;171,151,181,161,181,141,131,141,161,151,161,181,161,121,191~~~~0~1~0~0~0~0~1~1~3
ORDINARY_LOSS;141,141,111,151,161,141,171,171,121,131,151,111,161,181,181~~~~0~1~0~0~0~0~1~1~3
ORDINARY_LOSS;111,141,161,1a1,151,181,111,161,171,171,151,131,141,131,121~~~~0~1~0~0~0~0~1~1~3
ORDINARY_LOSS;111,121,161,171,171,121,181,181,161,151,191,151,161,151,171~~~~0~1~0~0~0~0~1~1~3
ORDINARY_LOSS;151,171,121,131,131,171,131,141,161,111,131,151,1a1,181,141~~~~0~1~0~0~0~0~1~1~3
ORDINARY_LOSS;121,141,141,151,161,121,181,131,141,161,131,121,181,151,151~~~~0~1~0~0~0~0~1~1~3
ORDINARY_LOSS;171,131,151,161,131,151,161,171,121,141,181,141,171,131,141~~~~0~1~0~0~0~0~1~1~3
ORDINARY_LOSS;111,131,151,151,141,131,121,111,111,161,111,131,171,141,181~~~~0~1~0~0~0~0~1~1~3
ORDINARY_WIN;181,141,181,181,181,161,111,191,181,161,181,181,111,181,181~~~~0~0~0~0~0~0~1~1~4|121,151,141,181,151,161,141,121,111,181,171,161,141,121,111~~~~1~1~0~0~0~0~1~1~4
ORDINARY_LOSS;181,171,131,141,131,151,141,111,181,181,111,131,131,181,131~~~~0~1~0~0~0~0~1~1~4
ORDINARY_LOSS;131,151,131,161,171,141,171,111,111,141,151,161,141,181,121~~~~0~1~0~0~0~0~1~1~4
ORDINARY_LOSS;131,151,111,171,131,141,121,161,171,1a1,151,141,181,171,171~~~~0~1~0~0~0~0~1~1~4
ORDINARY_LOSS;171,181,111,151,151,161,161,161,121,131,181,141,181,161,131~~~~0~1~0~0~0~0~1~1~4
ORDINARY_WIN;161,161,161,121,171,161,161,111,171,161,171,171,171,171,171~~~~0~0~0~0~0~0~1~1~4|171,171,121,191,121,171,111,111,171,171,171,171,171,171,171~~~~1~0~0~0~0~0~1~1~5|141,141,121,151,141,121,131,111,111,181,121,161,191,151,111~~~~1~1~0~0~0~0~1~1~5
ORDINARY_LOSS;141,121,121,151,131,131,151,121,121,181,181,161,131,151,141~~~~0~1~0~0~0~0~1~1~5
ORDINARY_LOSS;121,121,161,181,181,141,181,171,141,151,111,181,131,121,121~~~~0~1~0~0~0~0~1~1~5
ORDINARY_LOSS;121,121,181,151,141,121,141,151,161,111,221,181,111,181,121~31~~~0~1~0~0~0~0~1~1~5
ORDINARY_LOSS;1a1,181,141,151,141,141,131,121,171,121,141,111,131,151,141~~~~0~1~0~0~0~0~1~1~5
ORDINARY_LOSS;151,141,151,151,111,181,171,121,161,121,1a1,141,151,141,181~~~~0~1~0~0~0~0~1~1~5
ORDINARY_LOSS;161,171,111,181,111,131,151,141,171,111,111,141,181,111,131~~~~0~1~0~0~0~0~1~1~5
ORDINARY_LOSS;281,281,121,111,171,171,171,111,121,171,111,161,111,151,161~0.1~~~0~1~0~0~0~0~1~1~5
ORDINARY_LOSS;171,161,121,171,171,181,141,161,161,161,131,151,161,171,161~~~~0~1~0~0~0~0~1~1~5
ORDINARY_LOSS;161,181,141,171,121,151,121,161,161,121,111,121,171,181,131~~~~0~1~0~0~0~0~1~1~5
ORDINARY_LOSS;161,141,161,171,151,181,141,111,131,181,161,111,161,151,171~~~~0~1~0~0~0~0~1~1~5
ORDINARY_LOSS;161,111,161,181,151,181,111,171,121,121,131,171,121,131,151~~~~0~1~0~0~0~0~1~1~5
ORDINARY_LOSS;151,181,151,131,181,131,131,121,171,111,131,181,151,171,151~~~~0~1~0~0~0~0~1~1~5
ORDINARY_LOSS;111,171,151,171,151,151,121,111,111,141,151,141,1a1,161,181~~~~0~1~0~0~0~0~1~1~5
FREE_SPINS;111,171,1a1,151,121,111,1a1,121,151,151,1a1,171,181,151,161~~0.2.3~~2~1~10~0~0~0~1~1~5|141,121,121,141,161,121,171,111,121,131,141,111,141,141,131~~0.2.3~~2~0~10~1~0~0~2~2~5|171,171,141,181,141,161,171,171,111,131,141,111,141,141,131~~0.2.3~~2~1~10~1~0~0~2~2~5|181,151,155,151,163,121,151,171,111,181,151,181,151,151,171~~0.2.3~13-2~2~0~12~2~0~0~2~2~5|131,161,185,141,163,121,131,171,111,131,181,181,141,141,171~~0.2.3~~2~1~12~2~0~0~2~2~5|171,141,111,121,171,113,261,151,181,181,181,111,132,121,181~20~0.2.3~~2~1~12~3~0~0~2~2~5|171,161,171,121,161,151,131,112,111,175,161,181,121,123,151~~0.2.3~0-2.5-1~2~1~15~4~0~0~2~2~5|181,132,121,131,181,111,111,171,141,121,151,161,171,141,181~~0.2.3~~2~1~15~5~0~0~2~2~5|121,121,121,121,181,131,131,181,141,181,171,161,181,111,151~~0.2.3~~2~1~15~6~0~0~2~2~5|151,141,131,121,131,161,141,121,131,111,131,161,181,131,121~~0.2.3~~2~0~15~7~0~0~2~2~5|121,151,141,141,121,161,151,141,121,131,111,161,141,181,121~~0.2.3~~2~0~15~7~0~0~2~2~5|151,151,151,161,151,161,161,171,151,131,111,161,141,181,121~~0.2.3~~2~0~15~7~0~0~2~2~5|181,141,121,151,161,161,141,161,171,131,111,161,141,181,121~~0.2.3~~2~1~15~7~0~0~2~2~5|151,131,131,151,121,141,171,181,121,271,121,161,181,141,151~30~0.2.3~~2~1~15~8~0~0~2~2~5|141,141,111,111,151,151,161,121,121,181,131,161,171,151,131~~0.2.3~~2~1~15~9~0~0~2~2~5|131,151,121,151,161,121,181,131,121,121,121,181,111,181,191~~0.2.3~~2~0~15~10~0~0~2~2~5|151,131,151,161,151,161,151,181,131,121,161,181,131,111,181~~0.2.3~~2~0~15~10~0~0~2~2~5|151,181,131,141,161,161,131,181,131,121,161,181,131,111,181~~0.2.3~~2~1~15~10~0~0~2~2~5|181,141,151,151,181,161,171,121,111,121,151,131,111,171,111~~0.2.3~0-1.6-1~2~1~17~11~0~0~2~2~5|125,131,231,121,121,121,171,121,161,161,151,121,161,111,121~2~0.2.3~10-1~2~0~18~12~0~0~2~2~5|115,131,231,131,131,131,171,171,161,121,161,151,171,161,111~2~0.2.3~~2~1~18~12~0~0~2~2~5|131,151,151,121,131,121,151,161,171,121,141,121,181,111,121~~0.2.3~~2~1~18~13~0~0~2~2~5|121,181,131,121,181,181,161,171,191,161,131,171,161,141,171~~0.2.3~11-1~2~0~19~14~0~0~2~2~5|181,171,131,151,111,141,171,161,171,161,131,171,161,141,171~~0.2.3~~2~1~19~14~0~0~2~2~5|181,111,131,151,131,181,111,181,181,111,131,111,151,151,131~~0.2.3~~2~0~19~15~0~0~2~2~5|171,111,131,181,151,131,181,111,111,111,131,111,151,151,131~~0.2.3~~2~1~19~15~0~0~2~2~5|181,165,111,133,161,171,261,161,165,132,181,161,131,121,171~20~0.2.3~10-1~2~0~20~16~0~0~2~2~5|151,185,111,173,131,171,121,161,185,182,131,181,131,121,171~~0.2.3~~2~1~20~16~0~0~2~2~5|145,151,163,291,171,111,171,111,151,141,163,131,131,171,161~10~0.2.3~~2~0~20~17~0~0~2~2~5|125,141,163,111,171,111,181,171,111,141,163,131,131,171,161~~0.2.3~~2~1~20~17~0~0~2~2~5|122,121,181,151,121,161,141,161,181,111,161,172,141,181,131~~0.2.3~~2~1~20~18~0~0~2~2~5|171,141,161,181,181,141,161,151,171,161,171,151,182,181,121~~0.2.3~~2~1~20~19~0~0~2~2~5|141,121,111,111,141,181,131,181,141,111,131,111,111,151,141~~0.2.3~~2~0~20~20~0~0~2~2~5|121,121,111,111,111,181,131,131,181,111,131,111,111,151,141~~0.2.3~~2~1~20~20~0~0~2~2~5
ORDINARY_LOSS;151,131,161,161,141,161,181,131,181,171,161,171,151,161,111~~~~0~1~0~0~0~0~1~1~5
ORDINARY_LOSS;111,131,121,121,131,121,111,141,181,141,121,121,181,221,151~41~~~0~1~0~0~0~0~1~1~5
ORDINARY_LOSS;151,141,171,141,181,181,121,171,131,181,171,111,161,131,181~~~~0~1~0~0~0~0~1~1~5
ORDINARY_LOSS;131,161,161,121,121,141,171,171,181,111,171,141,181,111,1a1~~~~0~1~0~0~0~0~1~1~5
ORDINARY_LOSS;111,131,161,171,171,151,121,131,131,131,141,131,141,151,111~~~~0~1~0~0~0~0~1~1~5
ORDINARY_LOSS;161,151,181,111,171,131,171,171,111,181,161,141,111,161,161~~~~0~1~0~0~0~0~1~1~5
ORDINARY_LOSS;171,171,131,131,141,181,171,121,141,151,181,111,171,171,151~~~~0~1~0~0~0~0~1~1~5
ORDINARY_LOSS;131,171,161,131,161,131,171,151,121,161,171,141,191,161,121~~~~0~1~0~0~0~0~1~1~5
ORDINARY_LOSS;151,131,131,151,171,141,161,141,181,121,161,171,161,151,141~~~~0~1~0~0~0~0~1~1~5
ORDINARY_WIN;171,151,131,171,181,171,181,171,121,171,181,181,181,181,111~~~~0~0~0~0~0~0~1~1~5|181,151,131,281,151,181,181,181,121,171,181,181,181,181,111~10~~~1~0~0~0~0~0~1~1~5|141,151,131,181,111,151,121,161,121,171,181,171,161,151,111~~~~1~1~0~0~0~0~1~1~5
ORDINARY_LOSS;131,111,161,141,111,151,141,151,171,161,121,261,181,111,141~32~~~0~1~0~0~0~0~1~1~5
ORDINARY_LOSS;151,111,181,121,121,1a1,171,111,171,131,171,151,141,151,161~~~~0~1~0~0~0~0~1~1~5
ORDINARY_LOSS;161,121,141,131,151,151,121,1a1,171,161,121,181,111,151,131~~~~0~1~0~0~0~0~1~1~5
ORDINARY_WIN;171,271,131,171,171,141,171,171,151,171,171,161,111,171,171~1~~~0~0~0~0~0~0~1~1~5|121,151,131,151,171,141,151,181,151,181,121,161,171,171,111~~~~1~0~0~0~0~0~1~1~5|141,121,131,181,171,141,181,151,181,181,121,161,171,171,111~~~~1~1~0~0~0~0~1~1~5
ORDINARY_LOSS;161,131,151,141,161,171,121,141,1a1,161,171,141,141,181,171~~~~0~1~0~0~0~0~1~1~5
ORDINARY_LOSS;181,141,121,121,171,111,161,141,181,131,111,191,1a1,131,161~~~~0~1~0~0~0~0~1~1~5
ORDINARY_LOSS;181,111,161,121,141,111,181,141,121,111,181,151,181,141,121~~~~0~1~0~0~0~0~1~1~5
ORDINARY_LOSS;181,121,111,151,161,111,151,171,161,151,181,131,151,141,171~~~~0~1~0~0~0~0~1~1~5
ORDINARY_WIN;171,151,131,171,181,171,181,171,121,171,181,181,181,181,111~~~~0~0~0~0~0~0~1~1~5|181,151,131,281,151,181,181,181,121,171,181,181,181,181,111~10~~~1~0~0~0~0~0~1~1~5|141,151,131,181,111,151,121,161,121,171,181,171,161,151,111~~~~1~1~0~0~0~0~1~1~5
ORDINARY_LOSS;111,131,161,141,181,111,161,161,171,151,161,171,161,291,131~41~~~0~1~0~0~0~0~1~1~5
ORDINARY_LOSS;121,181,171,181,111,181,161,111,111,121,151,111,181,161,111~~~~0~1~0~0~0~0~1~1~5
ORDINARY_LOSS;141,121,151,141,181,171,121,131,151,131,151,111,121,141,111~~~~0~1~0~0~0~0~1~1~5
ORDINARY_LOSS;171,141,121,131,121,171,131,1a1,181,191,151,181,181,161,161~~~~0~1~0~0~0~0~1~1~5
ORDINARY_LOSS;141,161,181,141,141,171,1a1,181,131,151,111,131,141,171,171~~~~0~1~0~0~0~0~1~1~5
ORDINARY_LOSS;171,151,151,141,121,171,161,161,141,181,121,161,181,131,111~~~~0~1~0~0~0~0~1~1~5
ORDINARY_LOSS;151,161,161,141,141,161,141,1a1,131,161,111,161,111,131,151~~~~0~1~0~0~0~0~1~1~5
ORDINARY_LOSS;141,111,161,171,161,111,171,141,141,151,111,151,251,191,111~40~~~0~1~0~0~0~0~1~1~5
ORDINARY_LOSS;171,171,181,151,121,131,171,141,161,111,121,181,141,121,151~~~~0~1~0~0~0~0~1~1~5
ORDINARY_LOSS;121,171,161,161,111,141,181,111,141,181,121,121,141,141,161~~~~0~1~0~0~0~0~1~1~5
ORDINARY_LOSS;181,171,121,151,131,151,131,131,171,191,151,171,161,161,141~~~~0~1~0~0~0~0~1~1~5
ORDINARY_LOSS;181,181,181,181,131,161,1a1,141,111,121,131,131,171,181,161~~~~0~1~0~0~0~0~1~1~5
ORDINARY_LOSS;141,171,181,121,151,181,111,1a1,141,161,111,111,181,191,151~~~~0~1~0~0~0~0~1~1~5
ORDINARY_LOSS;111,171,181,141,141,121,121,171,121,171,151,161,141,171,171~~~~0~1~0~0~0~0~1~1~5
ORDINARY_LOSS;121,111,121,131,181,151,181,111,151,171,131,111,111,131,131~~~~0~1~0~0~0~0~1~1~5
ORDINARY_LOSS;111,171,161,111,131,161,131,131,121,151,121,161,161,111,171~~~~0~1~0~0~0~0~1~1~5
ORDINARY_LOSS;121,111,131,141,181,161,161,171,111,161,181,171,181,171,171~~~~0~1~0~0~0~0~1~1~5
ORDINARY_LOSS;151,181,171,161,151,181,171,131,111,171,161,131,151,181,191~~~~0~1~0~0~0~0~1~1~5
ORDINARY_LOSS;141,181,151,151,141,151,171,181,121,141,221,151,171,171,111~31~~~0~1~0~0~0~0~1~1~5
ORDINARY_WIN;171,151,131,171,181,171,181,171,121,171,181,181,181,181,111~~~~0~0~0~0~0~0~1~1~5|181,151,131,281,151,181,181,181,121,171,181,181,181,181,111~10~~~1~0~0~0~0~0~1~1~5|141,151,131,181,111,151,121,161,121,171,181,171,161,151,111~~~~1~1~0~0~0~0~1~1~5
ORDINARY_LOSS;151,141,131,161,131,171,171,141,121,131,151,1a1,151,161,131~~~~0~1~0~0~0~0~1~1~5
ORDINARY_LOSS;1a1,161,141,171,181,171,151,161,141,141,111,151,181,111,161~~~~0~1~0~0~0~0~1~1~5
ORDINARY_LOSS;151,141,141,111,171,161,121,181,171,131,141,161,151,181,151~~~~0~1~0~0~0~0~1~1~5
ORDINARY_LOSS;121,181,111,171,161,171,121,161,151,111,161,171,151,151,161~~~~0~1~0~0~0~0~1~1~5
ORDINARY_LOSS;151,161,161,1a1,181,121,111,141,131,151,171,181,141,151,121~~~~0~1~0~0~0~0~1~1~5
ORDINARY_LOSS;171,181,171,141,181,181,131,121,131,151,111,121,151,151,141~~~~0~1~0~0~0~0~1~1~5
ORDINARY_LOSS;121,121,111,131,141,151,161,121,141,171,181,1a1,111,111,171~~~~0~1~0~0~0~0~1~1~5
ORDINARY_LOSS;111,121,121,171,171,171,111,181,161,131,141,161,141,171,171~~~~0~1~0~0~0~0~1~1~5
ORDINARY_LOSS;161,131,161,131,141,111,141,121,111,151,141,181,121,171,141~~~~0~1~0~0~0~0~1~1~5
ORDINARY_LOSS;131,131,141,171,171,111,161,181,171,151,161,141,121,171,121~~~~0~1~0~0~0~0~1~1~5
ORDINARY_LOSS;121,131,131,141,151,151,121,111,161,131,141,141,181,161,161~~~~0~1~0~0~0~0~1~1~5
ORDINARY_LOSS;141,121,111,181,171,111,131,151,171,141,181,121,131,181,141~~~~0~1~0~0~0~0~1~1~5
ORDINARY_LOSS;121,131,121,181,181,131,141,121,141,111,1a1,111,141,141,151~~~~0~1~0~0~0~0~1~1~5
ORDINARY_LOSS;141,171,171,131,261,141,121,171,121,171,121,151,151,181,131~11~~~0~1~0~0~0~0~1~1~5
ORDINARY_LOSS;141,161,121,111,131,181,181,141,121,1a1,121,181,171,141,141~~~~0~1~0~0~0~0~1~1~5
ORDINARY_LOSS;171,111,141,111,161,161,131,121,141,141,171,141,181,121,171~~~~0~1~0~0~0~0~1~1~5
ORDINARY_LOSS;111,171,141,121,151,131,1a1,181,151,181,151,131,121,141,121~~~~0~1~0~0~0~0~1~1~5
ORDINARY_LOSS;151,131,131,171,171,111,171,141,131,181,161,161,161,111,131~~~~0~1~0~0~0~0~1~1~5
ORDINARY_LOSS;171,171,171,131,161,161,161,161,111,151,131,181,111,141,111~~~~0~1~0~0~0~0~1~1~5
ORDINARY_LOSS;111,181,181,121,141,171,181,121,181,111,181,131,171,171,161~~~~0~1~0~0~0~0~1~1~5
ORDINARY_LOSS;181,131,151,161,161,171,131,131,181,111,121,151,181,121,151~~~~0~1~0~0~0~0~1~1~5
ORDINARY_LOSS;171,161,141,131,181,111,161,141,171,111,121,181,141,111,181~~~~0~1~0~0~0~0~1~1~5
ORDINARY_LOSS;121,121,171,171,121,151,1a1,181,161,161,111,131,131,161,141~~~~0~1~0~0~0~0~1~1~5
ORDINARY_LOSS;161,191,171,181,151,151,111,171,141,141,181,121,151,171,141~~~~0~1~0~0~0~0~1~1~5
FREE_SPINS;161,151,151,121,1a1,181,1a1,141,151,121,1a1,161,181,121,131~~1.2.3~~2~1~10~0~0~0~1~1~5|171,113,185,131,171,173,121,131,171,181,121,141,111,141,181~~1.2.3~~2~0~10~1~0~0~2~2~5|131,113,185,131,151,133,121,121,131,181,121,141,111,141,181~~1.2.3~~2~0~10~1~0~0~2~2~5|141,113,185,151,171,153,171,121,121,181,121,141,111,141,181~~1.2.3~~2~1~10~1~0~0~2~2~5|121,141,181,141,111,141,141,151,121,131,171,141,131,121,171~~1.2.3~~2~0~10~2~0~0~2~2~5|151,121,181,121,131,111,141,151,121,181,131,171,131,121,171~~1.2.3~~2~0~10~2~0~0~2~2~5|151,151,181,131,131,111,121,141,151,181,131,171,131,121,171~~1.2.3~~2~1~10~2~0~0~2~2~5|151,161,171,131,141,171,131,161,111,181,131,141,281,161,121~40~1.2.3~5-2~2~1~12~3~0~0~2~2~5|111,151,161,121,152,152,151,1910,131,151,151,141,151,131,121~~1.2.3~9-2.12-2~2~0~16~4~0~0~2~2~5|111,111,161,121,132,122,181,1910,131,111,151,141,141,131,121~~1.2.3~~2~1~16~4~0~0~2~2~5|161,141,111,181,131,131,131,161,141,172,181,161,121,141,165~~1.2.3~~2~1~16~5~0~0~2~2~5|161,111,131,171,151,141,185,111,181,161,141,111,151,181,161~~1.2.3~~2~1~16~6~0~0~2~2~5|161,112,181,121,121,151,181,181,1510,161,151,181,121,151,121~~1.2.3~~2~1~16~7~0~0~2~2~5|161,121,121,111,151,121,121,171,131,151,155,181,161,172,161~~1.2.3~~2~0~16~8~0~0~2~2~5|191,181,161,151,111,151,141,171,131,151,155,181,161,172,161~~1.2.3~~2~1~16~8~0~0~2~2~5|151,111,191,131,121,131,181,291,171,161,111,161,121,171,151~21~1.2.3~~2~0~16~9~0~0~2~2~5|141,151,111,181,181,161,151,181,171,161,111,161,121,171,151~~1.2.3~~2~1~16~9~0~0~2~2~5|131,121,162,161,165,111,145,111,161,131,161,141,171,181,163~~1.2.3~~2~0~16~10~0~0~2~2~5|161,131,122,131,185,111,175,141,111,171,131,141,171,171,183~~1.2.3~~2~1~16~10~0~0~2~2~5|121,161,181,141,111,171,121,181,161,161,121,131,111,151,131~~1.2.3~9-1~2~1~17~11~0~0~2~2~5|151,121,161,191,121,171,121,161,161,141,111,131,181,131,121~~1.2.3~~2~0~17~12~0~0~2~2~5|141,171,151,121,161,171,131,151,151,141,111,131,181,131,121~~1.2.3~~2~1~17~12~0~0~2~2~5|131,142,171,131,155,111,141,141,141,141,131,171,111,151,131~~1.2.3~~2~1~17~13~0~0~2~2~5|151,131,111,181,181,121,121,111,111,161,125,113,141,181,143~~1.2.3~~2~1~17~14~0~0~2~2~5|121,151,131,151,141,121,171,131,181,181,161,111,121,171,171~~1.2.3~~2~1~17~15~0~0~2~2~5|241,161,121,171,111,141,111,181,121,111,191,131,171,131,121~0~1.2.3~~2~1~17~16~0~0~2~2~5|161,131,171,171,151,151,121,181,1410,121,122,141,141,141,111~~1.2.3~9-2~2~1~19~17~0~0~2~2~5|111,181,141,121,121,181,111,131,111,181,171,121,111,121,131~~1.2.3~5-1.6-1~2~1~21~18~0~0~2~2~5|123,151,131,122,121,161,151,261,141,141,163,161,152,182,151~21~1.2.3~~2~1~21~19~0~0~2~2~5|111,111,161,171,111,121,151,151,173,171,141,111,131,131,151~~1.2.3~~2~1~21~20~0~0~2~2~5|121,111,181,153,151,135,111,121,161,151,121,171,151,141,131~~1.2.3~~2~1~21~21~0~0~2~2~5
ORDINARY_LOSS;181,161,161,171,121,131,171,121,151,151,151,181,161,131,151~~~~0~1~0~0~0~0~1~1~5
ORDINARY_WIN;181,181,181,181,181,121,181,181,171,151,181,181,121,161,181~~~~0~0~0~0~0~0~1~1~5|121,141,151,131,141,121,131,151,171,121,181,151,121,121,161~~~~1~1~0~0~0~0~1~1~5
ORDINARY_LOSS;181,111,181,111,181,121,151,151,141,121,121,181,121,121,171~~~~0~1~0~0~0~0~1~1~5
ORDINARY_LOSS;161,141,181,181,151,111,171,161,141,131,121,231,251,181,121~32.40~~~0~1~0~0~0~0~1~1~5
ORDINARY_LOSS;151,181,111,131,181,141,121,171,151,171,151,141,131,171,131~~~~0~1~0~0~0~0~1~1~5
ORDINARY_LOSS;111,191,181,121,161,181,171,171,131,111,141,151,171,121,131~~~~0~1~0~0~0~0~1~1~0
ORDINARY_LOSS;171,191,181,161,141,111,121,171,131,171,181,121,121,161,121~~~~0~1~0~0~0~0~1~1~0
ORDINARY_WIN;111,271,121,181,141,111,141,191,171,171,171,171,111,171,271~1.42~~~0~0~0~0~0~0~1~1~1|121,271,121,171,181,141,171,141,171,171,171,171,111,171,271~1.42~~~1~0~0~0~0~0~1~1~1|141,121,121,161,181,141,121,161,141,121,181,171,161,161,111~~~~1~0~0~0~0~0~1~1~1|161,121,121,151,161,181,171,121,161,121,181,171,161,161,111~~~~1~0~0~0~0~0~1~1~1|141,121,121,151,151,181,181,171,121,121,181,171,161,161,111~~~~1~1~0~0~0~0~1~1~1
ORDINARY_LOSS;141,161,181,151,141,131,171,1a1,151,111,171,121,131,171,161~~~~0~1~0~0~0~0~1~1~1
FREE_SPINS;151,141,1a1,111,1a1,121,121,181,171,161,131,181,121,121,1a1~~0.1.4~~2~1~10~0~0~0~1~1~1|151,161,141,171,171,181,111,181,181,131,181,151,121,171,121~~0.1.4~11-1~2~1~11~1~0~0~2~2~1|141,181,121,131,131,151,171,111,111,111,141,171,141,111,151~~0.1.4~4-1.12-2~2~1~14~2~0~0~2~2~1|181,131,141,131,141,111,181,111,141,171,161,131,115,181,181~~0.1.4~3-1~2~0~15~3~0~0~2~2~1|111,181,131,151,131,111,111,181,111,171,161,131,115,181,181~~0.1.4~~2~0~15~3~0~0~2~2~1|151,181,131,121,151,131,151,141,181,171,161,131,115,181,181~~0.1.4~~2~0~15~3~0~0~2~2~1|111,181,131,181,121,131,151,141,181,171,161,131,115,181,181~~0.1.4~~2~0~15~3~0~0~2~2~1|111,111,131,151,121,131,161,151,141,171,161,131,115,181,181~~0.1.4~~2~1~15~3~0~0~2~2~1|161,151,111,121,161,141,171,111,111,131,161,171,131,121,131~~0.1.4~~2~1~15~4~0~0~2~2~1|171,141,221,111,141,131,111,151,191,161,151,131,111,131,161~2~0.1.4~11-3~2~0~18~5~0~0~2~2~1|141,171,221,171,111,131,111,111,151,161,151,131,111,131,161~2~0.1.4~~2~1~18~5~0~0~2~2~1|131,125,113,171,131,171,171,181,181,125,181,141,131,151,151~~0.1.4~~2~1~18~6~0~0~2~2~1|151,111,111,111,111,141,171,141,121,161,181,121,181,161,151~~0.1.4~7-1~2~1~19~7~0~0~2~2~1|111,161,121,181,141,161,121,131,131,151,171,173,141,171,111~~0.1.4~~2~1~19~8~0~0~2~2~1|161,141,141,111,151,131,161,151,181,181,171,171,141,121,171~~0.1.4~3-2~2~1~21~9~0~0~2~2~1|171,151,121,161,182,171,111,171,122,181,141,161,151,181,165~~0.1.4~~2~0~21~10~0~0~2~2~1|171,151,121,161,162,181,161,111,122,181,141,161,151,181,165~~0.1.4~~2~1~21~10~0~0~2~2~1|161,151,161,181,221,141,181,151,111,171,161,121,151,181,141~11~0.1.4~~2~1~21~11~0~0~2~2~1|121,141,181,171,141,181,181,181,161,171,141,111,171,151,191~~0.1.4~~2~0~21~12~0~0~2~2~1|141,121,141,121,171,141,161,181,161,171,141,111,171,151,191~~0.1.4~~2~1~21~12~0~0~2~2~1|121,172,141,151,111,121,131,121,141,131,121,131,133,161,141~~0.1.4~~2~0~21~13~0~0~2~2~1|141,172,141,141,151,111,171,131,141,151,131,131,133,161,141~~0.1.4~~2~0~21~13~0~0~2~2~1|131,132,171,121,151,111,161,171,131,151,131,131,133,161,141~~0.1.4~~2~1~21~13~0~0~2~2~1|151,141,141,171,141,121,181,111,121,141,181,181,151,111,261~42~0.1.4~~2~1~21~14~0~0~2~2~1|111,141,161,131,161,141,151,191,171,141,111,181,111,151,171~~0.1.4~~2~0~21~15~0~0~2~2~1|131,181,111,171,151,131,141,151,171,151,111,181,111,151,171~~0.1.4~~2~1~21~15~0~0~2~2~1|131,151,131,121,111,141,171,151,122,111,151,121,181,171,131~~0.1.4~~2~1~21~16~0~0~2~2~1|141,131,121,131,161,141,141,171,161,121,141,151,141,131,131~~0.1.4~~2~0~21~17~0~0~2~2~1|151,131,121,171,131,161,291,171,161,151,121,151,181,131,131~20~0.1.4~~2~0~21~17~0~0~2~2~1|141,151,121,171,171,161,151,171,161,151,121,151,181,131,131~~0.1.4~~2~1~21~17~0~0~2~2~1|171,121,171,161,191,161,121,111,171,171,178,132,122,171,111~~0.1.4~~2~0~21~18~0~0~2~2~1|181,111,111,151,161,161,151,111,111,171,118,132,132,121,111~~0.1.4~~2~1~21~18~0~0~2~2~1|111,151,141,122,151,161,181,151,111,131,111,131,141,182,111~~0.1.4~~2~0~21~19~0~0~2~2~1|151,111,141,182,121,161,151,181,111,131,111,131,141,182,111~~0.1.4~~2~1~21~19~0~0~2~2~1|111,151,161,171,131,191,161,162,151,141,141,181,173,113,171~~0.1.4~~2~0~21~20~0~0~2~2~1|141,141,111,111,171,131,121,142,111,141,141,181,173,113,171~~0.1.4~~2~0~21~20~0~0~2~2~1|141,141,141,171,171,131,161,122,141,141,141,181,173,113,171~~0.1.4~~2~1~21~20~0~0~2~2~1|151,142,181,111,181,181,141,125,131,141,182,181,171,141,111~~0.1.4~~2~1~21~21~0~0~2~2~1
ORDINARY_LOSS;171,181,161,161,111,151,111,131,131,131,131,111,121,111,181~~~~0~1~0~0~0~0~1~1~1
ORDINARY_LOSS;161,111,1a1,181,131,131,161,131,151,181,111,141,161,121,151~~~~0~1~0~0~0~0~1~1~1
ORDINARY_LOSS;131,1a1,161,111,111,161,141,131,151,141,111,181,121,131,171~~~~0~1~0~0~0~0~1~1~1
ORDINARY_LOSS;131,171,141,151,151,161,121,141,181,141,181,111,141,171,181~~~~0~1~0~0~0~0~1~1~1
ORDINARY_LOSS;121,131,111,151,191,141,181,141,271,161,141,141,111,141,161~22~~~0~1~0~0~0~0~1~1~1
ORDINARY_LOSS;111,131,111,131,171,151,111,141,111,141,171,171,151,141,181~~~~0~1~0~0~0~0~1~1~1
ORDINARY_WIN;181,131,181,171,181,141,181,111,181,121,181,181,181,181,181~~~~0~0~0~0~0~0~1~1~1|171,151,131,181,171,141,171,151,111,181,131,121,141,151,121~~~~1~0~0~0~0~0~1~1~1|171,151,131,131,181,141,181,151,111,181,131,121,141,151,121~~~~1~1~0~0~0~0~1~1~1
ORDINARY_LOSS;141,181,151,121,171,111,181,121,151,161,151,151,141,141,121~~~~0~1~0~0~0~0~1~1~1
ORDINARY_WIN;171,151,131,171,181,171,181,171,121,171,181,181,181,181,111~~~~0~0~0~0~0~0~1~1~1|181,151,131,281,151,181,181,181,121,171,181,181,181,181,111~10~~~1~0~0~0~0~0~1~1~1|141,151,131,181,111,151,121,161,121,171,181,171,161,151,111~~~~1~1~0~0~0~0~1~1~1
ORDINARY_LOSS;141,181,171,121,111,161,171,111,111,141,161,181,161,141,121~~~~0~1~0~0~0~0~1~1~1
ORDINARY_LOSS;181,141,131,151,141,111,181,161,151,121,141,171,141,111,121~~~~0~1~0~0~0~0~1~1~1
ORDINARY_LOSS;121,161,131,141,151,121,131,161,131,151,1a1,151,121,121,131~~~~0~1~0~0~0~0~1~1~1
FREE_SPINS;151,141,121,171,1a1,171,131,1a1,111,141,131,141,111,1a1,151~~1.2.4~~2~1~10~0~0~0~1~1~1|171,182,171,141,181,131,131,111,181,131,131,171,122,151,151~~1.2.4~~2~0~10~1~0~0~2~2~1|121,172,171,131,141,131,121,131,111,131,131,171,122,151,151~~1.2.4~~2~1~10~1~0~0~2~2~1|161,161,181,141,141,131,181,131,182,151,121,181,161,143,132~~1.2.4~~2~1~10~2~0~0~2~2~1|161,133,122,121,132,141,181,161,182,171,181,151,181,181,161~~1.2.4~~2~1~10~3~0~0~2~2~1|121,142,131,151,121,151,161,111,121,131,171,171,122,111,161~~1.2.4~~2~0~10~4~0~0~2~2~1|121,142,131,141,151,151,161,161,111,131,171,171,122,111,161~~1.2.4~~2~1~10~4~0~0~2~2~1|173,181,131,171,161,181,161,111,131,135,141,161,121,151,141~~1.2.4~~2~1~10~5~0~0~2~2~1|141,141,131,171,151,121,141,151,161,111,161,181,151,181,161~~1.2.4~5-1.12-2~2~1~13~6~0~0~2~2~1|111,181,171,181,181,191,151,181,181,183,181,171,141,161,131~~1.2.4~~2~0~13~7~0~0~2~2~1|121,111,171,121,161,131,151,181,151,113,111,171,141,161,131~~1.2.4~~2~1~13~7~0~0~2~2~1|181,151,151,121,181,151,171,181,161,151,131,183,142,131,161~~1.2.4~~2~0~13~8~0~0~2~2~1|131,151,151,131,121,151,151,171,161,181,151,133,142,131,161~~1.2.4~~2~0~13~8~0~0~2~2~1|151,141,131,151,131,121,121,171,161,131,181,133,142,131,161~~1.2.4~~2~1~13~8~0~0~2~2~1|151,131,151,161,161,131,133,162,171,125,171,151,131,161,181~~1.2.4~~2~0~13~9~0~0~2~2~1|171,151,151,151,161,161,143,162,171,125,171,151,131,161,181~~1.2.4~~2~1~13~9~0~0~2~2~1|131,111,161,121,141,171,131,131,133,111,141,141,171,141,121~~1.2.4~~2~1~13~10~0~0~2~2~1|121,121,131,151,131,161,181,111,161,131,171,171,171,141,111~~1.2.4~~2~1~13~11~0~0~2~2~1|152,171,171,181,111,145,151,131,111,141,151,141,111,111,111~~1.2.4~~2~1~13~12~0~0~2~2~1|181,141,111,181,111,161,171,161,181,161,111,171,141,171,171~~1.2.4~~2~0~13~13~0~0~2~2~1|181,141,111,141,111,161,111,171,161,161,111,171,141,171,171~~1.2.4~~2~0~13~13~0~0~2~2~1|141,181,141,161,141,161,121,171,161,131,161,171,141,171,171~~1.2.4~~2~1~13~13~0~0~2~2~1
ORDINARY_LOSS;121,171,181,131,131,1a1,181,291,181,151,181,171,161,141,181~21~~~0~1~0~0~0~0~1~1~1
ORDINARY_LOSS;171,121,111,121,161,131,131,161,151,181,111,121,171,161,181~~~~0~1~0~0~0~0~1~1~1
ORDINARY_LOSS;151,171,151,131,181,111,171,291,161,181,1a1,141,171,151,111~21~~~0~1~0~0~0~0~1~1~1
ORDINARY_LOSS;181,131,111,171,161,151,1a1,161,161,131,161,171,141,141,161~~~~0~1~0~0~0~0~1~1~1
ORDINARY_LOSS;161,131,111,211,141,171,151,121,121,131,131,111,181,151,171~10~~~0~1~0~0~0~0~1~1~1
ORDINARY_WIN;121,131,181,171,171,131,121,131,141,121,171,131,171,171,131~~~~0~0~0~0~0~0~1~1~1|171,121,181,121,171,171,121,121,141,171,121,171,181,171,171~~~~1~0~0~0~0~0~1~1~1|271,171,181,131,171,171,171,161,141,171,171,171,181,171,171~0~~~1~0~0~0~0~0~1~1~1|131,181,181,141,161,131,121,161,141,181,161,151,121,181,181~~~~1~1~0~0~0~0~1~1~1
ORDINARY_LOSS;171,181,141,151,121,131,111,171,151,131,161,291,141,171,181~32~~~0~1~0~0~0~0~1~1~1
ORDINARY_LOSS;151,151,161,181,161,141,121,111,151,171,141,171,121,161,121~~~~0~1~0~0~0~0~1~1~1
ORDINARY_LOSS;131,131,131,171,131,161,171,161,161,141,111,171,171,111,1a1~~~~0~1~0~0~0~0~1~1~1
ORDINARY_LOSS;131,131,111,151,141,121,161,111,161,171,141,171,141,161,151~~~~0~1~0~0~0~0~1~1~1
ORDINARY_WIN;181,131,181,171,181,141,181,111,181,121,181,181,181,181,181~~~~0~0~0~0~0~0~1~1~1|171,151,131,181,171,141,171,151,111,181,131,121,141,151,121~~~~1~0~0~0~0~0~1~1~1|171,151,131,131,181,141,181,151,111,181,131,121,141,151,121~~~~1~1~0~0~0~0~1~1~1
ORDINARY_LOSS;121,181,111,111,131,181,161,151,141,161,151,181,1a1,151,161~~~~0~1~0~0~0~0~1~1~1
ORDINARY_LOSS;111,171,161,151,131,121,141,141,131,161,181,181,131,151,121~~~~0~1~0~0~0~0~1~1~1
ORDINARY_LOSS;131,151,161,121,141,161,121,181,1a1,181,141,141,131,141,151~~~~0~1~0~0~0~0~1~1~1
ORDINARY_WIN;191,171,181,141,131,181,181,141,181,181,131,181,181,181,181~~~~0~0~0~0~0~0~1~1~2|251,161,171,151,161,131,181,141,151,111,111,131,171,141,121~0~~~1~0~0~0~0~0~1~1~2|161,161,171,161,161,131,161,181,141,111,111,131,171,141,121~~~~1~0~0~0~0~0~1~1~2|181,171,171,121,151,131,141,181,141,111,111,131,171,141,121~~~~1~1~0~0~0~0~1~1~2
ORDINARY_LOSS;111,111,131,161,121,181,171,151,141,151,181,171,151,171,181~~~~0~1~0~0~0~0~1~1~2
ORDINARY_LOSS;131,131,1a1,111,121,141,161,161,171,131,181,131,121,171,171~~~~0~1~0~0~0~0~1~1~2
ORDINARY_LOSS;121,181,121,171,181,141,141,171,261,111,141,131,271,141,151~22.40~~~0~1~0~0~0~0~1~1~2
FREE_SPINS;141,131,1a1,171,111,1a1,121,181,151,1a1,151,171,141,131,141~~0.1.3~~2~1~10~0~0~0~1~1~2|121,125,171,171,181,121,141,153,161,161,131,181,111,141,111~~0.1.3~~2~1~10~1~0~0~2~2~2|151,121,111,113,181,151,141,181,161,141,115,161,163,181,181~~0.1.3~6-2~2~1~12~2~0~0~2~2~2|171,151,125,131,161,141,131,131,151,191,162,151,161,111,131~~0.1.3~~2~1~12~3~0~0~2~2~2|172,151,151,161,115,151,128,181,171,111,111,181,141,181,131~~0.1.3~~2~1~12~4~0~0~2~2~2|141,121,111,151,181,181,171,121,131,161,181,151,181,161,141~~0.1.3~~2~1~12~5~0~0~2~2~2|141,181,171,111,171,111,161,161,161,121,171,121,131,161,131~~0.1.3~~2~1~12~6~0~0~2~2~2|182,162,135,141,181,141,111,161,121,131,121,111,161,133,181~~0.1.3~7-1.9-1~2~1~14~7~0~0~2~2~2|171,181,131,191,131,161,151,171,131,161,291,151,141,131,161~31~0.1.3~~2~0~14~8~0~0~2~2~2|171,191,181,111,181,161,171,111,151,131,161,151,171,141,161~~0.1.3~~2~0~14~8~0~0~2~2~2|181,171,181,181,181,161,141,171,151,131,161,151,171,141,161~~0.1.3~~2~1~14~8~0~0~2~2~2|175,145,178,121,111,121,181,183,151,171,131,121,121,175,131~~0.1.3~~2~1~14~9~0~0~2~2~2|171,131,171,181,111,161,111,161,111,111,171,161,121,121,131~~0.1.3~4-3.9-1~2~1~18~10~0~0~2~2~2|131,181,111,121,161,141,131,161,171,131,171,111,141,161,141~~0.1.3~~2~1~18~11~0~0~2~2~2|141,141,181,151,181,181,121,171,181,291,181,141,293,181,181~30.40~0.1.3~~2~0~18~12~0~0~2~2~2|121,141,141,161,121,151,161,121,171,111,111,141,173,161,141~~0.1.3~~2~0~18~12~0~0~2~2~2|141,141,141,111,161,151,171,161,171,111,111,141,173,161,141~~0.1.3~~2~1~18~12~0~0~2~2~2|161,111,121,211,183,151,131,141,131,121,161,141,145,121,171~10~0.1.3~~2~1~18~13~0~0~2~2~2|111,151,171,111,181,151,111,171,121,111,141,151,161,161,181~~0.1.3~~2~0~18~14~0~0~2~2~2|151,151,171,171,181,151,141,171,121,161,141,151,161,161,181~~0.1.3~~2~0~18~14~0~0~2~2~2|171,151,151,161,181,151,171,141,121,161,141,151,161,161,181~~0.1.3~~2~1~18~14~0~0~2~2~2|131,151,141,111,181,111,181,141,141,171,131,171,131,141,111~~0.1.3~~2~1~18~15~0~0~2~2~2|151,121,131,161,121,111,132,131,111,161,131,141,131,131,141~~0.1.3~~2~1~18~16~0~0~2~2~2|161,113,131,181,131,121,113,121,121,161,221,131,133,131,131~31~0.1.3~~2~1~18~17~0~0~2~2~2|121,171,151,113,141,181,141,162,151,151,131,182,161,133,175~~0.1.3~~2~1~18~18~0~0~2~2~2
ORDINARY_LOSS;181,171,151,111,121,121,181,121,171,171,181,141,121,121,151~~~~0~1~0~0~0~0~1~1~2
ORDINARY_LOSS;141,111,141,131,121,131,181,181,171,1a1,181,181,141,171,121~~~~0~1~0~0~0~0~1~1~2
ORDINARY_LOSS;181,181,161,131,151,181,141,171,131,151,121,161,121,141,171~~~~0~1~0~0~0~0~1~1~2
ORDINARY_LOSS;171,151,161,111,131,151,1a1,131,171,161,151,151,151,171,181~~~~0~1~0~0~0~0~1~1~2
ORDINARY_LOSS;141,121,141,111,111,181,131,131,121,141,171,121,141,141,131~~~~0~1~0~0~0~0~1~1~2
ORDINARY_WIN;281,281,181,141,181,181,181,181,111,131,181,131,161,121,181~0.1~~~0~0~0~0~0~0~1~1~2|131,131,171,111,171,141,111,161,111,161,131,131,161,161,121~~~~1~1~0~0~0~0~1~1~2
ORDINARY_LOSS;121,181,121,131,141,111,121,141,151,151,121,121,111,121,181~~~~0~1~0~0~0~0~1~1~2
ORDINARY_LOSS;171,161,121,111,111,161,131,141,141,171,141,111,171,151,131~~~~0~1~0~0~0~0~1~1~2
ORDINARY_LOSS;151,171,141,181,111,151,131,161,171,131,121,131,121,111,171~~~~0~1~0~0~0~0~1~1~2
ORDINARY_LOSS;111,121,131,1a1,171,151,141,131,161,141,181,141,131,161,121~~~~0~1~0~0~0~0~1~1~2
ORDINARY_LOSS;131,181,181,121,131,121,171,111,181,131,111,121,131,171,141~~~~0~1~0~0~0~0~1~1~2
ORDINARY_LOSS;171,181,151,161,151,111,131,121,171,291,161,121,131,121,171~30~~~0~1~0~0~0~0~1~1~2
ORDINARY_LOSS;131,151,191,141,151,181,1a1,111,111,141,111,141,121,111,121~~~~0~1~0~0~0~0~1~1~2
ORDINARY_LOSS;131,141,121,161,111,171,171,181,161,181,111,111,171,121,131~~~~0~1~0~0~0~0~1~1~2
ORDINARY_LOSS;111,171,161,151,1a1,141,171,141,131,171,121,121,131,161,161~~~~0~1~0~0~0~0~1~1~2
ORDINARY_LOSS;171,161,151,161,171,171,181,181,131,121,111,111,181,171,131~~~~0~1~0~0~0~0~1~1~3
ORDINARY_WIN;131,181,181,171,181,181,181,121,181,181,181,181,161,181,121~~~~0~0~0~0~0~0~1~1~3|121,131,131,131,141,171,131,161,121,151,151,121,181,161,121~~~~1~0~0~0~0~0~1~1~3|161,181,121,171,141,171,171,161,121,151,151,121,181,161,121~~~~1~1~0~0~0~0~1~1~3
ORDINARY_LOSS;181,161,151,121,141,161,141,121,141,181,161,151,151,111,121~~~~0~1~0~0~0~0~1~1~3
ORDINARY_LOSS;121,131,161,181,171,161,121,141,121,171,171,181,141,121,131~~~~0~1~0~0~0~0~1~1~3
ORDINARY_LOSS;141,151,131,181,171,171,151,161,171,111,151,161,111,171,151~~~~0~1~0~0~0~0~1~1~3
ORDINARY_LOSS;181,181,161,181,161,151,111,141,151,161,141,131,131,181,171~~~~0~1~0~0~0~0~1~1~3
ORDINARY_LOSS;151,121,1a1,171,171,151,141,121,141,151,161,111,131,141,171~~~~0~1~0~0~0~0~1~1~3
ORDINARY_LOSS;121,141,171,181,161,151,161,121,131,171,181,131,171,111,131~~~~0~1~0~0~0~0~1~1~3
ORDINARY_WIN;191,171,181,141,131,181,181,141,181,181,131,181,181,181,181~~~~0~0~0~0~0~0~1~1~4|251,161,171,151,161,131,181,141,151,111,111,131,171,141,121~0~~~1~0~0~0~0~0~1~1~4|161,161,171,161,161,131,161,181,141,111,111,131,171,141,121~~~~1~0~0~0~0~0~1~1~4|181,171,171,121,151,131,141,181,141,111,111,131,171,141,121~~~~1~1~0~0~0~0~1~1~4
ORDINARY_LOSS;151,121,181,141,141,181,171,161,171,141,121,161,141,171,171~~~~0~1~0~0~0~0~1~1~4
ORDINARY_LOSS;181,151,151,131,181,181,131,141,121,161,131,121,181,111,141~~~~0~1~0~0~0~0~1~1~4
ORDINARY_LOSS;161,151,171,131,131,121,141,131,161,151,111,181,171,141,141~~~~0~1~0~0~0~0~1~1~4
ORDINARY_LOSS;111,111,171,171,181,151,111,121,141,121,181,181,171,111,121~~~~0~1~0~0~0~0~1~1~4
ORDINARY_WIN;121,131,191,281,111,181,181,141,181,161,181,181,181,181,181~10~~~0~0~0~0~0~0~1~1~5|131,121,131,181,151,111,161,111,141,121,181,161,141,171,111~~~~1~1~0~0~0~0~1~1~5
ORDINARY_LOSS;161,131,161,121,131,121,161,181,111,181,161,121,151,191,171~~~~0~1~0~0~0~0~1~1~5
ORDINARY_LOSS;161,181,121,111,161,131,171,111,181,181,171,161,151,1a1,151~~~~0~1~0~0~0~0~1~1~5
ORDINARY_LOSS;171,141,181,121,131,1a1,131,121,141,151,161,121,171,131,121~~~~0~1~0~0~0~0~1~1~5
ORDINARY_LOSS;161,151,141,181,131,171,181,121,131,141,181,151,171,171,141~~~~0~1~0~0~0~0~1~1~5
ORDINARY_WIN;181,131,181,171,181,141,181,111,181,121,181,181,181,181,181~~~~0~0~0~0~0~0~1~1~5|171,151,131,181,171,141,171,151,111,181,131,121,141,151,121~~~~1~0~0~0~0~0~1~1~5|171,151,131,131,181,141,181,151,111,181,131,121,141,151,121~~~~1~1~0~0~0~0~1~1~5
ORDINARY_LOSS;161,111,111,131,161,131,151,151,121,111,121,171,121,121,181~~~~0~1~0~0~0~0~1~1~5
ORDINARY_LOSS;181,121,151,151,141,151,181,141,111,121,181,151,161,181,121~~~~0~1~0~0~0~0~1~1~5
ORDINARY_LOSS;131,151,171,131,121,141,281,121,161,171,151,181,141,151,141~20~~~0~1~0~0~0~0~1~1~5
ORDINARY_LOSS;121,181,121,131,151,111,141,181,111,161,111,141,181,131,151~~~~0~1~0~0~0~0~1~1~5
ORDINARY_LOSS;151,131,151,151,161,131,171,111,121,121,111,181,151,171,181~~~~0~1~0~0~0~0~1~1~5
ORDINARY_LOSS;161,131,141,181,181,151,171,161,111,111,161,111,151,171,171~~~~0~1~0~0~0~0~1~1~5
ORDINARY_LOSS;131,111,161,121,141,181,121,111,131,171,161,121,131,161,151~~~~0~1~0~0~0~0~1~1~5
ORDINARY_WIN;181,181,171,281,151,181,181,161,181,131,181,181,181,151,151~10~~~0~0~0~0~0~0~1~1~5|151,141,171,131,111,151,181,151,161,171,121,131,171,151,151~~~~1~0~0~0~0~0~1~1~5|131,141,171,151,131,111,171,181,161,171,121,131,171,151,151~~~~1~1~0~0~0~0~1~1~5
ORDINARY_LOSS;141,111,121,131,171,141,111,171,121,111,181,121,121,171,121~~~~0~1~0~0~0~0~1~1~5
ORDINARY_WIN;181,181,171,281,151,181,181,161,181,131,181,181,181,151,151~10~~~0~0~0~0~0~0~1~1~5|151,141,171,131,111,151,181,151,161,171,121,131,171,151,151~~~~1~0~0~0~0~0~1~1~5|131,141,171,151,131,111,171,181,161,171,121,131,171,151,151~~~~1~1~0~0~0~0~1~1~5
ORDINARY_LOSS;1a1,111,181,151,151,121,121,191,131,141,171,131,111,131,121~~~~0~1~0~0~0~0~1~1~5
ORDINARY_LOSS;111,141,151,261,131,111,171,151,171,161,161,111,171,121,161~10~~~0~1~0~0~0~0~1~1~5
ORDINARY_LOSS;151,131,141,111,141,111,111,171,121,111,181,121,151,141,1a1~~~~0~1~0~0~0~0~1~1~5
ORDINARY_LOSS;141,171,131,131,171,171,121,111,141,111,181,161,141,121,111~~~~0~1~0~0~0~0~1~1~5
ORDINARY_LOSS;131,111,151,171,151,151,181,171,141,181,121,121,121,171,131~~~~0~1~0~0~0~0~1~1~5
ORDINARY_LOSS;161,111,181,161,161,161,131,151,111,131,121,111,121,131,181~~~~0~1~0~0~0~0~1~1~5
ORDINARY_LOSS;141,171,111,131,121,121,171,131,1a1,121,181,141,141,171,171~~~~0~1~0~0~0~0~1~1~5
ORDINARY_LOSS;181,151,161,131,211,131,151,111,171,131,181,161,141,141,171~11~~~0~1~0~0~0~0~1~1~5
ORDINARY_LOSS;181,1a1,131,161,141,121,121,141,121,131,111,141,151,161,141~~~~0~1~0~0~0~0~1~1~5
ORDINARY_LOSS;181,171,141,171,111,161,241,161,181,121,181,181,111,181,171~20~~~0~1~0~0~0~0~1~1~5
ORDINARY_LOSS;141,141,111,151,121,121,181,141,161,111,141,121,131,141,181~~~~0~1~0~0~0~0~1~1~5
ORDINARY_LOSS;161,171,111,171,171,131,1a1,161,111,141,121,151,181,131,131~~~~0~1~0~0~0~0~1~1~5
ORDINARY_LOSS;141,151,121,151,171,161,171,121,171,131,111,1a1,181,141,161~~~~0~1~0~0~0~0~1~1~5
ORDINARY_LOSS;171,111,131,151,141,141,151,151,121,141,151,131,1a1,151,141~~~~0~1~0~0~0~0~1~1~5
ORDINARY_LOSS;131,121,171,121,121,111,141,151,161,121,121,131,131,121,151~~~~0~1~0~0~0~0~1~1~5
ORDINARY_LOSS;131,141,151,111,121,111,1a1,121,141,131,181,151,141,121,191~~~~0~1~0~0~0~0~1~1~5
ORDINARY_LOSS;141,131,121,1a1,171,111,131,151,161,161,161,121,121,111,131~~~~0~1~0~0~0~0~1~1~5
FREE_SPINS;141,1a1,141,151,151,181,141,1a1,141,131,121,1a1,141,181,131~~0.2.3~~2~1~10~0~0~0~1~1~5|165,121,111,121,161,181,141,111,141,131,121,131,161,121,131~~0.2.3~~2~1~10~1~0~0~2~2~5|152,111,171,151,111,131,151,121,161,125,181,171,161,141,111~~0.2.3~~2~0~10~2~0~0~2~2~5|162,111,171,141,111,131,111,121,161,125,181,171,161,141,111~~0.2.3~~2~0~10~2~0~0~2~2~5|112,161,171,171,141,131,121,121,161,125,181,171,161,141,111~~0.2.3~~2~1~10~2~0~0~2~2~5|161,111,131,161,141,171,131,111,131,181,171,171,141,161,161~~0.2.3~~2~1~10~3~0~0~2~2~5|1710,121,131,173,181,181,151,121,121,141,161,151,111,141,161~~0.2.3~~2~1~10~4~0~0~2~2~5|151,181,141,181,181,171,111,141,171,151,141,171,131,111,131~~0.2.3~9-2~2~1~12~5~0~0~2~2~5|141,131,171,161,161,191,141,141,161,141,111,111,151,131,181~~0.2.3~~2~0~12~6~0~0~2~2~5|131,131,171,121,161,161,181,121,161,131,111,111,151,131,181~~0.2.3~~2~1~12~6~0~0~2~2~5|181,151,111,181,161,1910,151,181,291,172,181,175,171,121,111~22~0.2.3~~2~0~12~7~0~0~2~2~5|171,161,171,141,161,1610,141,181,161,152,171,175,171,121,111~~0.2.3~~2~0~12~7~0~0~2~2~5|111,171,171,171,181,1410,111,141,181,152,171,175,171,121,111~~0.2.3~~2~1~12~7~0~0~2~2~5|165,171,171,131,163,181,161,121,131,181,171,171,171,151,151~~0.2.3~~2~0~12~8~0~0~2~2~5|175,171,171,161,133,181,181,121,131,181,171,171,171,151,151~~0.2.3~~2~1~12~8~0~0~2~2~5|151,141,151,151,151,171,131,111,181,151,151,181,151,152,171~~0.2.3~~2~1~12~9~0~0~2~2~5|161,161,111,161,111,111,181,161,141,111,131,171,161,111,111~~0.2.3~~2~0~12~10~0~0~2~2~5|141,161,111,121,111,111,181,181,141,111,131,171,161,111,111~~0.2.3~~2~1~12~10~0~0~2~2~5|181,111,171,121,121,151,161,141,151,131,181,113,111,181,131~~0.2.3~~2~1~12~11~0~0~2~2~5|181,131,131,161,151,171,181,145,132,141,171,121,161,111,181~~0.2.3~~2~1~12~12~0~0~2~2~5
ORDINARY_LOSS;171,151,181,161,171,181,151,121,161,141,131,161,161,1a1,181~~~~0~1~0~0~0~0~1~1~5
ORDINARY_LOSS;131,171,181,121,111,121,131,111,111,161,161,171,111,171,1a1~~~~0~1~0~0~0~0~1~1~5
ORDINARY_LOSS;181,151,161,161,151,171,171,171,111,131,171,161,161,141,161~~~~0~1~0~0~0~0~1~1~5
ORDINARY_LOSS;121,151,141,111,181,151,131,161,121,181,131,131,111,121,131~~~~0~1~0~0~0~0~1~1~5
WILD_VORTEX;111,111,191,171,181,171,181,1a1,131,161,181,131,121,181,121~~~~0~0~0~0~0~0~1~1~6|171,111,111,141,171,171,111,1a1,131,111,161,131,151,121,121~~~~2~1~0~0~3~0~1~1~0|291,151,121,141,181,171,121,141,161,211,171,171,181,251,261~0.30.41.42~~~2~0~0~0~3~1~2~3~0|131,151,121,141,181,171,121,121,161,211,171,171,181,251,261~30.41.42~~~2~1~0~0~3~1~2~3~0|281,111,141,121,141,131,181,151,211,131,111,261,181,161,141~0.22.32~~~2~1~0~0~3~2~2~3~0|171,151,291,191,161,111,141,121,291,121,291,171,291,151,181~2.22.31.40~~~2~0~0~0~3~3~2~3~0|171,141,111,141,131,111,151,181,181,161,121,151,161,121,121~~~~2~1~0~0~3~3~2~3~0
ORDINARY_LOSS;161,181,181,161,161,151,121,141,181,161,181,151,181,1a1,171~~~~0~1~0~0~0~0~1~1~0
ORDINARY_LOSS;1a1,141,171,151,151,161,131,181,111,171,151,171,151,181,151~~~~0~1~0~0~0~0~1~1~0
ORDINARY_LOSS;151,181,1a1,121,161,171,111,121,121,121,141,121,151,111,161~~~~0~1~0~0~0~0~1~1~0
ORDINARY_LOSS;141,181,131,151,121,141,171,181,181,181,131,131,1a1,111,171~~~~0~1~0~0~0~0~1~1~0
ORDINARY_WIN;191,171,181,141,131,181,181,141,181,181,131,181,181,181,181~~~~0~0~0~0~0~0~1~1~1|251,161,171,151,161,131,181,141,151,111,111,131,171,141,121~0~~~1~0~0~0~0~0~1~1~1|161,161,171,161,161,131,161,181,141,111,111,131,171,141,121~~~~1~0~0~0~0~0~1~1~1|181,171,171,121,151,131,141,181,141,111,111,131,171,141,121~~~~1~1~0~0~0~0~1~1~1
ORDINARY_LOSS;111,111,1a1,181,111,181,171,121,131,171,161,121,111,141,181~~~~0~1~0~0~0~0~1~1~1
ORDINARY_LOSS;111,151,151,151,141,141,171,131,111,151,151,121,181,111,141~~~~0~1~0~0~0~0~1~1~1
ORDINARY_LOSS;161,161,171,151,111,151,171,131,131,111,111,171,171,151,141~~~~0~1~0~0~0~0~1~1~1
ORDINARY_WIN;171,271,131,171,171,141,171,171,151,171,171,161,111,171,171~1~~~0~0~0~0~0~0~1~1~1|121,151,131,151,171,141,151,181,151,181,121,161,171,171,111~~~~1~0~0~0~0~0~1~1~1|141,121,131,181,171,141,181,151,181,181,121,161,171,171,111~~~~1~1~0~0~0~0~1~1~1
ORDINARY_LOSS;111,151,1a1,161,181,181,181,131,171,151,141,131,141,181,131~~~~0~1~0~0~0~0~1~1~1
ORDINARY_LOSS;181,141,181,121,111,181,121,171,141,161,141,141,181,141,111~~~~0~1~0~0~0~0~1~1~1
ORDINARY_LOSS;171,141,131,151,161,181,131,151,111,131,141,111,131,131,121~~~~0~1~0~0~0~0~1~1~1
ORDINARY_LOSS;151,171,151,141,141,291,181,111,141,161,141,131,151,151,171~12~~~0~1~0~0~0~0~1~1~1
ORDINARY_WIN;151,181,181,181,111,181,121,181,191,181,151,181,111,171,281~42~~~0~0~0~0~0~0~1~1~2|131,141,151,121,151,111,111,111,121,181,111,151,171,111,171~~~~1~1~0~0~0~0~1~1~2
ORDINARY_LOSS;151,111,161,131,111,131,171,121,181,161,111,131,181,141,171~~~~0~1~0~0~0~0~1~1~2
ORDINARY_LOSS;151,151,161,171,131,111,161,111,111,181,141,121,131,181,131~~~~0~1~0~0~0~0~1~1~2
ORDINARY_LOSS;151,181,151,181,161,131,141,151,161,171,161,181,161,151,141~~~~0~1~0~0~0~0~1~1~2
ORDINARY_LOSS;151,161,141,181,111,121,121,111,171,141,141,151,171,121,171~~~~0~1~0~0~0~0~1~1~2
ORDINARY_WIN;171,181,131,171,131,131,131,191,111,181,131,171,131,171,121~~~~0~0~0~0~0~0~1~1~3|181,181,181,181,181,181,181,181,111,181,141,181,131,111,121~~~~1~0~0~0~0~0~1~1~3|161,151,151,151,121,181,171,111,111,181,161,141,131,111,121~~~~1~1~0~0~0~0~1~1~3
ORDINARY_LOSS;141,141,171,161,131,151,161,161,181,171,161,111,181,111,141~~~~0~1~0~0~0~0~1~1~3
ORDINARY_LOSS;161,131,111,141,111,111,141,121,161,111,141,131,151,181,181~~~~0~1~0~0~0~0~1~1~3
ORDINARY_LOSS;181,171,171,151,151,1a1,151,161,121,121,121,151,171,171,161~~~~0~1~0~0~0~0~1~1~3
ORDINARY_LOSS;131,161,111,181,181,181,121,161,131,111,181,141,121,161,131~~~~0~1~0~0~0~0~1~1~3
ORDINARY_WIN;171,171,151,171,271,161,161,171,171,151,171,171,171,161,171~11~~~0~0~0~0~0~0~1~1~3|111,141,151,171,151,161,151,141,161,151,161,151,151,131,161~~~~1~0~0~0~0~0~1~1~3|111,111,141,141,171,161,181,141,161,171,121,161,141,131,161~~~~1~0~0~0~0~0~1~1~3|161,111,111,121,171,161,151,181,161,171,121,161,141,131,161~~~~1~0~0~0~0~0~1~1~3|131,111,111,151,121,171,141,151,181,161,171,121,181,141,131~~~~1~1~0~0~0~0~1~1~3
ORDINARY_LOSS;111,131,131,181,151,121,141,181,131,251,181,181,171,171,161~30~~~0~1~0~0~0~0~1~1~3
ORDINARY_WIN;181,181,171,161,181,181,181,181,171,181,151,181,181,161,181~~~~0~0~0~0~0~0~1~1~3|121,181,171,121,131,161,161,111,171,141,171,151,181,111,161~~~~1~1~0~0~0~0~1~1~3
ORDINARY_LOSS;161,131,151,161,151,151,111,131,131,111,151,161,181,151,121~~~~0~1~0~0~0~0~1~1~3
ORDINARY_LOSS;141,151,161,171,151,151,131,181,121,161,131,171,171,171,151~~~~0~1~0~0~0~0~1~1~3
ORDINARY_LOSS;121,181,291,181,141,1a1,121,131,151,161,121,181,151,161,131~2~~~0~1~0~0~0~0~1~1~3
ORDINARY_LOSS;161,141,131,181,161,121,131,121,181,171,131,111,171,181,171~~~~0~1~0~0~0~0~1~1~3
ORDINARY_LOSS;171,161,121,161,151,131,131,111,141,161,181,111,121,181,141~~~~0~1~0~0~0~0~1~1~3
ORDINARY_WIN;181,171,171,171,171,171,171,151,171,171,161,171,171,171,161~~~~0~0~0~0~0~0~1~1~3|161,171,181,121,151,131,161,131,151,141,141,161,121,171,161~~~~1~1~0~0~0~0~1~1~3
ORDINARY_LOSS;1a1,171,111,141,181,181,151,171,151,161,171,171,121,131,151~~~~0~1~0~0~0~0~1~1~3
FREE_SPINS;131,171,121,181,181,161,1a1,141,131,141,1a1,141,121,181,1a1~~2.3.4~~2~1~10~0~0~0~1~1~3|151,111,181,111,161,183,181,171,131,111,181,141,182,182,181~~2.3.4~~2~0~10~1~0~0~2~2~3|111,151,111,181,111,163,181,171,131,131,111,141,172,122,151~~2.3.4~~2~1~10~1~0~0~2~2~3|121,131,161,151,171,131,161,131,141,111,161,121,151,181,141~~2.3.4~~2~0~10~2~0~0~2~2~3|141,121,161,141,151,171,121,161,141,111,161,121,151,181,141~~2.3.4~~2~0~10~2~0~0~2~2~3|131,121,161,111,151,171,171,121,161,111,161,121,151,181,141~~2.3.4~~2~1~10~2~0~0~2~2~3|171,181,141,131,121,132,111,151,171,121,131,121,161,161,141~~2.3.4~6-2.13-1~2~1~13~3~0~0~2~2~3|131,191,111,181,121,142,161,131,111,181,141,181,121,142,125~~2.3.4~~2~1~13~4~0~0~2~2~3|131,151,141,161,181,121,141,181,171,111,161,151,141,151,141~~2.3.4~~2~1~13~5~0~0~2~2~3|181,138,121,161,131,151,161,141,171,111,171,181,131,131,165~~2.3.4~~2~1~13~6~0~0~2~2~3|111,151,141,121,111,181,121,153,125,161,111,171,141,111,158~~2.3.4~~2~1~13~7~0~0~2~2~3|235,161,121,178,141,141,183,151,111,131,143,171,121,121,122~0~2.3.4~~2~1~13~8~0~0~2~2~3|181,111,141,141,141,161,181,111,161,121,131,141,171,131,141~~2.3.4~~2~1~13~9~0~0~2~2~3|181,131,111,161,171,141,181,191,151,131,111,151,181,115,111~~2.3.4~~2~1~13~10~0~0~2~2~3|161,141,111,161,151,171,161,111,111,161,131,181,111,141,141~~2.3.4~3-2~2~0~15~11~0~0~2~2~3|121,141,111,151,151,171,171,111,111,141,131,181,111,141,141~~2.3.4~~2~1~15~11~0~0~2~2~3|121,171,261,185,133,141,182,132,183,161,121,121,121,151,181~2~2.3.4~~2~1~15~12~0~0~2~2~3|191,161,141,141,111,171,162,181,132,111,161,111,111,141,145~~2.3.4~~2~1~15~13~0~0~2~2~3|131,132,181,161,171,161,161,131,161,151,171,111,131,111,171~~2.3.4~~2~1~15~14~0~0~2~2~3|151,171,111,181,181,111,141,151,111,181,161,191,161,151,161~~2.3.4~~2~0~15~15~0~0~2~2~3|141,151,171,191,181,181,181,141,151,111,181,161,161,151,161~~2.3.4~~2~0~15~15~0~0~2~2~3|111,131,171,181,181,181,111,161,181,111,181,161,161,151,161~~2.3.4~~2~1~15~15~0~0~2~2~3
ORDINARY_LOSS;131,121,141,151,181,181,151,161,161,151,121,111,121,141,181~~~~0~1~0~0~0~0~1~1~3
ORDINARY_LOSS;151,151,181,151,121,111,181,121,181,121,161,141,131,111,181~~~~0~1~0~0~0~0~1~1~3
ORDINARY_LOSS;131,131,181,181,1a1,131,171,121,171,151,151,111,111,181,121~~~~0~1~0~0~0~0~1~1~3
ORDINARY_LOSS;141,121,221,121,181,161,141,171,161,131,181,161,121,171,161~2~~~0~1~0~0~0~0~1~1~3
ORDINARY_LOSS;171,131,181,151,111,141,141,181,151,151,181,111,151,131,171~~~~0~1~0~0~0~0~1~1~3
ORDINARY_LOSS;151,281,171,161,111,161,171,141,121,151,151,111,111,121,131~1~~~0~1~0~0~0~0~1~1~3
ORDINARY_LOSS;151,181,161,131,161,131,141,111,121,161,111,151,121,161,111~~~~0~1~0~0~0~0~1~1~3
ORDINARY_LOSS;181,1a1,141,111,111,161,121,181,171,141,111,161,111,171,151~~~~0~1~0~0~0~0~1~1~3
ORDINARY_LOSS;141,121,111,121,181,151,111,141,111,151,1a1,121,111,141,131~~~~0~1~0~0~0~0~1~1~3
ORDINARY_LOSS;121,131,181,171,161,161,121,141,141,121,141,141,131,111,181~~~~0~1~0~0~0~0~1~1~3
ORDINARY_LOSS;131,161,161,121,121,181,111,151,181,111,171,111,141,161,181~~~~0~1~0~0~0~0~1~1~3
ORDINARY_LOSS;151,121,171,131,161,111,151,141,161,181,141,181,181,161,181~~~~0~1~0~0~0~0~1~1~3
ORDINARY_WIN;171,171,171,111,171,171,121,171,171,171,171,131,171,161,191~~~~0~0~0~0~0~0~1~1~4|181,181,161,151,181,111,111,151,121,151,181,131,131,141,161~~~~1~1~0~0~0~0~1~1~4
ORDINARY_LOSS;171,181,111,131,121,111,131,131,151,111,131,131,171,111,131~~~~0~1~0~0~0~0~1~1~4
FREE_SPINS;121,181,121,171,111,1a1,141,131,1a1,1a1,161,151,161,181,151~~1.2.3~~2~1~10~0~0~0~1~1~4|141,141,111,111,171,171,131,121,131,131,181,181,141,151,121~~1.2.3~11-2~2~1~12~1~0~0~2~2~4|171,111,131,161,121,171,131,131,131,181,161,181,131,161,121~~1.2.3~~2~1~12~2~0~0~2~2~4|181,141,141,161,161,131,163,181,141,171,131,241,121,181,171~32~1.2.3~~2~1~12~3~0~0~2~2~4|121,121,181,111,181,131,161,151,181,111,111,121,121,181,141~~1.2.3~~2~0~12~4~0~0~2~2~4|151,121,121,151,111,131,151,161,151,111,111,121,121,181,141~~1.2.3~~2~0~12~4~0~0~2~2~4|121,121,121,121,111,131,191,151,161,111,111,121,121,181,141~~1.2.3~~2~0~12~4~0~0~2~2~4|181,151,131,141,111,131,141,151,161,171,111,111,131,181,141~~1.2.3~~2~1~12~4~0~0~2~2~4|121,121,111,181,161,111,165,141,181,111,143,131,121,111,181~~1.2.3~~2~1~12~5~0~0~2~2~4|121,141,171,151,121,141,181,111,111,171,151,151,111,151,191~~1.2.3~~2~1~12~6~0~0~2~2~4|171,181,131,161,161,181,111,131,141,141,171,141,161,112,181~~1.2.3~~2~1~12~7~0~0~2~2~4|151,293,131,132,181,181,181,131,181,172,131,121,181,141,171~1~1.2.3~~2~0~12~8~0~0~2~2~4|151,113,151,172,131,131,111,151,141,142,171,121,181,141,171~~1.2.3~~2~1~12~8~0~0~2~2~4|111,111,151,133,151,111,121,122,291,121,171,121,181,121,121~22~1.2.3~~2~0~12~9~0~0~2~2~4|131,131,111,123,111,131,171,122,121,121,171,121,181,121,121~~1.2.3~~2~1~12~9~0~0~2~2~4|141,142,115,111,293,131,141,141,181,131,131,121,171,131,141~11~1.2.3~~2~0~12~10~0~0~2~2~4|121,152,115,141,113,131,131,161,181,131,131,121,171,131,141~~1.2.3~~2~1~12~10~0~0~2~2~4|191,171,161,131,151,161,141,131,111,161,121,111,131,121,141~~1.2.3~~2~0~12~11~0~0~2~2~4|141,171,161,131,151,161,171,141,111,161,121,111,131,121,141~~1.2.3~~2~1~12~11~0~0~2~2~4|221,141,161,181,151,111,171,151,131,121,131,111,121,175,151~0~1.2.3~12-2~2~1~14~12~0~0~2~2~4|141,171,151,151,111,161,131,181,161,171,131,141,171,111,161~~1.2.3~2-1~2~1~15~13~0~0~2~2~4|171,131,161,131,161,121,161,151,151,171,121,161,141,161,121~~1.2.3~~2~0~15~14~0~0~2~2~4|141,171,131,141,131,121,171,151,151,111,171,121,171,141,121~~1.2.3~~2~1~15~14~0~0~2~2~4|161,111,141,151,161,141,151,121,141,121,121,131,161,121,171~~1.2.3~~2~0~15~15~0~0~2~2~4|141,161,111,111,151,161,171,151,121,121,121,131,161,121,171~~1.2.3~~2~1~15~15~0~0~2~2~4
ORDINARY_LOSS;131,121,121,161,161,171,121,181,151,131,131,181,171,151,121~~~~0~1~0~0~0~0~1~1~4
ORDINARY_LOSS;141,171,1a1,111,131,141,121,131,111,181,171,141,141,181,151~~~~0~1~0~0~0~0~1~1~4
ORDINARY_LOSS;181,121,131,111,141,141,181,111,131,151,171,121,131,181,141~~~~0~1~0~0~0~0~1~1~4
ORDINARY_LOSS;131,151,111,141,181,161,111,111,141,151,171,111,181,151,121~~~~0~1~0~0~0~0~1~1~4
ORDINARY_LOSS;151,131,171,151,121,121,181,141,131,171,131,121,181,141,181~~~~0~1~0~0~0~0~1~1~4
ORDINARY_LOSS;151,151,111,121,121,121,161,151,171,111,161,131,141,141,151~~~~0~1~0~0~0~0~1~1~4
ORDINARY_LOSS;111,141,181,171,141,1a1,151,121,131,131,171,111,121,141,111~~~~0~1~0~0~0~0~1~1~4
ORDINARY_LOSS;121,131,131,171,111,121,111,131,1a1,171,131,141,171,161,111~~~~0~1~0~0~0~0~1~1~4
ORDINARY_LOSS;171,161,141,151,151,141,181,171,121,121,121,131,181,181,181~~~~0~1~0~0~0~0~1~1~4
ORDINARY_LOSS;181,121,131,131,171,111,161,141,121,151,111,111,171,121,161~~~~0~1~0~0~0~0~1~1~4
ORDINARY_LOSS;151,131,131,171,141,111,181,181,181,161,121,161,151,161,161~~~~0~1~0~0~0~0~1~1~4
ORDINARY_LOSS;111,181,131,111,181,151,151,171,161,131,121,141,141,161,131~~~~0~1~0~0~0~0~1~1~4
ORDINARY_LOSS;171,151,151,151,181,131,121,131,161,171,131,141,151,131,131~~~~0~1~0~0~0~0~1~1~4
ORDINARY_LOSS;131,121,121,181,141,161,181,111,111,151,131,131,121,171,171~~~~0~1~0~0~0~0~1~1~4
ORDINARY_WIN;181,161,191,181,181,181,181,161,181,141,111,181,181,271,181~41~~~0~0~0~0~0~0~1~1~5|151,181,161,141,161,141,131,171,161,151,141,111,161,171,271~42~~~1~0~0~0~0~0~1~1~5|141,151,181,141,141,141,121,131,171,151,141,111,161,171,271~42~~~1~1~0~0~0~0~1~1~5
ORDINARY_LOSS;251,131,141,111,171,161,181,131,111,121,161,181,141,111,171~0~~~0~1~0~0~0~0~1~1~5
ORDINARY_LOSS;191,111,171,181,181,151,141,121,111,111,171,161,111,151,141~~~~0~1~0~0~0~0~1~1~5
ORDINARY_LOSS;181,121,171,111,121,111,161,131,181,151,131,131,111,151,171~~~~0~1~0~0~0~0~1~1~5
ORDINARY_LOSS;1a1,111,111,161,181,171,131,181,181,121,141,151,141,171,171~~~~0~1~0~0~0~0~1~1~5
ORDINARY_LOSS;131,121,161,181,171,111,181,111,181,141,151,181,111,181,111~~~~0~1~0~0~0~0~1~1~5
ORDINARY_LOSS;161,171,141,151,111,151,181,141,111,151,121,141,151,171,1a1~~~~0~1~0~0~0~0~1~1~5
ORDINARY_LOSS;151,111,131,111,171,131,141,121,181,181,141,161,181,111,171~~~~0~1~0~0~0~0~1~1~5
ORDINARY_LOSS;181,111,111,121,161,131,181,161,161,131,171,111,121,111,131~~~~0~1~0~0~0~0~1~1~5
ORDINARY_LOSS;121,121,141,181,181,121,171,141,141,151,161,181,111,131,161~~~~0~1~0~0~0~0~1~1~5
ORDINARY_LOSS;171,151,171,161,151,151,141,141,141,151,131,131,151,161,121~~~~0~1~0~0~0~0~1~1~5
ORDINARY_LOSS;131,171,141,111,151,151,151,171,181,161,151,171,131,171,161~~~~0~1~0~0~0~0~1~1~5
ORDINARY_LOSS;171,131,131,151,151,111,141,121,131,141,131,151,161,121,151~~~~0~1~0~0~0~0~1~1~5
ORDINARY_LOSS;121,141,111,171,151,131,171,131,121,111,141,131,161,121,161~~~~0~1~0~0~0~0~1~1~5
ORDINARY_LOSS;131,131,151,111,111,181,1a1,111,181,171,171,151,111,151,171~~~~0~1~0~0~0~0~1~1~5
