# entry|column|replacementLength|symbols|observedCount
BASE_REFILL|0|1|A|21
BASE_REFILL|0|1|H1|44
BASE_REFILL|0|1|H2|35
BASE_REFILL|0|1|H3|36
BASE_REFILL|0|1|H4|30
BASE_REFILL|0|1|H5|35
BASE_REFILL|0|1|J|14
BASE_REFILL|0|1|K|9
BASE_REFILL|0|1|Q|19
BASE_REFILL|0|1|Scat|1
BASE_REFILL|0|1|T|18
BASE_REFILL|0|1|X2|1
BASE_REFILL|0|1|X3|7
BASE_REFILL|0|1|X4|3
BASE_REFILL|0|2|A,A|1
BASE_REFILL|0|2|A,H1|1
BASE_REFILL|0|2|A,H2|1
BASE_REFILL|0|2|A,H3|1
BASE_REFILL|0|2|A,H4|1
BASE_REFILL|0|2|A,H5|3
BASE_REFILL|0|2|A,J|4
BASE_REFILL|0|2|A,K|2
BASE_REFILL|0|2|A,Q|1
BASE_REFILL|0|2|A,Scat|1
BASE_REFILL|0|2|A,T|1
BASE_REFILL|0|2|H1,A|1
BASE_REFILL|0|2|H1,H1|1
BASE_REFILL|0|2|H1,H2|1
BASE_REFILL|0|2|H1,H3|4
BASE_REFILL|0|2|H1,H4|3
BASE_REFILL|0|2|H1,H5|1
BASE_REFILL|0|2|H1,J|4
BASE_REFILL|0|2|H1,K|4
BASE_REFILL|0|2|H1,Q|2
BASE_REFILL|0|2|H1,T|3
BASE_REFILL|0|2|H1,X4|1
BASE_REFILL|0|2|H2,A|1
BASE_REFILL|0|2|H2,H1|3
BASE_REFILL|0|2|H2,H2|1
BASE_REFILL|0|2|H2,H3|4
BASE_REFILL|0|2|H2,H4|3
BASE_REFILL|0|2|H2,H5|3
BASE_REFILL|0|2|H2,J|1
BASE_REFILL|0|2|H2,K|3
BASE_REFILL|0|2|H2,Q|2
BASE_REFILL|0|2|H2,T|1
BASE_REFILL|0|2|H3,A|3
BASE_REFILL|0|2|H3,H1|1
BASE_REFILL|0|2|H3,H2|3
BASE_REFILL|0|2|H3,H3|3
BASE_REFILL|0|2|H3,H4|2
BASE_REFILL|0|2|H3,H5|3
BASE_REFILL|0|2|H3,J|2
BASE_REFILL|0|2|H3,K|5
BASE_REFILL|0|2|H3,Q|4
BASE_REFILL|0|2|H3,T|4
BASE_REFILL|0|2|H3,X3|1
BASE_REFILL|0|2|H3,X4|1
BASE_REFILL|0|2|H4,A|1
BASE_REFILL|0|2|H4,H1|1
BASE_REFILL|0|2|H4,H2|2
BASE_REFILL|0|2|H4,H3|2
BASE_REFILL|0|2|H4,H4|2
BASE_REFILL|0|2|H4,H5|2
BASE_REFILL|0|2|H4,J|1
BASE_REFILL|0|2|H4,Q|2
BASE_REFILL|0|2|H4,Scat|1
BASE_REFILL|0|2|H4,X4|2
BASE_REFILL|0|2|H5,A|1
BASE_REFILL|0|2|H5,H1|2
BASE_REFILL|0|2|H5,H2|2
BASE_REFILL|0|2|H5,H3|2
BASE_REFILL|0|2|H5,H4|3
BASE_REFILL|0|2|H5,H5|5
BASE_REFILL|0|2|H5,K|1
BASE_REFILL|0|2|H5,Q|3
BASE_REFILL|0|2|H5,T|3
BASE_REFILL|0|2|H5,X3|1
BASE_REFILL|0|2|H5,X4|1
BASE_REFILL|0|2|J,A|4
BASE_REFILL|0|2|J,H1|2
BASE_REFILL|0|2|J,H3|2
BASE_REFILL|0|2|J,H4|1
BASE_REFILL|0|2|J,H5|1
BASE_REFILL|0|2|J,J|1
BASE_REFILL|0|2|J,K|5
BASE_REFILL|0|2|J,Q|2
BASE_REFILL|0|2|J,T|2
BASE_REFILL|0|2|K,A|2
BASE_REFILL|0|2|K,H1|2
BASE_REFILL|0|2|K,H2|1
BASE_REFILL|0|2|K,H3|1
BASE_REFILL|0|2|K,H4|2
BASE_REFILL|0|2|K,H5|3
BASE_REFILL|0|2|K,J|1
BASE_REFILL|0|2|K,K|1
BASE_REFILL|0|2|K,Q|2
BASE_REFILL|0|2|K,T|2
BASE_REFILL|0|2|K,X4|1
BASE_REFILL|0|2|Q,A|5
BASE_REFILL|0|2|Q,H1|2
BASE_REFILL|0|2|Q,H2|1
BASE_REFILL|0|2|Q,H4|3
BASE_REFILL|0|2|Q,J|1
BASE_REFILL|0|2|Q,K|2
BASE_REFILL|0|2|Q,Q|1
BASE_REFILL|0|2|Q,T|2
BASE_REFILL|0|2|Scat,K|1
BASE_REFILL|0|2|T,A|3
BASE_REFILL|0|2|T,H2|2
BASE_REFILL|0|2|T,H3|2
BASE_REFILL|0|2|T,H5|3
BASE_REFILL|0|2|T,J|2
BASE_REFILL|0|2|T,K|2
BASE_REFILL|0|2|T,T|1
BASE_REFILL|0|2|X2,H3|1
BASE_REFILL|0|2|X3,H3|1
BASE_REFILL|0|2|X4,K|1
BASE_REFILL|0|3|A,A,H3|1
BASE_REFILL|0|3|A,A,J|2
BASE_REFILL|0|3|A,H1,Q|1
BASE_REFILL|0|3|A,H2,Q|1
BASE_REFILL|0|3|A,H5,A|1
BASE_REFILL|0|3|A,H5,X4|2
BASE_REFILL|0|3|A,K,T|1
BASE_REFILL|0|3|A,T,H3|1
BASE_REFILL|0|3|H1,A,J|1
BASE_REFILL|0|3|H1,A,K|1
BASE_REFILL|0|3|H1,A,Q|1
BASE_REFILL|0|3|H1,H1,H2|1
BASE_REFILL|0|3|H1,H1,K|1
BASE_REFILL|0|3|H1,H1,T|1
BASE_REFILL|0|3|H1,H2,H3|2
BASE_REFILL|0|3|H1,H4,H2|1
BASE_REFILL|0|3|H1,H5,A|1
BASE_REFILL|0|3|H1,K,H1|1
BASE_REFILL|0|3|H1,Q,Q|2
BASE_REFILL|0|3|H1,T,T|2
BASE_REFILL|0|3|H2,A,H2|2
BASE_REFILL|0|3|H2,H1,H3|1
BASE_REFILL|0|3|H2,H1,H5|1
BASE_REFILL|0|3|H2,H3,A|1
BASE_REFILL|0|3|H2,H3,X3|1
BASE_REFILL|0|3|H2,H5,J|1
BASE_REFILL|0|3|H2,J,Q|1
BASE_REFILL|0|3|H2,Q,H3|2
BASE_REFILL|0|3|H2,Scat,H1|1
BASE_REFILL|0|3|H3,H1,H2|1
BASE_REFILL|0|3|H3,H2,A|1
BASE_REFILL|0|3|H3,H5,A|1
BASE_REFILL|0|3|H3,H5,H3|1
BASE_REFILL|0|3|H3,J,H3|1
BASE_REFILL|0|3|H3,K,H4|1
BASE_REFILL|0|3|H3,T,A|1
BASE_REFILL|0|3|H3,T,T|1
BASE_REFILL|0|3|H3,T,X4|1
BASE_REFILL|0|3|H4,A,H1|1
BASE_REFILL|0|3|H4,A,H2|1
BASE_REFILL|0|3|H4,H1,H4|1
BASE_REFILL|0|3|H4,H2,H5|1
BASE_REFILL|0|3|H4,H5,H1|1
BASE_REFILL|0|3|H4,H5,K|1
BASE_REFILL|0|3|H4,H5,T|2
BASE_REFILL|0|3|H4,J,H4|1
BASE_REFILL|0|3|H4,J,J|2
BASE_REFILL|0|3|H4,Q,H5|1
BASE_REFILL|0|3|H5,A,A|1
BASE_REFILL|0|3|H5,H1,A|1
BASE_REFILL|0|3|H5,H1,H2|1
BASE_REFILL|0|3|H5,H2,H4|2
BASE_REFILL|0|3|H5,H4,H3|1
BASE_REFILL|0|3|H5,H4,H4|1
BASE_REFILL|0|3|H5,X3,H4|1
BASE_REFILL|0|3|J,A,A|1
BASE_REFILL|0|3|J,A,H2|1
BASE_REFILL|0|3|J,A,K|1
BASE_REFILL|0|3|J,H1,Q|1
BASE_REFILL|0|3|J,H4,T|1
BASE_REFILL|0|3|J,J,H2|1
BASE_REFILL|0|3|J,J,H4|2
BASE_REFILL|0|3|J,J,X2|1
BASE_REFILL|0|3|J,K,Q|1
BASE_REFILL|0|3|J,T,H1|1
BASE_REFILL|0|3|K,A,H3|1
BASE_REFILL|0|3|K,H1,H1|1
BASE_REFILL|0|3|K,H3,J|1
BASE_REFILL|0|3|K,H4,H2|1
BASE_REFILL|0|3|K,J,J|1
BASE_REFILL|0|3|K,K,H5|1
BASE_REFILL|0|3|K,Q,H3|1
BASE_REFILL|0|3|K,Q,Q|1
BASE_REFILL|0|3|K,T,H5|1
BASE_REFILL|0|3|K,X4,Q|1
BASE_REFILL|0|3|Q,A,H4|1
BASE_REFILL|0|3|Q,A,K|1
BASE_REFILL|0|3|Q,H1,H3|1
BASE_REFILL|0|3|Q,H1,H4|1
BASE_REFILL|0|3|Q,H2,K|1
BASE_REFILL|0|3|Q,H3,Q|1
BASE_REFILL|0|3|Q,H4,H1|1
BASE_REFILL|0|3|Q,H4,H3|1
BASE_REFILL|0|3|Q,H5,A|1
BASE_REFILL|0|3|Q,Q,H2|1
BASE_REFILL|0|3|Q,Q,H5|1
BASE_REFILL|0|3|Q,Q,Q|1
BASE_REFILL|0|3|Q,T,H3|1
BASE_REFILL|0|3|Q,T,Q|1
BASE_REFILL|0|3|T,H1,Q|1
BASE_REFILL|0|3|T,H1,T|1
BASE_REFILL|0|3|T,H2,H2|2
BASE_REFILL|0|3|T,H3,A|1
BASE_REFILL|0|3|T,H5,H3|2
BASE_REFILL|0|3|T,J,Q|1
BASE_REFILL|0|3|X2,K,H4|1
BASE_REFILL|0|3|X3,H2,J|1
BASE_REFILL|0|3|X4,H3,Q|1
BASE_REFILL|0|3|X4,K,A|1
BASE_REFILL|0|4|A,A,H3,H1|1
BASE_REFILL|0|4|A,A,X3,H1|1
BASE_REFILL|0|4|A,J,H3,T|1
BASE_REFILL|0|4|A,J,T,H4|1
BASE_REFILL|0|4|A,Q,J,A|1
BASE_REFILL|0|4|H1,A,A,A|1
BASE_REFILL|0|4|H1,H2,Q,H1|1
BASE_REFILL|0|4|H1,H3,H5,A|1
BASE_REFILL|0|4|H1,H4,Q,A|1
BASE_REFILL|0|4|H1,H5,H4,H1|1
BASE_REFILL|0|4|H1,X3,H4,H2|1
BASE_REFILL|0|4|H1,X3,K,K|1
BASE_REFILL|0|4|H2,H1,H1,K|1
BASE_REFILL|0|4|H2,H3,H1,J|1
BASE_REFILL|0|4|H2,H4,Q,T|1
BASE_REFILL|0|4|H2,H5,H5,H4|1
BASE_REFILL|0|4|H2,J,J,J|1
BASE_REFILL|0|4|H2,K,H4,H3|1
BASE_REFILL|0|4|H2,T,X4,H1|1
BASE_REFILL|0|4|H3,H1,H3,A|1
BASE_REFILL|0|4|H3,H2,H3,T|1
BASE_REFILL|0|4|H3,H5,X4,H3|2
BASE_REFILL|0|4|H4,Q,Q,H4|2
BASE_REFILL|0|4|H4,Q,T,H2|1
BASE_REFILL|0|4|H4,T,H4,H1|1
BASE_REFILL|0|4|H5,A,T,A|1
BASE_REFILL|0|4|H5,H1,H1,H2|1
BASE_REFILL|0|4|H5,H4,H1,H1|1
BASE_REFILL|0|4|H5,H5,J,H3|1
BASE_REFILL|0|4|H5,J,H5,K|1
BASE_REFILL|0|4|J,A,J,A|1
BASE_REFILL|0|4|J,H4,T,T|1
BASE_REFILL|0|4|J,H5,H4,T|2
BASE_REFILL|0|4|J,Q,J,H2|1
BASE_REFILL|0|4|K,A,K,J|1
BASE_REFILL|0|4|K,H5,H1,K|1
BASE_REFILL|0|4|K,T,H3,A|1
BASE_REFILL|0|4|Q,H2,H2,K|1
BASE_REFILL|0|4|Q,H3,A,Q|1
BASE_REFILL|0|4|Q,H3,H1,H3|1
BASE_REFILL|0|4|Q,H3,T,Q|1
BASE_REFILL|0|4|Q,H3,X2,K|1
BASE_REFILL|0|4|Q,H4,H5,Q|1
BASE_REFILL|0|4|Q,K,H1,X4|1
BASE_REFILL|0|4|Q,Q,H2,T|1
BASE_REFILL|0|4|Q,X3,J,H2|1
BASE_REFILL|0|4|T,T,H1,Q|1
BASE_REFILL|0|4|T,X2,H3,H2|2
BASE_REFILL|0|4|X2,K,J,H5|1
BASE_REFILL|0|4|X4,H4,J,H3|1
BASE_REFILL|0|4|X4,H5,A,K|1
BASE_REFILL|0|5|A,Q,T,A,H2|1
BASE_REFILL|0|5|H1,A,A,H2,H1|1
BASE_REFILL|0|5|H2,H4,Q,H1,H5|1
BASE_REFILL|0|5|H2,Q,J,H3,T|2
BASE_REFILL|0|5|H3,H3,A,A,H5|1
BASE_REFILL|0|5|J,H1,J,H2,K|1
BASE_REFILL|0|5|J,H4,K,H1,K|1
BASE_REFILL|0|5|J,J,A,J,Q|1
BASE_REFILL|0|5|K,A,H5,Q,Q|1
BASE_REFILL|0|5|Q,Q,H5,J,J|1
BASE_REFILL|0|5|T,H1,J,H4,Q|1
BASE_REFILL|0|5|X4,H5,J,Q,H2|1
BASE_REFILL|0|6|H4,H5,H4,J,A,K|1
BASE_REFILL|0|6|H4,T,H2,Q,X3,J|1
BASE_REFILL|0|6|H5,A,H5,T,K,T|1
BASE_REFILL|0|6|H5,H5,A,J,A,H1|1
BASE_REFILL|0|6|Q,J,H2,H5,X4,T|2
BASE_REFILL|0|6|Q,Q,H2,H5,H1,H5|1
BASE_REFILL|0|6|T,H3,H5,J,Q,H4|1
BASE_REFILL|1|1|A|26
BASE_REFILL|1|1|H1|34
BASE_REFILL|1|1|H2|37
BASE_REFILL|1|1|H3|27
BASE_REFILL|1|1|H4|22
BASE_REFILL|1|1|H5|26
BASE_REFILL|1|1|J|25
BASE_REFILL|1|1|K|23
BASE_REFILL|1|1|Q|23
BASE_REFILL|1|1|Scat|4
BASE_REFILL|1|1|T|27
BASE_REFILL|1|1|X3|4
BASE_REFILL|1|2|A,A|2
BASE_REFILL|1|2|A,H1|4
BASE_REFILL|1|2|A,H2|3
BASE_REFILL|1|2|A,H4|4
BASE_REFILL|1|2|A,H5|1
BASE_REFILL|1|2|A,J|3
BASE_REFILL|1|2|A,K|4
BASE_REFILL|1|2|A,Q|1
BASE_REFILL|1|2|A,T|4
BASE_REFILL|1|2|H1,A|1
BASE_REFILL|1|2|H1,H1|3
BASE_REFILL|1|2|H1,H4|1
BASE_REFILL|1|2|H1,H5|3
BASE_REFILL|1|2|H1,J|4
BASE_REFILL|1|2|H1,K|2
BASE_REFILL|1|2|H1,X3|1
BASE_REFILL|1|2|H1,X4|1
BASE_REFILL|1|2|H2,H1|2
BASE_REFILL|1|2|H2,H2|4
BASE_REFILL|1|2|H2,H4|2
BASE_REFILL|1|2|H2,H5|1
BASE_REFILL|1|2|H2,K|3
BASE_REFILL|1|2|H2,Q|4
BASE_REFILL|1|2|H2,T|1
BASE_REFILL|1|2|H2,X2|1
BASE_REFILL|1|2|H3,A|1
BASE_REFILL|1|2|H3,H1|1
BASE_REFILL|1|2|H3,H3|5
BASE_REFILL|1|2|H3,H4|2
BASE_REFILL|1|2|H3,H5|1
BASE_REFILL|1|2|H3,K|1
BASE_REFILL|1|2|H3,Q|3
BASE_REFILL|1|2|H3,T|2
BASE_REFILL|1|2|H3,X3|1
BASE_REFILL|1|2|H3,X4|1
BASE_REFILL|1|2|H4,A|3
BASE_REFILL|1|2|H4,H1|2
BASE_REFILL|1|2|H4,H2|4
BASE_REFILL|1|2|H4,H3|2
BASE_REFILL|1|2|H4,H4|3
BASE_REFILL|1|2|H4,H5|2
BASE_REFILL|1|2|H4,J|1
BASE_REFILL|1|2|H4,K|3
BASE_REFILL|1|2|H4,Q|2
BASE_REFILL|1|2|H4,T|2
BASE_REFILL|1|2|H5,A|2
BASE_REFILL|1|2|H5,H3|2
BASE_REFILL|1|2|H5,H4|3
BASE_REFILL|1|2|H5,H5|2
BASE_REFILL|1|2|H5,J|2
BASE_REFILL|1|2|H5,K|1
BASE_REFILL|1|2|H5,Q|2
BASE_REFILL|1|2|H5,X3|1
BASE_REFILL|1|2|H5,X4|1
BASE_REFILL|1|2|J,A|2
BASE_REFILL|1|2|J,H1|3
BASE_REFILL|1|2|J,H2|2
BASE_REFILL|1|2|J,H3|1
BASE_REFILL|1|2|J,H4|1
BASE_REFILL|1|2|J,H5|1
BASE_REFILL|1|2|J,J|2
BASE_REFILL|1|2|J,K|5
BASE_REFILL|1|2|J,T|1
BASE_REFILL|1|2|K,A|2
BASE_REFILL|1|2|K,H1|1
BASE_REFILL|1|2|K,H2|3
BASE_REFILL|1|2|K,H3|3
BASE_REFILL|1|2|K,H4|2
BASE_REFILL|1|2|K,H5|3
BASE_REFILL|1|2|K,J|5
BASE_REFILL|1|2|K,K|3
BASE_REFILL|1|2|K,Q|1
BASE_REFILL|1|2|K,Scat|1
BASE_REFILL|1|2|K,T|1
BASE_REFILL|1|2|Q,A|2
BASE_REFILL|1|2|Q,H1|2
BASE_REFILL|1|2|Q,H2|2
BASE_REFILL|1|2|Q,H4|2
BASE_REFILL|1|2|Q,H5|4
BASE_REFILL|1|2|Q,J|2
BASE_REFILL|1|2|Q,K|3
BASE_REFILL|1|2|Q,Q|3
BASE_REFILL|1|2|Q,T|2
BASE_REFILL|1|2|Q,X4|1
BASE_REFILL|1|2|Scat,H1|1
BASE_REFILL|1|2|Scat,H4|1
BASE_REFILL|1|2|T,A|1
BASE_REFILL|1|2|T,H1|1
BASE_REFILL|1|2|T,H4|1
BASE_REFILL|1|2|T,H5|3
BASE_REFILL|1|2|T,K|1
BASE_REFILL|1|2|T,T|2
BASE_REFILL|1|2|T,X3|1
BASE_REFILL|1|2|X2,A|1
BASE_REFILL|1|2|X3,A|1
BASE_REFILL|1|2|X3,H1|1
BASE_REFILL|1|2|X4,H4|1
BASE_REFILL|1|2|X4,K|1
BASE_REFILL|1|2|X4,Q|1
BASE_REFILL|1|2|X4,T|1
BASE_REFILL|1|3|A,H1,A|1
BASE_REFILL|1|3|A,H4,H2|1
BASE_REFILL|1|3|A,H5,H3|1
BASE_REFILL|1|3|A,K,J|2
BASE_REFILL|1|3|A,Q,Q|1
BASE_REFILL|1|3|H1,H1,H5|1
BASE_REFILL|1|3|H1,H1,X3|1
BASE_REFILL|1|3|H1,H2,H2|1
BASE_REFILL|1|3|H1,H3,K|1
BASE_REFILL|1|3|H1,H4,H5|1
BASE_REFILL|1|3|H1,J,H2|1
BASE_REFILL|1|3|H1,J,J|1
BASE_REFILL|1|3|H1,J,T|1
BASE_REFILL|1|3|H1,K,H1|2
BASE_REFILL|1|3|H1,Q,H2|1
BASE_REFILL|1|3|H1,Q,J|1
BASE_REFILL|1|3|H1,T,A|1
BASE_REFILL|1|3|H2,A,A|1
BASE_REFILL|1|3|H2,A,T|1
BASE_REFILL|1|3|H2,H2,H5|1
BASE_REFILL|1|3|H2,H5,H1|2
BASE_REFILL|1|3|H2,H5,H5|1
BASE_REFILL|1|3|H2,K,J|1
BASE_REFILL|1|3|H2,Q,H2|1
BASE_REFILL|1|3|H2,Q,H5|1
BASE_REFILL|1|3|H2,Q,K|1
BASE_REFILL|1|3|H2,Q,T|1
BASE_REFILL|1|3|H2,T,H1|1
BASE_REFILL|1|3|H3,A,A|1
BASE_REFILL|1|3|H3,H1,H1|1
BASE_REFILL|1|3|H3,H1,H3|1
BASE_REFILL|1|3|H3,H1,H5|1
BASE_REFILL|1|3|H3,H2,H4|1
BASE_REFILL|1|3|H3,H3,H1|1
BASE_REFILL|1|3|H3,H3,H4|1
BASE_REFILL|1|3|H3,H5,H2|1
BASE_REFILL|1|3|H3,J,H1|1
BASE_REFILL|1|3|H3,J,H3|1
BASE_REFILL|1|3|H3,K,J|2
BASE_REFILL|1|3|H3,T,K|1
BASE_REFILL|1|3|H3,T,T|1
BASE_REFILL|1|3|H3,T,X2|1
BASE_REFILL|1|3|H4,A,H3|1
BASE_REFILL|1|3|H4,A,K|1
BASE_REFILL|1|3|H4,H1,H1|1
BASE_REFILL|1|3|H4,H1,T|1
BASE_REFILL|1|3|H4,H2,H4|1
BASE_REFILL|1|3|H4,H4,H3|2
BASE_REFILL|1|3|H4,H5,H5|1
BASE_REFILL|1|3|H4,H5,J|1
BASE_REFILL|1|3|H4,J,H3|1
BASE_REFILL|1|3|H4,K,T|1
BASE_REFILL|1|3|H4,X3,H1|1
BASE_REFILL|1|3|H5,A,T|1
BASE_REFILL|1|3|H5,H1,H5|1
BASE_REFILL|1|3|H5,H1,J|1
BASE_REFILL|1|3|H5,H2,A|1
BASE_REFILL|1|3|H5,H2,H4|1
BASE_REFILL|1|3|H5,H2,T|1
BASE_REFILL|1|3|H5,H3,H4|1
BASE_REFILL|1|3|H5,H5,H3|1
BASE_REFILL|1|3|H5,J,H2|1
BASE_REFILL|1|3|H5,J,Q|1
BASE_REFILL|1|3|H5,K,H3|1
BASE_REFILL|1|3|H5,K,H5|1
BASE_REFILL|1|3|H5,K,K|2
BASE_REFILL|1|3|H5,Q,A|1
BASE_REFILL|1|3|H5,Q,J|1
BASE_REFILL|1|3|H5,T,H4|1
BASE_REFILL|1|3|H5,T,H5|2
BASE_REFILL|1|3|J,H1,H5|1
BASE_REFILL|1|3|J,H2,J|1
BASE_REFILL|1|3|J,H2,K|1
BASE_REFILL|1|3|J,H3,A|1
BASE_REFILL|1|3|J,H3,H1|2
BASE_REFILL|1|3|J,H4,H5|1
BASE_REFILL|1|3|J,H5,H4|1
BASE_REFILL|1|3|J,Q,H1|1
BASE_REFILL|1|3|J,Q,H5|1
BASE_REFILL|1|3|J,Q,X3|1
BASE_REFILL|1|3|J,Scat,H1|1
BASE_REFILL|1|3|J,T,H3|2
BASE_REFILL|1|3|J,T,T|1
BASE_REFILL|1|3|K,H5,X3|1
BASE_REFILL|1|3|K,J,H2|1
BASE_REFILL|1|3|K,J,T|1
BASE_REFILL|1|3|K,K,X3|1
BASE_REFILL|1|3|Q,A,J|1
BASE_REFILL|1|3|Q,H2,H2|1
BASE_REFILL|1|3|Q,H3,H4|1
BASE_REFILL|1|3|Q,H4,H4|1
BASE_REFILL|1|3|Q,H4,H5|1
BASE_REFILL|1|3|Q,H5,H2|1
BASE_REFILL|1|3|Q,J,H1|1
BASE_REFILL|1|3|Q,Q,H5|1
BASE_REFILL|1|3|Q,T,H1|1
BASE_REFILL|1|3|Q,T,H4|1
BASE_REFILL|1|3|Q,T,K|1
BASE_REFILL|1|3|Q,T,Q|1
BASE_REFILL|1|3|Scat,H1,H2|1
BASE_REFILL|1|3|T,A,H1|1
BASE_REFILL|1|3|T,A,J|2
BASE_REFILL|1|3|T,H1,H3|1
BASE_REFILL|1|3|T,H1,H5|1
BASE_REFILL|1|3|T,H2,H1|1
BASE_REFILL|1|3|T,H2,J|1
BASE_REFILL|1|3|T,H3,H4|1
BASE_REFILL|1|3|T,H3,T|2
BASE_REFILL|1|3|T,H4,H4|1
BASE_REFILL|1|3|T,H4,T|1
BASE_REFILL|1|3|T,Q,H1|1
BASE_REFILL|1|3|T,Q,J|2
BASE_REFILL|1|3|T,Q,T|1
BASE_REFILL|1|3|T,Q,X4|1
BASE_REFILL|1|3|X4,H4,K|1
BASE_REFILL|1|3|X4,Q,H2|1
BASE_REFILL|1|4|A,A,J,H5|1
BASE_REFILL|1|4|A,K,K,A|1
BASE_REFILL|1|4|H1,H4,J,H5|1
BASE_REFILL|1|4|H1,H5,A,J|1
BASE_REFILL|1|4|H1,Scat,H2,K|1
BASE_REFILL|1|4|H2,A,K,H3|1
BASE_REFILL|1|4|H2,H3,H4,A|1
BASE_REFILL|1|4|H3,H2,H3,K|2
BASE_REFILL|1|4|H3,H2,Q,H1|1
BASE_REFILL|1|4|H3,H3,H2,H4|1
BASE_REFILL|1|4|H3,H3,T,H5|1
BASE_REFILL|1|4|H3,H4,H5,H2|1
BASE_REFILL|1|4|H3,H5,K,H2|1
BASE_REFILL|1|4|H3,J,H3,A|1
BASE_REFILL|1|4|H3,T,H1,A|1
BASE_REFILL|1|4|H3,T,J,K|1
BASE_REFILL|1|4|H4,A,H1,H5|1
BASE_REFILL|1|4|H4,H3,T,Q|1
BASE_REFILL|1|4|H4,H4,H1,H1|1
BASE_REFILL|1|4|H4,K,H5,H1|2
BASE_REFILL|1|4|H4,K,J,T|1
BASE_REFILL|1|4|H5,H4,A,J|1
BASE_REFILL|1|4|H5,H4,J,K|1
BASE_REFILL|1|4|H5,J,H5,H3|1
BASE_REFILL|1|4|J,A,K,H5|1
BASE_REFILL|1|4|J,H2,Q,H2|1
BASE_REFILL|1|4|J,H4,H5,K|1
BASE_REFILL|1|4|J,H5,J,H1|2
BASE_REFILL|1|4|J,H5,J,K|1
BASE_REFILL|1|4|K,H3,H1,H1|1
BASE_REFILL|1|4|K,H3,H3,H2|1
BASE_REFILL|1|4|K,H4,H4,H2|1
BASE_REFILL|1|4|Q,A,H5,X4|1
BASE_REFILL|1|4|Q,H1,K,H4|1
BASE_REFILL|1|4|Q,H2,Q,K|1
BASE_REFILL|1|4|Q,H3,H5,H5|2
BASE_REFILL|1|4|Q,J,X4,H2|1
BASE_REFILL|1|4|Q,X3,H2,H4|1
BASE_REFILL|1|4|T,H4,Q,A|1
BASE_REFILL|1|4|T,H5,J,H3|1
BASE_REFILL|1|4|T,K,H4,H2|1
BASE_REFILL|1|4|T,X3,Q,H2|1
BASE_REFILL|1|5|A,H2,X2,Scat,Q|1
BASE_REFILL|1|5|A,K,H5,A,H3|1
BASE_REFILL|1|5|A,Q,H4,A,K|1
BASE_REFILL|1|5|H1,H1,X3,A,Q|1
BASE_REFILL|1|5|H2,K,H2,Scat,J|1
BASE_REFILL|1|5|H3,Q,H5,K,H4|1
BASE_REFILL|1|5|H3,Q,T,H1,T|1
BASE_REFILL|1|5|H5,K,H3,H4,H5|1
BASE_REFILL|1|5|J,H2,T,Q,J|1
BASE_REFILL|1|5|J,H5,J,T,J|1
BASE_REFILL|1|5|K,H3,X4,A,H5|1
BASE_REFILL|1|5|Q,H3,H5,K,T|1
BASE_REFILL|1|5|Q,H4,J,H3,H3|1
BASE_REFILL|1|5|X3,T,H1,T,H2|1
BASE_REFILL|1|6|H1,K,H1,H5,Q,K|1
BASE_REFILL|1|6|H5,A,Q,H2,H1,H5|1
BASE_REFILL|1|6|H5,H5,A,A,H4,H4|1
BASE_REFILL|1|6|Q,H5,J,K,H5,J|2
BASE_REFILL|1|6|T,H5,H4,H4,H1,J|1
BASE_REFILL|2|1|A|27
BASE_REFILL|2|1|H1|30
BASE_REFILL|2|1|H2|24
BASE_REFILL|2|1|H3|25
BASE_REFILL|2|1|H4|28
BASE_REFILL|2|1|H5|29
BASE_REFILL|2|1|J|22
BASE_REFILL|2|1|K|28
BASE_REFILL|2|1|Q|32
BASE_REFILL|2|1|Scat|1
BASE_REFILL|2|1|T|24
BASE_REFILL|2|1|X2|1
BASE_REFILL|2|1|X4|8
BASE_REFILL|2|2|A,A|2
BASE_REFILL|2|2|A,H1|3
BASE_REFILL|2|2|A,H2|3
BASE_REFILL|2|2|A,H3|1
BASE_REFILL|2|2|A,H4|2
BASE_REFILL|2|2|A,H5|1
BASE_REFILL|2|2|A,J|1
BASE_REFILL|2|2|A,K|4
BASE_REFILL|2|2|A,Q|2
BASE_REFILL|2|2|A,T|2
BASE_REFILL|2|2|H1,A|1
BASE_REFILL|2|2|H1,H1|5
BASE_REFILL|2|2|H1,H3|1
BASE_REFILL|2|2|H1,H4|2
BASE_REFILL|2|2|H1,H5|1
BASE_REFILL|2|2|H1,J|2
BASE_REFILL|2|2|H1,K|2
BASE_REFILL|2|2|H1,Q|2
BASE_REFILL|2|2|H1,T|1
BASE_REFILL|2|2|H1,X2|1
BASE_REFILL|2|2|H1,X4|2
BASE_REFILL|2|2|H2,H1|3
BASE_REFILL|2|2|H2,H2|2
BASE_REFILL|2|2|H2,H3|1
BASE_REFILL|2|2|H2,H5|4
BASE_REFILL|2|2|H2,J|1
BASE_REFILL|2|2|H2,K|3
BASE_REFILL|2|2|H2,Q|4
BASE_REFILL|2|2|H2,T|2
BASE_REFILL|2|2|H2,X4|2
BASE_REFILL|2|2|H3,A|6
BASE_REFILL|2|2|H3,H1|2
BASE_REFILL|2|2|H3,H2|6
BASE_REFILL|2|2|H3,H3|3
BASE_REFILL|2|2|H3,H5|2
BASE_REFILL|2|2|H3,J|4
BASE_REFILL|2|2|H3,K|2
BASE_REFILL|2|2|H3,Q|4
BASE_REFILL|2|2|H3,T|2
BASE_REFILL|2|2|H4,A|2
BASE_REFILL|2|2|H4,H1|2
BASE_REFILL|2|2|H4,H2|7
BASE_REFILL|2|2|H4,H3|8
BASE_REFILL|2|2|H4,H4|1
BASE_REFILL|2|2|H4,H5|3
BASE_REFILL|2|2|H4,K|2
BASE_REFILL|2|2|H4,Q|1
BASE_REFILL|2|2|H4,T|2
BASE_REFILL|2|2|H5,A|2
BASE_REFILL|2|2|H5,H1|1
BASE_REFILL|2|2|H5,H3|4
BASE_REFILL|2|2|H5,H4|2
BASE_REFILL|2|2|H5,H5|4
BASE_REFILL|2|2|H5,J|3
BASE_REFILL|2|2|H5,K|1
BASE_REFILL|2|2|H5,Q|4
BASE_REFILL|2|2|H5,T|4
BASE_REFILL|2|2|H5,X4|1
BASE_REFILL|2|2|J,H1|1
BASE_REFILL|2|2|J,H2|2
BASE_REFILL|2|2|J,H4|1
BASE_REFILL|2|2|J,H5|2
BASE_REFILL|2|2|J,J|3
BASE_REFILL|2|2|J,Q|2
BASE_REFILL|2|2|J,T|1
BASE_REFILL|2|2|J,X4|1
BASE_REFILL|2|2|K,H2|1
BASE_REFILL|2|2|K,H3|3
BASE_REFILL|2|2|K,H5|1
BASE_REFILL|2|2|K,K|2
BASE_REFILL|2|2|K,Q|2
BASE_REFILL|2|2|K,T|1
BASE_REFILL|2|2|K,X3|1
BASE_REFILL|2|2|Q,A|2
BASE_REFILL|2|2|Q,H1|1
BASE_REFILL|2|2|Q,H2|2
BASE_REFILL|2|2|Q,H3|3
BASE_REFILL|2|2|Q,H4|2
BASE_REFILL|2|2|Q,H5|2
BASE_REFILL|2|2|Q,J|2
BASE_REFILL|2|2|Q,Q|2
BASE_REFILL|2|2|Q,Scat|1
BASE_REFILL|2|2|Q,T|1
BASE_REFILL|2|2|T,A|2
BASE_REFILL|2|2|T,H1|2
BASE_REFILL|2|2|T,H2|2
BASE_REFILL|2|2|T,H4|2
BASE_REFILL|2|2|T,H5|4
BASE_REFILL|2|2|T,J|2
BASE_REFILL|2|2|T,K|1
BASE_REFILL|2|2|T,Q|2
BASE_REFILL|2|2|T,T|2
BASE_REFILL|2|2|T,X4|1
BASE_REFILL|2|2|X2,Q|1
BASE_REFILL|2|2|X4,H1|1
BASE_REFILL|2|2|X4,H4|1
BASE_REFILL|2|2|X4,H5|1
BASE_REFILL|2|2|X4,J|1
BASE_REFILL|2|2|X4,Q|1
BASE_REFILL|2|3|A,A,H3|1
BASE_REFILL|2|3|A,A,H5|1
BASE_REFILL|2|3|A,H1,H3|1
BASE_REFILL|2|3|A,H2,H2|1
BASE_REFILL|2|3|A,H5,Q|1
BASE_REFILL|2|3|A,H5,T|2
BASE_REFILL|2|3|A,J,H3|1
BASE_REFILL|2|3|A,K,H2|1
BASE_REFILL|2|3|A,K,H5|1
BASE_REFILL|2|3|A,T,K|1
BASE_REFILL|2|3|H1,H1,H2|1
BASE_REFILL|2|3|H1,H1,T|1
BASE_REFILL|2|3|H1,H2,H1|1
BASE_REFILL|2|3|H1,H3,H5|2
BASE_REFILL|2|3|H1,H3,T|1
BASE_REFILL|2|3|H1,H4,Q|2
BASE_REFILL|2|3|H1,H5,H4|1
BASE_REFILL|2|3|H1,K,H3|1
BASE_REFILL|2|3|H1,Q,H1|1
BASE_REFILL|2|3|H2,A,H4|1
BASE_REFILL|2|3|H2,H2,H3|1
BASE_REFILL|2|3|H2,H3,A|1
BASE_REFILL|2|3|H2,H3,Q|1
BASE_REFILL|2|3|H2,H5,H3|2
BASE_REFILL|2|3|H2,H5,Q|1
BASE_REFILL|2|3|H2,K,H4|1
BASE_REFILL|2|3|H2,Q,H3|1
BASE_REFILL|2|3|H2,T,H2|1
BASE_REFILL|2|3|H3,A,K|1
BASE_REFILL|2|3|H3,A,T|1
BASE_REFILL|2|3|H3,H1,H1|1
BASE_REFILL|2|3|H3,H1,H5|1
BASE_REFILL|2|3|H3,H1,J|1
BASE_REFILL|2|3|H3,H2,H1|1
BASE_REFILL|2|3|H3,H3,K|1
BASE_REFILL|2|3|H3,H3,T|1
BASE_REFILL|2|3|H3,H5,T|1
BASE_REFILL|2|3|H3,J,H2|1
BASE_REFILL|2|3|H3,T,H5|1
BASE_REFILL|2|3|H3,T,T|1
BASE_REFILL|2|3|H4,A,H5|1
BASE_REFILL|2|3|H4,H1,H3|1
BASE_REFILL|2|3|H4,H1,H5|1
BASE_REFILL|2|3|H4,H1,Q|1
BASE_REFILL|2|3|H4,H3,A|1
BASE_REFILL|2|3|H4,H3,H2|1
BASE_REFILL|2|3|H4,H3,H4|1
BASE_REFILL|2|3|H4,H3,T|1
BASE_REFILL|2|3|H4,H4,J|2
BASE_REFILL|2|3|H4,Q,J|1
BASE_REFILL|2|3|H5,H1,H3|1
BASE_REFILL|2|3|H5,Q,H3|2
BASE_REFILL|2|3|J,H3,H3|1
BASE_REFILL|2|3|J,H3,J|2
BASE_REFILL|2|3|J,K,H4|2
BASE_REFILL|2|3|J,K,Q|1
BASE_REFILL|2|3|J,T,H1|1
BASE_REFILL|2|3|J,T,J|1
BASE_REFILL|2|3|K,H1,H2|2
BASE_REFILL|2|3|K,H1,J|2
BASE_REFILL|2|3|K,H2,H4|1
BASE_REFILL|2|3|K,H2,J|1
BASE_REFILL|2|3|K,H3,Q|1
BASE_REFILL|2|3|K,H4,H5|1
BASE_REFILL|2|3|K,H5,H3|1
BASE_REFILL|2|3|K,H5,H4|1
BASE_REFILL|2|3|K,J,K|1
BASE_REFILL|2|3|K,K,H3|1
BASE_REFILL|2|3|K,Q,T|1
BASE_REFILL|2|3|K,T,H1|1
BASE_REFILL|2|3|K,X2,T|1
BASE_REFILL|2|3|Q,A,A|2
BASE_REFILL|2|3|Q,H1,Q|1
BASE_REFILL|2|3|Q,H3,A|1
BASE_REFILL|2|3|Q,H3,H3|1
BASE_REFILL|2|3|Q,H3,J|1
BASE_REFILL|2|3|Q,H4,H4|1
BASE_REFILL|2|3|Q,H4,X3|1
BASE_REFILL|2|3|Q,H5,H4|1
BASE_REFILL|2|3|Q,J,H1|1
BASE_REFILL|2|3|Q,K,H1|1
BASE_REFILL|2|3|Q,Q,H5|1
BASE_REFILL|2|3|Q,T,K|1
BASE_REFILL|2|3|Q,T,Q|1
BASE_REFILL|2|3|T,H1,J|1
BASE_REFILL|2|3|T,H2,H3|1
BASE_REFILL|2|3|T,H2,Q|1
BASE_REFILL|2|3|T,H5,A|1
BASE_REFILL|2|3|T,H5,H5|1
BASE_REFILL|2|3|T,J,H1|1
BASE_REFILL|2|3|T,J,H3|1
BASE_REFILL|2|3|T,K,H5|1
BASE_REFILL|2|3|T,K,Q|1
BASE_REFILL|2|3|T,Q,Q|1
BASE_REFILL|2|3|T,T,H5|1
BASE_REFILL|2|3|T,X4,K|1
BASE_REFILL|2|3|X3,H4,H4|2
BASE_REFILL|2|3|X4,A,T|1
BASE_REFILL|2|4|A,H1,J,H4|1
BASE_REFILL|2|4|A,H4,H5,H5|1
BASE_REFILL|2|4|A,J,K,H4|1
BASE_REFILL|2|4|A,T,H5,Q|1
BASE_REFILL|2|4|H1,H1,J,H5|1
BASE_REFILL|2|4|H1,H3,H3,H4|1
BASE_REFILL|2|4|H1,H3,J,A|1
BASE_REFILL|2|4|H1,J,H5,H2|1
BASE_REFILL|2|4|H1,J,J,H1|1
BASE_REFILL|2|4|H1,Scat,H2,X2|1
BASE_REFILL|2|4|H1,T,H5,H5|1
BASE_REFILL|2|4|H1,X3,A,H3|1
BASE_REFILL|2|4|H2,H1,H5,H1|1
BASE_REFILL|2|4|H2,H2,H1,H2|1
BASE_REFILL|2|4|H2,H2,T,A|1
BASE_REFILL|2|4|H2,H3,H5,H4|1
BASE_REFILL|2|4|H2,J,H5,H3|1
BASE_REFILL|2|4|H3,H4,K,X4|1
BASE_REFILL|2|4|H4,H4,H4,H4|1
BASE_REFILL|2|4|H4,H4,H5,J|2
BASE_REFILL|2|4|H4,T,H3,H2|1
BASE_REFILL|2|4|H4,T,H4,H5|1
BASE_REFILL|2|4|H5,T,T,A|1
BASE_REFILL|2|4|J,A,H3,K|1
BASE_REFILL|2|4|J,H1,H5,Q|1
BASE_REFILL|2|4|J,H2,K,J|1
BASE_REFILL|2|4|J,K,H5,J|1
BASE_REFILL|2|4|K,H1,A,H4|1
BASE_REFILL|2|4|K,H3,K,H4|1
BASE_REFILL|2|4|K,H4,Q,X2|1
BASE_REFILL|2|4|Q,H1,T,K|1
BASE_REFILL|2|4|Q,H3,T,H3|1
BASE_REFILL|2|4|Q,H4,H4,A|1
BASE_REFILL|2|4|Q,J,H1,J|1
BASE_REFILL|2|4|Q,J,H3,H1|1
BASE_REFILL|2|4|Q,T,J,X2|1
BASE_REFILL|2|4|Q,T,T,H4|1
BASE_REFILL|2|4|T,H4,H2,J|1
BASE_REFILL|2|4|T,J,J,T|1
BASE_REFILL|2|4|T,K,H2,H5|1
BASE_REFILL|2|4|T,Q,H3,J|1
BASE_REFILL|2|4|T,T,H2,J|1
BASE_REFILL|2|5|A,H5,K,K,K|1
BASE_REFILL|2|5|H1,H1,A,K,H1|1
BASE_REFILL|2|5|H1,H2,A,H4,Scat|1
BASE_REFILL|2|5|H1,T,H2,K,J|1
BASE_REFILL|2|5|H3,H1,X3,H2,H2|1
BASE_REFILL|2|5|H3,H2,K,X2,K|1
BASE_REFILL|2|5|H3,H5,Q,H1,H4|1
BASE_REFILL|2|5|H4,H4,H5,H3,H4|1
BASE_REFILL|2|5|H5,Q,H3,J,A|2
BASE_REFILL|2|5|J,H5,H2,H4,Q|1
BASE_REFILL|2|5|J,T,A,K,K|1
BASE_REFILL|2|5|Q,H4,H2,J,H5|1
BASE_REFILL|2|6|A,H3,H5,H2,X4,H4|1
BASE_REFILL|2|6|H2,A,T,H3,H2,X2|1
BASE_REFILL|2|6|Q,K,J,K,A,K|1
BASE_REFILL|3|1|A|36
BASE_REFILL|3|1|H1|34
BASE_REFILL|3|1|H2|24
BASE_REFILL|3|1|H3|17
BASE_REFILL|3|1|H4|22
BASE_REFILL|3|1|H5|25
BASE_REFILL|3|1|J|23
BASE_REFILL|3|1|K|30
BASE_REFILL|3|1|Q|27
BASE_REFILL|3|1|Scat|2
BASE_REFILL|3|1|T|23
BASE_REFILL|3|1|X3|2
BASE_REFILL|3|1|X4|7
BASE_REFILL|3|2|A,H1|2
BASE_REFILL|3|2|A,H2|3
BASE_REFILL|3|2|A,H3|2
BASE_REFILL|3|2|A,H4|3
BASE_REFILL|3|2|A,H5|4
BASE_REFILL|3|2|A,J|1
BASE_REFILL|3|2|A,T|1
BASE_REFILL|3|2|H1,A|2
BASE_REFILL|3|2|H1,H1|7
BASE_REFILL|3|2|H1,H2|4
BASE_REFILL|3|2|H1,H3|2
BASE_REFILL|3|2|H1,H4|1
BASE_REFILL|3|2|H1,H5|5
BASE_REFILL|3|2|H1,J|1
BASE_REFILL|3|2|H1,K|1
BASE_REFILL|3|2|H1,Q|1
BASE_REFILL|3|2|H1,T|4
BASE_REFILL|3|2|H2,A|5
BASE_REFILL|3|2|H2,H1|1
BASE_REFILL|3|2|H2,H2|2
BASE_REFILL|3|2|H2,H3|2
BASE_REFILL|3|2|H2,H4|1
BASE_REFILL|3|2|H2,H5|1
BASE_REFILL|3|2|H2,K|2
BASE_REFILL|3|2|H2,Q|2
BASE_REFILL|3|2|H2,T|2
BASE_REFILL|3|2|H3,H1|1
BASE_REFILL|3|2|H3,H2|1
BASE_REFILL|3|2|H3,H3|3
BASE_REFILL|3|2|H3,H4|2
BASE_REFILL|3|2|H3,H5|1
BASE_REFILL|3|2|H3,J|5
BASE_REFILL|3|2|H3,K|3
BASE_REFILL|3|2|H3,Q|3
BASE_REFILL|3|2|H3,T|2
BASE_REFILL|3|2|H4,A|1
BASE_REFILL|3|2|H4,H1|3
BASE_REFILL|3|2|H4,H2|1
BASE_REFILL|3|2|H4,H3|3
BASE_REFILL|3|2|H4,H4|6
BASE_REFILL|3|2|H4,H5|3
BASE_REFILL|3|2|H4,J|3
BASE_REFILL|3|2|H4,Q|2
BASE_REFILL|3|2|H5,A|1
BASE_REFILL|3|2|H5,H1|2
BASE_REFILL|3|2|H5,H2|1
BASE_REFILL|3|2|H5,H3|1
BASE_REFILL|3|2|H5,H4|3
BASE_REFILL|3|2|H5,H5|4
BASE_REFILL|3|2|H5,J|1
BASE_REFILL|3|2|H5,K|4
BASE_REFILL|3|2|H5,Q|1
BASE_REFILL|3|2|H5,T|2
BASE_REFILL|3|2|J,A|5
BASE_REFILL|3|2|J,H1|2
BASE_REFILL|3|2|J,H2|2
BASE_REFILL|3|2|J,H3|1
BASE_REFILL|3|2|J,H4|3
BASE_REFILL|3|2|J,H5|2
BASE_REFILL|3|2|J,J|3
BASE_REFILL|3|2|J,Q|2
BASE_REFILL|3|2|K,A|1
BASE_REFILL|3|2|K,H1|4
BASE_REFILL|3|2|K,H2|2
BASE_REFILL|3|2|K,H3|1
BASE_REFILL|3|2|K,H4|1
BASE_REFILL|3|2|K,H5|3
BASE_REFILL|3|2|K,K|2
BASE_REFILL|3|2|K,Q|2
BASE_REFILL|3|2|K,T|2
BASE_REFILL|3|2|K,X2|1
BASE_REFILL|3|2|Q,H1|3
BASE_REFILL|3|2|Q,H2|2
BASE_REFILL|3|2|Q,H3|6
BASE_REFILL|3|2|Q,H4|4
BASE_REFILL|3|2|Q,H5|3
BASE_REFILL|3|2|Q,J|1
BASE_REFILL|3|2|Q,K|4
BASE_REFILL|3|2|Q,Q|1
BASE_REFILL|3|2|Q,T|2
BASE_REFILL|3|2|Q,X4|2
BASE_REFILL|3|2|Scat,H2|1
BASE_REFILL|3|2|T,A|4
BASE_REFILL|3|2|T,H1|1
BASE_REFILL|3|2|T,H2|2
BASE_REFILL|3|2|T,H3|3
BASE_REFILL|3|2|T,H4|4
BASE_REFILL|3|2|T,H5|3
BASE_REFILL|3|2|T,Q|1
BASE_REFILL|3|2|T,T|2
BASE_REFILL|3|2|X2,H1|1
BASE_REFILL|3|2|X2,T|1
BASE_REFILL|3|2|X3,H3|1
BASE_REFILL|3|2|X4,A|1
BASE_REFILL|3|2|X4,H3|2
BASE_REFILL|3|3|A,A,H2|1
BASE_REFILL|3|3|A,H1,A|1
BASE_REFILL|3|3|A,H1,X4|1
BASE_REFILL|3|3|A,H3,K|1
BASE_REFILL|3|3|A,H3,Q|1
BASE_REFILL|3|3|A,H5,H4|1
BASE_REFILL|3|3|A,J,T|1
BASE_REFILL|3|3|A,K,H2|1
BASE_REFILL|3|3|A,T,H5|1
BASE_REFILL|3|3|A,T,J|1
BASE_REFILL|3|3|A,X2,A|1
BASE_REFILL|3|3|A,X4,H1|1
BASE_REFILL|3|3|H1,A,H2|1
BASE_REFILL|3|3|H1,H1,H5|1
BASE_REFILL|3|3|H1,H1,T|1
BASE_REFILL|3|3|H1,H3,H5|1
BASE_REFILL|3|3|H1,H4,H3|1
BASE_REFILL|3|3|H1,K,H3|1
BASE_REFILL|3|3|H1,Q,H4|1
BASE_REFILL|3|3|H2,A,J|1
BASE_REFILL|3|3|H2,H2,H3|2
BASE_REFILL|3|3|H2,H2,Q|2
BASE_REFILL|3|3|H2,H3,H2|1
BASE_REFILL|3|3|H2,H3,H3|1
BASE_REFILL|3|3|H2,H4,H3|1
BASE_REFILL|3|3|H2,H5,H2|1
BASE_REFILL|3|3|H2,H5,K|1
BASE_REFILL|3|3|H3,A,A|1
BASE_REFILL|3|3|H3,A,Q|1
BASE_REFILL|3|3|H3,H1,Q|1
BASE_REFILL|3|3|H3,H2,H2|1
BASE_REFILL|3|3|H3,H3,H1|1
BASE_REFILL|3|3|H3,H4,H4|1
BASE_REFILL|3|3|H3,H5,H1|1
BASE_REFILL|3|3|H3,H5,Q|1
BASE_REFILL|3|3|H3,J,H2|1
BASE_REFILL|3|3|H3,J,Scat|1
BASE_REFILL|3|3|H4,H1,K|1
BASE_REFILL|3|3|H4,H4,J|1
BASE_REFILL|3|3|H4,H5,H1|1
BASE_REFILL|3|3|H4,T,H3|1
BASE_REFILL|3|3|H4,T,T|1
BASE_REFILL|3|3|H4,X3,H4|1
BASE_REFILL|3|3|H5,H1,A|1
BASE_REFILL|3|3|H5,H2,T|2
BASE_REFILL|3|3|H5,H3,H5|1
BASE_REFILL|3|3|H5,H3,J|1
BASE_REFILL|3|3|H5,H4,H3|1
BASE_REFILL|3|3|H5,H4,X4|1
BASE_REFILL|3|3|H5,H5,H3|1
BASE_REFILL|3|3|H5,H5,H4|1
BASE_REFILL|3|3|H5,J,A|1
BASE_REFILL|3|3|H5,J,T|1
BASE_REFILL|3|3|H5,K,H5|1
BASE_REFILL|3|3|H5,K,T|1
BASE_REFILL|3|3|H5,T,H3|1
BASE_REFILL|3|3|H5,T,H5|1
BASE_REFILL|3|3|J,H1,H1|1
BASE_REFILL|3|3|J,H1,H3|1
BASE_REFILL|3|3|J,H1,H4|1
BASE_REFILL|3|3|J,H1,Q|2
BASE_REFILL|3|3|J,H3,H1|1
BASE_REFILL|3|3|J,H4,T|1
BASE_REFILL|3|3|J,J,A|1
BASE_REFILL|3|3|J,J,H2|2
BASE_REFILL|3|3|J,J,J|1
BASE_REFILL|3|3|J,Q,H1|1
BASE_REFILL|3|3|J,Q,X2|1
BASE_REFILL|3|3|J,T,T|2
BASE_REFILL|3|3|K,H1,H1|1
BASE_REFILL|3|3|K,H1,H5|1
BASE_REFILL|3|3|K,H1,Scat|1
BASE_REFILL|3|3|K,H5,H4|1
BASE_REFILL|3|3|K,H5,H5|1
BASE_REFILL|3|3|K,J,H4|1
BASE_REFILL|3|3|K,Q,J|1
BASE_REFILL|3|3|K,Q,X4|1
BASE_REFILL|3|3|K,Scat,H4|1
BASE_REFILL|3|3|K,T,Q|2
BASE_REFILL|3|3|K,X4,Q|1
BASE_REFILL|3|3|Q,A,H1|2
BASE_REFILL|3|3|Q,H4,H1|1
BASE_REFILL|3|3|Q,H4,T|1
BASE_REFILL|3|3|Q,H5,H3|1
BASE_REFILL|3|3|Q,H5,J|1
BASE_REFILL|3|3|Q,Q,H2|1
BASE_REFILL|3|3|Q,Q,K|1
BASE_REFILL|3|3|Scat,H2,H3|1
BASE_REFILL|3|3|T,A,H2|1
BASE_REFILL|3|3|T,H1,J|2
BASE_REFILL|3|3|T,H2,H2|1
BASE_REFILL|3|3|T,H4,H2|1
BASE_REFILL|3|3|T,H5,H2|1
BASE_REFILL|3|3|T,H5,H3|1
BASE_REFILL|3|3|T,J,J|1
BASE_REFILL|3|3|T,J,K|1
BASE_REFILL|3|3|T,K,T|1
BASE_REFILL|3|3|T,Q,H2|1
BASE_REFILL|3|3|T,T,A|1
BASE_REFILL|3|3|T,T,H3|1
BASE_REFILL|3|3|T,T,Q|1
BASE_REFILL|3|3|X2,J,H1|1
BASE_REFILL|3|3|X3,A,H3|1
BASE_REFILL|3|3|X3,A,H4|1
BASE_REFILL|3|3|X3,H1,H2|1
BASE_REFILL|3|3|X3,H2,H5|1
BASE_REFILL|3|3|X3,J,H4|1
BASE_REFILL|3|3|X4,H4,Q|1
BASE_REFILL|3|4|A,H1,T,A|1
BASE_REFILL|3|4|A,H3,T,T|1
BASE_REFILL|3|4|A,Q,H2,K|1
BASE_REFILL|3|4|H1,H4,H1,H2|1
BASE_REFILL|3|4|H1,J,H1,H1|1
BASE_REFILL|3|4|H1,K,H5,T|1
BASE_REFILL|3|4|H2,A,A,Q|1
BASE_REFILL|3|4|H2,A,A,T|1
BASE_REFILL|3|4|H2,H2,X4,H1|1
BASE_REFILL|3|4|H2,H3,H5,K|1
BASE_REFILL|3|4|H2,K,K,H5|1
BASE_REFILL|3|4|H2,T,T,H2|1
BASE_REFILL|3|4|H3,H2,H2,K|1
BASE_REFILL|3|4|H3,H3,H2,A|1
BASE_REFILL|3|4|H3,H5,H4,K|2
BASE_REFILL|3|4|H3,K,H2,H2|1
BASE_REFILL|3|4|H3,Q,A,H3|1
BASE_REFILL|3|4|H4,H1,J,H2|1
BASE_REFILL|3|4|H4,H1,Q,H3|1
BASE_REFILL|3|4|H4,H2,A,Q|2
BASE_REFILL|3|4|H4,H2,H1,Q|1
BASE_REFILL|3|4|H4,H3,H1,Q|2
BASE_REFILL|3|4|H5,H1,T,H2|1
BASE_REFILL|3|4|H5,H3,H5,H4|1
BASE_REFILL|3|4|H5,H4,H4,H3|1
BASE_REFILL|3|4|H5,H4,H4,H5|1
BASE_REFILL|3|4|H5,H4,K,H3|1
BASE_REFILL|3|4|J,H3,A,Q|1
BASE_REFILL|3|4|J,H4,H2,H2|1
BASE_REFILL|3|4|J,J,A,J|1
BASE_REFILL|3|4|J,K,K,J|1
BASE_REFILL|3|4|J,Q,K,K|1
BASE_REFILL|3|4|J,X3,A,H5|1
BASE_REFILL|3|4|K,A,H4,H4|1
BASE_REFILL|3|4|K,H1,H3,H4|1
BASE_REFILL|3|4|K,H3,A,Q|1
BASE_REFILL|3|4|K,J,H3,H3|1
BASE_REFILL|3|4|K,X3,T,T|1
BASE_REFILL|3|4|Q,A,H2,Q|1
BASE_REFILL|3|4|Q,A,J,H4|1
BASE_REFILL|3|4|Q,H2,H5,H5|1
BASE_REFILL|3|4|Q,J,K,H1|1
BASE_REFILL|3|4|Q,K,Q,J|1
BASE_REFILL|3|4|Q,Q,K,A|1
BASE_REFILL|3|4|Q,T,T,J|1
BASE_REFILL|3|4|T,H2,H1,H5|2
BASE_REFILL|3|4|T,H3,H4,H5|1
BASE_REFILL|3|4|T,J,T,K|1
BASE_REFILL|3|4|T,K,J,H3|1
BASE_REFILL|3|4|T,T,H5,A|1
BASE_REFILL|3|4|X3,H1,H2,H2|1
BASE_REFILL|3|4|X4,Q,H1,H4|2
BASE_REFILL|3|5|A,J,J,A,J|1
BASE_REFILL|3|5|H1,J,H5,K,X4|1
BASE_REFILL|3|5|H1,X2,T,H4,H3|2
BASE_REFILL|3|5|H2,H2,Q,T,H5|1
BASE_REFILL|3|5|H4,H5,H4,H5,H4|1
BASE_REFILL|3|5|H4,Q,H1,H2,H1|1
BASE_REFILL|3|5|H5,H2,H1,H5,K|1
BASE_REFILL|3|5|H5,H3,H4,K,A|1
BASE_REFILL|3|5|H5,H5,T,H2,H5|1
BASE_REFILL|3|5|J,H1,X4,A,Q|1
BASE_REFILL|3|5|K,A,H1,H4,A|1
BASE_REFILL|3|5|Q,H5,H2,H5,H5|1
BASE_REFILL|3|5|Q,H5,J,J,K|1
BASE_REFILL|3|5|X4,H5,T,H4,J|2
BASE_REFILL|3|6|J,T,J,H2,A,A|1
BASE_REFILL|3|6|Q,Q,A,H3,H5,H3|1
BASE_REFILL|3|6|T,K,K,H5,H1,H3|1
BASE_REFILL|4|1|A|23
BASE_REFILL|4|1|H1|31
BASE_REFILL|4|1|H2|27
BASE_REFILL|4|1|H3|31
BASE_REFILL|4|1|H4|18
BASE_REFILL|4|1|H5|25
BASE_REFILL|4|1|J|30
BASE_REFILL|4|1|K|22
BASE_REFILL|4|1|Q|22
BASE_REFILL|4|1|Scat|1
BASE_REFILL|4|1|T|19
BASE_REFILL|4|1|X2|2
BASE_REFILL|4|1|X3|1
BASE_REFILL|4|2|A,A|5
BASE_REFILL|4|2|A,H1|6
BASE_REFILL|4|2|A,H2|3
BASE_REFILL|4|2|A,H3|1
BASE_REFILL|4|2|A,H4|1
BASE_REFILL|4|2|A,H5|5
BASE_REFILL|4|2|A,K|1
BASE_REFILL|4|2|A,Q|2
BASE_REFILL|4|2|A,T|1
BASE_REFILL|4|2|H1,H1|3
BASE_REFILL|4|2|H1,H2|5
BASE_REFILL|4|2|H1,H3|1
BASE_REFILL|4|2|H1,H4|4
BASE_REFILL|4|2|H1,H5|4
BASE_REFILL|4|2|H1,J|2
BASE_REFILL|4|2|H1,K|2
BASE_REFILL|4|2|H1,Q|2
BASE_REFILL|4|2|H1,T|3
BASE_REFILL|4|2|H2,A|2
BASE_REFILL|4|2|H2,H1|2
BASE_REFILL|4|2|H2,H2|3
BASE_REFILL|4|2|H2,H3|2
BASE_REFILL|4|2|H2,H4|6
BASE_REFILL|4|2|H2,H5|4
BASE_REFILL|4|2|H2,J|4
BASE_REFILL|4|2|H2,K|1
BASE_REFILL|4|2|H2,T|1
BASE_REFILL|4|2|H3,A|3
BASE_REFILL|4|2|H3,H1|4
BASE_REFILL|4|2|H3,H3|2
BASE_REFILL|4|2|H3,H4|5
BASE_REFILL|4|2|H3,H5|3
BASE_REFILL|4|2|H3,J|3
BASE_REFILL|4|2|H3,K|1
BASE_REFILL|4|2|H3,Q|4
BASE_REFILL|4|2|H3,T|4
BASE_REFILL|4|2|H4,A|4
BASE_REFILL|4|2|H4,H1|1
BASE_REFILL|4|2|H4,H2|5
BASE_REFILL|4|2|H4,H3|3
BASE_REFILL|4|2|H4,H5|5
BASE_REFILL|4|2|H4,J|3
BASE_REFILL|4|2|H4,K|1
BASE_REFILL|4|2|H4,Q|3
BASE_REFILL|4|2|H5,A|3
BASE_REFILL|4|2|H5,H1|8
BASE_REFILL|4|2|H5,H2|2
BASE_REFILL|4|2|H5,H3|2
BASE_REFILL|4|2|H5,H4|1
BASE_REFILL|4|2|H5,H5|3
BASE_REFILL|4|2|H5,J|1
BASE_REFILL|4|2|H5,K|1
BASE_REFILL|4|2|H5,Q|1
BASE_REFILL|4|2|H5,T|1
BASE_REFILL|4|2|H5,X4|1
BASE_REFILL|4|2|J,A|1
BASE_REFILL|4|2|J,H1|3
BASE_REFILL|4|2|J,H2|1
BASE_REFILL|4|2|J,H3|7
BASE_REFILL|4|2|J,H4|2
BASE_REFILL|4|2|J,H5|2
BASE_REFILL|4|2|J,J|1
BASE_REFILL|4|2|J,K|1
BASE_REFILL|4|2|J,Q|1
BASE_REFILL|4|2|J,T|4
BASE_REFILL|4|2|K,A|2
BASE_REFILL|4|2|K,H1|1
BASE_REFILL|4|2|K,H2|5
BASE_REFILL|4|2|K,H3|1
BASE_REFILL|4|2|K,H4|3
BASE_REFILL|4|2|K,H5|1
BASE_REFILL|4|2|K,J|1
BASE_REFILL|4|2|K,K|1
BASE_REFILL|4|2|K,Q|2
BASE_REFILL|4|2|K,X4|1
BASE_REFILL|4|2|Q,A|2
BASE_REFILL|4|2|Q,H1|1
BASE_REFILL|4|2|Q,H2|4
BASE_REFILL|4|2|Q,H4|2
BASE_REFILL|4|2|Q,H5|3
BASE_REFILL|4|2|Q,J|3
BASE_REFILL|4|2|Q,K|1
BASE_REFILL|4|2|Q,Q|2
BASE_REFILL|4|2|Q,Scat|1
BASE_REFILL|4|2|Scat,H4|1
BASE_REFILL|4|2|Scat,K|1
BASE_REFILL|4|2|T,H1|3
BASE_REFILL|4|2|T,H2|1
BASE_REFILL|4|2|T,H3|1
BASE_REFILL|4|2|T,H4|1
BASE_REFILL|4|2|T,H5|7
BASE_REFILL|4|2|T,J|1
BASE_REFILL|4|2|T,K|1
BASE_REFILL|4|2|T,Q|4
BASE_REFILL|4|2|T,T|2
BASE_REFILL|4|2|T,X2|1
BASE_REFILL|4|2|X2,H4|2
BASE_REFILL|4|2|X2,T|1
BASE_REFILL|4|2|X4,H4|1
BASE_REFILL|4|2|X4,H5|1
BASE_REFILL|4|2|X4,T|1
BASE_REFILL|4|3|A,H1,H2|1
BASE_REFILL|4|3|A,H3,T|1
BASE_REFILL|4|3|A,K,T|1
BASE_REFILL|4|3|A,Q,H4|1
BASE_REFILL|4|3|A,Q,H5|1
BASE_REFILL|4|3|A,Q,Q|1
BASE_REFILL|4|3|A,T,A|2
BASE_REFILL|4|3|H1,H1,H3|1
BASE_REFILL|4|3|H1,H1,K|1
BASE_REFILL|4|3|H1,H3,H3|1
BASE_REFILL|4|3|H1,H4,K|1
BASE_REFILL|4|3|H1,H4,Q|1
BASE_REFILL|4|3|H1,H5,H3|1
BASE_REFILL|4|3|H1,H5,H4|1
BASE_REFILL|4|3|H1,J,H4|1
BASE_REFILL|4|3|H1,J,H5|1
BASE_REFILL|4|3|H1,J,T|1
BASE_REFILL|4|3|H1,Q,H4|1
BASE_REFILL|4|3|H1,Q,H5|1
BASE_REFILL|4|3|H2,H1,H1|1
BASE_REFILL|4|3|H2,H1,H2|1
BASE_REFILL|4|3|H2,H1,H5|1
BASE_REFILL|4|3|H2,H1,X4|2
BASE_REFILL|4|3|H2,H2,H1|1
BASE_REFILL|4|3|H2,H4,H2|2
BASE_REFILL|4|3|H2,H4,T|1
BASE_REFILL|4|3|H2,H5,J|1
BASE_REFILL|4|3|H2,J,H3|2
BASE_REFILL|4|3|H2,K,J|2
BASE_REFILL|4|3|H3,A,H1|1
BASE_REFILL|4|3|H3,A,Q|1
BASE_REFILL|4|3|H3,H1,A|1
BASE_REFILL|4|3|H3,H1,X3|1
BASE_REFILL|4|3|H3,H3,H1|1
BASE_REFILL|4|3|H3,H3,J|1
BASE_REFILL|4|3|H3,H4,H1|1
BASE_REFILL|4|3|H3,H5,X2|1
BASE_REFILL|4|3|H3,J,Q|1
BASE_REFILL|4|3|H3,T,A|1
BASE_REFILL|4|3|H4,A,K|1
BASE_REFILL|4|3|H4,A,T|1
BASE_REFILL|4|3|H4,A,X4|1
BASE_REFILL|4|3|H4,H3,A|1
BASE_REFILL|4|3|H4,H4,A|1
BASE_REFILL|4|3|H4,H4,T|2
BASE_REFILL|4|3|H4,H5,A|1
BASE_REFILL|4|3|H4,J,H2|1
BASE_REFILL|4|3|H4,X4,H3|1
BASE_REFILL|4|3|H5,H1,J|2
BASE_REFILL|4|3|H5,H1,X3|1
BASE_REFILL|4|3|H5,H2,H1|2
BASE_REFILL|4|3|H5,H2,H4|1
BASE_REFILL|4|3|H5,H2,J|2
BASE_REFILL|4|3|H5,H3,A|1
BASE_REFILL|4|3|H5,J,H4|1
BASE_REFILL|4|3|H5,Q,H3|1
BASE_REFILL|4|3|J,H2,H2|1
BASE_REFILL|4|3|J,H2,H5|1
BASE_REFILL|4|3|J,H3,H1|1
BASE_REFILL|4|3|J,H3,H2|2
BASE_REFILL|4|3|J,H3,H5|2
BASE_REFILL|4|3|J,J,K|2
BASE_REFILL|4|3|J,J,Q|1
BASE_REFILL|4|3|J,Q,J|1
BASE_REFILL|4|3|J,X4,Q|1
BASE_REFILL|4|3|K,H1,H4|2
BASE_REFILL|4|3|K,H3,H3|2
BASE_REFILL|4|3|K,H4,H4|1
BASE_REFILL|4|3|K,H4,J|1
BASE_REFILL|4|3|K,H4,K|2
BASE_REFILL|4|3|K,J,Q|1
BASE_REFILL|4|3|K,K,H1|1
BASE_REFILL|4|3|K,Q,H2|2
BASE_REFILL|4|3|Q,A,K|1
BASE_REFILL|4|3|Q,H1,H5|1
BASE_REFILL|4|3|Q,H1,K|1
BASE_REFILL|4|3|Q,H2,H4|1
BASE_REFILL|4|3|Q,H3,H1|1
BASE_REFILL|4|3|Q,H3,Q|1
BASE_REFILL|4|3|Q,H3,T|1
BASE_REFILL|4|3|Q,H4,H5|1
BASE_REFILL|4|3|Q,H4,K|1
BASE_REFILL|4|3|Q,H5,H2|1
BASE_REFILL|4|3|Q,H5,J|1
BASE_REFILL|4|3|Q,K,Q|2
BASE_REFILL|4|3|Q,K,T|1
BASE_REFILL|4|3|T,A,H4|1
BASE_REFILL|4|3|T,H1,Q|1
BASE_REFILL|4|3|T,H2,H3|1
BASE_REFILL|4|3|T,H3,T|1
BASE_REFILL|4|3|T,H4,H3|1
BASE_REFILL|4|3|T,H4,Q|1
BASE_REFILL|4|3|T,H4,T|2
BASE_REFILL|4|3|T,H5,H1|1
BASE_REFILL|4|3|T,H5,H4|1
BASE_REFILL|4|3|T,K,H5|1
BASE_REFILL|4|3|T,K,X2|1
BASE_REFILL|4|3|X3,H1,Q|1
BASE_REFILL|4|3|X3,J,T|1
BASE_REFILL|4|3|X4,K,J|1
BASE_REFILL|4|3|X4,Q,J|1
BASE_REFILL|4|4|A,A,J,J|1
BASE_REFILL|4|4|A,H1,H2,K|1
BASE_REFILL|4|4|A,H4,K,H4|1
BASE_REFILL|4|4|A,K,H2,Q|1
BASE_REFILL|4|4|A,T,H2,Q|1
BASE_REFILL|4|4|H1,A,J,Scat|2
BASE_REFILL|4|4|H1,H2,T,J|1
BASE_REFILL|4|4|H1,H4,H1,T|1
BASE_REFILL|4|4|H1,J,H1,J|1
BASE_REFILL|4|4|H2,H1,A,H2|1
BASE_REFILL|4|4|H2,H2,H2,H4|1
BASE_REFILL|4|4|H2,H3,H5,H2|1
BASE_REFILL|4|4|H2,H4,J,H4|1
BASE_REFILL|4|4|H2,T,H5,T|1
BASE_REFILL|4|4|H3,A,A,A|1
BASE_REFILL|4|4|H3,A,H4,H1|1
BASE_REFILL|4|4|H3,H2,H5,T|1
BASE_REFILL|4|4|H3,H3,H4,Q|1
BASE_REFILL|4|4|H3,H3,T,H4|1
BASE_REFILL|4|4|H3,H4,H1,H3|1
BASE_REFILL|4|4|H3,H5,H1,H5|1
BASE_REFILL|4|4|H3,J,H4,K|1
BASE_REFILL|4|4|H3,J,J,H1|1
BASE_REFILL|4|4|H3,T,H1,T|2
BASE_REFILL|4|4|H3,T,Q,H3|1
BASE_REFILL|4|4|H4,H3,H1,A|1
BASE_REFILL|4|4|H4,H5,Q,H3|1
BASE_REFILL|4|4|H5,A,H2,K|1
BASE_REFILL|4|4|H5,H5,H1,H1|1
BASE_REFILL|4|4|H5,H5,J,H1|1
BASE_REFILL|4|4|H5,H5,J,K|1
BASE_REFILL|4|4|H5,T,A,H2|1
BASE_REFILL|4|4|H5,T,H4,H5|1
BASE_REFILL|4|4|J,H1,T,H5|1
BASE_REFILL|4|4|J,H2,A,A|1
BASE_REFILL|4|4|J,H4,A,J|1
BASE_REFILL|4|4|J,J,A,H3|1
BASE_REFILL|4|4|K,H1,H3,H3|1
BASE_REFILL|4|4|K,H5,H4,Q|1
BASE_REFILL|4|4|K,Q,A,A|1
BASE_REFILL|4|4|Q,A,A,H4|1
BASE_REFILL|4|4|Q,H5,T,H4|1
BASE_REFILL|4|4|Q,T,J,T|1
BASE_REFILL|4|4|T,H1,T,K|1
BASE_REFILL|4|4|T,H3,H4,X4|1
BASE_REFILL|4|4|T,H5,H3,Q|1
BASE_REFILL|4|4|T,K,H2,Q|1
BASE_REFILL|4|4|T,Q,H5,H5|1
BASE_REFILL|4|5|A,H4,H4,T,Q|1
BASE_REFILL|4|5|A,H4,Q,H1,H1|1
BASE_REFILL|4|5|H2,Q,H4,A,H5|1
BASE_REFILL|4|5|J,H5,H2,J,K|1
BASE_REFILL|4|5|J,K,K,H3,H3|1
BASE_REFILL|4|5|K,J,A,H2,K|1
BASE_REFILL|4|5|Q,H2,H3,H5,T|1
BASE_REFILL|4|5|Q,H4,H5,Q,T|1
BASE_REFILL|4|5|Scat,H3,T,H1,H3|1
BASE_REFILL|4|5|T,H4,Q,X3,H4|1
BASE_REFILL|4|6|H5,H3,Q,J,H5,K|1
BASE_REFILL|4|6|J,H4,H4,T,H3,H2|1
BASE_REFILL|4|6|K,H5,X2,H2,H1,K|1
BASE_REFILL|4|6|K,K,T,H4,K,H5|2
BASE_REFILL|4|6|T,J,X3,H5,Q,J|1
BASE_REFILL|5|1|A|18
BASE_REFILL|5|1|H1|28
BASE_REFILL|5|1|H2|22
BASE_REFILL|5|1|H3|22
BASE_REFILL|5|1|H4|25
BASE_REFILL|5|1|H5|37
BASE_REFILL|5|1|J|27
BASE_REFILL|5|1|K|25
BASE_REFILL|5|1|Q|23
BASE_REFILL|5|1|Scat|1
BASE_REFILL|5|1|T|30
BASE_REFILL|5|1|X2|3
BASE_REFILL|5|1|X4|5
BASE_REFILL|5|2|A,A|1
BASE_REFILL|5|2|A,H1|3
BASE_REFILL|5|2|A,H2|2
BASE_REFILL|5|2|A,J|2
BASE_REFILL|5|2|A,K|1
BASE_REFILL|5|2|A,Q|2
BASE_REFILL|5|2|A,Scat|1
BASE_REFILL|5|2|A,T|4
BASE_REFILL|5|2|H1,A|1
BASE_REFILL|5|2|H1,H1|7
BASE_REFILL|5|2|H1,H2|1
BASE_REFILL|5|2|H1,H3|3
BASE_REFILL|5|2|H1,H4|3
BASE_REFILL|5|2|H1,H5|2
BASE_REFILL|5|2|H1,K|1
BASE_REFILL|5|2|H1,Q|3
BASE_REFILL|5|2|H1,T|4
BASE_REFILL|5|2|H1,X2|1
BASE_REFILL|5|2|H2,A|6
BASE_REFILL|5|2|H2,H1|3
BASE_REFILL|5|2|H2,H2|2
BASE_REFILL|5|2|H2,H3|2
BASE_REFILL|5|2|H2,H4|1
BASE_REFILL|5|2|H2,J|2
BASE_REFILL|5|2|H2,K|3
BASE_REFILL|5|2|H2,Q|2
BASE_REFILL|5|2|H2,T|3
BASE_REFILL|5|2|H2,X2|1
BASE_REFILL|5|2|H2,X4|2
BASE_REFILL|5|2|H3,A|3
BASE_REFILL|5|2|H3,H1|4
BASE_REFILL|5|2|H3,H2|4
BASE_REFILL|5|2|H3,H3|2
BASE_REFILL|5|2|H3,H5|3
BASE_REFILL|5|2|H3,J|2
BASE_REFILL|5|2|H3,K|3
BASE_REFILL|5|2|H3,Q|1
BASE_REFILL|5|2|H3,T|3
BASE_REFILL|5|2|H3,X2|1
BASE_REFILL|5|2|H4,A|3
BASE_REFILL|5|2|H4,H1|1
BASE_REFILL|5|2|H4,H2|3
BASE_REFILL|5|2|H4,H3|3
BASE_REFILL|5|2|H4,H4|2
BASE_REFILL|5|2|H4,H5|1
BASE_REFILL|5|2|H4,J|3
BASE_REFILL|5|2|H4,K|2
BASE_REFILL|5|2|H4,Scat|1
BASE_REFILL|5|2|H4,T|5
BASE_REFILL|5|2|H5,A|4
BASE_REFILL|5|2|H5,H1|5
BASE_REFILL|5|2|H5,H2|5
BASE_REFILL|5|2|H5,H3|1
BASE_REFILL|5|2|H5,H4|3
BASE_REFILL|5|2|H5,H5|1
BASE_REFILL|5|2|H5,J|1
BASE_REFILL|5|2|H5,K|1
BASE_REFILL|5|2|H5,Q|4
BASE_REFILL|5|2|H5,T|3
BASE_REFILL|5|2|J,A|1
BASE_REFILL|5|2|J,H2|1
BASE_REFILL|5|2|J,H3|1
BASE_REFILL|5|2|J,H5|1
BASE_REFILL|5|2|J,J|2
BASE_REFILL|5|2|J,K|2
BASE_REFILL|5|2|J,Q|1
BASE_REFILL|5|2|J,Scat|1
BASE_REFILL|5|2|J,T|2
BASE_REFILL|5|2|J,X4|1
BASE_REFILL|5|2|K,A|1
BASE_REFILL|5|2|K,H1|1
BASE_REFILL|5|2|K,H2|3
BASE_REFILL|5|2|K,H3|3
BASE_REFILL|5|2|K,H4|2
BASE_REFILL|5|2|K,H5|3
BASE_REFILL|5|2|K,J|1
BASE_REFILL|5|2|K,K|4
BASE_REFILL|5|2|K,Q|1
BASE_REFILL|5|2|K,T|3
BASE_REFILL|5|2|Q,H1|2
BASE_REFILL|5|2|Q,H2|1
BASE_REFILL|5|2|Q,H3|5
BASE_REFILL|5|2|Q,H4|2
BASE_REFILL|5|2|Q,J|1
BASE_REFILL|5|2|Q,K|1
BASE_REFILL|5|2|Q,Q|2
BASE_REFILL|5|2|Q,T|2
BASE_REFILL|5|2|Q,X3|2
BASE_REFILL|5|2|Q,X4|1
BASE_REFILL|5|2|T,A|4
BASE_REFILL|5|2|T,H2|1
BASE_REFILL|5|2|T,H3|4
BASE_REFILL|5|2|T,H4|3
BASE_REFILL|5|2|T,J|3
BASE_REFILL|5|2|T,K|1
BASE_REFILL|5|2|T,T|1
BASE_REFILL|5|2|T,X4|1
BASE_REFILL|5|2|X2,J|1
BASE_REFILL|5|2|X2,K|1
BASE_REFILL|5|2|X3,H1|1
BASE_REFILL|5|2|X3,H2|1
BASE_REFILL|5|2|X4,A|1
BASE_REFILL|5|2|X4,Q|1
BASE_REFILL|5|3|A,A,T|2
BASE_REFILL|5|3|A,H1,H1|1
BASE_REFILL|5|3|A,H2,H5|1
BASE_REFILL|5|3|A,H3,A|1
BASE_REFILL|5|3|A,H5,H1|1
BASE_REFILL|5|3|A,J,J|1
BASE_REFILL|5|3|A,Q,H5|1
BASE_REFILL|5|3|A,Q,J|1
BASE_REFILL|5|3|A,Q,T|1
BASE_REFILL|5|3|H1,A,H4|1
BASE_REFILL|5|3|H1,A,J|1
BASE_REFILL|5|3|H1,H2,K|1
BASE_REFILL|5|3|H1,H4,A|1
BASE_REFILL|5|3|H1,J,H3|1
BASE_REFILL|5|3|H1,J,H5|1
BASE_REFILL|5|3|H1,K,Q|1
BASE_REFILL|5|3|H1,Q,H4|1
BASE_REFILL|5|3|H1,Q,Q|1
BASE_REFILL|5|3|H1,X4,H3|1
BASE_REFILL|5|3|H1,X4,T|1
BASE_REFILL|5|3|H2,A,H3|1
BASE_REFILL|5|3|H2,H1,H2|1
BASE_REFILL|5|3|H2,H1,H3|1
BASE_REFILL|5|3|H2,H3,H2|2
BASE_REFILL|5|3|H2,H4,H2|1
BASE_REFILL|5|3|H2,H4,H4|1
BASE_REFILL|5|3|H2,H5,H1|1
BASE_REFILL|5|3|H2,H5,H2|2
BASE_REFILL|5|3|H2,H5,Q|1
BASE_REFILL|5|3|H2,J,H4|1
BASE_REFILL|5|3|H2,T,H4|1
BASE_REFILL|5|3|H2,T,J|1
BASE_REFILL|5|3|H3,A,J|1
BASE_REFILL|5|3|H3,H2,T|1
BASE_REFILL|5|3|H3,H3,H5|1
BASE_REFILL|5|3|H3,H3,J|1
BASE_REFILL|5|3|H3,H3,K|1
BASE_REFILL|5|3|H3,H3,T|1
BASE_REFILL|5|3|H3,H4,J|1
BASE_REFILL|5|3|H3,H5,H1|1
BASE_REFILL|5|3|H3,K,A|1
BASE_REFILL|5|3|H3,K,H4|1
BASE_REFILL|5|3|H3,Q,H4|1
BASE_REFILL|5|3|H3,Q,J|1
BASE_REFILL|5|3|H3,Q,T|1
BASE_REFILL|5|3|H4,A,H5|1
BASE_REFILL|5|3|H4,A,J|1
BASE_REFILL|5|3|H4,H1,A|1
BASE_REFILL|5|3|H4,H1,H5|1
BASE_REFILL|5|3|H4,H2,J|1
BASE_REFILL|5|3|H4,H3,A|1
BASE_REFILL|5|3|H4,H3,H4|3
BASE_REFILL|5|3|H4,H5,H3|1
BASE_REFILL|5|3|H4,K,K|1
BASE_REFILL|5|3|H4,Q,H1|1
BASE_REFILL|5|3|H4,Q,H4|2
BASE_REFILL|5|3|H4,Q,H5|1
BASE_REFILL|5|3|H4,T,T|1
BASE_REFILL|5|3|H5,A,K|1
BASE_REFILL|5|3|H5,H5,Q|1
BASE_REFILL|5|3|H5,K,H3|1
BASE_REFILL|5|3|H5,K,Q|1
BASE_REFILL|5|3|H5,Q,K|1
BASE_REFILL|5|3|J,A,H1|1
BASE_REFILL|5|3|J,A,H3|1
BASE_REFILL|5|3|J,H1,J|1
BASE_REFILL|5|3|J,H1,K|1
BASE_REFILL|5|3|J,H4,Q|1
BASE_REFILL|5|3|J,H5,T|1
BASE_REFILL|5|3|J,T,H5|1
BASE_REFILL|5|3|J,X2,A|1
BASE_REFILL|5|3|J,X4,H1|1
BASE_REFILL|5|3|K,A,A|1
BASE_REFILL|5|3|K,H1,H5|1
BASE_REFILL|5|3|K,H3,H4|1
BASE_REFILL|5|3|K,H4,J|1
BASE_REFILL|5|3|K,H5,A|1
BASE_REFILL|5|3|K,H5,H1|1
BASE_REFILL|5|3|K,J,H5|1
BASE_REFILL|5|3|K,K,H5|1
BASE_REFILL|5|3|K,T,H3|1
BASE_REFILL|5|3|K,T,T|1
BASE_REFILL|5|3|Q,A,K|1
BASE_REFILL|5|3|Q,A,Q|2
BASE_REFILL|5|3|Q,H1,H5|1
BASE_REFILL|5|3|Q,H2,H3|1
BASE_REFILL|5|3|Q,H2,T|1
BASE_REFILL|5|3|Q,H3,H5|1
BASE_REFILL|5|3|Q,H4,H4|1
BASE_REFILL|5|3|Q,K,H5|1
BASE_REFILL|5|3|Q,Q,H2|1
BASE_REFILL|5|3|Q,Q,H3|1
BASE_REFILL|5|3|Q,Q,Q|1
BASE_REFILL|5|3|Q,T,J|1
BASE_REFILL|5|3|Q,T,Q|1
BASE_REFILL|5|3|T,H2,H2|1
BASE_REFILL|5|3|T,H2,H5|1
BASE_REFILL|5|3|T,H3,H5|1
BASE_REFILL|5|3|T,J,H1|1
BASE_REFILL|5|3|T,T,H5|1
BASE_REFILL|5|3|T,T,J|1
BASE_REFILL|5|4|A,H2,H1,J|1
BASE_REFILL|5|4|A,K,H5,H3|1
BASE_REFILL|5|4|A,Q,J,A|1
BASE_REFILL|5|4|A,X4,H3,J|1
BASE_REFILL|5|4|A,X4,K,J|1
BASE_REFILL|5|4|H1,H1,Q,J|1
BASE_REFILL|5|4|H1,H3,H1,J|1
BASE_REFILL|5|4|H1,H4,H5,T|1
BASE_REFILL|5|4|H1,T,H2,H1|1
BASE_REFILL|5|4|H2,H1,H5,A|1
BASE_REFILL|5|4|H2,H4,A,A|1
BASE_REFILL|5|4|H2,H4,H1,H2|1
BASE_REFILL|5|4|H2,K,K,A|2
BASE_REFILL|5|4|H2,K,Q,X4|1
BASE_REFILL|5|4|H3,H2,H3,H3|1
BASE_REFILL|5|4|H3,H2,X2,H2|1
BASE_REFILL|5|4|H3,H4,A,K|1
BASE_REFILL|5|4|H3,H5,A,H1|2
BASE_REFILL|5|4|H3,H5,A,Q|1
BASE_REFILL|5|4|H4,A,K,H1|1
BASE_REFILL|5|4|H4,H1,J,H5|1
BASE_REFILL|5|4|H4,H2,H2,A|1
BASE_REFILL|5|4|H4,H3,A,K|1
BASE_REFILL|5|4|H4,J,Q,J|1
BASE_REFILL|5|4|H4,K,H3,H3|1
BASE_REFILL|5|4|H4,T,K,T|1
BASE_REFILL|5|4|H5,H1,H2,H2|1
BASE_REFILL|5|4|H5,H3,H1,H4|1
BASE_REFILL|5|4|H5,H4,H2,J|1
BASE_REFILL|5|4|H5,H5,J,T|1
BASE_REFILL|5|4|H5,K,A,K|1
BASE_REFILL|5|4|H5,T,H2,H1|1
BASE_REFILL|5|4|J,A,K,K|1
BASE_REFILL|5|4|J,H2,J,H5|1
BASE_REFILL|5|4|J,H3,H4,H1|2
BASE_REFILL|5|4|J,T,H3,A|1
BASE_REFILL|5|4|J,T,H5,Q|1
BASE_REFILL|5|4|K,H5,H3,A|1
BASE_REFILL|5|4|K,H5,K,J|1
BASE_REFILL|5|4|K,K,H2,H2|1
BASE_REFILL|5|4|K,X2,H1,K|1
BASE_REFILL|5|4|K,X4,A,H1|1
BASE_REFILL|5|4|Q,H1,H1,K|1
BASE_REFILL|5|4|Q,H2,A,H1|1
BASE_REFILL|5|4|Q,J,A,Q|1
BASE_REFILL|5|4|Q,Q,K,H4|1
BASE_REFILL|5|4|Scat,Q,K,A|1
BASE_REFILL|5|4|T,A,K,Q|2
BASE_REFILL|5|4|T,H4,H5,H3|1
BASE_REFILL|5|4|T,K,K,Q|1
BASE_REFILL|5|4|T,Q,J,A|1
BASE_REFILL|5|4|X3,H4,H5,A|1
BASE_REFILL|5|5|A,H5,A,J,Q|1
BASE_REFILL|5|5|H2,H4,H5,Q,H4|1
BASE_REFILL|5|5|H3,K,A,H3,H2|1
BASE_REFILL|5|5|H4,H4,H3,K,Q|1
BASE_REFILL|5|5|H5,H2,H1,A,T|1
BASE_REFILL|5|5|H5,T,H4,Q,H1|1
BASE_REFILL|5|5|J,H2,H4,H4,T|1
BASE_REFILL|5|5|J,H4,H2,K,H4|1
BASE_REFILL|5|5|J,H5,H4,H1,H3|1
BASE_REFILL|5|5|J,J,H3,K,T|1
BASE_REFILL|5|5|K,H5,T,H2,A|1
BASE_REFILL|5|5|K,J,H2,K,H3|1
BASE_REFILL|5|5|X2,T,K,H5,H5|1
BASE_REFILL|5|6|H4,Q,H2,T,H3,H3|1
BASE_REFILL|5|6|K,H1,Q,X2,H2,K|1
BASE_REFILL|5|6|T,K,H1,Q,H3,H1|1
FREE_INITIAL|0|6|A,A,A,A,A,H5|1
FREE_INITIAL|0|6|A,A,A,T,H4,H2|1
FREE_INITIAL|0|6|A,A,H5,H2,H1,Q|1
FREE_INITIAL|0|6|A,A,H5,Q,T,T|1
FREE_INITIAL|0|6|A,A,J,H5,T,K|1
FREE_INITIAL|0|6|A,A,J,T,T,H1|1
FREE_INITIAL|0|6|A,A,J,T,T,H4|1
FREE_INITIAL|0|6|A,A,K,H1,Q,H4|1
FREE_INITIAL|0|6|A,A,X5,H1,H3,Q|1
FREE_INITIAL|0|6|A,H1,K,K,H3,H3|1
FREE_INITIAL|0|6|A,H1,T,Q,J,H2|1
FREE_INITIAL|0|6|A,H2,H2,H1,J,J|1
FREE_INITIAL|0|6|A,H2,H5,T,T,H4|1
FREE_INITIAL|0|6|A,H3,H2,Q,J,H4|1
FREE_INITIAL|0|6|A,H3,H3,Q,H1,H1|1
FREE_INITIAL|0|6|A,H3,H4,T,H2,K|1
FREE_INITIAL|0|6|A,H3,H5,H1,H1,H1|1
FREE_INITIAL|0|6|A,H4,H4,H1,K,H5|1
FREE_INITIAL|0|6|A,H4,T,K,H3,Q|1
FREE_INITIAL|0|6|A,H4,T,K,K,X7|1
FREE_INITIAL|0|6|A,H5,K,K,H2,H3|1
FREE_INITIAL|0|6|A,J,H5,K,K,H3|1
FREE_INITIAL|0|6|A,J,J,H3,H3,Q|1
FREE_INITIAL|0|6|A,J,J,J,J,J|1
FREE_INITIAL|0|6|A,J,Q,H4,H2,H5|1
FREE_INITIAL|0|6|A,J,T,H3,H5,K|1
FREE_INITIAL|0|6|A,K,H4,Q,Q,Q|1
FREE_INITIAL|0|6|A,K,J,T,H2,Q|1
FREE_INITIAL|0|6|A,K,K,K,T,Q|1
FREE_INITIAL|0|6|A,K,T,J,H4,Q|1
FREE_INITIAL|0|6|A,K,T,Q,J,H5|1
FREE_INITIAL|0|6|A,Q,H3,H4,H4,T|1
FREE_INITIAL|0|6|A,Q,H4,H4,K,J|1
FREE_INITIAL|0|6|A,Q,J,J,H1,H4|1
FREE_INITIAL|0|6|A,Q,Q,H3,H3,H5|1
FREE_INITIAL|0|6|A,Scat,Q,K,H5,H4|1
FREE_INITIAL|0|6|A,T,H3,Q,H1,H1|1
FREE_INITIAL|0|6|A,T,J,J,J,H2|1
FREE_INITIAL|0|6|A,T,K,H2,H5,H5|1
FREE_INITIAL|0|6|A,T,T,H2,H2,H4|1
FREE_INITIAL|0|6|H1,A,A,A,A,T|1
FREE_INITIAL|0|6|H1,A,A,Q,Q,H2|1
FREE_INITIAL|0|6|H1,A,A,Q,Q,H3|1
FREE_INITIAL|0|6|H1,A,H4,H4,H2,J|1
FREE_INITIAL|0|6|H1,A,J,T,K,H2|1
FREE_INITIAL|0|6|H1,A,Q,Q,X5,H4|1
FREE_INITIAL|0|6|H1,A,T,J,H3,Q|1
FREE_INITIAL|0|6|H1,H1,H1,H1,H1,A|1
FREE_INITIAL|0|6|H1,H1,H1,H1,H3,H3|1
FREE_INITIAL|0|6|H1,H1,H1,H3,H4,H2|1
FREE_INITIAL|0|6|H1,H1,H1,H3,J,H4|1
FREE_INITIAL|0|6|H1,H1,H1,H3,T,T|1
FREE_INITIAL|0|6|H1,H1,H1,H4,K,K|1
FREE_INITIAL|0|6|H1,H1,H1,H5,H5,K|1
FREE_INITIAL|0|6|H1,H1,H1,J,H2,H2|1
FREE_INITIAL|0|6|H1,H1,H1,J,J,T|1
FREE_INITIAL|0|6|H1,H1,H2,Q,H4,H4|1
FREE_INITIAL|0|6|H1,H1,H3,H3,K,K|1
FREE_INITIAL|0|6|H1,H1,H3,H4,H4,H4|1
FREE_INITIAL|0|6|H1,H1,H3,J,H4,T|1
FREE_INITIAL|0|6|H1,H1,H3,Q,A,H5|1
FREE_INITIAL|0|6|H1,H1,H4,H4,H4,H3|2
FREE_INITIAL|0|6|H1,H1,H4,J,H5,H5|1
FREE_INITIAL|0|6|H1,H1,K,A,J,H3|1
FREE_INITIAL|0|6|H1,H1,K,H2,A,H3|1
FREE_INITIAL|0|6|H1,H1,Q,T,K,K|1
FREE_INITIAL|0|6|H1,H1,T,J,J,K|1
FREE_INITIAL|0|6|H1,H2,H2,T,T,T|1
FREE_INITIAL|0|6|H1,H2,H3,K,H5,J|1
FREE_INITIAL|0|6|H1,H2,H4,A,Q,H3|1
FREE_INITIAL|0|6|H1,H2,H5,H5,A,J|1
FREE_INITIAL|0|6|H1,H2,H5,Q,Q,H4|1
FREE_INITIAL|0|6|H1,H3,H4,H4,H4,H2|1
FREE_INITIAL|0|6|H1,H3,H4,H5,K,J|1
FREE_INITIAL|0|6|H1,H3,H5,H5,K,K|1
FREE_INITIAL|0|6|H1,H3,K,K,K,K|1
FREE_INITIAL|0|6|H1,H4,A,Q,Q,T|1
FREE_INITIAL|0|6|H1,H4,Q,H3,H2,H5|1
FREE_INITIAL|0|6|H1,H4,Q,K,J,J|1
FREE_INITIAL|0|6|H1,H4,X5,H3,H3,H3|1
FREE_INITIAL|0|6|H1,H5,A,Q,H3,T|1
FREE_INITIAL|0|6|H1,H5,H2,K,H4,J|1
FREE_INITIAL|0|6|H1,H5,J,H2,H4,H4|1
FREE_INITIAL|0|6|H1,J,H2,H5,A,H3|1
FREE_INITIAL|0|6|H1,K,H5,A,H4,J|1
FREE_INITIAL|0|6|H1,K,J,J,A,H4|1
FREE_INITIAL|0|6|H1,K,K,H5,H5,H5|1
FREE_INITIAL|0|6|H1,K,K,T,T,T|1
FREE_INITIAL|0|6|H1,K,T,J,Q,Q|1
FREE_INITIAL|0|6|H1,T,A,H5,H5,K|1
FREE_INITIAL|0|6|H1,T,H2,A,A,H5|1
FREE_INITIAL|0|6|H1,T,Q,Q,H4,A|1
FREE_INITIAL|0|6|H1,T,T,H5,H3,H2|1
FREE_INITIAL|0|6|H2,A,H1,J,H5,Q|1
FREE_INITIAL|0|6|H2,A,H4,H3,K,H1|1
FREE_INITIAL|0|6|H2,A,T,H3,J,J|1
FREE_INITIAL|0|6|H2,H1,H1,T,K,H5|1
FREE_INITIAL|0|6|H2,H1,Q,Q,K,T|1
FREE_INITIAL|0|6|H2,H1,T,H4,A,H3|1
FREE_INITIAL|0|6|H2,H1,T,K,K,H3|1
FREE_INITIAL|0|6|H2,H2,H1,H4,H5,J|1
FREE_INITIAL|0|6|H2,H2,H2,K,Q,H5|1
FREE_INITIAL|0|6|H2,H2,J,J,H3,H3|1
FREE_INITIAL|0|6|H2,H2,Q,H3,H4,H4|1
FREE_INITIAL|0|6|H2,H2,Q,H5,H5,H3|1
FREE_INITIAL|0|6|H2,H2,T,J,H5,A|1
FREE_INITIAL|0|6|H2,H2,T,T,T,A|1
FREE_INITIAL|0|6|H2,H3,A,A,Q,K|1
FREE_INITIAL|0|6|H2,H3,H3,A,H1,Scat|1
FREE_INITIAL|0|6|H2,H3,H4,A,T,T|1
FREE_INITIAL|0|6|H2,H4,H4,H4,K,H3|1
FREE_INITIAL|0|6|H2,H4,H4,X7,J,T|1
FREE_INITIAL|0|6|H2,H4,H5,H5,K,K|1
FREE_INITIAL|0|6|H2,H4,Q,K,H1,H1|1
FREE_INITIAL|0|6|H2,H4,T,H1,H5,K|1
FREE_INITIAL|0|6|H2,H5,A,H3,H1,Q|1
FREE_INITIAL|0|6|H2,H5,H4,H4,K,J|1
FREE_INITIAL|0|6|H2,H5,K,H3,T,H1|1
FREE_INITIAL|0|6|H2,J,A,H3,T,K|1
FREE_INITIAL|0|6|H2,J,H4,H4,K,Q|1
FREE_INITIAL|0|6|H2,J,Q,Q,Q,H3|1
FREE_INITIAL|0|6|H2,K,H3,H5,H5,H1|1
FREE_INITIAL|0|6|H2,K,H5,H4,H4,Q|1
FREE_INITIAL|0|6|H2,K,Q,H5,H1,H1|1
FREE_INITIAL|0|6|H2,Q,A,H5,T,H1|1
FREE_INITIAL|0|6|H2,Q,H3,H4,J,J|1
FREE_INITIAL|0|6|H2,Q,H4,H3,H3,A|1
FREE_INITIAL|0|6|H2,Q,H4,H4,J,K|1
FREE_INITIAL|0|6|H2,Q,K,H4,H4,A|1
FREE_INITIAL|0|6|H2,Q,K,X5,H5,H3|1
FREE_INITIAL|0|6|H2,Q,Q,J,H3,A|1
FREE_INITIAL|0|6|H2,Q,Q,Q,A,H3|1
FREE_INITIAL|0|6|H2,T,A,A,K,H3|1
FREE_INITIAL|0|6|H2,T,H4,H1,H1,J|1
FREE_INITIAL|0|6|H2,T,H5,H5,H1,X7|1
FREE_INITIAL|0|6|H2,T,J,Q,H1,H1|1
FREE_INITIAL|0|6|H2,T,K,H3,H5,H4|1
FREE_INITIAL|0|6|H2,T,T,H1,H1,K|1
FREE_INITIAL|0|6|H2,T,X5,J,A,Q|1
FREE_INITIAL|0|6|H3,A,A,A,H4,J|1
FREE_INITIAL|0|6|H3,A,A,J,J,Q|1
FREE_INITIAL|0|6|H3,A,A,T,T,H5|1
FREE_INITIAL|0|6|H3,A,H2,T,H1,Q|1
FREE_INITIAL|0|6|H3,A,H4,H5,J,H2|1
FREE_INITIAL|0|6|H3,H1,H1,H1,H5,H5|1
FREE_INITIAL|0|6|H3,H1,H1,H1,J,J|1
FREE_INITIAL|0|6|H3,H2,H1,H1,Q,Q|1
FREE_INITIAL|0|6|H3,H2,H2,H5,K,K|1
FREE_INITIAL|0|6|H3,H2,H5,H4,H4,H4|1
FREE_INITIAL|0|6|H3,H3,H1,H4,H4,T|1
FREE_INITIAL|0|6|H3,H3,H2,H2,H2,J|1
FREE_INITIAL|0|6|H3,H3,H2,H2,H4,K|1
FREE_INITIAL|0|6|H3,H3,H2,T,J,J|1
FREE_INITIAL|0|6|H3,H3,H3,H1,Q,H4|1
FREE_INITIAL|0|6|H3,H3,H3,H3,H1,Q|1
FREE_INITIAL|0|6|H3,H3,H3,H3,J,A|1
FREE_INITIAL|0|6|H3,H3,H3,H3,T,H5|1
FREE_INITIAL|0|6|H3,H3,H3,J,J,J|1
FREE_INITIAL|0|6|H3,H3,H3,J,J,T|1
FREE_INITIAL|0|6|H3,H3,H3,K,H4,H2|1
FREE_INITIAL|0|6|H3,H3,H4,Q,J,Scat|1
FREE_INITIAL|0|6|H3,H3,J,J,H1,T|1
FREE_INITIAL|0|6|H3,H3,J,K,Q,H5|1
FREE_INITIAL|0|6|H3,H3,Q,H1,H1,K|1
FREE_INITIAL|0|6|H3,H3,Q,T,J,H2|1
FREE_INITIAL|0|6|H3,H3,T,A,A,A|1
FREE_INITIAL|0|6|H3,H3,T,K,H5,H5|1
FREE_INITIAL|0|6|H3,H3,T,T,H5,H5|1
FREE_INITIAL|0|6|H3,H4,H2,H2,T,K|1
FREE_INITIAL|0|6|H3,H4,H4,H4,H4,H5|1
FREE_INITIAL|0|6|H3,H4,H4,Q,Q,A|1
FREE_INITIAL|0|6|H3,H4,K,J,H2,H2|1
FREE_INITIAL|0|6|H3,H4,Q,H2,H1,H1|1
FREE_INITIAL|0|6|H3,J,H2,H5,H4,K|1
FREE_INITIAL|0|6|H3,J,H4,K,A,H5|1
FREE_INITIAL|0|6|H3,J,H5,T,Q,K|1
FREE_INITIAL|0|6|H3,J,K,K,H4,X7|1
FREE_INITIAL|0|6|H3,K,A,T,T,T|1
FREE_INITIAL|0|6|H3,K,H2,H2,H2,H1|1
FREE_INITIAL|0|6|H3,K,H2,H5,T,H4|1
FREE_INITIAL|0|6|H3,K,H4,H4,Scat,J|1
FREE_INITIAL|0|6|H3,K,J,J,H4,H4|1
FREE_INITIAL|0|6|H3,K,K,H1,H4,H5|1
FREE_INITIAL|0|6|H3,K,K,H2,Q,A|1
FREE_INITIAL|0|6|H3,K,K,Q,T,J|1
FREE_INITIAL|0|6|H3,K,Q,H2,H5,H4|1
FREE_INITIAL|0|6|H3,Q,H2,H2,H1,H5|1
FREE_INITIAL|0|6|H3,Q,Q,Q,H1,T|1
FREE_INITIAL|0|6|H3,Scat,Q,H5,H1,A|1
FREE_INITIAL|0|6|H3,T,H1,J,A,H5|1
FREE_INITIAL|0|6|H3,T,T,Q,H5,A|1
FREE_INITIAL|0|6|H3,T,T,T,T,X7|1
FREE_INITIAL|0|6|H3,X7,J,Q,Q,A|1
FREE_INITIAL|0|6|H4,A,A,J,H5,H5|1
FREE_INITIAL|0|6|H4,A,H3,H1,Q,T|1
FREE_INITIAL|0|6|H4,A,T,H1,H2,H5|1
FREE_INITIAL|0|6|H4,A,T,T,H3,K|1
FREE_INITIAL|0|6|H4,A,T,T,X5,J|1
FREE_INITIAL|0|6|H4,H1,H1,H1,H1,K|1
FREE_INITIAL|0|6|H4,H1,H1,H2,A,K|1
FREE_INITIAL|0|6|H4,H1,H2,H2,A,K|1
FREE_INITIAL|0|6|H4,H1,H3,H3,H3,H5|1
FREE_INITIAL|0|6|H4,H1,K,H5,T,H3|1
FREE_INITIAL|0|6|H4,H1,K,T,T,T|1
FREE_INITIAL|0|6|H4,H1,Scat,H2,H3,Q|1
FREE_INITIAL|0|6|H4,H2,H2,H1,A,A|1
FREE_INITIAL|0|6|H4,H2,H2,H2,K,K|1
FREE_INITIAL|0|6|H4,H2,H3,A,A,J|1
FREE_INITIAL|0|6|H4,H2,H3,K,K,A|1
FREE_INITIAL|0|6|H4,H2,T,H3,A,J|1
FREE_INITIAL|0|6|H4,H3,H3,K,K,J|1
FREE_INITIAL|0|6|H4,H3,H5,H5,Scat,H5|1
FREE_INITIAL|0|6|H4,H3,J,H2,H5,Q|1
FREE_INITIAL|0|6|H4,H4,A,A,A,T|1
FREE_INITIAL|0|6|H4,H4,A,Q,Q,H2|1
FREE_INITIAL|0|6|H4,H4,H1,T,T,H2|1
FREE_INITIAL|0|6|H4,H4,H3,H1,H1,H1|1
FREE_INITIAL|0|6|H4,H4,H4,A,T,T|1
FREE_INITIAL|0|6|H4,H4,H4,T,H1,H5|1
FREE_INITIAL|0|6|H4,H4,K,H2,Scat,H1|1
FREE_INITIAL|0|6|H4,H4,K,H3,Q,Q|1
FREE_INITIAL|0|6|H4,H4,K,K,K,Q|1
FREE_INITIAL|0|6|H4,H4,T,Q,A,H1|1
FREE_INITIAL|0|6|H4,H5,A,A,H3,H3|1
FREE_INITIAL|0|6|H4,H5,A,K,H2,H3|1
FREE_INITIAL|0|6|H4,J,H1,H5,A,Q|1
FREE_INITIAL|0|6|H4,J,H2,H5,H5,H5|1
FREE_INITIAL|0|6|H4,J,J,Q,Q,H5|1
FREE_INITIAL|0|6|H4,J,Q,H3,K,X5|1
FREE_INITIAL|0|6|H4,K,J,A,Q,H1|1
FREE_INITIAL|0|6|H4,K,J,H1,H2,H2|1
FREE_INITIAL|0|6|H4,K,T,A,H2,H3|1
FREE_INITIAL|0|6|H4,Q,Q,J,H2,A|1
FREE_INITIAL|0|6|H4,T,A,A,Q,Q|1
FREE_INITIAL|0|6|H4,T,H1,A,H2,H5|1
FREE_INITIAL|0|6|H4,T,H5,H1,H3,Scat|1
FREE_INITIAL|0|6|H4,T,K,K,H3,H2|1
FREE_INITIAL|0|6|H4,T,Q,A,H3,H3|1
FREE_INITIAL|0|6|H4,T,Q,J,H3,H2|1
FREE_INITIAL|0|6|H4,T,T,A,A,H3|1
FREE_INITIAL|0|6|H4,T,T,T,H2,K|1
FREE_INITIAL|0|6|H4,X5,A,A,T,Q|1
FREE_INITIAL|0|6|H4,X5,A,J,J,H3|1
FREE_INITIAL|0|6|H4,X5,H2,H2,H3,H1|1
FREE_INITIAL|0|6|H4,X7,A,Q,H1,T|1
FREE_INITIAL|0|6|H5,A,A,A,H1,H4|1
FREE_INITIAL|0|6|H5,A,A,A,T,K|1
FREE_INITIAL|0|6|H5,A,A,K,K,K|1
FREE_INITIAL|0|6|H5,A,A,Scat,K,T|1
FREE_INITIAL|0|6|H5,H1,H1,H1,H2,K|1
FREE_INITIAL|0|6|H5,H1,Scat,H4,H4,H3|1
FREE_INITIAL|0|6|H5,H2,H1,T,T,A|1
FREE_INITIAL|0|6|H5,H2,H2,H4,Scat,K|1
FREE_INITIAL|0|6|H5,H2,K,H3,T,A|1
FREE_INITIAL|0|6|H5,H2,Q,H3,K,J|1
FREE_INITIAL|0|6|H5,H3,H3,T,H4,A|1
FREE_INITIAL|0|6|H5,H3,K,Q,H4,H1|1
FREE_INITIAL|0|6|H5,H4,H4,H2,H2,A|1
FREE_INITIAL|0|6|H5,H4,J,J,Q,T|1
FREE_INITIAL|0|6|H5,H5,A,H2,H4,Q|1
FREE_INITIAL|0|6|H5,H5,A,K,T,H2|1
FREE_INITIAL|0|6|H5,H5,H1,A,H4,J|1
FREE_INITIAL|0|6|H5,H5,H2,H1,A,H3|1
FREE_INITIAL|0|6|H5,H5,H2,H4,H4,H4|1
FREE_INITIAL|0|6|H5,H5,H3,J,Q,K|1
FREE_INITIAL|0|6|H5,H5,H5,H1,H1,A|1
FREE_INITIAL|0|6|H5,H5,H5,H3,H4,H4|1
FREE_INITIAL|0|6|H5,H5,H5,H5,A,H4|1
FREE_INITIAL|0|6|H5,H5,H5,H5,H5,A|1
FREE_INITIAL|0|6|H5,H5,J,H1,A,H2|1
FREE_INITIAL|0|6|H5,H5,J,H4,A,H1|1
FREE_INITIAL|0|6|H5,H5,J,J,K,A|1
FREE_INITIAL|0|6|H5,H5,K,H1,A,H2|1
FREE_INITIAL|0|6|H5,H5,Q,Q,Q,J|1
FREE_INITIAL|0|6|H5,J,H4,Q,H1,H1|1
FREE_INITIAL|0|6|H5,J,J,J,K,K|1
FREE_INITIAL|0|6|H5,K,H1,H1,H1,Q|1
FREE_INITIAL|0|6|H5,K,H4,H1,T,T|1
FREE_INITIAL|0|6|H5,Q,A,H1,H1,T|1
FREE_INITIAL|0|6|H5,Q,H2,H2,K,K|1
FREE_INITIAL|0|6|H5,Q,H2,H4,H4,H1|1
FREE_INITIAL|0|6|H5,Q,J,H1,H4,K|1
FREE_INITIAL|0|6|H5,Q,J,J,H4,K|1
FREE_INITIAL|0|6|H5,Q,Q,Q,H2,H4|1
FREE_INITIAL|0|6|H5,Q,Q,T,K,J|1
FREE_INITIAL|0|6|H5,Scat,H3,H2,H2,Q|1
FREE_INITIAL|0|6|J,A,A,H1,T,T|1
FREE_INITIAL|0|6|J,A,H1,H1,H3,H3|1
FREE_INITIAL|0|6|J,A,H3,H3,T,K|1
FREE_INITIAL|0|6|J,A,H5,H5,H5,H5|1
FREE_INITIAL|0|6|J,A,K,H4,H3,H5|1
FREE_INITIAL|0|6|J,A,K,K,H5,H5|1
FREE_INITIAL|0|6|J,H1,H1,H1,T,K|1
FREE_INITIAL|0|6|J,H1,H2,T,Q,H3|1
FREE_INITIAL|0|6|J,H2,H2,H2,H3,H5|1
FREE_INITIAL|0|6|J,H2,H2,Q,A,H4|1
FREE_INITIAL|0|6|J,H2,H2,T,A,H3|1
FREE_INITIAL|0|6|J,H3,A,T,H4,H4|1
FREE_INITIAL|0|6|J,H3,H2,H2,H2,T|1
FREE_INITIAL|0|6|J,H3,H2,H4,K,A|1
FREE_INITIAL|0|6|J,H3,H3,A,K,H5|1
FREE_INITIAL|0|6|J,H3,Q,H4,H4,H4|1
FREE_INITIAL|0|6|J,H4,H3,H3,H3,K|1
FREE_INITIAL|0|6|J,H4,H4,H4,H1,Q|1
FREE_INITIAL|0|6|J,H4,H4,K,H2,H3|1
FREE_INITIAL|0|6|J,H4,Q,H3,X5,H1|1
FREE_INITIAL|0|6|J,H5,A,H1,H1,H2|1
FREE_INITIAL|0|6|J,H5,T,T,A,H3|1
FREE_INITIAL|0|6|J,J,A,A,Q,H5|1
FREE_INITIAL|0|6|J,J,H1,H3,H3,H3|1
FREE_INITIAL|0|6|J,J,H3,H2,H1,H4|1
FREE_INITIAL|0|6|J,J,H4,Q,Q,Q|1
FREE_INITIAL|0|6|J,J,H5,H3,K,T|1
FREE_INITIAL|0|6|J,J,J,H4,K,K|1
FREE_INITIAL|0|6|J,J,J,H5,H5,K|1
FREE_INITIAL|0|6|J,J,K,T,H3,A|1
FREE_INITIAL|0|6|J,J,Q,H3,H4,T|1
FREE_INITIAL|0|6|J,J,Scat,K,H3,H3|1
FREE_INITIAL|0|6|J,K,H1,H5,H2,H3|1
FREE_INITIAL|0|6|J,K,H4,H3,H2,H2|1
FREE_INITIAL|0|6|J,K,K,H5,Q,A|1
FREE_INITIAL|0|6|J,K,K,K,A,H5|1
FREE_INITIAL|0|6|J,Q,A,H5,H3,H4|1
FREE_INITIAL|0|6|J,Q,K,T,H4,A|1
FREE_INITIAL|0|6|J,T,H2,H1,H4,H4|1
FREE_INITIAL|0|6|J,T,H2,H2,H2,Q|1
FREE_INITIAL|0|6|J,T,H3,H4,H4,H1|1
FREE_INITIAL|0|6|J,T,H4,H3,Q,A|1
FREE_INITIAL|0|6|J,T,T,H2,H2,K|1
FREE_INITIAL|0|6|K,A,A,Q,T,T|1
FREE_INITIAL|0|6|K,A,H5,H1,H3,H2|1
FREE_INITIAL|0|6|K,H1,H1,T,T,H3|1
FREE_INITIAL|0|6|K,H1,Q,T,T,H5|1
FREE_INITIAL|0|6|K,H2,A,H1,H3,X5|1
FREE_INITIAL|0|6|K,H2,H2,H2,H1,Q|1
FREE_INITIAL|0|6|K,H2,H5,H5,H5,H5|1
FREE_INITIAL|0|6|K,H2,H5,J,H1,H1|1
FREE_INITIAL|0|6|K,H2,Q,H5,H4,J|1
FREE_INITIAL|0|6|K,H4,H4,J,H3,Q|1
FREE_INITIAL|0|6|K,H5,H3,A,J,H4|1
FREE_INITIAL|0|6|K,J,A,A,H3,H2|1
FREE_INITIAL|0|6|K,J,H1,H1,H1,H5|1
FREE_INITIAL|0|6|K,J,H2,A,H1,H4|1
FREE_INITIAL|0|6|K,J,H4,X15,H1,Q|1
FREE_INITIAL|0|6|K,J,J,A,H2,H5|1
FREE_INITIAL|0|6|K,J,J,A,T,H3|1
FREE_INITIAL|0|6|K,J,T,H4,H2,H5|1
FREE_INITIAL|0|6|K,K,H1,H3,X5,A|1
FREE_INITIAL|0|6|K,K,H2,H2,T,H3|1
FREE_INITIAL|0|6|K,K,H3,H3,J,H1|1
FREE_INITIAL|0|6|K,K,H3,H4,H5,A|1
FREE_INITIAL|0|6|K,K,H4,H4,A,A|1
FREE_INITIAL|0|6|K,K,H4,H4,H4,H4|1
FREE_INITIAL|0|6|K,K,J,H2,H2,Q|1
FREE_INITIAL|0|6|K,K,J,J,Q,H1|1
FREE_INITIAL|0|6|K,K,K,J,J,J|1
FREE_INITIAL|0|6|K,K,K,K,H1,H1|1
FREE_INITIAL|0|6|K,K,K,K,H1,H2|1
FREE_INITIAL|0|6|K,K,K,T,Q,Q|1
FREE_INITIAL|0|6|K,K,Scat,T,H1,H4|1
FREE_INITIAL|0|6|K,K,T,T,H4,A|1
FREE_INITIAL|0|6|K,Q,H2,H4,H1,A|1
FREE_INITIAL|0|6|K,Q,Q,Q,A,H3|1
FREE_INITIAL|0|6|K,T,H1,H3,H4,H5|1
FREE_INITIAL|0|6|Q,H1,H3,H3,H5,K|1
FREE_INITIAL|0|6|Q,H2,H2,Scat,K,H3|1
FREE_INITIAL|0|6|Q,H2,H2,T,T,H5|1
FREE_INITIAL|0|6|Q,H2,X7,H4,T,H3|1
FREE_INITIAL|0|6|Q,H3,H3,H5,J,K|1
FREE_INITIAL|0|6|Q,H3,H4,K,T,H5|1
FREE_INITIAL|0|6|Q,H3,J,H4,A,T|1
FREE_INITIAL|0|6|Q,H3,K,H5,H5,A|1
FREE_INITIAL|0|6|Q,H4,H4,H3,K,K|1
FREE_INITIAL|0|6|Q,H4,H4,H4,H4,T|1
FREE_INITIAL|0|6|Q,H4,H4,H5,H3,H3|1
FREE_INITIAL|0|6|Q,H4,K,A,H5,H1|1
FREE_INITIAL|0|6|Q,H4,K,K,H2,J|1
FREE_INITIAL|0|6|Q,H4,K,K,J,Scat|1
FREE_INITIAL|0|6|Q,H5,A,H2,H3,J|1
FREE_INITIAL|0|6|Q,H5,H4,H4,K,J|1
FREE_INITIAL|0|6|Q,H5,H5,H5,H2,J|1
FREE_INITIAL|0|6|Q,H5,H5,J,J,J|1
FREE_INITIAL|0|6|Q,J,H1,H3,T,H2|1
FREE_INITIAL|0|6|Q,J,H2,H1,T,K|1
FREE_INITIAL|0|6|Q,K,A,A,A,H5|1
FREE_INITIAL|0|6|Q,K,H1,H3,H4,A|1
FREE_INITIAL|0|6|Q,K,H3,H3,H3,H3|1
FREE_INITIAL|0|6|Q,K,T,H2,J,J|1
FREE_INITIAL|0|6|Q,Q,A,K,K,K|1
FREE_INITIAL|0|6|Q,Q,H1,A,H5,H5|1
FREE_INITIAL|0|6|Q,Q,H1,H2,H2,T|1
FREE_INITIAL|0|6|Q,Q,H3,A,H4,K|1
FREE_INITIAL|0|6|Q,Q,H3,H3,T,K|1
FREE_INITIAL|0|6|Q,Q,H4,H1,K,J|1
FREE_INITIAL|0|6|Q,Q,H4,H4,J,H5|1
FREE_INITIAL|0|6|Q,Q,H4,T,Scat,T|1
FREE_INITIAL|0|6|Q,Q,H5,H5,H2,H1|1
FREE_INITIAL|0|6|Q,Q,H5,H5,T,J|1
FREE_INITIAL|0|6|Q,Q,J,H5,H1,H1|1
FREE_INITIAL|0|6|Q,Q,K,A,H4,H4|1
FREE_INITIAL|0|6|Q,Q,Q,H3,H4,H1|1
FREE_INITIAL|0|6|Q,Q,Q,K,J,J|1
FREE_INITIAL|0|6|Q,Q,Q,Q,H4,J|1
FREE_INITIAL|0|6|Q,Q,Q,Q,Q,H2|1
FREE_INITIAL|0|6|Q,Q,Q,T,K,J|1
FREE_INITIAL|0|6|Q,Q,Scat,H3,H3,H3|1
FREE_INITIAL|0|6|Q,Q,T,H5,H5,H5|1
FREE_INITIAL|0|6|Q,Q,X5,H3,A,H1|1
FREE_INITIAL|0|6|Scat,A,A,A,H5,H3|1
FREE_INITIAL|0|6|Scat,J,H1,K,K,K|1
FREE_INITIAL|0|6|Scat,J,H1,T,H3,H3|1
FREE_INITIAL|0|6|T,A,A,H2,H5,H5|1
FREE_INITIAL|0|6|T,A,A,H3,H4,H4|1
FREE_INITIAL|0|6|T,A,A,H4,H4,H5|1
FREE_INITIAL|0|6|T,A,H4,H3,H3,H3|1
FREE_INITIAL|0|6|T,A,H5,H1,H1,K|1
FREE_INITIAL|0|6|T,A,H5,H3,K,K|1
FREE_INITIAL|0|6|T,A,H5,H3,Q,H2|1
FREE_INITIAL|0|6|T,H1,H1,H1,H4,H3|1
FREE_INITIAL|0|6|T,H1,H1,H5,J,Q|1
FREE_INITIAL|0|6|T,H1,J,A,A,K|1
FREE_INITIAL|0|6|T,H1,X5,J,J,Q|1
FREE_INITIAL|0|6|T,H2,H1,K,H4,J|1
FREE_INITIAL|0|6|T,H2,H2,H5,H5,A|1
FREE_INITIAL|0|6|T,H2,H4,Scat,A,K|1
FREE_INITIAL|0|6|T,H3,H1,H1,H5,Q|1
FREE_INITIAL|0|6|T,H3,H3,H2,A,A|1
FREE_INITIAL|0|6|T,H3,H4,A,K,K|1
FREE_INITIAL|0|6|T,H4,H4,A,J,H3|1
FREE_INITIAL|0|6|T,H4,H4,H3,H3,A|1
FREE_INITIAL|0|6|T,H4,H4,H4,H1,H1|1
FREE_INITIAL|0|6|T,H4,H4,J,K,H2|1
FREE_INITIAL|0|6|T,H4,K,K,Q,H5|1
FREE_INITIAL|0|6|T,H5,H4,H1,H1,K|1
FREE_INITIAL|0|6|T,H5,H5,H2,H4,H4|1
FREE_INITIAL|0|6|T,H5,K,A,A,H2|1
FREE_INITIAL|0|6|T,H5,K,K,H3,A|1
FREE_INITIAL|0|6|T,H5,X5,Q,X15,H3|1
FREE_INITIAL|0|6|T,J,J,J,J,J|1
FREE_INITIAL|0|6|T,J,Q,H4,H5,H5|1
FREE_INITIAL|0|6|T,K,A,H2,H2,H2|1
FREE_INITIAL|0|6|T,K,A,Q,Q,H1|1
FREE_INITIAL|0|6|T,K,H2,H5,H5,H1|1
FREE_INITIAL|0|6|T,K,J,A,A,H1|1
FREE_INITIAL|0|6|T,K,Q,Q,J,H1|1
FREE_INITIAL|0|6|T,K,X7,A,A,A|1
FREE_INITIAL|0|6|T,Q,A,A,H3,H3|1
FREE_INITIAL|0|6|T,Q,A,A,H3,K|1
FREE_INITIAL|0|6|T,Q,J,H4,K,H5|1
FREE_INITIAL|0|6|T,T,A,A,H5,H2|1
FREE_INITIAL|0|6|T,T,H2,H2,H1,H4|1
FREE_INITIAL|0|6|T,T,H4,H3,H3,A|1
FREE_INITIAL|0|6|T,T,H4,J,Q,Q|1
FREE_INITIAL|0|6|T,T,H5,H5,Q,H3|1
FREE_INITIAL|0|6|T,T,J,K,H4,H1|1
FREE_INITIAL|0|6|T,T,Q,H3,H5,K|1
FREE_INITIAL|0|6|T,T,Q,K,K,K|1
FREE_INITIAL|0|6|T,T,Q,Q,Q,H1|1
FREE_INITIAL|0|6|T,T,T,J,H2,H2|1
FREE_INITIAL|0|6|T,T,T,K,H2,H2|1
FREE_INITIAL|0|6|T,T,T,Q,H5,H1|1
FREE_INITIAL|0|6|T,T,T,Q,Q,H3|1
FREE_INITIAL|0|6|T,T,T,T,H3,H3|1
FREE_INITIAL|0|6|T,T,T,T,Scat,H5|1
FREE_INITIAL|0|6|T,T,T,T,T,H2|1
FREE_INITIAL|0|6|T,T,X5,H1,H1,H1|1
FREE_INITIAL|0|6|X15,H2,H2,H2,H2,H1|1
FREE_INITIAL|0|6|X7,H4,H4,H4,H4,H4|1
FREE_INITIAL|0|6|X7,Q,H1,A,K,H2|1
FREE_INITIAL|1|6|A,A,A,A,H3,H3|1
FREE_INITIAL|1|6|A,A,A,H1,H5,H5|1
FREE_INITIAL|1|6|A,A,A,H3,T,T|1
FREE_INITIAL|1|6|A,A,A,T,H1,Q|1
FREE_INITIAL|1|6|A,A,H1,H1,K,K|1
FREE_INITIAL|1|6|A,A,H1,H1,Q,Q|1
FREE_INITIAL|1|6|A,A,H1,Q,X5,T|1
FREE_INITIAL|1|6|A,A,H1,T,T,T|1
FREE_INITIAL|1|6|A,A,H4,Q,H3,H1|1
FREE_INITIAL|1|6|A,A,H5,H4,H3,H3|1
FREE_INITIAL|1|6|A,A,J,H4,H4,H4|1
FREE_INITIAL|1|6|A,A,K,K,K,Q|1
FREE_INITIAL|1|6|A,A,K,Q,Q,H3|1
FREE_INITIAL|1|6|A,A,Q,J,J,T|1
FREE_INITIAL|1|6|A,A,Q,T,Scat,J|1
FREE_INITIAL|1|6|A,A,T,H4,H4,H2|1
FREE_INITIAL|1|6|A,A,T,J,J,H4|1
FREE_INITIAL|1|6|A,H1,H1,H1,H2,J|1
FREE_INITIAL|1|6|A,H1,H1,H3,J,T|1
FREE_INITIAL|1|6|A,H1,H1,H5,J,H2|1
FREE_INITIAL|1|6|A,H1,H1,T,K,H3|1
FREE_INITIAL|1|6|A,H1,J,J,H4,H5|1
FREE_INITIAL|1|6|A,H2,H1,H3,K,H5|1
FREE_INITIAL|1|6|A,H2,H2,H3,H3,H3|1
FREE_INITIAL|1|6|A,H2,H3,K,H1,J|1
FREE_INITIAL|1|6|A,H2,Q,T,Scat,H1|1
FREE_INITIAL|1|6|A,H3,H2,H1,H5,K|1
FREE_INITIAL|1|6|A,H4,H1,H3,H3,H3|1
FREE_INITIAL|1|6|A,H4,H4,H3,H3,J|1
FREE_INITIAL|1|6|A,H4,K,H5,H5,H5|1
FREE_INITIAL|1|6|A,H5,H1,H2,H2,J|1
FREE_INITIAL|1|6|A,H5,H1,Q,H4,X5|1
FREE_INITIAL|1|6|A,H5,H2,T,H4,H3|1
FREE_INITIAL|1|6|A,H5,H5,J,H2,H1|1
FREE_INITIAL|1|6|A,H5,J,J,J,Scat|1
FREE_INITIAL|1|6|A,H5,K,H1,Scat,H3|1
FREE_INITIAL|1|6|A,H5,K,H4,H4,Q|1
FREE_INITIAL|1|6|A,H5,T,H3,H3,H3|1
FREE_INITIAL|1|6|A,J,J,J,H4,H4|1
FREE_INITIAL|1|6|A,J,K,K,Q,H3|1
FREE_INITIAL|1|6|A,J,Q,T,H1,H3|1
FREE_INITIAL|1|6|A,K,H2,H2,H2,H2|1
FREE_INITIAL|1|6|A,K,H3,H2,J,J|1
FREE_INITIAL|1|6|A,K,K,H1,H1,H1|1
FREE_INITIAL|1|6|A,Q,H1,J,H2,H2|1
FREE_INITIAL|1|6|A,Q,H3,H3,H3,H3|1
FREE_INITIAL|1|6|A,Q,H4,H5,H2,H1|1
FREE_INITIAL|1|6|A,Q,Q,K,H3,H1|1
FREE_INITIAL|1|6|A,T,H3,H3,H1,H2|1
FREE_INITIAL|1|6|A,T,H5,H5,K,K|1
FREE_INITIAL|1|6|A,T,J,J,H5,H3|1
FREE_INITIAL|1|6|A,T,K,K,H1,J|1
FREE_INITIAL|1|6|A,T,T,H2,H2,H2|1
FREE_INITIAL|1|6|A,T,T,J,H1,H4|1
FREE_INITIAL|1|6|A,T,T,K,K,K|1
FREE_INITIAL|1|6|A,T,T,T,T,Q|1
FREE_INITIAL|1|6|H1,A,A,K,K,H3|1
FREE_INITIAL|1|6|H1,A,H2,H3,H3,H3|1
FREE_INITIAL|1|6|H1,A,H3,Q,J,H4|1
FREE_INITIAL|1|6|H1,A,H5,H5,H4,T|1
FREE_INITIAL|1|6|H1,A,K,H4,H2,H3|1
FREE_INITIAL|1|6|H1,A,Q,Scat,H2,H2|1
FREE_INITIAL|1|6|H1,A,T,T,H5,J|1
FREE_INITIAL|1|6|H1,H1,A,A,J,J|1
FREE_INITIAL|1|6|H1,H1,A,A,X7,H2|1
FREE_INITIAL|1|6|H1,H1,H1,H1,A,H2|1
FREE_INITIAL|1|6|H1,H1,H1,H4,K,H3|1
FREE_INITIAL|1|6|H1,H1,H2,H2,H2,H2|1
FREE_INITIAL|1|6|H1,H1,H2,Q,Q,J|1
FREE_INITIAL|1|6|H1,H1,H3,H3,H3,Q|1
FREE_INITIAL|1|6|H1,H1,H3,H3,H5,H2|1
FREE_INITIAL|1|6|H1,H1,H3,H4,H5,H5|1
FREE_INITIAL|1|6|H1,H1,H5,H4,H4,Q|1
FREE_INITIAL|1|6|H1,H1,H5,H5,H5,H5|1
FREE_INITIAL|1|6|H1,H1,J,J,Q,K|1
FREE_INITIAL|1|6|H1,H1,Q,Q,Q,H2|1
FREE_INITIAL|1|6|H1,H1,T,J,H3,H3|1
FREE_INITIAL|1|6|H1,H2,H2,T,K,K|1
FREE_INITIAL|1|6|H1,H3,H3,H3,H3,K|1
FREE_INITIAL|1|6|H1,H3,H3,Q,K,K|1
FREE_INITIAL|1|6|H1,H3,J,K,K,K|1
FREE_INITIAL|1|6|H1,H3,K,K,T,H5|1
FREE_INITIAL|1|6|H1,H3,T,T,H2,H2|1
FREE_INITIAL|1|6|H1,H4,H3,A,A,A|1
FREE_INITIAL|1|6|H1,H4,K,K,H5,H5|1
FREE_INITIAL|1|6|H1,H4,T,H5,A,Q|1
FREE_INITIAL|1|6|H1,H5,A,A,A,A|1
FREE_INITIAL|1|6|H1,H5,H2,T,K,H3|1
FREE_INITIAL|1|6|H1,H5,H5,J,K,H4|1
FREE_INITIAL|1|6|H1,J,J,H4,Q,Q|1
FREE_INITIAL|1|6|H1,J,J,K,K,Q|1
FREE_INITIAL|1|6|H1,J,J,K,X7,H5|1
FREE_INITIAL|1|6|H1,J,Q,H3,H5,H5|1
FREE_INITIAL|1|6|H1,K,K,H4,T,A|1
FREE_INITIAL|1|6|H1,Q,H3,A,H2,H2|1
FREE_INITIAL|1|6|H1,Q,Q,H2,J,J|1
FREE_INITIAL|1|6|H1,T,H3,H3,H5,H4|1
FREE_INITIAL|1|6|H1,T,H3,H5,J,K|1
FREE_INITIAL|1|6|H1,T,J,J,A,A|1
FREE_INITIAL|1|6|H1,T,Q,Q,H2,J|1
FREE_INITIAL|1|6|H1,T,T,T,J,Q|1
FREE_INITIAL|1|6|H2,A,A,A,H5,H5|1
FREE_INITIAL|1|6|H2,A,A,H1,H1,K|1
FREE_INITIAL|1|6|H2,A,H1,Q,H4,J|1
FREE_INITIAL|1|6|H2,A,K,T,T,Q|1
FREE_INITIAL|1|6|H2,A,Q,Q,Q,H5|1
FREE_INITIAL|1|6|H2,A,Q,T,K,K|1
FREE_INITIAL|1|6|H2,H1,H1,H4,K,H5|1
FREE_INITIAL|1|6|H2,H1,H1,H4,Q,H5|1
FREE_INITIAL|1|6|H2,H1,H1,T,H3,H5|1
FREE_INITIAL|1|6|H2,H1,K,A,H3,H4|1
FREE_INITIAL|1|6|H2,H1,K,K,T,H4|1
FREE_INITIAL|1|6|H2,H1,Q,H4,H4,H4|1
FREE_INITIAL|1|6|H2,H1,Q,H4,H5,A|1
FREE_INITIAL|1|6|H2,H2,A,K,H5,T|1
FREE_INITIAL|1|6|H2,H2,H1,H1,A,K|1
FREE_INITIAL|1|6|H2,H2,H1,H4,H4,H4|1
FREE_INITIAL|1|6|H2,H2,H1,K,Q,A|1
FREE_INITIAL|1|6|H2,H2,H2,H2,H2,H3|1
FREE_INITIAL|1|6|H2,H2,H2,H3,H5,H4|1
FREE_INITIAL|1|6|H2,H2,H2,H4,Q,H5|1
FREE_INITIAL|1|6|H2,H2,H2,J,A,H4|1
FREE_INITIAL|1|6|H2,H2,H2,J,H1,H1|1
FREE_INITIAL|1|6|H2,H2,H2,K,H5,T|1
FREE_INITIAL|1|6|H2,H2,H2,Q,H5,H5|1
FREE_INITIAL|1|6|H2,H2,H4,H1,H5,H5|1
FREE_INITIAL|1|6|H2,H3,H3,H3,T,A|1
FREE_INITIAL|1|6|H2,H3,Q,Q,J,A|1
FREE_INITIAL|1|6|H2,H4,H3,A,A,H1|1
FREE_INITIAL|1|6|H2,H4,H4,H4,H3,T|1
FREE_INITIAL|1|6|H2,H4,H4,K,H5,H5|1
FREE_INITIAL|1|6|H2,H5,A,H4,H4,Q|1
FREE_INITIAL|1|6|H2,H5,H5,H5,H1,J|1
FREE_INITIAL|1|6|H2,H5,H5,H5,H5,Scat|1
FREE_INITIAL|1|6|H2,H5,J,H4,A,T|1
FREE_INITIAL|1|6|H2,J,H3,H3,Q,H5|1
FREE_INITIAL|1|6|H2,J,H3,H3,T,H4|1
FREE_INITIAL|1|6|H2,J,H5,A,K,Q|1
FREE_INITIAL|1|6|H2,J,J,J,H3,H1|1
FREE_INITIAL|1|6|H2,J,Q,A,K,K|1
FREE_INITIAL|1|6|H2,K,H4,H1,A,A|1
FREE_INITIAL|1|6|H2,K,K,K,K,A|1
FREE_INITIAL|1|6|H2,K,Q,J,J,A|1
FREE_INITIAL|1|6|H2,Q,A,H1,T,K|1
FREE_INITIAL|1|6|H2,Q,Q,H4,K,J|1
FREE_INITIAL|1|6|H2,Q,Q,Q,H5,H4|1
FREE_INITIAL|1|6|H2,Scat,H4,T,T,T|1
FREE_INITIAL|1|6|H2,T,H3,H3,H4,H4|1
FREE_INITIAL|1|6|H2,T,H4,H3,H3,J|1
FREE_INITIAL|1|6|H2,T,H4,H5,Q,A|1
FREE_INITIAL|1|6|H2,T,K,H1,H1,A|1
FREE_INITIAL|1|6|H2,T,T,A,A,K|1
FREE_INITIAL|1|6|H2,T,T,A,H5,Q|1
FREE_INITIAL|1|6|H2,T,T,Q,X7,A|1
FREE_INITIAL|1|6|H2,X5,K,H3,H1,J|1
FREE_INITIAL|1|6|H3,A,H1,Q,J,H5|1
FREE_INITIAL|1|6|H3,A,Q,Q,H2,H1|1
FREE_INITIAL|1|6|H3,H1,A,X15,H4,Q|1
FREE_INITIAL|1|6|H3,H1,H1,H1,Q,T|1
FREE_INITIAL|1|6|H3,H1,Q,H2,H4,H4|1
FREE_INITIAL|1|6|H3,H2,H2,H4,H4,H1|1
FREE_INITIAL|1|6|H3,H2,H2,H5,H4,H1|1
FREE_INITIAL|1|6|H3,H2,T,H5,H5,H5|1
FREE_INITIAL|1|6|H3,H3,H1,A,H2,H2|1
FREE_INITIAL|1|6|H3,H3,H2,H4,T,H5|1
FREE_INITIAL|1|6|H3,H3,H2,K,Q,H1|1
FREE_INITIAL|1|6|H3,H3,H3,H1,Q,Q|1
FREE_INITIAL|1|6|H3,H3,H5,H4,Q,J|1
FREE_INITIAL|1|6|H3,H3,H5,H5,Q,Q|1
FREE_INITIAL|1|6|H3,H3,H5,J,H1,A|1
FREE_INITIAL|1|6|H3,H3,J,H4,H4,H1|1
FREE_INITIAL|1|6|H3,H3,J,H5,Scat,Q|1
FREE_INITIAL|1|6|H3,H3,K,H5,J,H4|1
FREE_INITIAL|1|6|H3,H3,Q,H4,H2,J|1
FREE_INITIAL|1|6|H3,H3,T,K,H2,H5|1
FREE_INITIAL|1|6|H3,H4,T,T,K,A|1
FREE_INITIAL|1|6|H3,H5,H1,A,H4,H4|1
FREE_INITIAL|1|6|H3,H5,K,A,T,Q|1
FREE_INITIAL|1|6|H3,H5,Q,T,H2,H2|1
FREE_INITIAL|1|6|H3,J,H2,K,H4,H1|1
FREE_INITIAL|1|6|H3,J,J,H4,T,Q|1
FREE_INITIAL|1|6|H3,J,J,J,T,H4|1
FREE_INITIAL|1|6|H3,J,K,H2,T,H4|1
FREE_INITIAL|1|6|H3,K,J,H2,H4,H4|1
FREE_INITIAL|1|6|H3,K,K,H1,H1,H4|1
FREE_INITIAL|1|6|H3,K,K,K,K,H1|1
FREE_INITIAL|1|6|H3,K,K,Q,T,H1|1
FREE_INITIAL|1|6|H3,Q,A,H2,K,H1|1
FREE_INITIAL|1|6|H3,Q,H1,H4,H4,J|1
FREE_INITIAL|1|6|H3,Q,H1,K,H4,H4|1
FREE_INITIAL|1|6|H3,Q,H2,K,K,K|1
FREE_INITIAL|1|6|H3,Q,Q,A,K,H2|1
FREE_INITIAL|1|6|H3,Q,Q,Q,H4,H2|1
FREE_INITIAL|1|6|H3,Q,Q,Q,Q,K|1
FREE_INITIAL|1|6|H3,T,H1,H1,H2,H2|1
FREE_INITIAL|1|6|H3,T,K,H5,H5,H4|1
FREE_INITIAL|1|6|H3,T,Q,H5,A,H1|1
FREE_INITIAL|1|6|H4,A,A,H3,H5,Q|1
FREE_INITIAL|1|6|H4,A,K,K,H3,H3|1
FREE_INITIAL|1|6|H4,A,Q,H5,H5,H5|1
FREE_INITIAL|1|6|H4,A,T,K,H1,H3|1
FREE_INITIAL|1|6|H4,H1,H1,H1,J,T|1
FREE_INITIAL|1|6|H4,H1,H1,H2,H2,T|1
FREE_INITIAL|1|6|H4,H1,H2,K,K,Q|1
FREE_INITIAL|1|6|H4,H1,H3,H3,H3,H5|1
FREE_INITIAL|1|6|H4,H1,H5,J,Q,H2|1
FREE_INITIAL|1|6|H4,H1,Q,Q,Q,H2|1
FREE_INITIAL|1|6|H4,H2,T,J,Q,H1|1
FREE_INITIAL|1|6|H4,H3,A,A,Q,H5|1
FREE_INITIAL|1|6|H4,H3,H1,A,J,J|1
FREE_INITIAL|1|6|H4,H3,H2,H1,K,Scat|1
FREE_INITIAL|1|6|H4,H3,H2,J,Q,K|1
FREE_INITIAL|1|6|H4,H3,H3,K,A,A|1
FREE_INITIAL|1|6|H4,H3,Q,A,H1,H1|1
FREE_INITIAL|1|6|H4,H3,T,H1,A,H2|1
FREE_INITIAL|1|6|H4,H4,H1,T,T,H3|1
FREE_INITIAL|1|6|H4,H4,H2,J,J,H1|1
FREE_INITIAL|1|6|H4,H4,H4,Q,H1,H1|1
FREE_INITIAL|1|6|H4,H4,H5,T,X7,Q|1
FREE_INITIAL|1|6|H4,H4,K,K,J,A|1
FREE_INITIAL|1|6|H4,H4,K,K,K,H1|1
FREE_INITIAL|1|6|H4,H4,Q,T,K,X5|1
FREE_INITIAL|1|6|H4,H4,T,H2,H5,K|1
FREE_INITIAL|1|6|H4,H4,X7,H1,H1,H5|1
FREE_INITIAL|1|6|H4,H5,H2,Q,K,H3|1
FREE_INITIAL|1|6|H4,H5,J,H1,H2,A|1
FREE_INITIAL|1|6|H4,H5,J,H2,Q,Q|1
FREE_INITIAL|1|6|H4,H5,J,K,H3,H2|1
FREE_INITIAL|1|6|H4,K,Q,Q,H1,H3|1
FREE_INITIAL|1|6|H4,Q,H2,H3,H1,A|1
FREE_INITIAL|1|6|H4,Q,H3,H1,T,H2|1
FREE_INITIAL|1|6|H4,Q,K,H5,H5,T|1
FREE_INITIAL|1|6|H4,Q,Q,H2,T,H3|1
FREE_INITIAL|1|6|H4,Scat,T,T,H2,A|1
FREE_INITIAL|1|6|H4,T,H5,J,H1,H1|1
FREE_INITIAL|1|6|H4,T,T,H5,K,H1|1
FREE_INITIAL|1|6|H4,T,T,T,J,Q|1
FREE_INITIAL|1|6|H5,A,H1,H2,H4,H4|1
FREE_INITIAL|1|6|H5,A,H4,H3,H2,Q|1
FREE_INITIAL|1|6|H5,H1,H1,T,T,H2|1
FREE_INITIAL|1|6|H5,H2,A,A,H3,H1|1
FREE_INITIAL|1|6|H5,H2,H1,J,H4,H4|1
FREE_INITIAL|1|6|H5,H2,H2,K,H1,Q|1
FREE_INITIAL|1|6|H5,H2,H4,A,J,T|1
FREE_INITIAL|1|6|H5,H2,H4,H1,K,T|1
FREE_INITIAL|1|6|H5,H2,K,Q,Q,Q|1
FREE_INITIAL|1|6|H5,H2,T,H3,J,Q|1
FREE_INITIAL|1|6|H5,H3,H4,H4,H4,J|1
FREE_INITIAL|1|6|H5,H3,J,T,H2,H2|1
FREE_INITIAL|1|6|H5,H3,Q,A,A,A|1
FREE_INITIAL|1|6|H5,H4,H2,H2,Q,Q|1
FREE_INITIAL|1|6|H5,H4,H4,X15,K,J|1
FREE_INITIAL|1|6|H5,H4,J,A,K,T|1
FREE_INITIAL|1|6|H5,H4,T,Q,J,K|1
FREE_INITIAL|1|6|H5,H5,A,Q,H2,H2|1
FREE_INITIAL|1|6|H5,H5,H3,A,H1,T|1
FREE_INITIAL|1|6|H5,H5,H3,H3,J,T|1
FREE_INITIAL|1|6|H5,H5,H5,H5,A,T|1
FREE_INITIAL|1|6|H5,H5,H5,H5,H5,H1|1
FREE_INITIAL|1|6|H5,H5,H5,H5,H5,H5|1
FREE_INITIAL|1|6|H5,H5,H5,T,T,T|1
FREE_INITIAL|1|6|H5,H5,Q,H1,H1,H1|1
FREE_INITIAL|1|6|H5,H5,T,T,X5,Q|1
FREE_INITIAL|1|6|H5,J,H3,H3,H1,K|1
FREE_INITIAL|1|6|H5,J,H4,T,A,K|1
FREE_INITIAL|1|6|H5,K,H1,J,J,H3|1
FREE_INITIAL|1|6|H5,K,H3,H4,T,H2|1
FREE_INITIAL|1|6|H5,K,K,H2,H4,H4|1
FREE_INITIAL|1|6|H5,Q,H4,H4,A,A|1
FREE_INITIAL|1|6|H5,Q,T,T,K,J|1
FREE_INITIAL|1|6|H5,Scat,H3,K,H2,Q|1
FREE_INITIAL|1|6|H5,T,A,A,H1,H2|1
FREE_INITIAL|1|6|H5,T,J,K,A,Q|1
FREE_INITIAL|1|6|H5,T,K,H2,H2,Q|1
FREE_INITIAL|1|6|H5,T,T,H2,J,X15|1
FREE_INITIAL|1|6|H5,X5,H3,H2,A,A|1
FREE_INITIAL|1|6|J,A,A,T,K,Q|1
FREE_INITIAL|1|6|J,A,H2,H4,T,H5|1
FREE_INITIAL|1|6|J,A,Q,H1,T,H2|1
FREE_INITIAL|1|6|J,A,X5,H2,H2,H2|1
FREE_INITIAL|1|6|J,H1,H1,H1,Q,Q|1
FREE_INITIAL|1|6|J,H1,H1,K,K,H4|1
FREE_INITIAL|1|6|J,H1,K,A,A,H3|1
FREE_INITIAL|1|6|J,H2,H2,H4,H4,Q|1
FREE_INITIAL|1|6|J,H2,H2,H5,A,T|1
FREE_INITIAL|1|6|J,H2,H2,Q,A,A|1
FREE_INITIAL|1|6|J,H2,T,Q,A,H4|1
FREE_INITIAL|1|6|J,H3,A,A,A,A|1
FREE_INITIAL|1|6|J,H3,H3,H3,H3,Q|1
FREE_INITIAL|1|6|J,H3,H3,X7,H5,H5|1
FREE_INITIAL|1|6|J,H3,Q,Q,H5,T|1
FREE_INITIAL|1|6|J,H3,T,H5,H5,H1|1
FREE_INITIAL|1|6|J,H4,A,K,K,H3|1
FREE_INITIAL|1|6|J,H4,H3,H1,H1,K|1
FREE_INITIAL|1|6|J,H4,H4,H3,H3,A|1
FREE_INITIAL|1|6|J,H5,H4,A,T,H3|1
FREE_INITIAL|1|6|J,H5,H5,H4,H3,H1|1
FREE_INITIAL|1|6|J,H5,Q,H1,T,K|1
FREE_INITIAL|1|6|J,H5,Q,H2,H3,H3|1
FREE_INITIAL|1|6|J,J,A,H5,H2,H1|1
FREE_INITIAL|1|6|J,J,H1,H2,H5,K|1
FREE_INITIAL|1|6|J,J,H1,H3,Q,T|1
FREE_INITIAL|1|6|J,J,H1,T,X7,H3|1
FREE_INITIAL|1|6|J,J,H2,H1,A,H5|1
FREE_INITIAL|1|6|J,J,H3,T,H5,Q|1
FREE_INITIAL|1|6|J,J,H4,H3,H3,H3|1
FREE_INITIAL|1|6|J,J,J,A,A,T|1
FREE_INITIAL|1|6|J,J,J,H1,H5,T|1
FREE_INITIAL|1|6|J,J,J,H5,H4,H4|1
FREE_INITIAL|1|6|J,J,J,J,A,Q|1
FREE_INITIAL|1|6|J,J,J,K,H4,Q|1
FREE_INITIAL|1|6|J,J,J,K,K,K|1
FREE_INITIAL|1|6|J,J,K,K,H4,A|1
FREE_INITIAL|1|6|J,J,T,A,A,H2|1
FREE_INITIAL|1|6|J,J,T,Q,H5,H5|1
FREE_INITIAL|1|6|J,K,H3,H3,T,X5|1
FREE_INITIAL|1|6|J,K,H5,H4,H4,T|1
FREE_INITIAL|1|6|J,K,Q,H5,H1,H1|1
FREE_INITIAL|1|6|J,Q,Q,A,K,H2|1
FREE_INITIAL|1|6|J,Q,T,H5,H5,H4|1
FREE_INITIAL|1|6|J,T,H3,H4,H4,H5|1
FREE_INITIAL|1|6|J,T,T,T,H2,H5|1
FREE_INITIAL|1|6|J,T,T,T,T,H2|1
FREE_INITIAL|1|6|J,X5,H1,H4,Q,A|1
FREE_INITIAL|1|6|K,A,A,Q,J,J|1
FREE_INITIAL|1|6|K,A,H3,J,H2,H2|1
FREE_INITIAL|1|6|K,A,H5,T,H3,Q|1
FREE_INITIAL|1|6|K,A,J,J,H1,H4|1
FREE_INITIAL|1|6|K,H1,H1,H2,H2,T|1
FREE_INITIAL|1|6|K,H1,H2,A,A,A|1
FREE_INITIAL|1|6|K,H2,H2,H2,A,A|1
FREE_INITIAL|1|6|K,H2,J,H3,H1,H1|1
FREE_INITIAL|1|6|K,H3,H1,H4,H4,H2|1
FREE_INITIAL|1|6|K,H4,A,Q,H5,H5|1
FREE_INITIAL|1|6|K,H4,J,Q,Q,T|1
FREE_INITIAL|1|6|K,H4,J,T,T,H5|1
FREE_INITIAL|1|6|K,H4,Q,H1,H3,H3|1
FREE_INITIAL|1|6|K,H5,H1,H1,T,H3|1
FREE_INITIAL|1|6|K,H5,H3,H4,Q,X5|1
FREE_INITIAL|1|6|K,J,H3,H5,H1,A|1
FREE_INITIAL|1|6|K,J,H3,H5,T,T|1
FREE_INITIAL|1|6|K,J,H4,H4,H1,H3|1
FREE_INITIAL|1|6|K,J,H5,Q,Scat,H1|1
FREE_INITIAL|1|6|K,J,J,J,A,A|1
FREE_INITIAL|1|6|K,K,H1,H1,H1,X5|1
FREE_INITIAL|1|6|K,K,H1,H1,Q,H2|1
FREE_INITIAL|1|6|K,K,H1,H1,Q,H5|1
FREE_INITIAL|1|6|K,K,H1,H2,H3,Q|1
FREE_INITIAL|1|6|K,K,H3,Q,Q,J|1
FREE_INITIAL|1|6|K,K,H4,H4,H5,H1|1
FREE_INITIAL|1|6|K,K,H5,Scat,T,H4|1
FREE_INITIAL|1|6|K,K,J,H4,H3,T|1
FREE_INITIAL|1|6|K,K,J,Q,Q,A|1
FREE_INITIAL|1|6|K,K,K,A,A,H5|1
FREE_INITIAL|1|6|K,K,K,H1,A,H2|1
FREE_INITIAL|1|6|K,K,K,H1,H2,H2|1
FREE_INITIAL|1|6|K,K,K,H2,T,Scat|1
FREE_INITIAL|1|6|K,K,K,H3,H5,J|1
FREE_INITIAL|1|6|K,K,K,K,H1,H1|1
FREE_INITIAL|1|6|K,K,K,K,K,T|1
FREE_INITIAL|1|6|K,K,K,Q,Q,H2|1
FREE_INITIAL|1|6|K,K,T,A,H3,H4|1
FREE_INITIAL|1|6|K,Q,H2,Scat,J,J|1
FREE_INITIAL|1|6|K,Q,H5,J,H1,A|1
FREE_INITIAL|1|6|K,T,A,J,H1,H4|1
FREE_INITIAL|1|6|K,T,H4,H5,H5,H5|1
FREE_INITIAL|1|6|K,T,Q,H3,A,H2|1
FREE_INITIAL|1|6|Q,A,A,A,H2,H2|1
FREE_INITIAL|1|6|Q,A,A,H1,J,J|1
FREE_INITIAL|1|6|Q,A,A,H2,J,T|1
FREE_INITIAL|1|6|Q,A,H1,K,H2,J|1
FREE_INITIAL|1|6|Q,A,H3,H3,H1,H2|1
FREE_INITIAL|1|6|Q,H1,H1,H1,K,K|1
FREE_INITIAL|1|6|Q,H1,H2,H3,K,A|1
FREE_INITIAL|1|6|Q,H1,H3,H3,H3,A|1
FREE_INITIAL|1|6|Q,H1,K,H3,H3,J|1
FREE_INITIAL|1|6|Q,H1,K,K,K,T|1
FREE_INITIAL|1|6|Q,H1,T,H5,H5,H5|1
FREE_INITIAL|1|6|Q,H2,H3,H5,T,J|1
FREE_INITIAL|1|6|Q,H2,K,T,T,T|1
FREE_INITIAL|1|6|Q,H2,T,T,H1,H1|1
FREE_INITIAL|1|6|Q,H3,A,H4,K,T|1
FREE_INITIAL|1|6|Q,H3,H2,H2,H5,H4|1
FREE_INITIAL|1|6|Q,H3,H3,H3,H5,H1|1
FREE_INITIAL|1|6|Q,H3,H3,H3,T,H5|1
FREE_INITIAL|1|6|Q,H4,A,T,H1,K|1
FREE_INITIAL|1|6|Q,H4,H4,K,H2,A|1
FREE_INITIAL|1|6|Q,H4,H4,T,H5,H5|1
FREE_INITIAL|1|6|Q,H4,H5,H5,A,A|1
FREE_INITIAL|1|6|Q,H4,K,H2,J,A|1
FREE_INITIAL|1|6|Q,H5,H1,H4,H4,H2|1
FREE_INITIAL|1|6|Q,H5,H2,H2,A,A|1
FREE_INITIAL|1|6|Q,H5,H5,H1,H3,H3|1
FREE_INITIAL|1|6|Q,J,A,K,K,K|1
FREE_INITIAL|1|6|Q,J,A,T,T,H2|1
FREE_INITIAL|1|6|Q,J,H1,T,H3,A|1
FREE_INITIAL|1|6|Q,J,H1,T,H3,H4|1
FREE_INITIAL|1|6|Q,K,H2,H1,H4,T|1
FREE_INITIAL|1|6|Q,K,K,J,J,J|1
FREE_INITIAL|1|6|Q,Q,H2,H2,H2,H2|1
FREE_INITIAL|1|6|Q,Q,H2,H2,H5,H3|1
FREE_INITIAL|1|6|Q,Q,H2,J,J,H3|1
FREE_INITIAL|1|6|Q,Q,K,K,J,J|1
FREE_INITIAL|1|6|Q,Q,K,K,T,H4|1
FREE_INITIAL|1|6|Q,Q,Q,H5,H1,H2|1
FREE_INITIAL|1|6|Q,Q,Q,H5,H3,H3|1
FREE_INITIAL|1|6|Q,Q,Q,Q,H1,J|1
FREE_INITIAL|1|6|Q,Q,Q,Q,H4,H2|1
FREE_INITIAL|1|6|Q,Q,Q,Q,H4,H3|1
FREE_INITIAL|1|6|Q,T,H5,H3,H1,H1|1
FREE_INITIAL|1|6|Q,T,H5,H5,H2,H1|1
FREE_INITIAL|1|6|Q,T,J,J,A,H1|1
FREE_INITIAL|1|6|Q,T,K,H5,H4,H3|1
FREE_INITIAL|1|6|Q,T,K,J,X5,H1|1
FREE_INITIAL|1|6|Scat,J,H3,Q,H2,K|1
FREE_INITIAL|1|6|Scat,J,Q,K,X7,H3|1
FREE_INITIAL|1|6|Scat,T,T,X15,A,H4|1
FREE_INITIAL|1|6|T,A,H1,H1,K,H4|1
FREE_INITIAL|1|6|T,A,K,H4,H1,H1|1
FREE_INITIAL|1|6|T,H1,H4,H3,K,Q|1
FREE_INITIAL|1|6|T,H1,K,K,H4,H4|1
FREE_INITIAL|1|6|T,H1,Q,H3,H5,H5|1
FREE_INITIAL|1|6|T,H1,Scat,H3,K,K|1
FREE_INITIAL|1|6|T,H2,A,A,A,A|1
FREE_INITIAL|1|6|T,H2,H2,H1,H3,H4|1
FREE_INITIAL|1|6|T,H2,K,A,H3,H3|1
FREE_INITIAL|1|6|T,H2,K,H1,H4,Q|1
FREE_INITIAL|1|6|T,H2,K,K,X7,H1|1
FREE_INITIAL|1|6|T,H2,K,Q,H5,H1|1
FREE_INITIAL|1|6|T,H2,Q,Q,Q,K|1
FREE_INITIAL|1|6|T,H3,A,A,H5,H1|1
FREE_INITIAL|1|6|T,H3,H5,H5,H2,J|1
FREE_INITIAL|1|6|T,H3,Q,K,H1,H5|1
FREE_INITIAL|1|6|T,H4,H2,A,A,A|1
FREE_INITIAL|1|6|T,H4,H2,H1,K,H3|1
FREE_INITIAL|1|6|T,H4,H4,H2,H2,H2|1
FREE_INITIAL|1|6|T,H4,H5,H5,H5,H5|1
FREE_INITIAL|1|6|T,H4,J,J,H5,H1|1
FREE_INITIAL|1|6|T,H4,K,X15,H2,H2|1
FREE_INITIAL|1|6|T,H5,H4,H3,K,H1|1
FREE_INITIAL|1|6|T,H5,H5,J,J,Q|1
FREE_INITIAL|1|6|T,J,H3,H1,H1,H1|1
FREE_INITIAL|1|6|T,J,J,A,K,H3|1
FREE_INITIAL|1|6|T,J,J,J,H3,K|1
FREE_INITIAL|1|6|T,K,J,A,H5,H4|1
FREE_INITIAL|1|6|T,K,K,J,H1,H2|1
FREE_INITIAL|1|6|T,Q,H1,H1,H5,H5|1
FREE_INITIAL|1|6|T,Q,H5,H5,K,K|1
FREE_INITIAL|1|6|T,Q,J,J,H2,A|1
FREE_INITIAL|1|6|T,Q,J,J,J,K|1
FREE_INITIAL|1|6|T,Q,J,J,X7,A|1
FREE_INITIAL|1|6|T,Q,Q,H3,H3,A|1
FREE_INITIAL|1|6|T,T,H1,A,A,K|1
FREE_INITIAL|1|6|T,T,H1,H1,H1,J|1
FREE_INITIAL|1|6|T,T,H1,H1,H1,Q|1
FREE_INITIAL|1|6|T,T,H2,H3,H3,H4|1
FREE_INITIAL|1|6|T,T,H2,H4,H4,Q|1
FREE_INITIAL|1|6|T,T,H4,Q,H3,H3|1
FREE_INITIAL|1|6|T,T,H5,H1,J,Q|1
FREE_INITIAL|1|6|T,T,K,A,H2,H2|1
FREE_INITIAL|1|6|T,T,Q,Q,H2,J|1
FREE_INITIAL|1|6|T,T,T,T,A,A|1
FREE_INITIAL|1|6|T,T,T,T,K,K|1
FREE_INITIAL|1|6|T,X15,H3,H2,H2,A|1
FREE_INITIAL|1|6|T,X5,Q,H2,H2,H1|1
FREE_INITIAL|1|6|X5,H3,H5,J,J,K|1
FREE_INITIAL|1|6|X5,H5,J,J,Q,H4|1
FREE_INITIAL|1|6|X5,J,Q,Q,H4,H4|1
FREE_INITIAL|1|6|X7,A,H2,K,H1,H3|1
FREE_INITIAL|1|6|X7,H4,J,T,T,T|1
FREE_INITIAL|2|6|A,A,A,A,A,Q|1
FREE_INITIAL|2|6|A,A,A,H1,H3,Q|1
FREE_INITIAL|2|6|A,A,A,H4,H3,H5|1
FREE_INITIAL|2|6|A,A,A,H4,X15,T|1
FREE_INITIAL|2|6|A,A,H1,H2,H5,J|1
FREE_INITIAL|2|6|A,A,H1,T,H2,H2|1
FREE_INITIAL|2|6|A,A,H4,H4,H1,H2|1
FREE_INITIAL|2|6|A,A,T,T,H2,H3|1
FREE_INITIAL|2|6|A,A,X15,K,T,H5|1
FREE_INITIAL|2|6|A,H1,H1,H1,H3,Q|1
FREE_INITIAL|2|6|A,H1,H1,H2,Q,T|1
FREE_INITIAL|2|6|A,H1,H1,K,Scat,H5|1
FREE_INITIAL|2|6|A,H1,H5,H2,J,K|1
FREE_INITIAL|2|6|A,H1,K,K,T,H3|1
FREE_INITIAL|2|6|A,H2,Q,Q,Q,Q|1
FREE_INITIAL|2|6|A,H2,X5,K,H5,H4|1
FREE_INITIAL|2|6|A,H3,H5,H5,T,T|1
FREE_INITIAL|2|6|A,H3,Q,H1,H1,H4|1
FREE_INITIAL|2|6|A,H4,H4,H2,H5,H3|1
FREE_INITIAL|2|6|A,H4,Q,H3,H3,H3|1
FREE_INITIAL|2|6|A,H4,Q,H5,K,J|1
FREE_INITIAL|2|6|A,H4,T,T,T,K|1
FREE_INITIAL|2|6|A,H5,H1,Q,H3,H3|1
FREE_INITIAL|2|6|A,H5,H1,Q,K,T|1
FREE_INITIAL|2|6|A,H5,H2,H1,K,K|1
FREE_INITIAL|2|6|A,H5,H5,K,H3,Q|1
FREE_INITIAL|2|6|A,H5,K,K,H2,H4|1
FREE_INITIAL|2|6|A,H5,Q,Q,H3,J|1
FREE_INITIAL|2|6|A,J,H1,H1,H4,Scat|1
FREE_INITIAL|2|6|A,J,H3,K,H5,H4|1
FREE_INITIAL|2|6|A,J,H5,H3,H4,Q|1
FREE_INITIAL|2|6|A,K,H2,H1,H1,J|1
FREE_INITIAL|2|6|A,K,H2,H2,J,J|1
FREE_INITIAL|2|6|A,K,H3,H5,H5,H2|1
FREE_INITIAL|2|6|A,K,K,H2,H5,T|1
FREE_INITIAL|2|6|A,Q,H2,H2,Scat,H4|1
FREE_INITIAL|2|6|A,Q,H2,J,H5,H5|1
FREE_INITIAL|2|6|A,Q,K,K,K,H2|1
FREE_INITIAL|2|6|A,Scat,T,H3,Q,Q|1
FREE_INITIAL|2|6|A,T,H2,H2,H4,H4|1
FREE_INITIAL|2|6|A,T,H5,H5,H5,H5|1
FREE_INITIAL|2|6|A,T,J,H1,Q,H4|1
FREE_INITIAL|2|6|A,T,K,H1,H2,J|1
FREE_INITIAL|2|6|H1,A,A,T,J,J|1
FREE_INITIAL|2|6|H1,A,A,T,T,H5|1
FREE_INITIAL|2|6|H1,A,H2,H2,H2,T|1
FREE_INITIAL|2|6|H1,A,J,T,H4,Q|1
FREE_INITIAL|2|6|H1,H1,A,A,A,K|1
FREE_INITIAL|2|6|H1,H1,A,H5,Q,K|1
FREE_INITIAL|2|6|H1,H1,A,Q,H2,H5|1
FREE_INITIAL|2|6|H1,H1,H1,H5,H5,H5|1
FREE_INITIAL|2|6|H1,H1,H2,T,H5,K|1
FREE_INITIAL|2|6|H1,H1,H3,H4,T,H2|1
FREE_INITIAL|2|6|H1,H1,H3,K,J,X5|1
FREE_INITIAL|2|6|H1,H1,H4,K,K,H2|1
FREE_INITIAL|2|6|H1,H1,J,A,K,Q|1
FREE_INITIAL|2|6|H1,H1,J,H2,H2,H5|1
FREE_INITIAL|2|6|H1,H1,K,K,H4,H5|1
FREE_INITIAL|2|6|H1,H1,K,K,T,H5|1
FREE_INITIAL|2|6|H1,H1,K,T,Q,H3|1
FREE_INITIAL|2|6|H1,H1,Q,X7,H3,J|1
FREE_INITIAL|2|6|H1,H1,T,T,T,H3|1
FREE_INITIAL|2|6|H1,H2,A,J,J,Q|1
FREE_INITIAL|2|6|H1,H2,H4,H3,H3,K|1
FREE_INITIAL|2|6|H1,H2,Q,H3,H4,T|1
FREE_INITIAL|2|6|H1,H2,Q,K,H5,H4|1
FREE_INITIAL|2|6|H1,H2,T,Q,H3,A|1
FREE_INITIAL|2|6|H1,H3,H2,J,H5,H5|1
FREE_INITIAL|2|6|H1,H3,H3,H5,T,K|1
FREE_INITIAL|2|6|H1,H3,H5,H2,H4,Q|1
FREE_INITIAL|2|6|H1,H3,H5,H5,H2,H2|1
FREE_INITIAL|2|6|H1,H3,H5,H5,H4,A|1
FREE_INITIAL|2|6|H1,H4,J,J,K,H5|1
FREE_INITIAL|2|6|H1,H4,K,K,K,K|1
FREE_INITIAL|2|6|H1,H5,A,K,J,J|1
FREE_INITIAL|2|6|H1,H5,H3,H3,H3,K|1
FREE_INITIAL|2|6|H1,H5,H5,H3,T,K|1
FREE_INITIAL|2|6|H1,H5,H5,Q,K,J|1
FREE_INITIAL|2|6|H1,H5,J,H3,H4,H4|1
FREE_INITIAL|2|6|H1,J,H4,H4,H3,Q|1
FREE_INITIAL|2|6|H1,J,J,J,Scat,H3|1
FREE_INITIAL|2|6|H1,Q,K,H3,H4,H4|1
FREE_INITIAL|2|6|H1,Q,Q,H4,H4,H4|1
FREE_INITIAL|2|6|H1,Q,Q,K,J,J|1
FREE_INITIAL|2|6|H1,Scat,H5,J,Q,Q|1
FREE_INITIAL|2|6|H1,T,H4,A,A,K|1
FREE_INITIAL|2|6|H1,T,J,A,A,H5|1
FREE_INITIAL|2|6|H1,T,J,Q,A,K|1
FREE_INITIAL|2|6|H1,T,T,T,T,Q|1
FREE_INITIAL|2|6|H1,X15,J,H4,H4,H4|1
FREE_INITIAL|2|6|H2,A,H5,H5,H5,T|1
FREE_INITIAL|2|6|H2,A,H5,H5,T,Q|1
FREE_INITIAL|2|6|H2,A,T,T,H5,H1|1
FREE_INITIAL|2|6|H2,A,X7,H3,J,Q|1
FREE_INITIAL|2|6|H2,H1,H1,T,Q,Q|1
FREE_INITIAL|2|6|H2,H1,H5,H4,Q,K|1
FREE_INITIAL|2|6|H2,H1,K,K,H5,H5|1
FREE_INITIAL|2|6|H2,H1,T,H4,H5,J|1
FREE_INITIAL|2|6|H2,H2,A,K,T,H5|1
FREE_INITIAL|2|6|H2,H2,H1,J,A,T|1
FREE_INITIAL|2|6|H2,H2,H1,Q,A,H4|1
FREE_INITIAL|2|6|H2,H2,H2,A,A,A|1
FREE_INITIAL|2|6|H2,H2,H2,A,H5,H4|1
FREE_INITIAL|2|6|H2,H2,H2,H4,H1,H1|1
FREE_INITIAL|2|6|H2,H2,H2,J,K,H5|1
FREE_INITIAL|2|6|H2,H2,H2,X5,Scat,T|1
FREE_INITIAL|2|6|H2,H2,H3,H4,H1,A|1
FREE_INITIAL|2|6|H2,H2,H3,H5,J,K|1
FREE_INITIAL|2|6|H2,H2,H4,H1,H3,H5|1
FREE_INITIAL|2|6|H2,H2,H4,H5,T,K|1
FREE_INITIAL|2|6|H2,H2,J,H4,H1,Q|1
FREE_INITIAL|2|6|H2,H2,J,Q,H3,H5|1
FREE_INITIAL|2|6|H2,H2,K,Q,H1,A|1
FREE_INITIAL|2|6|H2,H3,A,A,H5,H4|1
FREE_INITIAL|2|6|H2,H3,K,T,T,H1|1
FREE_INITIAL|2|6|H2,H3,Q,A,J,H5|1
FREE_INITIAL|2|6|H2,H5,A,H1,H1,H1|1
FREE_INITIAL|2|6|H2,H5,A,T,K,J|1
FREE_INITIAL|2|6|H2,H5,H1,H1,H1,H1|1
FREE_INITIAL|2|6|H2,H5,H5,A,K,H3|1
FREE_INITIAL|2|6|H2,H5,H5,K,J,H4|1
FREE_INITIAL|2|6|H2,H5,J,A,H1,T|1
FREE_INITIAL|2|6|H2,H5,Q,Q,H3,H4|1
FREE_INITIAL|2|6|H2,J,H5,H4,A,T|1
FREE_INITIAL|2|6|H2,J,T,H5,H5,Q|1
FREE_INITIAL|2|6|H2,K,X5,H3,A,A|1
FREE_INITIAL|2|6|H2,Q,Q,Q,Q,A|1
FREE_INITIAL|2|6|H2,Q,T,T,H3,H5|1
FREE_INITIAL|2|6|H2,T,T,J,H5,H5|1
FREE_INITIAL|2|6|H3,A,A,A,T,H5|1
FREE_INITIAL|2|6|H3,A,A,A,T,Q|1
FREE_INITIAL|2|6|H3,A,A,K,Q,T|1
FREE_INITIAL|2|6|H3,A,K,Q,J,J|1
FREE_INITIAL|2|6|H3,H1,H1,H1,X5,H4|1
FREE_INITIAL|2|6|H3,H1,H1,J,H2,H5|1
FREE_INITIAL|2|6|H3,H1,H2,J,K,H4|1
FREE_INITIAL|2|6|H3,H2,H1,A,T,J|1
FREE_INITIAL|2|6|H3,H2,H4,H4,H4,Q|1
FREE_INITIAL|2|6|H3,H2,T,Q,K,K|1
FREE_INITIAL|2|6|H3,H3,A,A,A,T|1
FREE_INITIAL|2|6|H3,H3,A,H1,T,K|1
FREE_INITIAL|2|6|H3,H3,H1,H1,H1,H5|1
FREE_INITIAL|2|6|H3,H3,H1,K,Q,T|1
FREE_INITIAL|2|6|H3,H3,H1,T,T,T|1
FREE_INITIAL|2|6|H3,H3,H2,H4,H4,H1|1
FREE_INITIAL|2|6|H3,H3,H3,A,K,K|1
FREE_INITIAL|2|6|H3,H3,H3,H5,H4,J|1
FREE_INITIAL|2|6|H3,H3,H4,T,H5,A|1
FREE_INITIAL|2|6|H3,H3,J,H4,H4,H5|1
FREE_INITIAL|2|6|H3,H3,K,A,H2,H5|1
FREE_INITIAL|2|6|H3,H3,K,J,Q,H5|1
FREE_INITIAL|2|6|H3,H3,K,K,K,H5|1
FREE_INITIAL|2|6|H3,H3,Q,H1,H1,H1|1
FREE_INITIAL|2|6|H3,H3,T,K,H5,H4|1
FREE_INITIAL|2|6|H3,H3,T,Q,K,K|1
FREE_INITIAL|2|6|H3,H3,T,T,J,Q|1
FREE_INITIAL|2|6|H3,H4,A,A,T,H1|1
FREE_INITIAL|2|6|H3,H4,A,J,T,H5|1
FREE_INITIAL|2|6|H3,H4,H4,H4,H4,J|1
FREE_INITIAL|2|6|H3,H4,H4,H4,H4,Q|1
FREE_INITIAL|2|6|H3,H4,K,H2,H2,H5|1
FREE_INITIAL|2|6|H3,H4,Q,T,T,Scat|1
FREE_INITIAL|2|6|H3,H5,K,A,T,J|1
FREE_INITIAL|2|6|H3,H5,K,K,A,Q|1
FREE_INITIAL|2|6|H3,H5,Q,H4,J,A|1
FREE_INITIAL|2|6|H3,J,H2,T,A,A|1
FREE_INITIAL|2|6|H3,J,J,H4,A,A|1
FREE_INITIAL|2|6|H3,J,J,J,H5,T|1
FREE_INITIAL|2|6|H3,J,T,T,H5,H5|1
FREE_INITIAL|2|6|H3,K,H2,H2,H2,H1|1
FREE_INITIAL|2|6|H3,K,H4,J,J,Q|1
FREE_INITIAL|2|6|H3,K,J,A,A,A|1
FREE_INITIAL|2|6|H3,K,K,H4,H4,H4|1
FREE_INITIAL|2|6|H3,K,T,T,H1,H4|1
FREE_INITIAL|2|6|H3,Q,H1,J,X7,A|1
FREE_INITIAL|2|6|H3,T,A,K,K,H5|1
FREE_INITIAL|2|6|H3,T,H4,K,K,H5|1
FREE_INITIAL|2|6|H3,T,K,Q,J,A|1
FREE_INITIAL|2|6|H4,A,H5,H5,H2,H2|1
FREE_INITIAL|2|6|H4,A,J,Q,T,H2|1
FREE_INITIAL|2|6|H4,A,Q,H2,H2,H2|1
FREE_INITIAL|2|6|H4,H1,A,T,J,H2|1
FREE_INITIAL|2|6|H4,H1,H1,H1,H1,H5|1
FREE_INITIAL|2|6|H4,H1,H3,H5,Q,T|1
FREE_INITIAL|2|6|H4,H1,K,T,Q,H5|1
FREE_INITIAL|2|6|H4,H2,H5,H3,H3,H1|1
FREE_INITIAL|2|6|H4,H2,J,T,Q,H1|1
FREE_INITIAL|2|6|H4,H2,Q,J,K,K|1
FREE_INITIAL|2|6|H4,H2,Q,K,H5,J|1
FREE_INITIAL|2|6|H4,H3,K,H5,H1,H1|1
FREE_INITIAL|2|6|H4,H3,K,K,H5,T|1
FREE_INITIAL|2|6|H4,H4,A,A,A,X5|1
FREE_INITIAL|2|6|H4,H4,H1,T,A,A|1
FREE_INITIAL|2|6|H4,H4,H2,H2,T,A|1
FREE_INITIAL|2|6|H4,H4,H2,H3,A,A|1
FREE_INITIAL|2|6|H4,H4,H3,Q,Q,A|1
FREE_INITIAL|2|6|H4,H4,H3,X7,A,K|1
FREE_INITIAL|2|6|H4,H4,H4,A,H3,K|1
FREE_INITIAL|2|6|H4,H4,H4,H4,H2,Q|1
FREE_INITIAL|2|6|H4,H4,H4,H4,H4,H4|1
FREE_INITIAL|2|6|H4,H4,H4,H4,J,H2|1
FREE_INITIAL|2|6|H4,H4,K,A,A,H3|1
FREE_INITIAL|2|6|H4,H4,K,H2,H2,A|1
FREE_INITIAL|2|6|H4,H4,Q,H5,H5,H3|1
FREE_INITIAL|2|6|H4,H4,T,Q,H2,K|1
FREE_INITIAL|2|6|H4,J,A,H5,T,H3|1
FREE_INITIAL|2|6|H4,J,H1,Q,H2,H2|1
FREE_INITIAL|2|6|H4,J,H3,H5,K,K|1
FREE_INITIAL|2|6|H4,J,J,J,J,T|1
FREE_INITIAL|2|6|H4,J,J,Q,A,H1|1
FREE_INITIAL|2|6|H4,J,Q,Q,Q,Q|1
FREE_INITIAL|2|6|H4,Q,A,J,H2,K|1
FREE_INITIAL|2|6|H4,Q,H1,H5,H5,T|1
FREE_INITIAL|2|6|H4,Q,H5,H3,H2,H1|1
FREE_INITIAL|2|6|H4,Q,J,J,T,H1|1
FREE_INITIAL|2|6|H4,Q,Q,K,T,T|1
FREE_INITIAL|2|6|H4,T,T,T,T,Scat|1
FREE_INITIAL|2|6|H5,A,A,H1,H1,H4|1
FREE_INITIAL|2|6|H5,A,K,T,H4,H3|1
FREE_INITIAL|2|6|H5,A,T,T,J,J|1
FREE_INITIAL|2|6|H5,H1,A,Q,Q,J|1
FREE_INITIAL|2|6|H5,H1,H1,H3,H3,H3|1
FREE_INITIAL|2|6|H5,H1,H1,H3,J,J|1
FREE_INITIAL|2|6|H5,H1,H4,H2,H2,K|1
FREE_INITIAL|2|6|H5,H1,K,Scat,H3,A|1
FREE_INITIAL|2|6|H5,H1,Q,H3,H3,H2|1
FREE_INITIAL|2|6|H5,H1,Q,K,H4,A|1
FREE_INITIAL|2|6|H5,H1,Q,Scat,T,J|1
FREE_INITIAL|2|6|H5,H2,H1,H3,H3,T|1
FREE_INITIAL|2|6|H5,H2,H2,H2,H3,Q|1
FREE_INITIAL|2|6|H5,H2,J,J,A,A|1
FREE_INITIAL|2|6|H5,H2,J,J,H1,Q|1
FREE_INITIAL|2|6|H5,H2,K,T,T,H1|1
FREE_INITIAL|2|6|H5,H3,H2,T,H1,H4|1
FREE_INITIAL|2|6|H5,H3,Q,H4,H4,J|1
FREE_INITIAL|2|6|H5,H4,H4,H4,H1,H3|1
FREE_INITIAL|2|6|H5,H4,K,X7,A,A|1
FREE_INITIAL|2|6|H5,H5,A,A,H1,H1|1
FREE_INITIAL|2|6|H5,H5,A,H1,H1,J|1
FREE_INITIAL|2|6|H5,H5,A,H3,Q,Q|1
FREE_INITIAL|2|6|H5,H5,H1,A,H2,H4|1
FREE_INITIAL|2|6|H5,H5,H2,A,K,H1|1
FREE_INITIAL|2|6|H5,H5,H3,H3,H1,H1|1
FREE_INITIAL|2|6|H5,H5,H4,A,X7,H1|1
FREE_INITIAL|2|6|H5,H5,H4,T,T,H2|1
FREE_INITIAL|2|6|H5,H5,H5,H1,J,K|1
FREE_INITIAL|2|6|H5,H5,H5,H1,X7,H3|1
FREE_INITIAL|2|6|H5,H5,H5,H4,H3,H3|1
FREE_INITIAL|2|6|H5,H5,H5,H5,H5,H5|1
FREE_INITIAL|2|6|H5,H5,Scat,H5,H5,T|1
FREE_INITIAL|2|6|H5,J,H3,H3,H1,H1|1
FREE_INITIAL|2|6|H5,J,J,A,A,A|1
FREE_INITIAL|2|6|H5,J,J,H4,H4,T|1
FREE_INITIAL|2|6|H5,J,J,J,H3,K|1
FREE_INITIAL|2|6|H5,J,J,K,T,H3|1
FREE_INITIAL|2|6|H5,J,J,Q,T,H2|1
FREE_INITIAL|2|6|H5,J,K,Q,Q,H4|1
FREE_INITIAL|2|6|H5,K,J,J,H3,H3|1
FREE_INITIAL|2|6|H5,K,K,J,T,H4|1
FREE_INITIAL|2|6|H5,K,K,K,K,J|1
FREE_INITIAL|2|6|H5,Q,H3,A,K,T|1
FREE_INITIAL|2|6|H5,Q,H4,H3,K,X7|1
FREE_INITIAL|2|6|H5,Q,Q,Q,Q,H4|1
FREE_INITIAL|2|6|H5,T,H1,H1,K,K|1
FREE_INITIAL|2|6|H5,T,H4,H4,H4,A|1
FREE_INITIAL|2|6|H5,T,K,H1,H3,Q|1
FREE_INITIAL|2|6|H5,T,Q,Q,H4,H2|1
FREE_INITIAL|2|6|H5,T,T,T,T,A|1
FREE_INITIAL|2|6|J,A,A,A,X15,H5|1
FREE_INITIAL|2|6|J,A,H1,H1,H4,H3|1
FREE_INITIAL|2|6|J,A,H5,H1,H1,H3|1
FREE_INITIAL|2|6|J,A,H5,H2,H2,H2|1
FREE_INITIAL|2|6|J,A,K,H2,H2,H2|1
FREE_INITIAL|2|6|J,A,K,K,Q,H2|1
FREE_INITIAL|2|6|J,A,T,T,T,X5|1
FREE_INITIAL|2|6|J,H1,H1,H3,K,A|1
FREE_INITIAL|2|6|J,H1,H4,T,T,T|1
FREE_INITIAL|2|6|J,H1,K,H4,Q,A|1
FREE_INITIAL|2|6|J,H1,X5,H5,H4,H4|1
FREE_INITIAL|2|6|J,H2,H2,H2,H5,K|1
FREE_INITIAL|2|6|J,H3,H3,H3,H3,H3|1
FREE_INITIAL|2|6|J,H3,H3,Q,T,K|1
FREE_INITIAL|2|6|J,H3,H5,H5,Q,Q|1
FREE_INITIAL|2|6|J,H3,T,K,H2,H2|1
FREE_INITIAL|2|6|J,H4,H3,A,A,K|1
FREE_INITIAL|2|6|J,H4,T,H2,H2,Q|1
FREE_INITIAL|2|6|J,H5,A,H4,Q,H2|1
FREE_INITIAL|2|6|J,H5,H2,H2,H1,A|1
FREE_INITIAL|2|6|J,H5,H5,H5,Q,K|1
FREE_INITIAL|2|6|J,H5,H5,K,H3,H3|1
FREE_INITIAL|2|6|J,H5,K,H2,T,H4|1
FREE_INITIAL|2|6|J,J,A,A,H4,H4|1
FREE_INITIAL|2|6|J,J,A,H3,H5,Scat|1
FREE_INITIAL|2|6|J,J,H2,H5,H5,Q|1
FREE_INITIAL|2|6|J,J,H3,H2,H5,T|1
FREE_INITIAL|2|6|J,J,H4,H4,Q,H2|1
FREE_INITIAL|2|6|J,J,H4,H5,H5,H5|1
FREE_INITIAL|2|6|J,J,H5,H5,A,H4|1
FREE_INITIAL|2|6|J,J,H5,K,H4,A|1
FREE_INITIAL|2|6|J,J,J,H2,H2,H2|1
FREE_INITIAL|2|6|J,J,J,J,H3,H3|1
FREE_INITIAL|2|6|J,J,J,J,J,T|2
FREE_INITIAL|2|6|J,J,K,H5,A,A|1
FREE_INITIAL|2|6|J,J,Q,Q,H5,H5|1
FREE_INITIAL|2|6|J,J,Q,X7,H5,K|1
FREE_INITIAL|2|6|J,J,T,A,A,Q|1
FREE_INITIAL|2|6|J,J,T,H4,H3,X7|1
FREE_INITIAL|2|6|J,J,T,T,Q,H3|1
FREE_INITIAL|2|6|J,K,H4,H1,H3,Q|1
FREE_INITIAL|2|6|J,K,H5,T,H4,Q|1
FREE_INITIAL|2|6|J,K,K,H2,H2,T|1
FREE_INITIAL|2|6|J,K,K,K,K,H2|1
FREE_INITIAL|2|6|J,K,Q,H5,H5,A|1
FREE_INITIAL|2|6|J,K,T,H4,H4,Q|1
FREE_INITIAL|2|6|J,Q,Q,H4,H3,T|1
FREE_INITIAL|2|6|J,Scat,A,H5,Q,H3|1
FREE_INITIAL|2|6|J,T,H1,X5,H4,H5|1
FREE_INITIAL|2|6|J,T,H2,H3,K,K|1
FREE_INITIAL|2|6|K,A,H1,J,Q,H4|1
FREE_INITIAL|2|6|K,H1,H1,H3,J,J|1
FREE_INITIAL|2|6|K,H1,H1,Q,T,H2|1
FREE_INITIAL|2|6|K,H1,J,H4,H3,Q|1
FREE_INITIAL|2|6|K,H1,J,J,Q,Q|1
FREE_INITIAL|2|6|K,H2,A,A,A,H1|1
FREE_INITIAL|2|6|K,H2,H2,H2,Q,H1|1
FREE_INITIAL|2|6|K,H2,H2,H2,T,J|1
FREE_INITIAL|2|6|K,H2,H2,H5,H5,H4|1
FREE_INITIAL|2|6|K,H3,H1,Q,H5,A|1
FREE_INITIAL|2|6|K,H3,H3,A,H4,H4|1
FREE_INITIAL|2|6|K,H3,H4,T,T,H5|1
FREE_INITIAL|2|6|K,H3,J,J,H2,Q|1
FREE_INITIAL|2|6|K,H4,H3,A,H5,H5|1
FREE_INITIAL|2|6|K,H4,H3,H3,T,T|1
FREE_INITIAL|2|6|K,H4,H4,T,H3,Q|1
FREE_INITIAL|2|6|K,H4,H5,Scat,H1,H1|1
FREE_INITIAL|2|6|K,H4,T,H5,H5,J|1
FREE_INITIAL|2|6|K,H5,A,A,A,H1|1
FREE_INITIAL|2|6|K,H5,H5,J,T,A|1
FREE_INITIAL|2|6|K,H5,H5,T,T,H1|1
FREE_INITIAL|2|6|K,H5,J,H3,T,Q|1
FREE_INITIAL|2|6|K,H5,Q,H4,J,H2|1
FREE_INITIAL|2|6|K,H5,T,A,H1,H1|1
FREE_INITIAL|2|6|K,J,A,H4,H4,Q|1
FREE_INITIAL|2|6|K,J,H2,H5,H1,H4|1
FREE_INITIAL|2|6|K,J,H3,H2,H5,A|1
FREE_INITIAL|2|6|K,J,J,H4,H3,H3|1
FREE_INITIAL|2|6|K,J,Q,H5,H4,A|1
FREE_INITIAL|2|6|K,K,A,H3,T,H1|1
FREE_INITIAL|2|6|K,K,A,H5,H4,H4|1
FREE_INITIAL|2|6|K,K,H1,Q,A,H2|1
FREE_INITIAL|2|6|K,K,H2,H5,H1,H1|1
FREE_INITIAL|2|6|K,K,H3,H1,H4,Q|1
FREE_INITIAL|2|6|K,K,K,A,A,A|1
FREE_INITIAL|2|6|K,K,K,H2,H5,H5|1
FREE_INITIAL|2|6|K,K,K,H4,H3,T|1
FREE_INITIAL|2|6|K,K,K,K,A,H3|1
FREE_INITIAL|2|6|K,K,K,K,J,J|1
FREE_INITIAL|2|6|K,K,K,Q,A,T|1
FREE_INITIAL|2|6|K,K,K,T,Scat,H1|1
FREE_INITIAL|2|6|K,K,Q,H5,J,J|1
FREE_INITIAL|2|6|K,K,Q,Q,H5,A|1
FREE_INITIAL|2|6|K,K,Scat,H3,H2,H5|1
FREE_INITIAL|2|6|K,Q,A,H3,H3,H4|1
FREE_INITIAL|2|6|K,Q,A,T,T,H3|1
FREE_INITIAL|2|6|K,Q,H2,H4,H4,T|1
FREE_INITIAL|2|6|K,Q,H4,H1,T,H2|1
FREE_INITIAL|2|6|K,T,A,Q,H5,H4|1
FREE_INITIAL|2|6|K,T,H1,A,H4,J|1
FREE_INITIAL|2|6|K,T,H2,H1,H4,J|1
FREE_INITIAL|2|6|K,T,H4,H5,A,A|1
FREE_INITIAL|2|6|K,T,H5,J,J,Scat|1
FREE_INITIAL|2|6|K,T,Scat,H3,Q,H5|1
FREE_INITIAL|2|6|K,T,T,T,Q,J|1
FREE_INITIAL|2|6|K,X5,H3,H2,H2,A|1
FREE_INITIAL|2|6|Q,A,A,A,A,A|1
FREE_INITIAL|2|6|Q,A,A,H3,H4,H4|1
FREE_INITIAL|2|6|Q,A,H5,H5,H4,H2|1
FREE_INITIAL|2|6|Q,A,T,T,H2,H2|1
FREE_INITIAL|2|6|Q,H1,A,K,H2,H2|1
FREE_INITIAL|2|6|Q,H1,H3,A,H4,J|1
FREE_INITIAL|2|6|Q,H1,K,H2,H3,H3|1
FREE_INITIAL|2|6|Q,H1,T,T,T,T|1
FREE_INITIAL|2|6|Q,H3,H1,H1,J,J|1
FREE_INITIAL|2|6|Q,H3,H3,H2,J,J|1
FREE_INITIAL|2|6|Q,H3,H3,H4,H2,H2|1
FREE_INITIAL|2|6|Q,H3,H4,T,H5,H2|1
FREE_INITIAL|2|6|Q,H3,J,J,K,K|1
FREE_INITIAL|2|6|Q,H4,H1,H3,H3,J|1
FREE_INITIAL|2|6|Q,H4,H1,T,A,A|1
FREE_INITIAL|2|6|Q,H4,H4,H4,J,H5|1
FREE_INITIAL|2|6|Q,H4,H4,H5,K,H3|1
FREE_INITIAL|2|6|Q,H5,A,A,A,J|1
FREE_INITIAL|2|6|Q,H5,H4,H2,J,H3|1
FREE_INITIAL|2|6|Q,H5,K,K,T,J|1
FREE_INITIAL|2|6|Q,J,H1,H5,T,A|1
FREE_INITIAL|2|6|Q,J,H2,H2,A,A|1
FREE_INITIAL|2|6|Q,J,J,H5,K,A|1
FREE_INITIAL|2|6|Q,J,J,J,H5,X7|1
FREE_INITIAL|2|6|Q,K,A,H5,H3,H3|1
FREE_INITIAL|2|6|Q,K,J,H5,H5,H2|1
FREE_INITIAL|2|6|Q,K,Scat,H5,H5,T|1
FREE_INITIAL|2|6|Q,Q,A,A,H5,H2|1
FREE_INITIAL|2|6|Q,Q,H1,Scat,H1,H1|1
FREE_INITIAL|2|6|Q,Q,H3,H3,H3,H3|1
FREE_INITIAL|2|6|Q,Q,H4,K,A,H2|1
FREE_INITIAL|2|6|Q,Q,H4,K,A,H3|1
FREE_INITIAL|2|6|Q,Q,H5,K,H1,H1|1
FREE_INITIAL|2|6|Q,Q,K,H2,T,H3|1
FREE_INITIAL|2|6|Q,Q,Q,H1,H1,T|1
FREE_INITIAL|2|6|Q,Q,Q,H2,H4,J|1
FREE_INITIAL|2|6|Q,Q,Q,H3,T,H2|1
FREE_INITIAL|2|6|Q,Q,Q,J,H2,T|1
FREE_INITIAL|2|6|Q,Q,Q,J,H5,H2|1
FREE_INITIAL|2|6|Q,Q,T,K,H4,X7|1
FREE_INITIAL|2|6|Q,Q,T,T,H2,H2|1
FREE_INITIAL|2|6|Q,Q,T,T,K,K|1
FREE_INITIAL|2|6|Q,T,A,A,J,J|1
FREE_INITIAL|2|6|Q,T,H3,H5,H5,H1|1
FREE_INITIAL|2|6|Q,T,H4,H1,A,A|1
FREE_INITIAL|2|6|Q,T,K,H2,H1,A|1
FREE_INITIAL|2|6|Scat,H1,H2,Q,A,K|1
FREE_INITIAL|2|6|Scat,H3,A,A,H5,H5|1
FREE_INITIAL|2|6|Scat,H5,H5,H1,H4,A|1
FREE_INITIAL|2|6|Scat,Q,H3,K,X7,H1|1
FREE_INITIAL|2|6|T,A,A,K,H5,H5|1
FREE_INITIAL|2|6|T,A,H4,H3,H3,H2|1
FREE_INITIAL|2|6|T,A,J,H2,Q,H1|1
FREE_INITIAL|2|6|T,H1,H1,J,J,H3|1
FREE_INITIAL|2|6|T,H1,H2,H2,H2,Q|1
FREE_INITIAL|2|6|T,H1,H4,H3,H3,H5|1
FREE_INITIAL|2|6|T,H1,K,H3,H4,A|1
FREE_INITIAL|2|6|T,H2,H2,H3,A,X7|1
FREE_INITIAL|2|6|T,H2,K,H1,H4,H4|1
FREE_INITIAL|2|6|T,H3,A,A,H1,H2|1
FREE_INITIAL|2|6|T,H3,A,K,K,J|1
FREE_INITIAL|2|6|T,H3,H3,H3,A,A|1
FREE_INITIAL|2|6|T,H3,H3,H3,K,H4|1
FREE_INITIAL|2|6|T,H3,H5,J,A,Q|1
FREE_INITIAL|2|6|T,H4,H4,H4,H2,A|1
FREE_INITIAL|2|6|T,H4,H5,H5,H5,H1|1
FREE_INITIAL|2|6|T,H5,H2,A,A,H4|1
FREE_INITIAL|2|6|T,H5,Scat,A,H4,H3|1
FREE_INITIAL|2|6|T,J,H4,A,H1,H1|1
FREE_INITIAL|2|6|T,J,J,Q,Q,H2|1
FREE_INITIAL|2|6|T,K,A,H4,H5,H5|1
FREE_INITIAL|2|6|T,K,K,H2,H5,H5|1
FREE_INITIAL|2|6|T,K,K,K,H4,H4|1
FREE_INITIAL|2|6|T,K,Q,H4,H4,J|1
FREE_INITIAL|2|6|T,Q,J,H2,K,K|1
FREE_INITIAL|2|6|T,Q,K,H5,H5,Scat|1
FREE_INITIAL|2|6|T,Q,K,K,K,H3|1
FREE_INITIAL|2|6|T,T,H2,H5,J,X5|1
FREE_INITIAL|2|6|T,T,H4,H4,H1,H1|1
FREE_INITIAL|2|6|T,T,J,J,H5,Q|1
FREE_INITIAL|2|6|T,T,K,H1,H1,H1|1
FREE_INITIAL|2|6|T,T,K,J,H2,H5|1
FREE_INITIAL|2|6|T,T,Q,J,J,H3|1
FREE_INITIAL|2|6|T,T,Q,K,K,H2|1
FREE_INITIAL|2|6|T,T,T,H1,H4,H4|1
FREE_INITIAL|2|6|T,T,T,T,J,K|1
FREE_INITIAL|2|6|X15,H4,H5,K,Q,H1|1
FREE_INITIAL|2|6|X5,A,H1,H2,H4,H4|1
FREE_INITIAL|2|6|X5,A,K,K,J,J|1
FREE_INITIAL|2|6|X5,H2,T,H4,H4,H5|1
FREE_INITIAL|2|6|X5,H3,H1,H5,J,A|1
FREE_INITIAL|2|6|X5,H4,H1,T,H3,J|1
FREE_INITIAL|2|6|X5,H5,J,K,K,K|1
FREE_INITIAL|2|6|X7,H1,H1,H2,H5,H5|1
FREE_INITIAL|2|6|X7,H4,H3,J,H1,H1|1
FREE_INITIAL|3|6|A,A,A,A,A,H1|1
FREE_INITIAL|3|6|A,A,A,H3,T,T|1
FREE_INITIAL|3|6|A,A,H3,H3,H2,H2|1
FREE_INITIAL|3|6|A,A,J,K,H2,H1|1
FREE_INITIAL|3|6|A,A,T,J,H5,K|1
FREE_INITIAL|3|6|A,A,T,Q,H5,H2|1
FREE_INITIAL|3|6|A,A,T,T,Scat,H4|1
FREE_INITIAL|3|6|A,H1,H3,H3,H5,H5|1
FREE_INITIAL|3|6|A,H1,T,T,T,J|1
FREE_INITIAL|3|6|A,H2,H1,H1,K,H5|1
FREE_INITIAL|3|6|A,H2,H2,H1,H1,J|1
FREE_INITIAL|3|6|A,H2,H2,H2,H5,H4|1
FREE_INITIAL|3|6|A,H2,H2,H3,K,K|1
FREE_INITIAL|3|6|A,H2,H3,H3,H5,H1|1
FREE_INITIAL|3|6|A,H3,H3,H1,H1,H2|1
FREE_INITIAL|3|6|A,H3,J,T,H1,K|1
FREE_INITIAL|3|6|A,H5,H2,H4,H4,J|1
FREE_INITIAL|3|6|A,H5,H4,Q,K,H2|1
FREE_INITIAL|3|6|A,H5,J,H4,H1,T|1
FREE_INITIAL|3|6|A,H5,Q,H3,H1,H1|1
FREE_INITIAL|3|6|A,H5,T,H2,K,K|1
FREE_INITIAL|3|6|A,H5,T,K,H1,Q|1
FREE_INITIAL|3|6|A,H5,T,Q,H4,J|1
FREE_INITIAL|3|6|A,J,H1,H1,H1,H4|1
FREE_INITIAL|3|6|A,J,J,H2,H2,H2|1
FREE_INITIAL|3|6|A,J,K,K,K,H5|1
FREE_INITIAL|3|6|A,J,T,H4,Q,H5|1
FREE_INITIAL|3|6|A,J,T,T,H1,X5|1
FREE_INITIAL|3|6|A,K,H4,H1,H1,J|1
FREE_INITIAL|3|6|A,Q,H1,H1,X5,H5|1
FREE_INITIAL|3|6|A,Q,H5,H5,J,J|1
FREE_INITIAL|3|6|A,Q,K,H3,T,H2|1
FREE_INITIAL|3|6|A,Q,Q,H4,H3,X5|1
FREE_INITIAL|3|6|A,T,Q,H2,H3,J|1
FREE_INITIAL|3|6|A,T,T,H5,H3,H4|1
FREE_INITIAL|3|6|H1,A,A,A,H3,H3|1
FREE_INITIAL|3|6|H1,A,A,A,K,K|1
FREE_INITIAL|3|6|H1,A,A,H3,J,T|1
FREE_INITIAL|3|6|H1,A,A,K,H3,T|1
FREE_INITIAL|3|6|H1,A,H4,H4,H3,J|1
FREE_INITIAL|3|6|H1,A,H5,H5,Q,H3|1
FREE_INITIAL|3|6|H1,A,K,K,H5,H4|1
FREE_INITIAL|3|6|H1,A,K,K,K,H2|1
FREE_INITIAL|3|6|H1,A,Q,H3,H3,H3|1
FREE_INITIAL|3|6|H1,H1,A,A,H2,H2|1
FREE_INITIAL|3|6|H1,H1,A,H4,Q,Q|1
FREE_INITIAL|3|6|H1,H1,H1,H1,A,H3|1
FREE_INITIAL|3|6|H1,H1,H1,H1,H1,H1|1
FREE_INITIAL|3|6|H1,H1,H1,H1,H4,H5|1
FREE_INITIAL|3|6|H1,H1,H1,H2,H2,H2|1
FREE_INITIAL|3|6|H1,H1,H1,H3,A,H4|1
FREE_INITIAL|3|6|H1,H1,H1,H4,Q,H3|1
FREE_INITIAL|3|6|H1,H1,H2,K,A,H5|1
FREE_INITIAL|3|6|H1,H1,H3,A,A,H4|1
FREE_INITIAL|3|6|H1,H1,H3,H3,H4,Q|1
FREE_INITIAL|3|6|H1,H1,H3,H5,K,H2|1
FREE_INITIAL|3|6|H1,H1,H4,K,Q,A|1
FREE_INITIAL|3|6|H1,H1,H4,K,Q,H2|1
FREE_INITIAL|3|6|H1,H1,K,H4,H4,H4|1
FREE_INITIAL|3|6|H1,H1,K,Q,A,H3|1
FREE_INITIAL|3|6|H1,H1,Q,K,K,K|1
FREE_INITIAL|3|6|H1,H2,A,A,J,H3|1
FREE_INITIAL|3|6|H1,H2,H2,H2,Q,K|1
FREE_INITIAL|3|6|H1,H2,H2,H3,K,Q|1
FREE_INITIAL|3|6|H1,H4,H2,J,J,J|1
FREE_INITIAL|3|6|H1,H4,H4,H3,H3,Q|1
FREE_INITIAL|3|6|H1,H4,Q,J,T,T|1
FREE_INITIAL|3|6|H1,H4,Q,K,J,H2|1
FREE_INITIAL|3|6|H1,H5,A,H2,Q,K|1
FREE_INITIAL|3|6|H1,H5,H5,A,X5,H2|1
FREE_INITIAL|3|6|H1,H5,H5,J,T,A|1
FREE_INITIAL|3|6|H1,H5,H5,Q,H2,H4|1
FREE_INITIAL|3|6|H1,H5,J,T,H3,A|1
FREE_INITIAL|3|6|H1,H5,K,K,J,H2|1
FREE_INITIAL|3|6|H1,H5,K,Q,Q,T|1
FREE_INITIAL|3|6|H1,H5,Q,Q,Q,T|1
FREE_INITIAL|3|6|H1,J,J,H3,A,A|1
FREE_INITIAL|3|6|H1,J,K,A,A,A|1
FREE_INITIAL|3|6|H1,J,T,K,Q,Q|1
FREE_INITIAL|3|6|H1,K,A,H4,H3,J|1
FREE_INITIAL|3|6|H1,K,J,J,H3,X7|1
FREE_INITIAL|3|6|H1,K,K,H5,X5,T|1
FREE_INITIAL|3|6|H1,Q,H5,J,T,H2|1
FREE_INITIAL|3|6|H1,Q,T,T,X7,H2|1
FREE_INITIAL|3|6|H1,T,H2,A,H5,H5|1
FREE_INITIAL|3|6|H1,T,H3,H5,J,J|1
FREE_INITIAL|3|6|H1,T,H5,H3,H3,K|1
FREE_INITIAL|3|6|H1,T,K,K,J,H4|1
FREE_INITIAL|3|6|H1,T,T,K,Q,Q|1
FREE_INITIAL|3|6|H2,A,A,A,H5,K|1
FREE_INITIAL|3|6|H2,A,A,H3,H3,H3|1
FREE_INITIAL|3|6|H2,A,H3,H3,T,K|1
FREE_INITIAL|3|6|H2,H1,H4,H4,T,T|1
FREE_INITIAL|3|6|H2,H1,J,H5,H3,H4|1
FREE_INITIAL|3|6|H2,H1,T,K,H5,A|1
FREE_INITIAL|3|6|H2,H1,T,T,K,K|1
FREE_INITIAL|3|6|H2,H2,A,A,A,Scat|1
FREE_INITIAL|3|6|H2,H2,H1,H1,H1,T|1
FREE_INITIAL|3|6|H2,H2,H1,H3,H4,K|1
FREE_INITIAL|3|6|H2,H2,H2,A,Q,H5|1
FREE_INITIAL|3|6|H2,H2,H2,H1,A,K|1
FREE_INITIAL|3|6|H2,H2,H2,H2,A,A|1
FREE_INITIAL|3|6|H2,H2,H2,H2,H2,T|1
FREE_INITIAL|3|6|H2,H2,H2,H3,T,H4|1
FREE_INITIAL|3|6|H2,H2,H2,J,H4,H4|1
FREE_INITIAL|3|6|H2,H2,H2,K,K,T|1
FREE_INITIAL|3|6|H2,H2,H3,H3,H3,A|1
FREE_INITIAL|3|6|H2,H2,H4,H4,Q,Q|1
FREE_INITIAL|3|6|H2,H2,K,H1,A,H3|1
FREE_INITIAL|3|6|H2,H2,K,K,T,J|1
FREE_INITIAL|3|6|H2,H2,K,Scat,H1,H1|1
FREE_INITIAL|3|6|H2,H2,Scat,K,X15,H4|1
FREE_INITIAL|3|6|H2,H2,X5,Q,H5,T|1
FREE_INITIAL|3|6|H2,H3,A,K,T,H4|1
FREE_INITIAL|3|6|H2,H3,H1,H5,H4,A|1
FREE_INITIAL|3|6|H2,H3,H3,T,T,T|1
FREE_INITIAL|3|6|H2,H3,Q,J,T,H1|1
FREE_INITIAL|3|6|H2,H4,H4,H4,H4,H4|1
FREE_INITIAL|3|6|H2,H4,H4,J,H1,H1|1
FREE_INITIAL|3|6|H2,H4,H4,J,J,H1|1
FREE_INITIAL|3|6|H2,H4,H5,H5,H3,H3|1
FREE_INITIAL|3|6|H2,H5,A,H1,H1,H3|1
FREE_INITIAL|3|6|H2,H5,H5,A,K,X15|1
FREE_INITIAL|3|6|H2,H5,H5,H3,H1,H1|1
FREE_INITIAL|3|6|H2,H5,H5,H5,H5,H3|1
FREE_INITIAL|3|6|H2,H5,Q,Q,J,H3|1
FREE_INITIAL|3|6|H2,H5,T,H3,H3,J|1
FREE_INITIAL|3|6|H2,J,H4,T,H1,H1|1
FREE_INITIAL|3|6|H2,J,J,J,A,H3|1
FREE_INITIAL|3|6|H2,J,J,K,H1,H1|1
FREE_INITIAL|3|6|H2,J,K,K,Q,H4|1
FREE_INITIAL|3|6|H2,J,T,H3,H1,A|1
FREE_INITIAL|3|6|H2,K,A,H3,H3,H3|1
FREE_INITIAL|3|6|H2,K,A,H3,T,T|1
FREE_INITIAL|3|6|H2,K,K,K,Q,H5|1
FREE_INITIAL|3|6|H2,K,T,T,T,H5|1
FREE_INITIAL|3|6|H2,Q,H1,H1,T,A|1
FREE_INITIAL|3|6|H2,Q,H4,H4,K,X7|1
FREE_INITIAL|3|6|H2,Q,H5,J,K,A|1
FREE_INITIAL|3|6|H2,Q,Q,H5,H3,K|1
FREE_INITIAL|3|6|H2,T,H4,K,K,Q|1
FREE_INITIAL|3|6|H2,T,Q,H3,H1,H1|1
FREE_INITIAL|3|6|H2,T,Q,H4,K,H1|1
FREE_INITIAL|3|6|H2,T,T,T,T,T|1
FREE_INITIAL|3|6|H2,X5,A,K,H4,Q|1
FREE_INITIAL|3|6|H3,A,H1,H1,H2,T|1
FREE_INITIAL|3|6|H3,A,H4,Scat,T,Q|1
FREE_INITIAL|3|6|H3,A,H5,H5,T,H2|1
FREE_INITIAL|3|6|H3,H1,H1,H4,H2,T|1
FREE_INITIAL|3|6|H3,H1,H4,A,K,J|1
FREE_INITIAL|3|6|H3,H1,K,X7,H5,H2|1
FREE_INITIAL|3|6|H3,H2,H2,H2,H2,T|1
FREE_INITIAL|3|6|H3,H2,K,A,J,T|1
FREE_INITIAL|3|6|H3,H3,H1,A,A,A|1
FREE_INITIAL|3|6|H3,H3,H1,H1,A,J|1
FREE_INITIAL|3|6|H3,H3,H1,H4,A,T|1
FREE_INITIAL|3|6|H3,H3,H3,A,H1,T|1
FREE_INITIAL|3|6|H3,H3,H3,H3,H5,H5|1
FREE_INITIAL|3|6|H3,H3,H3,H4,H2,K|1
FREE_INITIAL|3|6|H3,H3,H4,H1,T,H2|1
FREE_INITIAL|3|6|H3,H3,H4,J,J,J|1
FREE_INITIAL|3|6|H3,H3,H4,Q,Q,A|1
FREE_INITIAL|3|6|H3,H3,H5,A,K,X5|1
FREE_INITIAL|3|6|H3,H3,H5,X5,H1,A|1
FREE_INITIAL|3|6|H3,H3,J,H4,H4,H2|1
FREE_INITIAL|3|6|H3,H3,K,J,H1,H5|1
FREE_INITIAL|3|6|H3,H3,Q,H4,H4,X7|1
FREE_INITIAL|3|6|H3,H3,Q,J,J,T|1
FREE_INITIAL|3|6|H3,H3,Q,Q,H2,H1|1
FREE_INITIAL|3|6|H3,H3,Scat,H2,K,A|1
FREE_INITIAL|3|6|H3,H3,T,T,H5,H1|1
FREE_INITIAL|3|6|H3,H4,H1,K,A,T|1
FREE_INITIAL|3|6|H3,H4,J,J,K,A|1
FREE_INITIAL|3|6|H3,H5,H5,H2,A,A|1
FREE_INITIAL|3|6|H3,H5,H5,H5,H1,H1|1
FREE_INITIAL|3|6|H3,H5,H5,K,K,H4|1
FREE_INITIAL|3|6|H3,H5,K,H2,T,J|1
FREE_INITIAL|3|6|H3,H5,Q,H1,K,H2|1
FREE_INITIAL|3|6|H3,J,H5,H5,H1,H4|1
FREE_INITIAL|3|6|H3,J,K,H1,H1,H1|1
FREE_INITIAL|3|6|H3,J,K,K,K,A|1
FREE_INITIAL|3|6|H3,K,H2,J,J,J|1
FREE_INITIAL|3|6|H3,K,H2,Q,Q,H1|1
FREE_INITIAL|3|6|H3,K,K,A,J,H4|1
FREE_INITIAL|3|6|H3,Q,H1,H1,T,X15|1
FREE_INITIAL|3|6|H3,Q,J,K,A,H5|1
FREE_INITIAL|3|6|H3,Q,J,K,H4,A|1
FREE_INITIAL|3|6|H3,T,H1,H1,K,H5|1
FREE_INITIAL|3|6|H3,T,H2,A,A,H4|1
FREE_INITIAL|3|6|H3,T,H4,H2,H2,J|1
FREE_INITIAL|3|6|H4,A,Q,J,J,H1|1
FREE_INITIAL|3|6|H4,A,T,H2,H3,Q|1
FREE_INITIAL|3|6|H4,H1,H1,H5,T,H3|1
FREE_INITIAL|3|6|H4,H1,J,T,T,K|1
FREE_INITIAL|3|6|H4,H1,Q,K,A,T|1
FREE_INITIAL|3|6|H4,H2,A,H1,Q,K|1
FREE_INITIAL|3|6|H4,H2,H3,H3,H1,H1|1
FREE_INITIAL|3|6|H4,H2,H3,Q,A,H1|1
FREE_INITIAL|3|6|H4,H2,J,J,J,H3|1
FREE_INITIAL|3|6|H4,H2,T,K,A,J|1
FREE_INITIAL|3|6|H4,H3,H3,A,A,H2|1
FREE_INITIAL|3|6|H4,H3,H5,Q,Q,H1|1
FREE_INITIAL|3|6|H4,H3,H5,Q,Q,T|1
FREE_INITIAL|3|6|H4,H3,J,H2,H2,K|1
FREE_INITIAL|3|6|H4,H3,K,K,H1,H2|1
FREE_INITIAL|3|6|H4,H4,H2,H5,H5,H5|1
FREE_INITIAL|3|6|H4,H4,H3,H3,T,J|1
FREE_INITIAL|3|6|H4,H4,H3,J,H1,H1|1
FREE_INITIAL|3|6|H4,H4,H3,K,K,X7|1
FREE_INITIAL|3|6|H4,H4,H4,A,H1,H1|1
FREE_INITIAL|3|6|H4,H4,H4,H2,J,H5|1
FREE_INITIAL|3|6|H4,H4,H4,H3,Q,Q|1
FREE_INITIAL|3|6|H4,H4,H4,H4,H1,H1|1
FREE_INITIAL|3|6|H4,H4,H4,H4,Q,H2|1
FREE_INITIAL|3|6|H4,H4,H5,H5,H5,K|1
FREE_INITIAL|3|6|H4,H4,J,A,H5,K|1
FREE_INITIAL|3|6|H4,H4,J,H1,H2,H2|1
FREE_INITIAL|3|6|H4,H4,J,H2,H2,K|1
FREE_INITIAL|3|6|H4,H4,K,K,H1,Q|1
FREE_INITIAL|3|6|H4,H4,Scat,T,J,K|1
FREE_INITIAL|3|6|H4,H4,T,A,K,H5|1
FREE_INITIAL|3|6|H4,H4,T,T,K,X5|1
FREE_INITIAL|3|6|H4,H5,H1,H1,H1,H2|1
FREE_INITIAL|3|6|H4,J,J,J,T,H1|1
FREE_INITIAL|3|6|H4,J,T,Q,A,A|1
FREE_INITIAL|3|6|H4,K,K,K,X7,J|1
FREE_INITIAL|3|6|H4,K,T,H2,H2,J|1
FREE_INITIAL|3|6|H4,Q,A,A,H2,H2|1
FREE_INITIAL|3|6|H4,Q,H1,K,H5,J|1
FREE_INITIAL|3|6|H4,Q,J,H1,H5,H5|1
FREE_INITIAL|3|6|H4,T,H2,H2,A,K|1
FREE_INITIAL|3|6|H4,T,H3,H5,J,H2|1
FREE_INITIAL|3|6|H4,T,H5,A,A,A|1
FREE_INITIAL|3|6|H4,T,K,H1,H5,H2|1
FREE_INITIAL|3|6|H4,T,T,H3,H2,A|1
FREE_INITIAL|3|6|H5,A,A,H4,Q,Q|1
FREE_INITIAL|3|6|H5,A,A,Q,H1,J|1
FREE_INITIAL|3|6|H5,A,K,J,Q,T|1
FREE_INITIAL|3|6|H5,A,Q,H3,T,J|1
FREE_INITIAL|3|6|H5,A,Q,K,J,H2|1
FREE_INITIAL|3|6|H5,H1,H1,J,H4,H4|1
FREE_INITIAL|3|6|H5,H1,H1,X7,A,H3|1
FREE_INITIAL|3|6|H5,H1,K,J,A,H3|1
FREE_INITIAL|3|6|H5,H1,Q,A,A,A|1
FREE_INITIAL|3|6|H5,H1,T,H2,J,H3|1
FREE_INITIAL|3|6|H5,H2,H2,H3,J,H1|1
FREE_INITIAL|3|6|H5,H2,H2,Q,H1,J|1
FREE_INITIAL|3|6|H5,H2,H2,T,T,T|1
FREE_INITIAL|3|6|H5,H2,H3,Q,Q,K|1
FREE_INITIAL|3|6|H5,H2,J,A,Q,Q|1
FREE_INITIAL|3|6|H5,H2,Q,Q,T,T|1
FREE_INITIAL|3|6|H5,H3,H3,Q,T,A|1
FREE_INITIAL|3|6|H5,H3,H4,J,A,T|1
FREE_INITIAL|3|6|H5,H3,K,H2,Q,T|1
FREE_INITIAL|3|6|H5,H5,A,A,A,K|1
FREE_INITIAL|3|6|H5,H5,H1,H2,H2,H4|1
FREE_INITIAL|3|6|H5,H5,H1,H3,Q,H2|1
FREE_INITIAL|3|6|H5,H5,H2,J,A,H3|1
FREE_INITIAL|3|6|H5,H5,H2,T,H4,H3|1
FREE_INITIAL|3|6|H5,H5,H3,A,A,K|1
FREE_INITIAL|3|6|H5,H5,H3,T,T,H1|1
FREE_INITIAL|3|6|H5,H5,H4,J,J,H2|1
FREE_INITIAL|3|6|H5,H5,H5,H4,H2,K|1
FREE_INITIAL|3|6|H5,H5,H5,H5,H4,H4|1
FREE_INITIAL|3|6|H5,H5,H5,H5,H5,H5|1
FREE_INITIAL|3|6|H5,H5,J,J,J,Q|1
FREE_INITIAL|3|6|H5,H5,K,K,H1,H4|1
FREE_INITIAL|3|6|H5,H5,K,Q,T,T|1
FREE_INITIAL|3|6|H5,H5,Q,H3,J,J|1
FREE_INITIAL|3|6|H5,H5,T,A,J,J|1
FREE_INITIAL|3|6|H5,H5,T,H2,H2,H2|1
FREE_INITIAL|3|6|H5,H5,T,H3,A,H2|1
FREE_INITIAL|3|6|H5,H5,T,J,J,Q|1
FREE_INITIAL|3|6|H5,H5,X7,Q,Q,H3|1
FREE_INITIAL|3|6|H5,J,H1,H3,T,Q|1
FREE_INITIAL|3|6|H5,J,J,H2,K,H1|1
FREE_INITIAL|3|6|H5,J,J,H3,A,H4|1
FREE_INITIAL|3|6|H5,J,J,H4,Q,K|1
FREE_INITIAL|3|6|H5,K,H2,H3,H3,A|1
FREE_INITIAL|3|6|H5,K,K,Q,H4,H2|1
FREE_INITIAL|3|6|H5,Q,A,J,H4,H1|1
FREE_INITIAL|3|6|H5,Q,H3,J,J,H4|1
FREE_INITIAL|3|6|H5,T,H3,A,Scat,Q|1
FREE_INITIAL|3|6|H5,T,H3,H3,H3,H3|1
FREE_INITIAL|3|6|H5,T,H4,H3,K,Q|1
FREE_INITIAL|3|6|H5,T,K,H4,H4,Q|1
FREE_INITIAL|3|6|H5,T,T,H1,H4,J|1
FREE_INITIAL|3|6|H5,T,X15,H1,H3,H1|1
FREE_INITIAL|3|6|J,A,H1,H3,H5,T|1
FREE_INITIAL|3|6|J,A,H1,H5,K,H3|1
FREE_INITIAL|3|6|J,A,H4,H5,H1,H1|1
FREE_INITIAL|3|6|J,A,H5,Q,X5,H1|1
FREE_INITIAL|3|6|J,A,Scat,H5,T,H2|1
FREE_INITIAL|3|6|J,A,T,H1,K,K|1
FREE_INITIAL|3|6|J,H1,A,A,A,Scat|1
FREE_INITIAL|3|6|J,H1,H4,H4,Q,K|1
FREE_INITIAL|3|6|J,H1,H5,H5,K,H2|1
FREE_INITIAL|3|6|J,H1,Q,T,A,H5|1
FREE_INITIAL|3|6|J,H2,H2,H1,H1,H1|1
FREE_INITIAL|3|6|J,H2,K,A,H4,H5|1
FREE_INITIAL|3|6|J,H2,T,H1,H1,H1|1
FREE_INITIAL|3|6|J,H3,H2,Q,Q,H1|1
FREE_INITIAL|3|6|J,H3,H3,H3,H2,H2|1
FREE_INITIAL|3|6|J,H3,H3,X7,K,T|1
FREE_INITIAL|3|6|J,H3,H5,H5,H4,H4|1
FREE_INITIAL|3|6|J,H4,H4,H4,H5,Q|1
FREE_INITIAL|3|6|J,H5,A,Q,Q,T|1
FREE_INITIAL|3|6|J,H5,H5,H5,H5,A|1
FREE_INITIAL|3|6|J,J,A,H3,Scat,H1|1
FREE_INITIAL|3|6|J,J,H1,H2,A,T|1
FREE_INITIAL|3|6|J,J,H1,H5,H5,Q|1
FREE_INITIAL|3|6|J,J,H4,H2,H2,A|1
FREE_INITIAL|3|6|J,J,H4,H4,H4,H5|1
FREE_INITIAL|3|6|J,J,H5,H5,H5,H4|1
FREE_INITIAL|3|6|J,J,J,Q,H3,H3|1
FREE_INITIAL|3|6|J,J,J,T,T,H1|1
FREE_INITIAL|3|6|J,J,K,H5,A,H3|1
FREE_INITIAL|3|6|J,J,Q,H3,H2,H4|1
FREE_INITIAL|3|6|J,J,T,A,H4,Q|1
FREE_INITIAL|3|6|J,J,T,H3,H3,H5|1
FREE_INITIAL|3|6|J,K,H2,T,H3,Q|1
FREE_INITIAL|3|6|J,K,H5,T,H3,H3|1
FREE_INITIAL|3|6|J,K,K,Q,T,H2|1
FREE_INITIAL|3|6|J,K,Q,H1,H1,H1|1
FREE_INITIAL|3|6|J,K,Q,H2,H5,H1|1
FREE_INITIAL|3|6|J,Q,A,H2,H2,H1|1
FREE_INITIAL|3|6|J,Q,H2,H1,T,H4|1
FREE_INITIAL|3|6|J,Q,H3,H3,K,X5|1
FREE_INITIAL|3|6|J,Q,H5,H1,K,K|1
FREE_INITIAL|3|6|J,Q,K,T,A,H1|1
FREE_INITIAL|3|6|J,Q,Q,Q,H1,K|1
FREE_INITIAL|3|6|J,Q,Q,Q,K,K|1
FREE_INITIAL|3|6|J,T,T,H5,H2,Q|1
FREE_INITIAL|3|6|J,T,T,Q,H2,H2|1
FREE_INITIAL|3|6|J,T,T,T,K,H2|1
FREE_INITIAL|3|6|J,X5,H4,T,H5,H3|1
FREE_INITIAL|3|6|K,H1,H1,H2,J,H4|1
FREE_INITIAL|3|6|K,H1,H1,Q,H4,J|1
FREE_INITIAL|3|6|K,H1,H2,A,H4,J|1
FREE_INITIAL|3|6|K,H2,H2,A,J,H3|1
FREE_INITIAL|3|6|K,H2,H2,H1,J,A|1
FREE_INITIAL|3|6|K,H2,H5,T,H1,H1|1
FREE_INITIAL|3|6|K,H2,Q,Q,H4,J|1
FREE_INITIAL|3|6|K,H2,T,T,H5,H3|1
FREE_INITIAL|3|6|K,H3,A,Q,H4,J|1
FREE_INITIAL|3|6|K,H3,H1,Q,H4,J|1
FREE_INITIAL|3|6|K,H3,T,H5,H2,H2|1
FREE_INITIAL|3|6|K,H4,H4,Q,Q,H1|1
FREE_INITIAL|3|6|K,H4,H4,T,H3,Q|1
FREE_INITIAL|3|6|K,H4,H4,X7,T,H1|1
FREE_INITIAL|3|6|K,H5,H2,H2,H2,H1|1
FREE_INITIAL|3|6|K,H5,H2,H2,Q,Q|1
FREE_INITIAL|3|6|K,H5,J,A,H3,H3|1
FREE_INITIAL|3|6|K,J,H1,H2,H5,T|1
FREE_INITIAL|3|6|K,J,H5,H4,A,A|1
FREE_INITIAL|3|6|K,J,J,H2,H5,H5|1
FREE_INITIAL|3|6|K,J,Q,A,H4,H4|1
FREE_INITIAL|3|6|K,K,H1,T,H5,H3|1
FREE_INITIAL|3|6|K,K,H2,H3,J,A|1
FREE_INITIAL|3|6|K,K,H4,H4,H4,J|1
FREE_INITIAL|3|6|K,K,H4,Q,T,T|1
FREE_INITIAL|3|6|K,K,H4,T,H5,H2|1
FREE_INITIAL|3|6|K,K,H5,Q,H1,H4|1
FREE_INITIAL|3|6|K,K,H5,T,H3,A|1
FREE_INITIAL|3|6|K,K,H5,X5,H3,A|1
FREE_INITIAL|3|6|K,K,K,A,J,H4|1
FREE_INITIAL|3|6|K,K,K,H3,A,J|1
FREE_INITIAL|3|6|K,K,Q,J,J,J|1
FREE_INITIAL|3|6|K,K,T,A,H2,H2|1
FREE_INITIAL|3|6|K,K,T,Q,Q,H2|1
FREE_INITIAL|3|6|K,K,T,T,H3,H3|1
FREE_INITIAL|3|6|K,K,T,T,H4,H1|1
FREE_INITIAL|3|6|K,Q,H4,H1,H1,A|1
FREE_INITIAL|3|6|K,Q,Q,Q,H2,H1|1
FREE_INITIAL|3|6|K,T,H3,H3,Q,H4|1
FREE_INITIAL|3|6|K,T,Q,H1,H2,A|1
FREE_INITIAL|3|6|Q,A,A,H5,H5,K|1
FREE_INITIAL|3|6|Q,A,H1,H4,K,H5|1
FREE_INITIAL|3|6|Q,H1,H1,H1,H4,H4|1
FREE_INITIAL|3|6|Q,H1,H1,H1,T,H3|1
FREE_INITIAL|3|6|Q,H1,H4,K,H5,H3|1
FREE_INITIAL|3|6|Q,H1,J,T,T,T|1
FREE_INITIAL|3|6|Q,H2,A,K,Scat,H3|1
FREE_INITIAL|3|6|Q,H2,H1,H1,A,A|1
FREE_INITIAL|3|6|Q,H2,J,H1,H3,H3|1
FREE_INITIAL|3|6|Q,H2,K,K,A,H3|1
FREE_INITIAL|3|6|Q,H3,H2,T,T,H1|1
FREE_INITIAL|3|6|Q,H3,K,H4,J,H5|1
FREE_INITIAL|3|6|Q,H4,A,A,H3,H1|1
FREE_INITIAL|3|6|Q,H4,H1,J,A,K|1
FREE_INITIAL|3|6|Q,H4,H2,H2,H1,H5|1
FREE_INITIAL|3|6|Q,H4,H4,H2,H1,K|1
FREE_INITIAL|3|6|Q,H4,J,H3,T,H5|1
FREE_INITIAL|3|6|Q,H5,A,Scat,K,T|1
FREE_INITIAL|3|6|Q,H5,H4,H4,H4,K|1
FREE_INITIAL|3|6|Q,J,J,H3,H3,H3|1
FREE_INITIAL|3|6|Q,K,H1,H4,H4,H4|1
FREE_INITIAL|3|6|Q,K,H4,A,H5,H1|1
FREE_INITIAL|3|6|Q,K,H5,H5,H5,H5|1
FREE_INITIAL|3|6|Q,K,J,T,X5,H2|1
FREE_INITIAL|3|6|Q,K,K,H5,H5,H5|1
FREE_INITIAL|3|6|Q,K,K,J,T,A|1
FREE_INITIAL|3|6|Q,K,T,H4,H5,H5|1
FREE_INITIAL|3|6|Q,Q,A,K,H3,T|1
FREE_INITIAL|3|6|Q,Q,H1,H1,H1,H3|1
FREE_INITIAL|3|6|Q,Q,H1,H1,H4,H2|1
FREE_INITIAL|3|6|Q,Q,H1,K,K,H5|1
FREE_INITIAL|3|6|Q,Q,H2,A,J,H5|1
FREE_INITIAL|3|6|Q,Q,J,K,T,T|1
FREE_INITIAL|3|6|Q,Q,K,K,K,H1|1
FREE_INITIAL|3|6|Q,Q,Q,A,T,H2|1
FREE_INITIAL|3|6|Q,Q,Q,H4,H3,A|1
FREE_INITIAL|3|6|Q,Q,Q,H4,K,H2|1
FREE_INITIAL|3|6|Q,Q,Q,Q,H1,T|1
FREE_INITIAL|3|6|Q,T,J,J,J,H3|1
FREE_INITIAL|3|6|Q,T,J,J,J,J|1
FREE_INITIAL|3|6|Q,T,T,K,K,A|1
FREE_INITIAL|3|6|Q,T,T,T,H5,J|1
FREE_INITIAL|3|6|Q,X5,A,H2,J,H1|1
FREE_INITIAL|3|6|Q,X5,H2,H2,H2,K|1
FREE_INITIAL|3|6|Scat,A,K,K,H3,H2|1
FREE_INITIAL|3|6|Scat,H3,H1,H2,H2,J|1
FREE_INITIAL|3|6|Scat,J,K,T,T,T|1
FREE_INITIAL|3|6|Scat,Q,T,T,A,A|1
FREE_INITIAL|3|6|T,H1,A,A,H4,H3|1
FREE_INITIAL|3|6|T,H1,H1,A,A,A|1
FREE_INITIAL|3|6|T,H1,H1,H1,H1,H4|1
FREE_INITIAL|3|6|T,H1,H1,H1,H1,K|1
FREE_INITIAL|3|6|T,H1,H1,J,Q,H3|1
FREE_INITIAL|3|6|T,H1,H5,H2,H4,Q|1
FREE_INITIAL|3|6|T,H1,J,Q,H5,H2|1
FREE_INITIAL|3|6|T,H1,K,K,H4,H4|1
FREE_INITIAL|3|6|T,H2,H1,K,H3,A|1
FREE_INITIAL|3|6|T,H3,H5,K,A,Q|1
FREE_INITIAL|3|6|T,H3,J,Q,H1,H1|1
FREE_INITIAL|3|6|T,H3,K,H1,Q,Q|1
FREE_INITIAL|3|6|T,H4,A,Q,H3,H3|1
FREE_INITIAL|3|6|T,H4,H4,H4,H3,A|1
FREE_INITIAL|3|6|T,H4,H4,H4,K,K|1
FREE_INITIAL|3|6|T,H4,X7,Q,J,K|1
FREE_INITIAL|3|6|T,H5,H1,H1,H1,H1|1
FREE_INITIAL|3|6|T,H5,H1,H2,H4,H3|1
FREE_INITIAL|3|6|T,H5,H4,H4,H2,A|1
FREE_INITIAL|3|6|T,J,A,A,H2,H5|1
FREE_INITIAL|3|6|T,J,H5,A,H3,H1|1
FREE_INITIAL|3|6|T,J,J,H4,A,K|1
FREE_INITIAL|3|6|T,J,J,Q,H5,A|1
FREE_INITIAL|3|6|T,K,H3,H1,H5,H4|1
FREE_INITIAL|3|6|T,K,H4,H4,H1,H1|1
FREE_INITIAL|3|6|T,K,H5,H2,Q,H4|1
FREE_INITIAL|3|6|T,K,K,H5,J,J|1
FREE_INITIAL|3|6|T,K,K,K,H3,H1|1
FREE_INITIAL|3|6|T,K,K,Q,H4,H3|1
FREE_INITIAL|3|6|T,K,X7,Q,Q,J|1
FREE_INITIAL|3|6|T,Q,H4,H4,H4,H4|1
FREE_INITIAL|3|6|T,T,A,H1,Q,H3|1
FREE_INITIAL|3|6|T,T,A,H4,H4,H4|1
FREE_INITIAL|3|6|T,T,H1,H1,Q,H2|1
FREE_INITIAL|3|6|T,T,H3,H5,H1,A|1
FREE_INITIAL|3|6|T,T,H5,H4,H4,H1|1
FREE_INITIAL|3|6|T,T,H5,H5,H5,H5|1
FREE_INITIAL|3|6|T,T,Q,H2,J,H1|1
FREE_INITIAL|3|6|T,T,T,Q,H3,J|1
FREE_INITIAL|3|6|T,T,T,T,K,K|1
FREE_INITIAL|3|6|T,X5,J,J,J,K|1
FREE_INITIAL|3|6|T,X7,H5,Q,K,H4|1
FREE_INITIAL|3|6|X5,H3,H1,H1,Q,A|1
FREE_INITIAL|3|6|X5,J,J,H4,H4,T|1
FREE_INITIAL|3|6|X7,A,A,H4,H4,T|1
FREE_INITIAL|3|6|X7,Q,H1,J,J,H4|1
FREE_INITIAL|4|6|A,A,A,H1,H4,H2|1
FREE_INITIAL|4|6|A,A,A,H3,H3,H3|1
FREE_INITIAL|4|6|A,A,A,T,H2,H3|1
FREE_INITIAL|4|6|A,A,A,T,T,Q|1
FREE_INITIAL|4|6|A,A,H1,H4,T,H5|1
FREE_INITIAL|4|6|A,A,H1,Q,Q,Q|1
FREE_INITIAL|4|6|A,A,H4,J,H1,Q|1
FREE_INITIAL|4|6|A,A,J,H3,H4,Q|1
FREE_INITIAL|4|6|A,A,K,Q,Q,T|1
FREE_INITIAL|4|6|A,A,Q,H5,H1,H4|1
FREE_INITIAL|4|6|A,H1,H3,J,K,H5|1
FREE_INITIAL|4|6|A,H1,Q,Q,Scat,H4|1
FREE_INITIAL|4|6|A,H2,H3,H3,H1,K|1
FREE_INITIAL|4|6|A,H2,H3,H3,H3,H3|1
FREE_INITIAL|4|6|A,H2,H5,H1,T,K|1
FREE_INITIAL|4|6|A,H2,K,Q,Q,H5|1
FREE_INITIAL|4|6|A,H3,J,H4,H4,H4|1
FREE_INITIAL|4|6|A,H3,K,K,T,T|1
FREE_INITIAL|4|6|A,H3,Q,H4,H4,K|1
FREE_INITIAL|4|6|A,H4,H4,K,T,H1|1
FREE_INITIAL|4|6|A,H4,H5,H1,H3,Q|1
FREE_INITIAL|4|6|A,H4,H5,Q,Q,H3|1
FREE_INITIAL|4|6|A,H5,H1,J,Scat,H2|1
FREE_INITIAL|4|6|A,H5,H5,J,Q,H1|1
FREE_INITIAL|4|6|A,H5,J,J,H1,H4|1
FREE_INITIAL|4|6|A,J,Q,H4,H4,H5|1
FREE_INITIAL|4|6|A,J,T,K,K,H1|1
FREE_INITIAL|4|6|A,K,H4,H3,X15,H5|1
FREE_INITIAL|4|6|A,K,H4,H4,H4,H4|1
FREE_INITIAL|4|6|A,K,J,J,H3,H3|1
FREE_INITIAL|4|6|A,K,K,H1,H1,H2|1
FREE_INITIAL|4|6|A,K,K,Q,Q,H2|1
FREE_INITIAL|4|6|A,Q,H1,H3,H3,J|1
FREE_INITIAL|4|6|A,Q,H1,H5,H4,J|1
FREE_INITIAL|4|6|A,T,H2,K,H1,J|1
FREE_INITIAL|4|6|H1,A,A,J,J,Q|1
FREE_INITIAL|4|6|H1,A,A,T,H2,H2|1
FREE_INITIAL|4|6|H1,A,H3,H4,J,J|1
FREE_INITIAL|4|6|H1,A,J,K,H2,H3|1
FREE_INITIAL|4|6|H1,A,Q,H4,H5,T|1
FREE_INITIAL|4|6|H1,H1,A,A,H2,K|1
FREE_INITIAL|4|6|H1,H1,H1,A,H4,J|1
FREE_INITIAL|4|6|H1,H1,H1,H1,H1,Q|1
FREE_INITIAL|4|6|H1,H1,H1,H1,H4,A|1
FREE_INITIAL|4|6|H1,H1,H1,H3,Q,Q|1
FREE_INITIAL|4|6|H1,H1,H2,H4,K,K|1
FREE_INITIAL|4|6|H1,H1,H5,H4,J,A|1
FREE_INITIAL|4|6|H1,H1,H5,H5,K,H4|1
FREE_INITIAL|4|6|H1,H1,J,H5,H5,H3|1
FREE_INITIAL|4|6|H1,H1,K,H5,T,T|1
FREE_INITIAL|4|6|H1,H1,Q,Q,J,A|1
FREE_INITIAL|4|6|H1,H1,T,H4,H4,H5|1
FREE_INITIAL|4|6|H1,H2,A,H3,T,H5|1
FREE_INITIAL|4|6|H1,H2,A,K,Q,J|1
FREE_INITIAL|4|6|H1,H2,H2,H2,H2,H2|1
FREE_INITIAL|4|6|H1,H2,H4,H3,H3,K|1
FREE_INITIAL|4|6|H1,H2,H5,H3,A,A|1
FREE_INITIAL|4|6|H1,H2,H5,H3,K,H4|1
FREE_INITIAL|4|6|H1,H2,J,A,K,Q|1
FREE_INITIAL|4|6|H1,H2,Scat,H4,H3,J|1
FREE_INITIAL|4|6|H1,H2,X7,J,H4,H4|1
FREE_INITIAL|4|6|H1,H3,H3,H3,A,Q|1
FREE_INITIAL|4|6|H1,H3,H3,H3,H3,H3|1
FREE_INITIAL|4|6|H1,H3,H5,H5,H4,J|1
FREE_INITIAL|4|6|H1,H3,T,H5,H5,H2|1
FREE_INITIAL|4|6|H1,H5,H3,H2,T,Q|1
FREE_INITIAL|4|6|H1,H5,H5,H3,Q,A|1
FREE_INITIAL|4|6|H1,H5,H5,T,T,Q|1
FREE_INITIAL|4|6|H1,H5,K,Q,T,A|1
FREE_INITIAL|4|6|H1,H5,T,T,Q,Q|1
FREE_INITIAL|4|6|H1,J,A,A,A,H2|1
FREE_INITIAL|4|6|H1,J,H2,K,Q,Q|1
FREE_INITIAL|4|6|H1,J,H2,Q,Q,K|1
FREE_INITIAL|4|6|H1,J,H4,K,K,T|1
FREE_INITIAL|4|6|H1,J,H5,H5,A,A|1
FREE_INITIAL|4|6|H1,K,H4,H5,T,T|1
FREE_INITIAL|4|6|H1,K,K,J,J,Q|1
FREE_INITIAL|4|6|H1,K,Scat,J,H3,H4|1
FREE_INITIAL|4|6|H1,Q,H3,H2,H2,H2|1
FREE_INITIAL|4|6|H1,Q,K,H3,H3,T|1
FREE_INITIAL|4|6|H1,T,H4,H4,H4,Scat|1
FREE_INITIAL|4|6|H1,T,Q,K,J,J|1
FREE_INITIAL|4|6|H1,T,T,T,H5,H4|1
FREE_INITIAL|4|6|H1,X5,A,H4,Q,Q|1
FREE_INITIAL|4|6|H2,A,A,A,Q,H1|1
FREE_INITIAL|4|6|H2,A,H3,H3,T,J|1
FREE_INITIAL|4|6|H2,A,H4,Q,Q,H3|1
FREE_INITIAL|4|6|H2,H1,H4,K,J,J|1
FREE_INITIAL|4|6|H2,H1,K,H4,A,Q|1
FREE_INITIAL|4|6|H2,H1,T,H5,H4,H3|1
FREE_INITIAL|4|6|H2,H1,T,Q,H4,K|1
FREE_INITIAL|4|6|H2,H2,A,H1,K,H3|1
FREE_INITIAL|4|6|H2,H2,A,H3,H1,K|1
FREE_INITIAL|4|6|H2,H2,H1,H4,J,T|1
FREE_INITIAL|4|6|H2,H2,H1,K,Q,J|1
FREE_INITIAL|4|6|H2,H2,H2,H1,K,H3|1
FREE_INITIAL|4|6|H2,H2,H2,H2,H2,H3|1
FREE_INITIAL|4|6|H2,H2,H2,H4,Q,A|1
FREE_INITIAL|4|6|H2,H2,H2,K,H3,H1|1
FREE_INITIAL|4|6|H2,H2,H2,Q,T,A|1
FREE_INITIAL|4|6|H2,H2,H5,J,J,J|1
FREE_INITIAL|4|6|H2,H2,J,H1,H1,H4|1
FREE_INITIAL|4|6|H2,H2,K,K,K,H5|1
FREE_INITIAL|4|6|H2,H2,K,X15,H1,H1|1
FREE_INITIAL|4|6|H2,H2,Q,K,T,H3|1
FREE_INITIAL|4|6|H2,H2,T,H3,H4,A|1
FREE_INITIAL|4|6|H2,H3,A,A,H5,H5|1
FREE_INITIAL|4|6|H2,H3,H3,K,H1,H1|1
FREE_INITIAL|4|6|H2,H3,H3,K,K,K|1
FREE_INITIAL|4|6|H2,H3,H4,Q,T,A|1
FREE_INITIAL|4|6|H2,H3,Q,H1,H1,A|1
FREE_INITIAL|4|6|H2,H4,H3,Q,T,K|1
FREE_INITIAL|4|6|H2,H4,H3,T,T,J|1
FREE_INITIAL|4|6|H2,H4,H5,H3,A,A|1
FREE_INITIAL|4|6|H2,H4,J,H1,H1,Q|1
FREE_INITIAL|4|6|H2,H4,J,J,Q,H5|1
FREE_INITIAL|4|6|H2,H4,J,K,K,H5|1
FREE_INITIAL|4|6|H2,H4,K,Q,T,A|1
FREE_INITIAL|4|6|H2,H5,A,H4,H1,H3|1
FREE_INITIAL|4|6|H2,H5,A,K,T,T|1
FREE_INITIAL|4|6|H2,H5,H5,H5,Q,Q|1
FREE_INITIAL|4|6|H2,H5,J,K,H1,H4|1
FREE_INITIAL|4|6|H2,J,A,H3,H5,T|1
FREE_INITIAL|4|6|H2,J,H5,H5,H5,T|1
FREE_INITIAL|4|6|H2,J,J,K,K,A|1
FREE_INITIAL|4|6|H2,J,Scat,H5,T,H1|1
FREE_INITIAL|4|6|H2,K,H1,H3,Scat,A|1
FREE_INITIAL|4|6|H2,K,J,H1,A,H5|1
FREE_INITIAL|4|6|H2,K,K,K,Q,Q|1
FREE_INITIAL|4|6|H2,K,K,T,T,Q|1
FREE_INITIAL|4|6|H2,Q,H5,H5,K,H1|1
FREE_INITIAL|4|6|H2,Q,J,H1,T,H5|1
FREE_INITIAL|4|6|H2,Q,K,K,H5,H1|1
FREE_INITIAL|4|6|H2,Q,Q,H5,T,T|1
FREE_INITIAL|4|6|H2,T,H1,H1,K,H3|1
FREE_INITIAL|4|6|H2,T,H3,Q,H4,A|1
FREE_INITIAL|4|6|H2,T,T,T,H4,H3|1
FREE_INITIAL|4|6|H3,A,H5,J,H1,H4|1
FREE_INITIAL|4|6|H3,A,J,J,H5,H2|1
FREE_INITIAL|4|6|H3,H1,H1,Scat,H4,Q|1
FREE_INITIAL|4|6|H3,H1,H2,H2,A,A|1
FREE_INITIAL|4|6|H3,H1,H2,H2,K,K|1
FREE_INITIAL|4|6|H3,H2,H1,H1,H1,H1|1
FREE_INITIAL|4|6|H3,H2,H2,H5,A,H4|1
FREE_INITIAL|4|6|H3,H2,H5,H1,H1,H1|1
FREE_INITIAL|4|6|H3,H2,T,H5,H4,H4|1
FREE_INITIAL|4|6|H3,H3,A,H1,H2,T|1
FREE_INITIAL|4|6|H3,H3,H1,H1,H4,H5|1
FREE_INITIAL|4|6|H3,H3,H1,H4,H4,Q|1
FREE_INITIAL|4|6|H3,H3,H3,H4,H1,J|1
FREE_INITIAL|4|6|H3,H3,H3,Q,H5,A|1
FREE_INITIAL|4|6|H3,H3,H4,K,K,J|1
FREE_INITIAL|4|6|H3,H3,H5,H5,H1,A|1
FREE_INITIAL|4|6|H3,H3,H5,H5,H5,H1|1
FREE_INITIAL|4|6|H3,H3,H5,Q,J,J|1
FREE_INITIAL|4|6|H3,H3,Q,A,J,K|1
FREE_INITIAL|4|6|H3,H3,Q,Q,H5,Scat|1
FREE_INITIAL|4|6|H3,H4,A,A,H1,H5|1
FREE_INITIAL|4|6|H3,H4,H1,J,A,A|1
FREE_INITIAL|4|6|H3,H4,H1,K,T,T|1
FREE_INITIAL|4|6|H3,H4,H4,H2,H2,T|1
FREE_INITIAL|4|6|H3,H5,A,T,J,H4|1
FREE_INITIAL|4|6|H3,H5,H1,J,J,H2|1
FREE_INITIAL|4|6|H3,H5,H5,A,H4,K|1
FREE_INITIAL|4|6|H3,H5,H5,K,J,J|1
FREE_INITIAL|4|6|H3,H5,J,T,T,T|1
FREE_INITIAL|4|6|H3,H5,T,T,K,J|1
FREE_INITIAL|4|6|H3,J,H1,H1,H5,A|1
FREE_INITIAL|4|6|H3,J,H4,Scat,Q,H1|1
FREE_INITIAL|4|6|H3,J,H4,T,K,K|1
FREE_INITIAL|4|6|H3,J,J,H4,A,K|1
FREE_INITIAL|4|6|H3,J,J,H5,H5,Q|1
FREE_INITIAL|4|6|H3,J,J,Q,X7,H2|1
FREE_INITIAL|4|6|H3,J,K,Q,T,A|1
FREE_INITIAL|4|6|H3,K,K,A,H2,H4|1
FREE_INITIAL|4|6|H3,K,K,H1,H1,A|1
FREE_INITIAL|4|6|H3,K,K,K,H2,H4|1
FREE_INITIAL|4|6|H3,K,Q,H5,H1,H4|1
FREE_INITIAL|4|6|H3,K,Q,T,X5,A|1
FREE_INITIAL|4|6|H3,Q,A,A,H2,Scat|1
FREE_INITIAL|4|6|H3,Q,H2,H4,H4,H4|1
FREE_INITIAL|4|6|H3,Q,T,T,X15,H5|1
FREE_INITIAL|4|6|H3,T,J,K,A,A|2
FREE_INITIAL|4|6|H3,X5,A,A,T,T|1
FREE_INITIAL|4|6|H4,A,A,H1,H1,T|1
FREE_INITIAL|4|6|H4,A,A,H5,H5,H2|1
FREE_INITIAL|4|6|H4,A,A,J,H2,H5|1
FREE_INITIAL|4|6|H4,A,Scat,J,J,Q|1
FREE_INITIAL|4|6|H4,H1,H1,H3,H3,H2|1
FREE_INITIAL|4|6|H4,H1,H2,T,K,A|1
FREE_INITIAL|4|6|H4,H1,J,H5,H5,T|1
FREE_INITIAL|4|6|H4,H2,H1,H1,X5,H3|1
FREE_INITIAL|4|6|H4,H2,H2,H2,H5,A|1
FREE_INITIAL|4|6|H4,H2,H2,J,T,Q|1
FREE_INITIAL|4|6|H4,H2,H5,H5,A,K|1
FREE_INITIAL|4|6|H4,H2,Q,H1,H1,H5|1
FREE_INITIAL|4|6|H4,H3,A,J,H1,X7|1
FREE_INITIAL|4|6|H4,H3,H3,H2,A,H5|1
FREE_INITIAL|4|6|H4,H3,H5,H5,H5,H5|1
FREE_INITIAL|4|6|H4,H4,H1,H1,H1,H2|1
FREE_INITIAL|4|6|H4,H4,H1,H1,H3,H3|1
FREE_INITIAL|4|6|H4,H4,H1,K,H5,H5|1
FREE_INITIAL|4|6|H4,H4,H1,K,T,T|1
FREE_INITIAL|4|6|H4,H4,H2,Scat,H1,H1|1
FREE_INITIAL|4|6|H4,H4,H3,H3,H5,H5|1
FREE_INITIAL|4|6|H4,H4,H4,Q,H3,H2|1
FREE_INITIAL|4|6|H4,H4,H5,H2,H2,H2|1
FREE_INITIAL|4|6|H4,H4,H5,H5,H5,J|1
FREE_INITIAL|4|6|H4,H4,K,H5,Q,A|1
FREE_INITIAL|4|6|H4,H4,Q,A,J,H5|1
FREE_INITIAL|4|6|H4,H4,Q,H5,H5,J|1
FREE_INITIAL|4|6|H4,H4,Q,J,H2,X5|1
FREE_INITIAL|4|6|H4,H4,Q,Q,Q,K|1
FREE_INITIAL|4|6|H4,H4,T,J,H2,K|1
FREE_INITIAL|4|6|H4,H5,H5,J,J,H2|1
FREE_INITIAL|4|6|H4,H5,Q,H2,A,A|1
FREE_INITIAL|4|6|H4,J,H1,H1,T,H2|1
FREE_INITIAL|4|6|H4,J,H3,H1,A,Q|1
FREE_INITIAL|4|6|H4,K,H5,H3,A,H2|1
FREE_INITIAL|4|6|H4,K,J,T,T,A|1
FREE_INITIAL|4|6|H4,K,K,K,Q,H3|1
FREE_INITIAL|4|6|H4,K,Q,J,X5,H2|1
FREE_INITIAL|4|6|H4,K,Scat,H5,H1,H1|1
FREE_INITIAL|4|6|H4,Q,H1,H5,H5,H3|1
FREE_INITIAL|4|6|H4,Q,K,A,X7,H3|1
FREE_INITIAL|4|6|H4,Q,K,H1,H1,A|1
FREE_INITIAL|4|6|H4,Scat,H4,T,T,K|1
FREE_INITIAL|4|6|H4,T,H2,H2,H3,H1|1
FREE_INITIAL|4|6|H4,T,H5,Q,H1,H1|1
FREE_INITIAL|4|6|H4,T,K,H2,Q,Q|1
FREE_INITIAL|4|6|H4,T,T,K,H5,A|1
FREE_INITIAL|4|6|H5,A,A,H4,K,K|1
FREE_INITIAL|4|6|H5,A,H1,Q,H3,H4|1
FREE_INITIAL|4|6|H5,A,H3,T,H2,Q|1
FREE_INITIAL|4|6|H5,A,J,K,H1,T|1
FREE_INITIAL|4|6|H5,A,Scat,A,A,H2|1
FREE_INITIAL|4|6|H5,A,T,J,Q,H4|1
FREE_INITIAL|4|6|H5,A,T,K,H3,H3|1
FREE_INITIAL|4|6|H5,A,T,K,K,H1|1
FREE_INITIAL|4|6|H5,H1,A,Q,H2,T|1
FREE_INITIAL|4|6|H5,H1,H1,H1,H1,H1|3
FREE_INITIAL|4|6|H5,H1,H3,H2,H4,H4|1
FREE_INITIAL|4|6|H5,H1,J,J,H4,H4|1
FREE_INITIAL|4|6|H5,H1,Scat,H3,J,T|1
FREE_INITIAL|4|6|H5,H2,H2,H2,H2,T|1
FREE_INITIAL|4|6|H5,H2,H2,J,K,A|1
FREE_INITIAL|4|6|H5,H2,H4,J,T,T|1
FREE_INITIAL|4|6|H5,H2,X5,H3,H1,Q|1
FREE_INITIAL|4|6|H5,H3,H3,H3,H3,H3|1
FREE_INITIAL|4|6|H5,H3,H3,Q,Q,A|1
FREE_INITIAL|4|6|H5,H3,H3,Q,T,A|1
FREE_INITIAL|4|6|H5,H4,A,K,H1,H3|1
FREE_INITIAL|4|6|H5,H5,A,H2,H3,J|1
FREE_INITIAL|4|6|H5,H5,H1,H4,Q,Q|1
FREE_INITIAL|4|6|H5,H5,H3,H3,H3,H1|1
FREE_INITIAL|4|6|H5,H5,H4,H4,H4,H3|1
FREE_INITIAL|4|6|H5,H5,H5,H1,J,H3|1
FREE_INITIAL|4|6|H5,H5,H5,H3,H3,Scat|1
FREE_INITIAL|4|6|H5,H5,H5,H3,Q,Q|1
FREE_INITIAL|4|6|H5,H5,H5,H5,H5,H5|1
FREE_INITIAL|4|6|H5,H5,H5,H5,K,H2|1
FREE_INITIAL|4|6|H5,H5,H5,H5,Q,Q|1
FREE_INITIAL|4|6|H5,H5,H5,Q,T,T|1
FREE_INITIAL|4|6|H5,H5,H5,T,T,H2|1
FREE_INITIAL|4|6|H5,H5,Q,J,J,H3|1
FREE_INITIAL|4|6|H5,H5,Q,Q,A,A|1
FREE_INITIAL|4|6|H5,J,H2,K,K,H1|1
FREE_INITIAL|4|6|H5,J,J,A,T,H2|1
FREE_INITIAL|4|6|H5,J,K,H3,Q,A|1
FREE_INITIAL|4|6|H5,K,A,H2,Q,H1|1
FREE_INITIAL|4|6|H5,K,H3,J,A,A|1
FREE_INITIAL|4|6|H5,K,K,A,H4,Q|1
FREE_INITIAL|4|6|H5,K,K,J,H4,H2|1
FREE_INITIAL|4|6|H5,K,K,K,J,J|1
FREE_INITIAL|4|6|H5,K,K,Q,Q,H3|1
FREE_INITIAL|4|6|H5,Q,K,H2,H2,A|1
FREE_INITIAL|4|6|H5,Q,Q,H4,A,J|1
FREE_INITIAL|4|6|H5,Q,Q,H4,K,T|1
FREE_INITIAL|4|6|H5,Scat,T,T,T,H1|1
FREE_INITIAL|4|6|J,A,A,H5,H2,H1|1
FREE_INITIAL|4|6|J,A,K,H1,Q,H3|1
FREE_INITIAL|4|6|J,H1,H1,H1,H1,H1|1
FREE_INITIAL|4|6|J,H1,H1,H1,H4,A|1
FREE_INITIAL|4|6|J,H1,H1,H2,T,T|1
FREE_INITIAL|4|6|J,H2,H5,Q,H1,H1|1
FREE_INITIAL|4|6|J,H3,A,K,H4,H2|1
FREE_INITIAL|4|6|J,H3,H3,H3,H3,H3|1
FREE_INITIAL|4|6|J,H4,A,A,A,Q|1
FREE_INITIAL|4|6|J,H4,H1,T,H2,A|1
FREE_INITIAL|4|6|J,H4,H2,H5,Q,H1|1
FREE_INITIAL|4|6|J,H4,K,H2,H2,T|1
FREE_INITIAL|4|6|J,H5,H2,Q,T,K|1
FREE_INITIAL|4|6|J,H5,H4,H4,H4,H3|1
FREE_INITIAL|4|6|J,H5,H5,H4,H3,Q|1
FREE_INITIAL|4|6|J,H5,H5,H5,T,H1|1
FREE_INITIAL|4|6|J,H5,H5,K,K,H2|1
FREE_INITIAL|4|6|J,H5,H5,T,T,Q|1
FREE_INITIAL|4|6|J,J,A,A,H2,Scat|1
FREE_INITIAL|4|6|J,J,J,H3,H3,Q|1
FREE_INITIAL|4|6|J,J,J,H4,H4,H3|1
FREE_INITIAL|4|6|J,J,J,J,H5,H5|1
FREE_INITIAL|4|6|J,J,J,J,J,H4|1
FREE_INITIAL|4|6|J,J,Q,H1,H2,H4|1
FREE_INITIAL|4|6|J,J,Q,H3,H3,H3|1
FREE_INITIAL|4|6|J,J,Q,Q,H1,H2|1
FREE_INITIAL|4|6|J,J,T,H3,H4,H4|1
FREE_INITIAL|4|6|J,K,H1,A,T,H5|1
FREE_INITIAL|4|6|J,K,H3,A,A,H5|1
FREE_INITIAL|4|6|J,K,Scat,A,Q,H2|1
FREE_INITIAL|4|6|J,K,T,H5,H2,H3|1
FREE_INITIAL|4|6|J,Q,H2,K,Scat,H3|1
FREE_INITIAL|4|6|J,Q,H5,H5,K,K|1
FREE_INITIAL|4|6|J,Q,K,K,H2,H5|1
FREE_INITIAL|4|6|J,Scat,H4,Q,K,A|1
FREE_INITIAL|4|6|J,Scat,T,T,H2,K|1
FREE_INITIAL|4|6|J,T,H2,A,H5,H3|1
FREE_INITIAL|4|6|J,T,H4,H2,Q,Q|1
FREE_INITIAL|4|6|J,T,K,H5,H1,H1|1
FREE_INITIAL|4|6|J,T,Scat,H5,H5,K|1
FREE_INITIAL|4|6|K,A,A,H1,H1,H1|1
FREE_INITIAL|4|6|K,A,A,H2,T,T|1
FREE_INITIAL|4|6|K,A,A,H4,H3,J|1
FREE_INITIAL|4|6|K,A,A,J,J,Scat|1
FREE_INITIAL|4|6|K,A,H2,H2,H3,H4|1
FREE_INITIAL|4|6|K,A,H2,H2,H5,H5|1
FREE_INITIAL|4|6|K,H1,H1,A,T,X5|1
FREE_INITIAL|4|6|K,H1,H1,H1,A,T|1
FREE_INITIAL|4|6|K,H1,H1,Q,H2,J|1
FREE_INITIAL|4|6|K,H1,Q,Q,Q,H3|1
FREE_INITIAL|4|6|K,H2,H2,T,T,H5|1
FREE_INITIAL|4|6|K,H2,H3,A,Q,H1|1
FREE_INITIAL|4|6|K,H2,T,H5,J,A|1
FREE_INITIAL|4|6|K,H3,H3,A,H1,H5|1
FREE_INITIAL|4|6|K,H3,H3,H5,J,H4|1
FREE_INITIAL|4|6|K,H4,H4,H4,H4,J|1
FREE_INITIAL|4|6|K,H4,H4,H4,Q,H3|1
FREE_INITIAL|4|6|K,H5,A,A,H4,H4|1
FREE_INITIAL|4|6|K,H5,H1,Q,H3,A|1
FREE_INITIAL|4|6|K,H5,H3,H4,H4,H1|1
FREE_INITIAL|4|6|K,H5,H3,T,Q,J|1
FREE_INITIAL|4|6|K,H5,H5,T,T,H2|1
FREE_INITIAL|4|6|K,H5,J,X5,H3,H1|1
FREE_INITIAL|4|6|K,J,H1,H5,H2,Q|1
FREE_INITIAL|4|6|K,J,J,H5,H1,H4|1
FREE_INITIAL|4|6|K,K,H1,H1,H1,J|1
FREE_INITIAL|4|6|K,K,H1,H4,A,A|1
FREE_INITIAL|4|6|K,K,H1,J,H2,A|1
FREE_INITIAL|4|6|K,K,H1,J,H4,H4|1
FREE_INITIAL|4|6|K,K,H2,H2,H5,H1|1
FREE_INITIAL|4|6|K,K,H3,H1,H4,T|1
FREE_INITIAL|4|6|K,K,H3,H3,J,H2|1
FREE_INITIAL|4|6|K,K,H3,J,H4,H4|1
FREE_INITIAL|4|6|K,K,H5,H5,H5,H4|1
FREE_INITIAL|4|6|K,K,H5,Q,H1,H1|1
FREE_INITIAL|4|6|K,K,J,J,T,A|1
FREE_INITIAL|4|6|K,K,J,T,T,T|1
FREE_INITIAL|4|6|K,K,K,H4,H4,A|1
FREE_INITIAL|4|6|K,K,K,J,Q,H5|1
FREE_INITIAL|4|6|K,K,Q,A,A,A|1
FREE_INITIAL|4|6|K,K,Q,H2,T,H5|1
FREE_INITIAL|4|6|K,Q,A,A,J,T|1
FREE_INITIAL|4|6|K,Q,H1,H1,H1,H4|1
FREE_INITIAL|4|6|K,Q,H5,H5,A,H1|1
FREE_INITIAL|4|6|K,Q,Q,J,H3,A|1
FREE_INITIAL|4|6|K,Q,Q,J,H3,H3|1
FREE_INITIAL|4|6|K,Q,Q,Q,A,A|1
FREE_INITIAL|4|6|K,Q,Q,Q,Q,Q|1
FREE_INITIAL|4|6|K,T,H2,H1,J,Q|1
FREE_INITIAL|4|6|K,T,T,T,J,H3|1
FREE_INITIAL|4|6|Q,A,A,H5,T,H1|1
FREE_INITIAL|4|6|Q,A,H1,H5,T,H4|1
FREE_INITIAL|4|6|Q,A,H5,T,H4,J|1
FREE_INITIAL|4|6|Q,A,T,T,T,H4|1
FREE_INITIAL|4|6|Q,H1,H1,H1,J,J|1
FREE_INITIAL|4|6|Q,H1,J,J,H2,T|1
FREE_INITIAL|4|6|Q,H2,H1,A,H5,T|1
FREE_INITIAL|4|6|Q,H2,H2,H1,X7,T|1
FREE_INITIAL|4|6|Q,H2,T,H1,K,K|1
FREE_INITIAL|4|6|Q,H3,A,A,T,H2|1
FREE_INITIAL|4|6|Q,H3,A,H5,K,H2|1
FREE_INITIAL|4|6|Q,H3,H1,H4,H4,K|1
FREE_INITIAL|4|6|Q,H3,H2,A,J,K|1
FREE_INITIAL|4|6|Q,H3,H3,H1,H1,H1|1
FREE_INITIAL|4|6|Q,H3,K,A,A,T|1
FREE_INITIAL|4|6|Q,H4,H1,H3,H3,H3|1
FREE_INITIAL|4|6|Q,H4,H4,H3,K,H5|1
FREE_INITIAL|4|6|Q,H4,H4,H4,H1,H3|1
FREE_INITIAL|4|6|Q,H5,H5,K,H2,H1|1
FREE_INITIAL|4|6|Q,H5,J,T,H4,A|1
FREE_INITIAL|4|6|Q,K,A,A,H2,H3|1
FREE_INITIAL|4|6|Q,K,A,H4,H2,J|1
FREE_INITIAL|4|6|Q,K,K,A,H3,H3|1
FREE_INITIAL|4|6|Q,Q,A,H2,T,J|1
FREE_INITIAL|4|6|Q,Q,H1,H1,H1,H2|1
FREE_INITIAL|4|6|Q,Q,H2,H2,H3,X5|1
FREE_INITIAL|4|6|Q,Q,H2,H2,J,J|1
FREE_INITIAL|4|6|Q,Q,H2,J,H4,T|1
FREE_INITIAL|4|6|Q,Q,H2,J,J,H3|1
FREE_INITIAL|4|6|Q,Q,H2,K,J,H1|1
FREE_INITIAL|4|6|Q,Q,H3,T,K,K|1
FREE_INITIAL|4|6|Q,Q,H4,H4,H1,T|1
FREE_INITIAL|4|6|Q,Q,H5,K,A,A|1
FREE_INITIAL|4|6|Q,Q,J,H1,H3,K|1
FREE_INITIAL|4|6|Q,Q,K,K,X15,H2|1
FREE_INITIAL|4|6|Q,Q,Q,T,H2,H4|1
FREE_INITIAL|4|6|Q,Q,T,A,A,A|1
FREE_INITIAL|4|6|Q,Q,T,H1,K,J|1
FREE_INITIAL|4|6|Q,Q,T,J,A,H3|1
FREE_INITIAL|4|6|Q,Q,T,J,H2,K|1
FREE_INITIAL|4|6|Q,T,H1,H1,H4,H4|1
FREE_INITIAL|4|6|Q,T,K,H1,H5,H5|1
FREE_INITIAL|4|6|Scat,H2,J,H1,H1,H4|1
FREE_INITIAL|4|6|Scat,H2,Q,J,A,A|1
FREE_INITIAL|4|6|Scat,H4,Q,H2,H1,J|1
FREE_INITIAL|4|6|Scat,H5,H3,A,H2,H4|1
FREE_INITIAL|4|6|Scat,J,H3,A,H1,H1|1
FREE_INITIAL|4|6|Scat,J,J,A,H1,H5|1
FREE_INITIAL|4|6|T,A,A,H2,H5,H4|1
FREE_INITIAL|4|6|T,A,A,H3,H4,H2|1
FREE_INITIAL|4|6|T,A,A,H5,H5,H2|1
FREE_INITIAL|4|6|T,A,A,Q,H1,H1|1
FREE_INITIAL|4|6|T,A,Q,H2,J,H1|1
FREE_INITIAL|4|6|T,H1,H1,H1,H5,H5|1
FREE_INITIAL|4|6|T,H1,H1,H4,H4,H3|1
FREE_INITIAL|4|6|T,H1,H2,H2,H2,J|1
FREE_INITIAL|4|6|T,H2,K,K,Q,H5|1
FREE_INITIAL|4|6|T,H2,Q,H5,H5,H5|1
FREE_INITIAL|4|6|T,H3,H4,A,K,K|1
FREE_INITIAL|4|6|T,H3,H4,H4,H4,Scat|1
FREE_INITIAL|4|6|T,H3,J,J,A,H5|1
FREE_INITIAL|4|6|T,H3,K,Q,J,H5|1
FREE_INITIAL|4|6|T,H4,H3,J,K,K|1
FREE_INITIAL|4|6|T,H4,J,H2,K,K|1
FREE_INITIAL|4|6|T,H5,H5,H5,H5,H3|1
FREE_INITIAL|4|6|T,J,H1,H2,H2,K|1
FREE_INITIAL|4|6|T,J,H1,H3,H3,A|1
FREE_INITIAL|4|6|T,J,Q,Q,H5,H4|1
FREE_INITIAL|4|6|T,K,A,H2,H5,H3|1
FREE_INITIAL|4|6|T,K,A,H3,H3,H5|1
FREE_INITIAL|4|6|T,K,H1,H4,A,J|1
FREE_INITIAL|4|6|T,K,H1,J,H5,A|1
FREE_INITIAL|4|6|T,K,H2,H2,Q,Q|1
FREE_INITIAL|4|6|T,K,H3,H4,J,A|1
FREE_INITIAL|4|6|T,Q,A,H2,H5,H3|1
FREE_INITIAL|4|6|T,Q,A,H4,H3,J|1
FREE_INITIAL|4|6|T,Q,H3,H3,H3,H3|1
FREE_INITIAL|4|6|T,Q,Q,A,H3,H5|1
FREE_INITIAL|4|6|T,Q,Q,H2,H5,H5|1
FREE_INITIAL|4|6|T,T,A,H1,Q,H4|1
FREE_INITIAL|4|6|T,T,A,K,Q,H4|1
FREE_INITIAL|4|6|T,T,H2,H4,J,Q|1
FREE_INITIAL|4|6|T,T,H2,K,J,X5|1
FREE_INITIAL|4|6|T,T,H3,H1,K,A|1
FREE_INITIAL|4|6|T,T,H3,H3,J,H4|1
FREE_INITIAL|4|6|T,T,K,A,Q,H5|1
FREE_INITIAL|4|6|T,T,K,Q,H3,H3|1
FREE_INITIAL|4|6|T,T,Q,H4,K,H5|1
FREE_INITIAL|4|6|T,T,Q,Q,H1,A|1
FREE_INITIAL|4|6|T,T,T,H1,H4,H4|1
FREE_INITIAL|4|6|T,T,T,H4,K,H5|1
FREE_INITIAL|4|6|T,T,T,H5,H5,A|1
FREE_INITIAL|4|6|T,T,T,Q,J,J|1
FREE_INITIAL|4|6|X5,H4,T,H5,H5,J|1
FREE_INITIAL|4|6|X5,H4,T,T,Q,H3|1
FREE_INITIAL|4|6|X5,Q,A,A,A,A|1
FREE_INITIAL|4|6|X7,J,H5,Q,Q,H2|1
FREE_INITIAL|4|6|X7,T,H4,H3,H3,H5|1
FREE_INITIAL|5|6|A,A,A,A,A,J|1
FREE_INITIAL|5|6|A,A,H2,Q,J,H5|1
FREE_INITIAL|5|6|A,A,H2,T,H5,H3|1
FREE_INITIAL|5|6|A,A,H3,H4,H4,Q|1
FREE_INITIAL|5|6|A,A,H4,Q,T,H5|1
FREE_INITIAL|5|6|A,A,J,H2,H1,K|1
FREE_INITIAL|5|6|A,A,J,J,H2,H5|1
FREE_INITIAL|5|6|A,A,J,J,H5,Q|1
FREE_INITIAL|5|6|A,A,J,Q,H3,H4|1
FREE_INITIAL|5|6|A,A,K,H2,J,H1|1
FREE_INITIAL|5|6|A,A,K,H3,Q,H2|1
FREE_INITIAL|5|6|A,A,K,H5,Q,H4|1
FREE_INITIAL|5|6|A,A,K,K,H5,H5|1
FREE_INITIAL|5|6|A,A,T,K,K,J|1
FREE_INITIAL|5|6|A,H1,H3,T,T,H4|1
FREE_INITIAL|5|6|A,H2,H1,Q,H4,H3|1
FREE_INITIAL|5|6|A,H2,H2,H2,H1,K|1
FREE_INITIAL|5|6|A,H2,H2,T,K,H1|1
FREE_INITIAL|5|6|A,H2,H5,K,J,Q|1
FREE_INITIAL|5|6|A,H2,T,T,Q,H5|1
FREE_INITIAL|5|6|A,H3,H2,H5,H1,H4|1
FREE_INITIAL|5|6|A,H3,H4,H4,Q,T|1
FREE_INITIAL|5|6|A,H4,H1,Q,Q,H2|1
FREE_INITIAL|5|6|A,H4,H2,K,Q,T|1
FREE_INITIAL|5|6|A,H4,H3,T,J,H1|1
FREE_INITIAL|5|6|A,H4,H4,H4,Q,Q|1
FREE_INITIAL|5|6|A,H4,H5,T,H1,H1|1
FREE_INITIAL|5|6|A,H5,H3,H3,H2,H1|1
FREE_INITIAL|5|6|A,H5,H5,J,H4,H4|1
FREE_INITIAL|5|6|A,H5,Q,T,T,T|1
FREE_INITIAL|5|6|A,H5,Scat,H3,H3,H3|1
FREE_INITIAL|5|6|A,J,H1,H4,H2,H2|1
FREE_INITIAL|5|6|A,J,H2,H2,H3,H3|1
FREE_INITIAL|5|6|A,J,K,H5,H5,Q|1
FREE_INITIAL|5|6|A,J,Q,H5,K,K|1
FREE_INITIAL|5|6|A,K,H3,H1,H4,H5|1
FREE_INITIAL|5|6|A,K,H3,H3,Q,H1|1
FREE_INITIAL|5|6|A,K,K,H5,H4,H3|1
FREE_INITIAL|5|6|A,K,K,J,J,H1|1
FREE_INITIAL|5|6|A,K,K,K,H5,T|1
FREE_INITIAL|5|6|A,K,K,K,K,T|1
FREE_INITIAL|5|6|A,Q,H1,H1,J,J|1
FREE_INITIAL|5|6|A,Q,H5,T,H2,J|1
FREE_INITIAL|5|6|A,Q,Q,J,H5,H4|1
FREE_INITIAL|5|6|A,T,H1,K,H4,H4|1
FREE_INITIAL|5|6|H1,A,H3,H3,H4,T|1
FREE_INITIAL|5|6|H1,A,Q,T,K,H2|1
FREE_INITIAL|5|6|H1,H1,H1,H1,H1,H1|2
FREE_INITIAL|5|6|H1,H1,H1,H1,H2,H3|1
FREE_INITIAL|5|6|H1,H1,H1,H2,Q,K|1
FREE_INITIAL|5|6|H1,H1,H1,H3,Q,Q|1
FREE_INITIAL|5|6|H1,H1,H1,H4,J,J|1
FREE_INITIAL|5|6|H1,H1,H1,Q,H2,T|1
FREE_INITIAL|5|6|H1,H1,H1,T,H2,X7|1
FREE_INITIAL|5|6|H1,H1,J,H2,H2,H5|1
FREE_INITIAL|5|6|H1,H1,J,Q,A,T|1
FREE_INITIAL|5|6|H1,H1,T,H2,H2,Q|1
FREE_INITIAL|5|6|H1,H1,T,Q,Q,H3|1
FREE_INITIAL|5|6|H1,H2,H2,H3,A,K|1
FREE_INITIAL|5|6|H1,H2,H2,H5,H3,K|1
FREE_INITIAL|5|6|H1,H2,J,Q,Q,H4|1
FREE_INITIAL|5|6|H1,H2,T,H5,Q,Q|1
FREE_INITIAL|5|6|H1,H3,H4,H4,J,Q|1
FREE_INITIAL|5|6|H1,H4,H4,H3,H3,H3|1
FREE_INITIAL|5|6|H1,H4,H4,X5,H5,K|1
FREE_INITIAL|5|6|H1,H4,H5,A,H3,H3|1
FREE_INITIAL|5|6|H1,H4,J,H3,H5,A|1
FREE_INITIAL|5|6|H1,H4,J,T,H3,H3|1
FREE_INITIAL|5|6|H1,H4,T,T,T,H2|1
FREE_INITIAL|5|6|H1,H5,H4,T,H2,H3|1
FREE_INITIAL|5|6|H1,J,H5,H4,H4,X5|1
FREE_INITIAL|5|6|H1,J,J,H5,Q,Q|1
FREE_INITIAL|5|6|H1,J,J,T,A,A|1
FREE_INITIAL|5|6|H1,K,J,H5,H5,T|1
FREE_INITIAL|5|6|H1,Q,A,A,H2,J|1
FREE_INITIAL|5|6|H1,Q,A,X5,H2,H2|1
FREE_INITIAL|5|6|H1,Q,H5,H5,T,K|1
FREE_INITIAL|5|6|H1,Q,H5,J,A,H4|1
FREE_INITIAL|5|6|H1,Q,K,A,A,A|1
FREE_INITIAL|5|6|H1,Scat,H3,H2,H2,J|1
FREE_INITIAL|5|6|H1,T,H2,H2,H3,H4|1
FREE_INITIAL|5|6|H1,T,T,K,K,K|1
FREE_INITIAL|5|6|H1,X15,H5,H5,H5,H5|1
FREE_INITIAL|5|6|H1,X5,Q,T,J,K|1
FREE_INITIAL|5|6|H2,A,A,A,A,A|1
FREE_INITIAL|5|6|H2,A,A,H3,Q,K|1
FREE_INITIAL|5|6|H2,A,J,H5,H5,H5|1
FREE_INITIAL|5|6|H2,H1,H1,H1,J,Q|1
FREE_INITIAL|5|6|H2,H1,H1,H5,H5,H3|2
FREE_INITIAL|5|6|H2,H1,H3,J,Q,K|1
FREE_INITIAL|5|6|H2,H2,H2,H5,H1,A|1
FREE_INITIAL|5|6|H2,H2,H2,H5,K,Q|1
FREE_INITIAL|5|6|H2,H2,H2,Q,K,H1|1
FREE_INITIAL|5|6|H2,H2,H2,T,X15,H3|1
FREE_INITIAL|5|6|H2,H2,H4,H4,J,T|1
FREE_INITIAL|5|6|H2,H2,H4,Q,Q,A|1
FREE_INITIAL|5|6|H2,H2,J,J,J,H1|1
FREE_INITIAL|5|6|H2,H2,J,J,Q,A|1
FREE_INITIAL|5|6|H2,H2,J,T,T,X7|1
FREE_INITIAL|5|6|H2,H2,K,H4,H5,T|1
FREE_INITIAL|5|6|H2,H3,T,H1,H1,K|1
FREE_INITIAL|5|6|H2,H3,X5,J,J,J|1
FREE_INITIAL|5|6|H2,H4,H1,H1,Q,J|1
FREE_INITIAL|5|6|H2,H4,H3,Q,T,T|1
FREE_INITIAL|5|6|H2,H4,H4,H4,H5,A|1
FREE_INITIAL|5|6|H2,H5,H1,J,Q,Q|1
FREE_INITIAL|5|6|H2,H5,H3,H3,J,J|1
FREE_INITIAL|5|6|H2,H5,H5,H5,H3,K|1
FREE_INITIAL|5|6|H2,H5,J,Q,T,T|1
FREE_INITIAL|5|6|H2,H5,T,H3,H3,H4|1
FREE_INITIAL|5|6|H2,H5,T,T,K,K|1
FREE_INITIAL|5|6|H2,J,H1,A,K,K|1
FREE_INITIAL|5|6|H2,J,H4,H4,A,H5|1
FREE_INITIAL|5|6|H2,K,A,X7,H4,H4|1
FREE_INITIAL|5|6|H2,K,H3,X5,J,Q|1
FREE_INITIAL|5|6|H2,K,K,H1,H1,H1|1
FREE_INITIAL|5|6|H2,K,K,H3,Scat,H5|1
FREE_INITIAL|5|6|H2,K,X5,H5,H4,H1|1
FREE_INITIAL|5|6|H2,Q,H1,J,K,K|1
FREE_INITIAL|5|6|H2,Q,J,H1,H1,H5|1
FREE_INITIAL|5|6|H2,Q,J,H4,H3,H5|1
FREE_INITIAL|5|6|H2,T,A,A,J,H1|1
FREE_INITIAL|5|6|H2,T,H1,Q,H5,H5|1
FREE_INITIAL|5|6|H2,T,K,H3,H3,H1|1
FREE_INITIAL|5|6|H2,T,K,H5,Q,A|1
FREE_INITIAL|5|6|H2,X5,K,K,K,K|1
FREE_INITIAL|5|6|H3,A,H1,Q,K,K|1
FREE_INITIAL|5|6|H3,A,H5,Q,J,T|1
FREE_INITIAL|5|6|H3,A,J,Q,K,K|1
FREE_INITIAL|5|6|H3,A,K,J,H1,H2|1
FREE_INITIAL|5|6|H3,A,T,J,J,H1|1
FREE_INITIAL|5|6|H3,H1,H1,H1,K,H5|1
FREE_INITIAL|5|6|H3,H1,H5,K,T,A|1
FREE_INITIAL|5|6|H3,H2,H1,H5,T,T|1
FREE_INITIAL|5|6|H3,H2,H2,A,H4,H5|1
FREE_INITIAL|5|6|H3,H2,H2,H5,Q,J|1
FREE_INITIAL|5|6|H3,H2,H4,J,K,Q|1
FREE_INITIAL|5|6|H3,H2,T,H1,H4,H5|1
FREE_INITIAL|5|6|H3,H3,A,A,A,Q|1
FREE_INITIAL|5|6|H3,H3,A,H1,H1,H1|1
FREE_INITIAL|5|6|H3,H3,H1,H5,H5,H4|1
FREE_INITIAL|5|6|H3,H3,H3,H2,H2,H2|1
FREE_INITIAL|5|6|H3,H3,H3,H2,H5,Q|1
FREE_INITIAL|5|6|H3,H3,H3,H3,A,A|1
FREE_INITIAL|5|6|H3,H3,H3,H3,H1,H1|1
FREE_INITIAL|5|6|H3,H3,H3,H3,H3,H2|1
FREE_INITIAL|5|6|H3,H3,H3,H4,J,Q|1
FREE_INITIAL|5|6|H3,H3,H3,Q,H4,H2|1
FREE_INITIAL|5|6|H3,H3,H3,T,H4,H2|1
FREE_INITIAL|5|6|H3,H3,H4,H4,H1,H1|1
FREE_INITIAL|5|6|H3,H3,H5,H2,H1,Q|1
FREE_INITIAL|5|6|H3,H3,H5,T,H2,Q|1
FREE_INITIAL|5|6|H3,H3,J,J,J,Q|1
FREE_INITIAL|5|6|H3,H3,J,K,H1,H4|1
FREE_INITIAL|5|6|H3,H3,J,Q,K,K|1
FREE_INITIAL|5|6|H3,H3,T,H5,H2,H1|1
FREE_INITIAL|5|6|H3,H4,H4,H4,Q,J|1
FREE_INITIAL|5|6|H3,H4,J,J,T,T|1
FREE_INITIAL|5|6|H3,H5,H1,Q,Q,T|1
FREE_INITIAL|5|6|H3,H5,H4,H4,A,H2|1
FREE_INITIAL|5|6|H3,H5,H4,T,T,Q|1
FREE_INITIAL|5|6|H3,H5,T,T,T,T|1
FREE_INITIAL|5|6|H3,J,H1,Q,A,A|1
FREE_INITIAL|5|6|H3,J,H1,T,A,H5|1
FREE_INITIAL|5|6|H3,J,H4,A,H5,K|1
FREE_INITIAL|5|6|H3,J,J,T,H4,H4|1
FREE_INITIAL|5|6|H3,J,J,T,T,H2|1
FREE_INITIAL|5|6|H3,K,H1,T,Q,Q|1
FREE_INITIAL|5|6|H3,K,X7,H5,T,T|1
FREE_INITIAL|5|6|H3,Q,A,A,A,H1|1
FREE_INITIAL|5|6|H3,Q,A,A,H1,H2|1
FREE_INITIAL|5|6|H3,Q,A,H2,T,H4|1
FREE_INITIAL|5|6|H3,Q,H4,H5,H2,T|1
FREE_INITIAL|5|6|H3,Q,H5,J,H2,K|1
FREE_INITIAL|5|6|H3,Q,H5,K,H2,A|1
FREE_INITIAL|5|6|H3,Q,T,T,H1,H1|1
FREE_INITIAL|5|6|H3,Scat,J,J,H1,T|1
FREE_INITIAL|5|6|H3,T,K,H1,A,A|1
FREE_INITIAL|5|6|H4,A,A,H2,J,J|1
FREE_INITIAL|5|6|H4,A,J,J,H1,H1|1
FREE_INITIAL|5|6|H4,A,K,K,K,H2|2
FREE_INITIAL|5|6|H4,A,T,T,T,T|1
FREE_INITIAL|5|6|H4,H1,A,Scat,T,T|1
FREE_INITIAL|5|6|H4,H1,H1,H1,H1,A|1
FREE_INITIAL|5|6|H4,H1,H1,H1,H2,T|1
FREE_INITIAL|5|6|H4,H1,H1,H1,Q,H3|1
FREE_INITIAL|5|6|H4,H1,H1,Q,H5,H2|1
FREE_INITIAL|5|6|H4,H1,H3,H5,H5,Q|1
FREE_INITIAL|5|6|H4,H1,H5,J,H2,H2|1
FREE_INITIAL|5|6|H4,H1,Q,H5,H2,H3|1
FREE_INITIAL|5|6|H4,H2,H1,K,K,K|1
FREE_INITIAL|5|6|H4,H2,H2,Q,H5,H5|1
FREE_INITIAL|5|6|H4,H2,H5,H1,Q,K|1
FREE_INITIAL|5|6|H4,H2,Q,H1,H1,K|1
FREE_INITIAL|5|6|H4,H3,A,H1,H5,X7|1
FREE_INITIAL|5|6|H4,H3,H1,H1,Q,Scat|1
FREE_INITIAL|5|6|H4,H4,A,A,H3,J|1
FREE_INITIAL|5|6|H4,H4,H1,H3,H2,J|1
FREE_INITIAL|5|6|H4,H4,H1,K,H5,H5|1
FREE_INITIAL|5|6|H4,H4,H2,A,H5,H5|1
FREE_INITIAL|5|6|H4,H4,H2,H2,A,H1|1
FREE_INITIAL|5|6|H4,H4,H2,H5,H5,H1|1
FREE_INITIAL|5|6|H4,H4,H3,A,A,T|1
FREE_INITIAL|5|6|H4,H4,H4,H1,H1,J|1
FREE_INITIAL|5|6|H4,H4,H4,H4,H5,H3|1
FREE_INITIAL|5|6|H4,H4,H4,H4,Q,J|1
FREE_INITIAL|5|6|H4,H4,H5,H5,H5,Q|1
FREE_INITIAL|5|6|H4,H4,J,A,H2,H2|1
FREE_INITIAL|5|6|H4,H4,J,H1,H1,A|1
FREE_INITIAL|5|6|H4,H4,J,J,J,T|1
FREE_INITIAL|5|6|H4,H4,K,K,K,H3|1
FREE_INITIAL|5|6|H4,H4,Q,H1,H1,H3|1
FREE_INITIAL|5|6|H4,H4,T,A,J,H2|1
FREE_INITIAL|5|6|H4,H5,H1,K,T,H2|1
FREE_INITIAL|5|6|H4,H5,H3,T,K,Q|1
FREE_INITIAL|5|6|H4,H5,H5,H5,H1,H1|1
FREE_INITIAL|5|6|H4,J,A,A,A,A|1
FREE_INITIAL|5|6|H4,J,H3,H3,T,Q|1
FREE_INITIAL|5|6|H4,J,H5,H5,H5,H5|1
FREE_INITIAL|5|6|H4,J,H5,K,K,K|1
FREE_INITIAL|5|6|H4,J,J,H5,H5,H3|1
FREE_INITIAL|5|6|H4,K,K,J,Q,A|1
FREE_INITIAL|5|6|H4,K,K,Q,A,J|1
FREE_INITIAL|5|6|H4,Q,J,T,H3,K|1
FREE_INITIAL|5|6|H4,Q,K,H1,H5,H5|1
FREE_INITIAL|5|6|H4,Q,Q,T,T,H1|1
FREE_INITIAL|5|6|H4,T,H5,H3,K,H2|1
FREE_INITIAL|5|6|H4,T,J,H2,H2,H2|1
FREE_INITIAL|5|6|H4,T,T,A,Q,J|1
FREE_INITIAL|5|6|H4,T,T,Q,Q,A|1
FREE_INITIAL|5|6|H4,X5,Q,H2,H3,H3|1
FREE_INITIAL|5|6|H5,A,A,K,H1,H4|1
FREE_INITIAL|5|6|H5,A,H2,H3,H3,H3|1
FREE_INITIAL|5|6|H5,A,H2,H3,H3,J|1
FREE_INITIAL|5|6|H5,A,J,T,Q,Q|1
FREE_INITIAL|5|6|H5,A,K,K,T,T|1
FREE_INITIAL|5|6|H5,H1,A,Q,H3,H3|1
FREE_INITIAL|5|6|H5,H1,H1,H3,H2,A|1
FREE_INITIAL|5|6|H5,H1,H1,X5,K,H4|1
FREE_INITIAL|5|6|H5,H1,H4,K,K,Q|1
FREE_INITIAL|5|6|H5,H1,K,J,H3,H4|1
FREE_INITIAL|5|6|H5,H1,T,H4,H3,Q|1
FREE_INITIAL|5|6|H5,H1,T,H4,Q,J|1
FREE_INITIAL|5|6|H5,H2,J,A,A,A|1
FREE_INITIAL|5|6|H5,H3,H3,T,A,K|1
FREE_INITIAL|5|6|H5,H4,A,T,X5,K|1
FREE_INITIAL|5|6|H5,H4,T,T,H3,H3|1
FREE_INITIAL|5|6|H5,H5,A,A,Q,H4|1
FREE_INITIAL|5|6|H5,H5,A,Q,H3,H3|1
FREE_INITIAL|5|6|H5,H5,H1,A,A,H3|1
FREE_INITIAL|5|6|H5,H5,H2,J,H1,H3|1
FREE_INITIAL|5|6|H5,H5,H2,J,X5,T|1
FREE_INITIAL|5|6|H5,H5,H4,A,A,H1|1
FREE_INITIAL|5|6|H5,H5,H4,A,T,H2|1
FREE_INITIAL|5|6|H5,H5,H4,H4,T,A|1
FREE_INITIAL|5|6|H5,H5,H4,K,K,A|1
FREE_INITIAL|5|6|H5,H5,H5,H2,T,A|1
FREE_INITIAL|5|6|H5,H5,H5,H5,H2,H2|1
FREE_INITIAL|5|6|H5,H5,H5,H5,H5,K|1
FREE_INITIAL|5|6|H5,H5,H5,H5,H5,Q|1
FREE_INITIAL|5|6|H5,H5,H5,K,K,K|1
FREE_INITIAL|5|6|H5,J,H1,Q,H2,H3|1
FREE_INITIAL|5|6|H5,J,H3,K,H1,H2|1
FREE_INITIAL|5|6|H5,J,J,H4,H4,H2|1
FREE_INITIAL|5|6|H5,K,H2,A,H4,H4|1
FREE_INITIAL|5|6|H5,K,H4,T,H1,Q|1
FREE_INITIAL|5|6|H5,K,Q,H3,A,T|1
FREE_INITIAL|5|6|H5,Q,H1,H1,K,A|1
FREE_INITIAL|5|6|H5,Q,H1,H1,T,J|1
FREE_INITIAL|5|6|H5,Q,Q,A,H1,H1|1
FREE_INITIAL|5|6|H5,T,H4,Q,K,J|1
FREE_INITIAL|5|6|H5,T,K,H4,H3,J|1
FREE_INITIAL|5|6|J,A,A,K,K,K|1
FREE_INITIAL|5|6|J,A,A,Q,H1,H5|1
FREE_INITIAL|5|6|J,A,H3,K,H5,H1|1
FREE_INITIAL|5|6|J,A,H3,K,Q,H4|1
FREE_INITIAL|5|6|J,A,H5,T,H3,H4|1
FREE_INITIAL|5|6|J,A,Q,H1,H5,K|1
FREE_INITIAL|5|6|J,H1,A,A,H4,H4|1
FREE_INITIAL|5|6|J,H1,H1,Q,H4,H5|1
FREE_INITIAL|5|6|J,H1,H4,H4,K,T|1
FREE_INITIAL|5|6|J,H1,H5,H5,H5,T|1
FREE_INITIAL|5|6|J,H2,A,H5,H3,H3|1
FREE_INITIAL|5|6|J,H2,K,H5,H4,H1|1
FREE_INITIAL|5|6|J,H3,H2,H2,H5,H5|1
FREE_INITIAL|5|6|J,H3,H3,H2,H4,H4|1
FREE_INITIAL|5|6|J,H3,H3,K,H1,T|1
FREE_INITIAL|5|6|J,H3,H5,K,T,H1|1
FREE_INITIAL|5|6|J,H3,Q,H1,H4,H2|1
FREE_INITIAL|5|6|J,H4,T,T,H3,H3|1
FREE_INITIAL|5|6|J,H5,H1,Q,K,K|1
FREE_INITIAL|5|6|J,H5,H3,H2,H2,K|1
FREE_INITIAL|5|6|J,H5,H5,Q,K,K|1
FREE_INITIAL|5|6|J,J,H1,H5,T,H3|1
FREE_INITIAL|5|6|J,J,H2,H2,H3,H3|1
FREE_INITIAL|5|6|J,J,H3,H3,T,H2|1
FREE_INITIAL|5|6|J,J,H3,H4,T,T|1
FREE_INITIAL|5|6|J,J,J,H5,H5,H2|1
FREE_INITIAL|5|6|J,J,J,J,T,H2|1
FREE_INITIAL|5|6|J,J,K,H3,A,H2|1
FREE_INITIAL|5|6|J,J,X5,A,H2,X5|1
FREE_INITIAL|5|6|J,K,A,H1,H1,T|1
FREE_INITIAL|5|6|J,K,A,H3,H4,H4|1
FREE_INITIAL|5|6|J,K,H4,H3,H3,H3|1
FREE_INITIAL|5|6|J,K,K,H4,Q,Q|1
FREE_INITIAL|5|6|J,Q,A,A,T,H5|1
FREE_INITIAL|5|6|J,Q,H3,T,H1,K|1
FREE_INITIAL|5|6|J,Q,Q,H1,T,H3|1
FREE_INITIAL|5|6|J,Q,Q,H5,A,A|1
FREE_INITIAL|5|6|J,Scat,H3,H2,H2,H4|1
FREE_INITIAL|5|6|J,T,H3,A,H4,K|1
FREE_INITIAL|5|6|J,T,H3,Q,H1,H2|1
FREE_INITIAL|5|6|J,T,T,H3,H3,Q|1
FREE_INITIAL|5|6|J,X7,H2,H1,H5,A|1
FREE_INITIAL|5|6|K,A,A,A,Q,H1|1
FREE_INITIAL|5|6|K,A,A,H4,H2,H5|1
FREE_INITIAL|5|6|K,A,Q,H5,H2,H2|1
FREE_INITIAL|5|6|K,H1,H2,A,H4,J|1
FREE_INITIAL|5|6|K,H3,A,Q,Q,H4|1
FREE_INITIAL|5|6|K,H3,H2,A,Q,H5|1
FREE_INITIAL|5|6|K,H3,H2,H2,X15,H4|1
FREE_INITIAL|5|6|K,H3,H2,H4,H1,A|1
FREE_INITIAL|5|6|K,H3,Scat,H2,H2,H2|1
FREE_INITIAL|5|6|K,H3,T,A,J,Q|1
FREE_INITIAL|5|6|K,H3,T,T,A,A|1
FREE_INITIAL|5|6|K,H4,A,H1,H1,Q|2
FREE_INITIAL|5|6|K,H4,A,H5,H5,H5|1
FREE_INITIAL|5|6|K,H4,H1,H1,H1,J|1
FREE_INITIAL|5|6|K,H4,H4,H5,H5,A|1
FREE_INITIAL|5|6|K,H4,H5,H5,H5,H1|1
FREE_INITIAL|5|6|K,H4,J,H5,H2,Q|1
FREE_INITIAL|5|6|K,H4,T,T,J,H3|1
FREE_INITIAL|5|6|K,H5,A,A,Q,Q|1
FREE_INITIAL|5|6|K,H5,H1,H4,A,H2|1
FREE_INITIAL|5|6|K,H5,H5,H5,H5,H5|1
FREE_INITIAL|5|6|K,H5,J,H2,T,H4|1
FREE_INITIAL|5|6|K,H5,X7,A,H2,H1|1
FREE_INITIAL|5|6|K,J,H4,H3,H3,H1|1
FREE_INITIAL|5|6|K,J,H5,A,T,H3|1
FREE_INITIAL|5|6|K,J,H5,H5,H4,H1|1
FREE_INITIAL|5|6|K,J,T,T,A,H2|1
FREE_INITIAL|5|6|K,K,H1,A,H2,X7|1
FREE_INITIAL|5|6|K,K,H1,H2,H5,J|1
FREE_INITIAL|5|6|K,K,H1,H4,T,T|1
FREE_INITIAL|5|6|K,K,H1,T,Q,Q|1
FREE_INITIAL|5|6|K,K,H2,A,Q,H4|1
FREE_INITIAL|5|6|K,K,H2,T,T,J|1
FREE_INITIAL|5|6|K,K,H3,A,H4,J|1
FREE_INITIAL|5|6|K,K,H4,H5,J,A|1
FREE_INITIAL|5|6|K,K,H4,H5,T,J|1
FREE_INITIAL|5|6|K,K,H5,H3,H1,H2|1
FREE_INITIAL|5|6|K,K,J,H3,H3,H3|1
FREE_INITIAL|5|6|K,K,K,A,H2,H3|1
FREE_INITIAL|5|6|K,K,K,H4,H4,H2|1
FREE_INITIAL|5|6|K,K,K,K,H2,H1|1
FREE_INITIAL|5|6|K,K,K,Scat,Q,Q|1
FREE_INITIAL|5|6|K,K,T,H2,H2,H3|1
FREE_INITIAL|5|6|K,K,T,H2,H3,Scat|1
FREE_INITIAL|5|6|K,K,T,T,H3,H3|1
FREE_INITIAL|5|6|K,Q,H2,J,H3,X5|1
FREE_INITIAL|5|6|K,Q,H5,H1,H2,A|1
FREE_INITIAL|5|6|K,Q,H5,T,T,H2|1
FREE_INITIAL|5|6|K,Q,Q,A,T,H5|1
FREE_INITIAL|5|6|K,Q,Q,H3,H3,H3|1
FREE_INITIAL|5|6|K,Q,Q,H3,T,J|1
FREE_INITIAL|5|6|K,Q,Q,H4,T,H3|1
FREE_INITIAL|5|6|K,Q,Q,Q,Q,H2|1
FREE_INITIAL|5|6|K,Q,Q,Q,T,H2|1
FREE_INITIAL|5|6|K,T,H3,H5,J,H4|1
FREE_INITIAL|5|6|K,T,H3,Q,A,A|1
FREE_INITIAL|5|6|K,T,H5,H5,H1,H2|1
FREE_INITIAL|5|6|K,T,T,A,H5,H5|1
FREE_INITIAL|5|6|Q,A,A,T,H2,H1|1
FREE_INITIAL|5|6|Q,A,H1,H4,H3,H2|1
FREE_INITIAL|5|6|Q,A,H1,K,Scat,T|1
FREE_INITIAL|5|6|Q,A,H2,H4,H1,J|1
FREE_INITIAL|5|6|Q,A,H5,H2,H1,T|1
FREE_INITIAL|5|6|Q,A,J,T,H2,H5|1
FREE_INITIAL|5|6|Q,A,K,H3,X5,T|1
FREE_INITIAL|5|6|Q,H1,A,H5,H4,H3|1
FREE_INITIAL|5|6|Q,H1,H1,H2,H2,J|1
FREE_INITIAL|5|6|Q,H1,H4,H4,J,J|1
FREE_INITIAL|5|6|Q,H1,J,J,H4,H3|1
FREE_INITIAL|5|6|Q,H2,K,H1,A,A|1
FREE_INITIAL|5|6|Q,H3,A,A,A,A|1
FREE_INITIAL|5|6|Q,H3,A,A,H4,H4|1
FREE_INITIAL|5|6|Q,H3,J,H2,H2,H4|1
FREE_INITIAL|5|6|Q,H3,T,H1,H1,K|1
FREE_INITIAL|5|6|Q,H3,T,H2,K,K|1
FREE_INITIAL|5|6|Q,H4,H4,H3,H3,H3|1
FREE_INITIAL|5|6|Q,H4,K,H3,T,T|1
FREE_INITIAL|5|6|Q,H4,K,K,H1,H5|1
FREE_INITIAL|5|6|Q,J,H3,H4,H5,H5|1
FREE_INITIAL|5|6|Q,J,H4,H4,H4,H4|1
FREE_INITIAL|5|6|Q,J,H5,H5,H1,H3|1
FREE_INITIAL|5|6|Q,J,J,H1,H1,H2|1
FREE_INITIAL|5|6|Q,J,J,H5,K,A|1
FREE_INITIAL|5|6|Q,J,J,H5,T,H3|1
FREE_INITIAL|5|6|Q,J,J,J,J,J|1
FREE_INITIAL|5|6|Q,J,J,J,X5,H3|1
FREE_INITIAL|5|6|Q,K,A,A,H2,H2|1
FREE_INITIAL|5|6|Q,K,H5,A,H1,H4|1
FREE_INITIAL|5|6|Q,Q,A,A,A,T|1
FREE_INITIAL|5|6|Q,Q,A,H5,H2,H2|1
FREE_INITIAL|5|6|Q,Q,H2,J,H1,H1|1
FREE_INITIAL|5|6|Q,Q,H4,H2,J,A|1
FREE_INITIAL|5|6|Q,Q,H5,H3,H3,T|1
FREE_INITIAL|5|6|Q,Q,K,H5,H5,H4|1
FREE_INITIAL|5|6|Q,Q,K,K,H3,A|1
FREE_INITIAL|5|6|Q,Q,K,K,J,A|1
FREE_INITIAL|5|6|Q,Q,Q,Q,H3,A|1
FREE_INITIAL|5|6|Q,T,A,H4,H4,H4|1
FREE_INITIAL|5|6|Q,T,H1,H5,H4,H4|1
FREE_INITIAL|5|6|Q,T,J,H3,A,H4|1
FREE_INITIAL|5|6|Q,T,K,H1,H1,H2|1
FREE_INITIAL|5|6|Q,T,T,J,H2,H1|1
FREE_INITIAL|5|6|Scat,A,A,A,H1,H5|1
FREE_INITIAL|5|6|Scat,H2,H2,H2,K,K|1
FREE_INITIAL|5|6|Scat,H2,H2,H3,Q,Q|1
FREE_INITIAL|5|6|Scat,H4,A,T,H2,K|1
FREE_INITIAL|5|6|Scat,K,K,H2,H1,J|1
FREE_INITIAL|5|6|T,A,A,A,A,J|1
FREE_INITIAL|5|6|T,A,Q,H4,H2,J|1
FREE_INITIAL|5|6|T,H1,H1,H1,H1,Q|1
FREE_INITIAL|5|6|T,H1,H1,H1,H2,J|1
FREE_INITIAL|5|6|T,H1,H1,H1,K,H5|1
FREE_INITIAL|5|6|T,H1,H4,J,J,J|1
FREE_INITIAL|5|6|T,H2,H1,H1,H1,Q|1
FREE_INITIAL|5|6|T,H2,H2,H1,H1,H1|1
FREE_INITIAL|5|6|T,H2,H2,J,Q,K|1
FREE_INITIAL|5|6|T,H2,J,Q,Q,Q|1
FREE_INITIAL|5|6|T,H2,K,H5,J,J|1
FREE_INITIAL|5|6|T,H3,H3,H2,H2,H1|1
FREE_INITIAL|5|6|T,H3,H3,H4,H1,H5|1
FREE_INITIAL|5|6|T,H3,H3,Q,H4,H4|1
FREE_INITIAL|5|6|T,H3,K,H2,Q,X5|1
FREE_INITIAL|5|6|T,H4,H3,H3,H3,K|1
FREE_INITIAL|5|6|T,H4,H4,H1,H5,J|1
FREE_INITIAL|5|6|T,H4,H4,X7,Q,H5|1
FREE_INITIAL|5|6|T,H4,J,H5,H5,A|1
FREE_INITIAL|5|6|T,H5,A,H3,H2,H2|1
FREE_INITIAL|5|6|T,H5,H2,Q,Q,H4|1
FREE_INITIAL|5|6|T,H5,H3,H3,H1,H1|1
FREE_INITIAL|5|6|T,H5,H5,A,H1,H1|1
FREE_INITIAL|5|6|T,H5,H5,H3,H3,H2|1
FREE_INITIAL|5|6|T,J,J,H4,H4,H1|1
FREE_INITIAL|5|6|T,J,K,H1,H2,H2|1
FREE_INITIAL|5|6|T,J,K,H1,H5,Q|1
FREE_INITIAL|5|6|T,K,H1,H4,H3,H2|1
FREE_INITIAL|5|6|T,K,Q,Q,Q,H1|1
FREE_INITIAL|5|6|T,Q,H4,H4,A,H3|1
FREE_INITIAL|5|6|T,Q,Q,H4,H2,A|1
FREE_INITIAL|5|6|T,Q,Scat,H5,H4,H4|1
FREE_INITIAL|5|6|T,T,H1,H4,H3,J|1
FREE_INITIAL|5|6|T,T,H1,J,H5,H2|1
FREE_INITIAL|5|6|T,T,H3,A,A,J|1
FREE_INITIAL|5|6|T,T,H4,H4,Q,K|1
FREE_INITIAL|5|6|T,T,Q,H2,J,H4|1
FREE_INITIAL|5|6|X5,H4,T,K,H5,H5|1
FREE_INITIAL|5|6|X5,K,J,J,H4,H4|1
FREE_INITIAL|5|6|X5,T,A,Q,Q,Q|1
FREE_INITIAL|5|6|X5,T,H3,A,H5,H5|1
FREE_INITIAL|5|6|X5,T,H3,H3,H3,H4|1
FREE_INITIAL|5|6|X5,T,T,Q,J,J|1
FREE_INITIAL|5|6|X7,J,J,J,J,J|1
FREE_INITIAL|5|6|X7,T,Scat,A,Q,J|1
FREE_REFILL|0|1|A|13
FREE_REFILL|0|1|H1|8
FREE_REFILL|0|1|H2|14
FREE_REFILL|0|1|H3|10
FREE_REFILL|0|1|H4|3
FREE_REFILL|0|1|H5|11
FREE_REFILL|0|1|J|11
FREE_REFILL|0|1|K|8
FREE_REFILL|0|1|Q|6
FREE_REFILL|0|1|T|13
FREE_REFILL|0|1|X5|1
FREE_REFILL|0|2|A,A|1
FREE_REFILL|0|2|A,H5|1
FREE_REFILL|0|2|A,J|2
FREE_REFILL|0|2|A,Q|1
FREE_REFILL|0|2|A,T|3
FREE_REFILL|0|2|H1,A|4
FREE_REFILL|0|2|H1,H1|2
FREE_REFILL|0|2|H1,H3|3
FREE_REFILL|0|2|H1,K|1
FREE_REFILL|0|2|H2,A|1
FREE_REFILL|0|2|H2,H2|1
FREE_REFILL|0|2|H2,H3|2
FREE_REFILL|0|2|H2,H4|1
FREE_REFILL|0|2|H2,K|1
FREE_REFILL|0|2|H2,T|2
FREE_REFILL|0|2|H3,A|1
FREE_REFILL|0|2|H3,H5|1
FREE_REFILL|0|2|H3,K|1
FREE_REFILL|0|2|H3,T|2
FREE_REFILL|0|2|H4,A|2
FREE_REFILL|0|2|H4,H1|1
FREE_REFILL|0|2|H4,H2|1
FREE_REFILL|0|2|H4,H4|2
FREE_REFILL|0|2|H4,H5|1
FREE_REFILL|0|2|H4,Q|1
FREE_REFILL|0|2|H4,T|2
FREE_REFILL|0|2|H5,H1|2
FREE_REFILL|0|2|H5,H5|3
FREE_REFILL|0|2|H5,J|2
FREE_REFILL|0|2|H5,T|1
FREE_REFILL|0|2|J,A|1
FREE_REFILL|0|2|J,H3|1
FREE_REFILL|0|2|J,H4|1
FREE_REFILL|0|2|J,H5|1
FREE_REFILL|0|2|J,T|1
FREE_REFILL|0|2|K,A|2
FREE_REFILL|0|2|K,H1|1
FREE_REFILL|0|2|K,H4|2
FREE_REFILL|0|2|K,Q|1
FREE_REFILL|0|2|Q,A|1
FREE_REFILL|0|2|Q,H1|1
FREE_REFILL|0|2|Q,H4|1
FREE_REFILL|0|2|Q,H5|2
FREE_REFILL|0|2|Q,K|2
FREE_REFILL|0|2|T,A|1
FREE_REFILL|0|2|T,H2|1
FREE_REFILL|0|2|T,H3|1
FREE_REFILL|0|2|T,H4|1
FREE_REFILL|0|2|T,H5|3
FREE_REFILL|0|2|T,J|1
FREE_REFILL|0|2|T,K|2
FREE_REFILL|0|2|T,Q|2
FREE_REFILL|0|3|A,H1,H4|1
FREE_REFILL|0|3|A,J,Q|1
FREE_REFILL|0|3|A,J,T|1
FREE_REFILL|0|3|A,K,K|1
FREE_REFILL|0|3|A,T,A|1
FREE_REFILL|0|3|H1,H2,Q|1
FREE_REFILL|0|3|H1,H5,H2|1
FREE_REFILL|0|3|H1,J,A|1
FREE_REFILL|0|3|H1,Q,H1|1
FREE_REFILL|0|3|H2,H2,H5|1
FREE_REFILL|0|3|H2,H3,T|1
FREE_REFILL|0|3|H2,H4,A|2
FREE_REFILL|0|3|H2,H4,H1|1
FREE_REFILL|0|3|H2,J,H4|1
FREE_REFILL|0|3|H3,A,X7|1
FREE_REFILL|0|3|H3,H4,H5|1
FREE_REFILL|0|3|H4,A,A|1
FREE_REFILL|0|3|H4,H1,K|1
FREE_REFILL|0|3|H4,H3,H2|1
FREE_REFILL|0|3|H4,H4,K|1
FREE_REFILL|0|3|H4,H4,Q|1
FREE_REFILL|0|3|H5,H1,H5|1
FREE_REFILL|0|3|H5,H5,K|1
FREE_REFILL|0|3|H5,T,A|1
FREE_REFILL|0|3|H5,T,H3|1
FREE_REFILL|0|3|J,A,Scat|1
FREE_REFILL|0|3|J,H2,A|1
FREE_REFILL|0|3|J,H4,H1|1
FREE_REFILL|0|3|K,H3,H2|1
FREE_REFILL|0|3|K,J,H2|1
FREE_REFILL|0|3|Q,Q,J|1
FREE_REFILL|0|3|Q,T,A|1
FREE_REFILL|0|3|T,A,H2|1
FREE_REFILL|0|3|X15,T,H4|1
FREE_REFILL|0|4|H1,K,H4,J|1
FREE_REFILL|0|4|H2,T,J,H2|1
FREE_REFILL|0|4|H4,H2,K,Q|1
FREE_REFILL|0|4|H4,Q,A,H3|1
FREE_REFILL|0|4|H4,T,T,H3|1
FREE_REFILL|0|4|H5,H3,H1,H3|1
FREE_REFILL|0|4|H5,H4,J,A|1
FREE_REFILL|0|4|J,H1,H1,J|1
FREE_REFILL|0|4|J,H1,Q,H3|1
FREE_REFILL|0|4|K,H1,H2,Q|1
FREE_REFILL|0|4|Q,K,H2,H5|1
FREE_REFILL|0|4|X5,H4,H5,H2|1
FREE_REFILL|0|5|A,J,A,H1,J|1
FREE_REFILL|0|5|H1,K,Scat,Q,H4|1
FREE_REFILL|0|5|H2,Q,J,J,Q|1
FREE_REFILL|0|5|H4,H5,Scat,J,H5|1
FREE_REFILL|0|5|H4,J,T,H4,H5|1
FREE_REFILL|0|5|Q,H4,H4,H3,Q|1
FREE_REFILL|0|5|Q,H4,K,A,H4|1
FREE_REFILL|0|5|Q,H5,K,T,J|1
FREE_REFILL|0|5|Scat,H1,K,H3,H4|1
FREE_REFILL|0|6|H1,H5,H5,T,T,H1|1
FREE_REFILL|1|1|A|11
FREE_REFILL|1|1|H1|9
FREE_REFILL|1|1|H2|9
FREE_REFILL|1|1|H3|10
FREE_REFILL|1|1|H4|7
FREE_REFILL|1|1|H5|9
FREE_REFILL|1|1|J|10
FREE_REFILL|1|1|K|8
FREE_REFILL|1|1|Q|10
FREE_REFILL|1|1|Scat|1
FREE_REFILL|1|1|T|13
FREE_REFILL|1|1|X7|1
FREE_REFILL|1|2|A,A|1
FREE_REFILL|1|2|A,H3|2
FREE_REFILL|1|2|A,H4|1
FREE_REFILL|1|2|A,H5|1
FREE_REFILL|1|2|A,Q|1
FREE_REFILL|1|2|A,Scat|1
FREE_REFILL|1|2|H1,A|1
FREE_REFILL|1|2|H1,H2|1
FREE_REFILL|1|2|H1,Q|2
FREE_REFILL|1|2|H1,T|1
FREE_REFILL|1|2|H2,H1|2
FREE_REFILL|1|2|H2,H2|3
FREE_REFILL|1|2|H2,H4|3
FREE_REFILL|1|2|H2,J|2
FREE_REFILL|1|2|H2,Scat|1
FREE_REFILL|1|2|H3,A|1
FREE_REFILL|1|2|H3,H2|1
FREE_REFILL|1|2|H3,H3|1
FREE_REFILL|1|2|H3,H4|1
FREE_REFILL|1|2|H3,H5|1
FREE_REFILL|1|2|H3,J|2
FREE_REFILL|1|2|H3,K|1
FREE_REFILL|1|2|H4,H1|1
FREE_REFILL|1|2|H4,K|3
FREE_REFILL|1|2|H4,T|3
FREE_REFILL|1|2|H5,A|1
FREE_REFILL|1|2|H5,H4|1
FREE_REFILL|1|2|H5,K|1
FREE_REFILL|1|2|H5,T|1
FREE_REFILL|1|2|J,A|1
FREE_REFILL|1|2|J,H1|1
FREE_REFILL|1|2|J,H2|1
FREE_REFILL|1|2|J,H4|1
FREE_REFILL|1|2|J,H5|1
FREE_REFILL|1|2|J,T|1
FREE_REFILL|1|2|K,H1|1
FREE_REFILL|1|2|K,H3|1
FREE_REFILL|1|2|K,H4|1
FREE_REFILL|1|2|K,H5|1
FREE_REFILL|1|2|K,Q|1
FREE_REFILL|1|2|Q,H1|1
FREE_REFILL|1|2|Q,H3|1
FREE_REFILL|1|2|Q,H4|2
FREE_REFILL|1|2|Q,H5|4
FREE_REFILL|1|2|Q,K|2
FREE_REFILL|1|2|Q,Scat|1
FREE_REFILL|1|2|Q,T|1
FREE_REFILL|1|2|T,H1|1
FREE_REFILL|1|2|T,H2|1
FREE_REFILL|1|2|T,H3|1
FREE_REFILL|1|2|T,H5|1
FREE_REFILL|1|2|T,J|1
FREE_REFILL|1|2|T,K|2
FREE_REFILL|1|3|A,A,T|1
FREE_REFILL|1|3|A,H4,H3|1
FREE_REFILL|1|3|A,T,H3|1
FREE_REFILL|1|3|A,T,T|1
FREE_REFILL|1|3|H1,H1,J|1
FREE_REFILL|1|3|H1,H5,Q|1
FREE_REFILL|1|3|H2,H2,Q|1
FREE_REFILL|1|3|H2,H3,J|1
FREE_REFILL|1|3|H2,H5,H4|1
FREE_REFILL|1|3|H2,K,K|1
FREE_REFILL|1|3|H2,K,Q|1
FREE_REFILL|1|3|H3,A,J|1
FREE_REFILL|1|3|H3,J,H2|1
FREE_REFILL|1|3|H3,Q,H3|1
FREE_REFILL|1|3|H3,Q,H5|1
FREE_REFILL|1|3|H3,T,H3|1
FREE_REFILL|1|3|H3,T,Q|1
FREE_REFILL|1|3|H4,H3,J|1
FREE_REFILL|1|3|H4,K,H3|1
FREE_REFILL|1|3|H4,T,Q|1
FREE_REFILL|1|3|H5,H1,K|1
FREE_REFILL|1|3|H5,H1,Q|1
FREE_REFILL|1|3|H5,H4,A|1
FREE_REFILL|1|3|J,H3,H2|1
FREE_REFILL|1|3|J,H4,H2|1
FREE_REFILL|1|3|K,H4,H3|1
FREE_REFILL|1|3|K,H4,J|1
FREE_REFILL|1|3|K,H5,K|1
FREE_REFILL|1|3|Q,H3,Q|1
FREE_REFILL|1|3|Q,J,A|1
FREE_REFILL|1|3|Q,J,H1|2
FREE_REFILL|1|3|T,H2,K|1
FREE_REFILL|1|3|T,H2,T|1
FREE_REFILL|1|3|T,H4,H5|1
FREE_REFILL|1|4|A,A,A,J|1
FREE_REFILL|1|4|H1,Q,J,T|1
FREE_REFILL|1|4|H2,Q,H1,Q|1
FREE_REFILL|1|4|H2,Q,K,H2|1
FREE_REFILL|1|4|H2,T,A,H5|1
FREE_REFILL|1|4|H3,H1,H4,K|1
FREE_REFILL|1|4|H3,K,Q,Q|1
FREE_REFILL|1|4|H3,Q,J,X5|1
FREE_REFILL|1|4|H3,Q,Q,T|1
FREE_REFILL|1|4|H4,H2,A,H3|1
FREE_REFILL|1|4|H4,H3,A,H2|1
FREE_REFILL|1|4|H4,H3,H5,X7|1
FREE_REFILL|1|4|H4,Q,H1,H4|1
FREE_REFILL|1|4|H5,H2,T,H4|1
FREE_REFILL|1|4|H5,H4,Q,H1|1
FREE_REFILL|1|4|K,T,H1,Q|1
FREE_REFILL|1|4|Q,H3,H1,H3|1
FREE_REFILL|1|4|Q,H5,K,H5|1
FREE_REFILL|1|4|Q,Q,T,T|1
FREE_REFILL|1|4|T,H3,Q,H2|1
FREE_REFILL|1|5|A,A,H1,H5,H2|1
FREE_REFILL|1|5|H2,H4,T,H1,H4|1
FREE_REFILL|1|5|Q,H3,T,A,H2|1
FREE_REFILL|1|6|H2,H2,A,A,H3,K|1
FREE_REFILL|2|1|A|10
FREE_REFILL|2|1|H1|9
FREE_REFILL|2|1|H2|11
FREE_REFILL|2|1|H3|10
FREE_REFILL|2|1|H4|7
FREE_REFILL|2|1|H5|15
FREE_REFILL|2|1|J|10
FREE_REFILL|2|1|K|9
FREE_REFILL|2|1|Q|8
FREE_REFILL|2|1|Scat|2
FREE_REFILL|2|1|T|15
FREE_REFILL|2|1|X5|2
FREE_REFILL|2|1|X7|1
FREE_REFILL|2|2|A,H2|2
FREE_REFILL|2|2|A,H4|1
FREE_REFILL|2|2|A,H5|1
FREE_REFILL|2|2|A,J|1
FREE_REFILL|2|2|A,K|2
FREE_REFILL|2|2|A,Q|1
FREE_REFILL|2|2|H1,H2|1
FREE_REFILL|2|2|H1,H3|1
FREE_REFILL|2|2|H1,K|1
FREE_REFILL|2|2|H1,X15|1
FREE_REFILL|2|2|H2,H4|1
FREE_REFILL|2|2|H2,K|2
FREE_REFILL|2|2|H2,T|3
FREE_REFILL|2|2|H3,A|2
FREE_REFILL|2|2|H3,H1|1
FREE_REFILL|2|2|H3,H4|2
FREE_REFILL|2|2|H3,H5|1
FREE_REFILL|2|2|H3,J|1
FREE_REFILL|2|2|H3,K|1
FREE_REFILL|2|2|H3,Q|1
FREE_REFILL|2|2|H3,T|1
FREE_REFILL|2|2|H3,X5|1
FREE_REFILL|2|2|H4,A|1
FREE_REFILL|2|2|H4,H2|1
FREE_REFILL|2|2|H4,H5|2
FREE_REFILL|2|2|H4,J|1
FREE_REFILL|2|2|H4,K|3
FREE_REFILL|2|2|H4,Q|1
FREE_REFILL|2|2|H4,T|2
FREE_REFILL|2|2|H5,A|1
FREE_REFILL|2|2|H5,H1|1
FREE_REFILL|2|2|H5,H2|1
FREE_REFILL|2|2|H5,H4|1
FREE_REFILL|2|2|H5,H5|3
FREE_REFILL|2|2|J,H1|2
FREE_REFILL|2|2|J,H4|2
FREE_REFILL|2|2|J,H5|2
FREE_REFILL|2|2|K,A|2
FREE_REFILL|2|2|K,H1|3
FREE_REFILL|2|2|K,H2|1
FREE_REFILL|2|2|K,H3|1
FREE_REFILL|2|2|K,H4|2
FREE_REFILL|2|2|K,J|1
FREE_REFILL|2|2|K,Q|1
FREE_REFILL|2|2|K,T|1
FREE_REFILL|2|2|Q,A|1
FREE_REFILL|2|2|Q,H1|2
FREE_REFILL|2|2|Q,H2|1
FREE_REFILL|2|2|Q,H3|3
FREE_REFILL|2|2|Q,H4|2
FREE_REFILL|2|2|Q,K|1
FREE_REFILL|2|2|Q,Q|1
FREE_REFILL|2|2|Q,T|1
FREE_REFILL|2|2|Q,X7|1
FREE_REFILL|2|2|Scat,H4|1
FREE_REFILL|2|2|T,A|1
FREE_REFILL|2|2|T,H1|2
FREE_REFILL|2|2|T,J|1
FREE_REFILL|2|2|T,K|1
FREE_REFILL|2|2|T,Q|2
FREE_REFILL|2|2|T,X7|1
FREE_REFILL|2|2|X5,H4|1
FREE_REFILL|2|2|X7,H3|1
FREE_REFILL|2|3|H1,H2,H4|1
FREE_REFILL|2|3|H1,H2,H5|1
FREE_REFILL|2|3|H2,J,A|1
FREE_REFILL|2|3|H2,J,J|1
FREE_REFILL|2|3|H2,T,H5|1
FREE_REFILL|2|3|H3,H4,H2|1
FREE_REFILL|2|3|H3,J,T|1
FREE_REFILL|2|3|H4,H1,T|1
FREE_REFILL|2|3|H4,H2,Q|1
FREE_REFILL|2|3|H4,K,T|1
FREE_REFILL|2|3|H4,T,H1|1
FREE_REFILL|2|3|H5,H2,T|1
FREE_REFILL|2|3|H5,H3,H2|1
FREE_REFILL|2|3|H5,H5,H2|1
FREE_REFILL|2|3|H5,Q,A|1
FREE_REFILL|2|3|J,H5,H5|1
FREE_REFILL|2|3|J,K,Q|1
FREE_REFILL|2|3|J,K,T|1
FREE_REFILL|2|3|J,Q,H2|1
FREE_REFILL|2|3|K,A,H5|1
FREE_REFILL|2|3|K,H1,H1|1
FREE_REFILL|2|3|K,H1,H3|1
FREE_REFILL|2|3|K,J,H4|1
FREE_REFILL|2|3|K,Q,H3|1
FREE_REFILL|2|3|K,T,Q|1
FREE_REFILL|2|3|Q,H1,H2|1
FREE_REFILL|2|3|Q,H3,Q|1
FREE_REFILL|2|3|Scat,H4,H2|1
FREE_REFILL|2|3|T,H1,J|1
FREE_REFILL|2|3|T,H3,H2|1
FREE_REFILL|2|3|T,T,H3|1
FREE_REFILL|2|4|H1,H2,H1,H5|1
FREE_REFILL|2|4|H1,Q,H5,H3|1
FREE_REFILL|2|4|H1,Q,T,T|1
FREE_REFILL|2|4|H1,T,H3,H2|1
FREE_REFILL|2|4|H2,H1,T,T|1
FREE_REFILL|2|4|H2,K,H1,T|1
FREE_REFILL|2|4|H3,Q,A,Q|1
FREE_REFILL|2|4|H5,A,H5,H1|1
FREE_REFILL|2|4|J,H2,T,H5|1
FREE_REFILL|2|4|T,H3,H5,J|1
FREE_REFILL|2|4|T,Q,H2,H1|1
FREE_REFILL|2|5|H3,H4,J,K,J|1
FREE_REFILL|2|5|H5,H2,H1,H4,H2|1
FREE_REFILL|2|5|H5,T,J,H3,Q|1
FREE_REFILL|2|5|J,A,H3,J,Q|1
FREE_REFILL|2|5|Scat,Q,H3,A,K|1
FREE_REFILL|2|6|A,H1,H5,K,H2,H4|1
FREE_REFILL|2|6|H3,H1,K,H5,J,A|1
FREE_REFILL|3|1|A|8
FREE_REFILL|3|1|H1|10
FREE_REFILL|3|1|H2|11
FREE_REFILL|3|1|H3|13
FREE_REFILL|3|1|H4|6
FREE_REFILL|3|1|H5|11
FREE_REFILL|3|1|J|11
FREE_REFILL|3|1|K|9
FREE_REFILL|3|1|Q|10
FREE_REFILL|3|1|T|8
FREE_REFILL|3|1|X5|1
FREE_REFILL|3|1|X7|3
FREE_REFILL|3|2|A,A|2
FREE_REFILL|3|2|A,H1|1
FREE_REFILL|3|2|A,H2|1
FREE_REFILL|3|2|A,H4|1
FREE_REFILL|3|2|A,H5|1
FREE_REFILL|3|2|A,J|1
FREE_REFILL|3|2|A,Q|1
FREE_REFILL|3|2|A,T|1
FREE_REFILL|3|2|H1,A|1
FREE_REFILL|3|2|H1,H2|1
FREE_REFILL|3|2|H1,H3|1
FREE_REFILL|3|2|H1,H4|4
FREE_REFILL|3|2|H1,H5|1
FREE_REFILL|3|2|H1,J|1
FREE_REFILL|3|2|H1,K|1
FREE_REFILL|3|2|H1,T|1
FREE_REFILL|3|2|H2,A|1
FREE_REFILL|3|2|H2,H1|2
FREE_REFILL|3|2|H2,H2|1
FREE_REFILL|3|2|H2,H3|1
FREE_REFILL|3|2|H2,H4|1
FREE_REFILL|3|2|H2,K|1
FREE_REFILL|3|2|H2,Q|1
FREE_REFILL|3|2|H2,Scat|1
FREE_REFILL|3|2|H3,H2|2
FREE_REFILL|3|2|H3,J|1
FREE_REFILL|3|2|H3,K|1
FREE_REFILL|3|2|H3,Q|1
FREE_REFILL|3|2|H3,T|1
FREE_REFILL|3|2|H4,A|2
FREE_REFILL|3|2|H4,H3|1
FREE_REFILL|3|2|H4,H4|1
FREE_REFILL|3|2|H4,H5|1
FREE_REFILL|3|2|H4,J|1
FREE_REFILL|3|2|H4,K|1
FREE_REFILL|3|2|H5,H3|1
FREE_REFILL|3|2|H5,J|1
FREE_REFILL|3|2|H5,K|1
FREE_REFILL|3|2|H5,Q|4
FREE_REFILL|3|2|H5,T|3
FREE_REFILL|3|2|J,A|1
FREE_REFILL|3|2|J,H1|1
FREE_REFILL|3|2|J,H3|1
FREE_REFILL|3|2|J,H4|3
FREE_REFILL|3|2|J,H5|1
FREE_REFILL|3|2|J,K|2
FREE_REFILL|3|2|J,Q|1
FREE_REFILL|3|2|K,H4|1
FREE_REFILL|3|2|K,H5|1
FREE_REFILL|3|2|K,J|2
FREE_REFILL|3|2|K,K|1
FREE_REFILL|3|2|Q,H1|1
FREE_REFILL|3|2|Q,H3|2
FREE_REFILL|3|2|Q,Q|1
FREE_REFILL|3|2|Q,Scat|1
FREE_REFILL|3|2|T,A|1
FREE_REFILL|3|2|T,H2|1
FREE_REFILL|3|2|T,H3|1
FREE_REFILL|3|2|T,J|1
FREE_REFILL|3|3|A,A,K|1
FREE_REFILL|3|3|A,H2,H4|1
FREE_REFILL|3|3|A,H2,J|1
FREE_REFILL|3|3|H1,H2,H5|1
FREE_REFILL|3|3|H1,H3,T|1
FREE_REFILL|3|3|H1,H4,H2|1
FREE_REFILL|3|3|H1,H4,Q|1
FREE_REFILL|3|3|H1,H5,H1|1
FREE_REFILL|3|3|H1,K,T|1
FREE_REFILL|3|3|H1,Q,H2|1
FREE_REFILL|3|3|H1,T,Q|1
FREE_REFILL|3|3|H2,H1,J|1
FREE_REFILL|3|3|H2,H3,A|1
FREE_REFILL|3|3|H2,Scat,T|1
FREE_REFILL|3|3|H2,X5,T|1
FREE_REFILL|3|3|H3,J,A|1
FREE_REFILL|3|3|H3,X5,T|1
FREE_REFILL|3|3|H4,H5,H1|1
FREE_REFILL|3|3|H4,J,H5|1
FREE_REFILL|3|3|H5,H2,K|1
FREE_REFILL|3|3|H5,H3,H2|1
FREE_REFILL|3|3|J,A,H2|1
FREE_REFILL|3|3|J,A,Q|1
FREE_REFILL|3|3|J,J,H3|1
FREE_REFILL|3|3|J,J,Q|1
FREE_REFILL|3|3|J,Q,H1|1
FREE_REFILL|3|3|J,T,A|1
FREE_REFILL|3|3|K,H1,H1|1
FREE_REFILL|3|3|K,J,A|1
FREE_REFILL|3|3|K,T,H5|1
FREE_REFILL|3|3|Q,H1,A|1
FREE_REFILL|3|3|Q,H1,J|1
FREE_REFILL|3|3|Q,H1,T|1
FREE_REFILL|3|3|Q,H2,K|1
FREE_REFILL|3|3|Q,H2,Q|1
FREE_REFILL|3|3|Q,Q,H2|1
FREE_REFILL|3|3|Q,Q,H4|1
FREE_REFILL|3|3|Q,Q,K|1
FREE_REFILL|3|3|Q,X5,H1|1
FREE_REFILL|3|3|Scat,T,J|1
FREE_REFILL|3|3|T,H1,H3|1
FREE_REFILL|3|3|T,H1,T|1
FREE_REFILL|3|3|T,H2,H2|1
FREE_REFILL|3|3|T,H3,A|1
FREE_REFILL|3|3|T,H5,H2|2
FREE_REFILL|3|3|T,J,H5|1
FREE_REFILL|3|3|T,Q,H4|1
FREE_REFILL|3|4|A,A,H5,Q|1
FREE_REFILL|3|4|A,H2,K,J|1
FREE_REFILL|3|4|A,H4,H5,J|1
FREE_REFILL|3|4|A,J,H2,H1|1
FREE_REFILL|3|4|H2,J,H1,J|1
FREE_REFILL|3|4|H2,X7,J,H1|1
FREE_REFILL|3|4|H3,K,H4,H1|1
FREE_REFILL|3|4|H3,Scat,H1,H2|1
FREE_REFILL|3|4|H4,T,H3,H4|1
FREE_REFILL|3|4|J,H2,J,H2|1
FREE_REFILL|3|4|K,Q,A,T|1
FREE_REFILL|3|4|Q,H2,H3,H5|1
FREE_REFILL|3|4|T,H2,H4,A|1
FREE_REFILL|3|4|T,H5,H3,H1|1
FREE_REFILL|3|4|T,Scat,K,J|1
FREE_REFILL|3|5|H2,K,H5,H3,H5|1
FREE_REFILL|3|5|K,A,K,A,A|1
FREE_REFILL|3|6|A,T,Q,Q,J,T|1
FREE_REFILL|3|6|H1,H3,T,J,J,T|1
FREE_REFILL|3|6|H3,Q,H3,Q,H4,Scat|1
FREE_REFILL|3|6|H5,H5,A,Q,A,T|1
FREE_REFILL|4|1|A|13
FREE_REFILL|4|1|H1|13
FREE_REFILL|4|1|H2|13
FREE_REFILL|4|1|H3|14
FREE_REFILL|4|1|H4|10
FREE_REFILL|4|1|H5|9
FREE_REFILL|4|1|J|9
FREE_REFILL|4|1|K|16
FREE_REFILL|4|1|Q|5
FREE_REFILL|4|1|Scat|1
FREE_REFILL|4|1|T|7
FREE_REFILL|4|2|A,A|1
FREE_REFILL|4|2|A,H1|1
FREE_REFILL|4|2|A,H3|1
FREE_REFILL|4|2|A,H5|1
FREE_REFILL|4|2|A,Q|1
FREE_REFILL|4|2|H1,A|3
FREE_REFILL|4|2|H1,H3|1
FREE_REFILL|4|2|H1,H4|2
FREE_REFILL|4|2|H1,H5|1
FREE_REFILL|4|2|H1,J|2
FREE_REFILL|4|2|H1,K|1
FREE_REFILL|4|2|H1,Q|1
FREE_REFILL|4|2|H1,Scat|1
FREE_REFILL|4|2|H2,A|1
FREE_REFILL|4|2|H2,H3|3
FREE_REFILL|4|2|H2,H4|2
FREE_REFILL|4|2|H2,J|2
FREE_REFILL|4|2|H2,K|1
FREE_REFILL|4|2|H2,Q|2
FREE_REFILL|4|2|H3,H3|2
FREE_REFILL|4|2|H3,H4|1
FREE_REFILL|4|2|H3,H5|1
FREE_REFILL|4|2|H3,X7|1
FREE_REFILL|4|2|H4,A|1
FREE_REFILL|4|2|H4,H1|1
FREE_REFILL|4|2|H4,H2|1
FREE_REFILL|4|2|H4,H3|1
FREE_REFILL|4|2|H4,H5|1
FREE_REFILL|4|2|H4,T|2
FREE_REFILL|4|2|H5,H1|2
FREE_REFILL|4|2|H5,H2|1
FREE_REFILL|4|2|H5,H5|1
FREE_REFILL|4|2|H5,J|1
FREE_REFILL|4|2|H5,X7|1
FREE_REFILL|4|2|J,A|1
FREE_REFILL|4|2|J,H3|1
FREE_REFILL|4|2|J,H5|1
FREE_REFILL|4|2|J,K|1
FREE_REFILL|4|2|K,A|1
FREE_REFILL|4|2|K,J|1
FREE_REFILL|4|2|K,K|1
FREE_REFILL|4|2|K,Q|1
FREE_REFILL|4|2|Q,A|1
FREE_REFILL|4|2|Q,H1|2
FREE_REFILL|4|2|Q,H2|1
FREE_REFILL|4|2|Q,H4|2
FREE_REFILL|4|2|Q,J|2
FREE_REFILL|4|2|Q,T|1
FREE_REFILL|4|2|T,A|1
FREE_REFILL|4|2|T,J|1
FREE_REFILL|4|2|T,K|4
FREE_REFILL|4|2|T,Q|3
FREE_REFILL|4|2|T,X5|1
FREE_REFILL|4|2|X5,A|1
FREE_REFILL|4|2|X5,J|1
FREE_REFILL|4|2|X7,H4|1
FREE_REFILL|4|3|A,H3,J|1
FREE_REFILL|4|3|A,J,H1|1
FREE_REFILL|4|3|A,K,H4|1
FREE_REFILL|4|3|H1,H4,Q|1
FREE_REFILL|4|3|H1,T,K|1
FREE_REFILL|4|3|H2,H2,K|1
FREE_REFILL|4|3|H3,H1,A|1
FREE_REFILL|4|3|H3,H1,K|1
FREE_REFILL|4|3|H3,H2,K|1
FREE_REFILL|4|3|H3,H3,H2|1
FREE_REFILL|4|3|H3,H5,Q|2
FREE_REFILL|4|3|H3,T,Q|1
FREE_REFILL|4|3|H4,H4,Q|1
FREE_REFILL|4|3|H4,X7,J|1
FREE_REFILL|4|3|H5,H2,A|1
FREE_REFILL|4|3|J,H4,A|1
FREE_REFILL|4|3|J,H4,K|1
FREE_REFILL|4|3|J,J,H5|1
FREE_REFILL|4|3|K,H3,J|1
FREE_REFILL|4|3|K,Q,A|1
FREE_REFILL|4|3|K,T,T|1
FREE_REFILL|4|3|Q,H2,A|1
FREE_REFILL|4|3|Q,H2,T|1
FREE_REFILL|4|3|Q,Q,K|1
FREE_REFILL|4|3|T,H2,H1|1
FREE_REFILL|4|3|T,H3,K|1
FREE_REFILL|4|3|T,H4,A|1
FREE_REFILL|4|3|T,H5,K|1
FREE_REFILL|4|3|T,H5,X7|1
FREE_REFILL|4|3|X7,H3,H5|1
FREE_REFILL|4|4|A,A,H2,H1|1
FREE_REFILL|4|4|H1,H1,T,K|1
FREE_REFILL|4|4|H1,J,J,J|1
FREE_REFILL|4|4|H1,K,H4,T|1
FREE_REFILL|4|4|H2,H2,K,H3|1
FREE_REFILL|4|4|H3,H2,H4,A|1
FREE_REFILL|4|4|H5,H3,K,H4|1
FREE_REFILL|4|4|H5,K,K,H4|1
FREE_REFILL|4|4|H5,T,K,T|1
FREE_REFILL|4|4|J,H4,X15,H3|1
FREE_REFILL|4|4|K,A,K,K|1
FREE_REFILL|4|4|Q,J,H5,J|1
FREE_REFILL|4|4|X7,K,A,H4|1
FREE_REFILL|4|5|H1,H3,H2,H4,H5|1
FREE_REFILL|4|5|H1,J,H1,A,K|1
FREE_REFILL|4|5|H1,K,H5,T,K|1
FREE_REFILL|4|5|H4,H2,H2,K,J|1
FREE_REFILL|4|5|H4,H5,Q,A,Q|1
FREE_REFILL|4|5|H4,Q,H2,H1,H3|1
FREE_REFILL|4|5|H4,X15,T,H2,K|1
FREE_REFILL|4|5|J,K,T,H1,Q|1
FREE_REFILL|4|5|K,Q,H2,H3,K|1
FREE_REFILL|4|5|Q,A,H4,H3,H1|1
FREE_REFILL|4|5|T,J,H1,H4,H3|1
FREE_REFILL|4|6|Q,H5,H4,H3,Q,H4|1
FREE_REFILL|5|1|A|13
FREE_REFILL|5|1|H1|10
FREE_REFILL|5|1|H2|10
FREE_REFILL|5|1|H3|8
FREE_REFILL|5|1|H4|17
FREE_REFILL|5|1|H5|10
FREE_REFILL|5|1|J|15
FREE_REFILL|5|1|K|15
FREE_REFILL|5|1|Q|10
FREE_REFILL|5|1|Scat|2
FREE_REFILL|5|1|T|7
FREE_REFILL|5|1|X7|1
FREE_REFILL|5|2|A,A|1
FREE_REFILL|5|2|A,H5|1
FREE_REFILL|5|2|H1,A|2
FREE_REFILL|5|2|H1,H3|1
FREE_REFILL|5|2|H1,H4|2
FREE_REFILL|5|2|H2,H1|1
FREE_REFILL|5|2|H2,H3|2
FREE_REFILL|5|2|H2,H4|3
FREE_REFILL|5|2|H2,K|1
FREE_REFILL|5|2|H2,Q|1
FREE_REFILL|5|2|H3,H3|1
FREE_REFILL|5|2|H3,H4|1
FREE_REFILL|5|2|H3,H5|1
FREE_REFILL|5|2|H3,K|1
FREE_REFILL|5|2|H3,T|1
FREE_REFILL|5|2|H4,A|1
FREE_REFILL|5|2|H4,H1|1
FREE_REFILL|5|2|H4,H2|1
FREE_REFILL|5|2|H4,H3|2
FREE_REFILL|5|2|H4,H4|1
FREE_REFILL|5|2|H4,Scat|1
FREE_REFILL|5|2|H4,T|2
FREE_REFILL|5|2|H5,H1|2
FREE_REFILL|5|2|H5,H2|1
FREE_REFILL|5|2|H5,K|2
FREE_REFILL|5|2|H5,Q|2
FREE_REFILL|5|2|J,A|1
FREE_REFILL|5|2|J,H1|2
FREE_REFILL|5|2|J,H4|2
FREE_REFILL|5|2|J,H5|1
FREE_REFILL|5|2|J,K|1
FREE_REFILL|5|2|J,Q|1
FREE_REFILL|5|2|J,T|1
FREE_REFILL|5|2|K,H3|1
FREE_REFILL|5|2|K,J|1
FREE_REFILL|5|2|K,Q|1
FREE_REFILL|5|2|Q,A|4
FREE_REFILL|5|2|Q,H3|1
FREE_REFILL|5|2|Q,Q|1
FREE_REFILL|5|2|Q,T|2
FREE_REFILL|5|2|Scat,H2|1
FREE_REFILL|5|2|T,A|2
FREE_REFILL|5|2|T,H1|1
FREE_REFILL|5|2|T,H2|2
FREE_REFILL|5|2|T,H3|1
FREE_REFILL|5|2|T,J|1
FREE_REFILL|5|2|T,Q|2
FREE_REFILL|5|2|T,T|2
FREE_REFILL|5|2|X5,H2|1
FREE_REFILL|5|2|X5,K|1
FREE_REFILL|5|3|A,H1,T|1
FREE_REFILL|5|3|A,Q,K|1
FREE_REFILL|5|3|H1,Q,H2|1
FREE_REFILL|5|3|H1,Q,K|1
FREE_REFILL|5|3|H2,K,H3|1
FREE_REFILL|5|3|H2,Q,H1|1
FREE_REFILL|5|3|H2,Q,H4|1
FREE_REFILL|5|3|H3,H1,H3|1
FREE_REFILL|5|3|H3,H2,H5|1
FREE_REFILL|5|3|H3,H2,J|1
FREE_REFILL|5|3|H3,H5,Q|1
FREE_REFILL|5|3|H3,T,J|1
FREE_REFILL|5|3|H3,X7,H1|1
FREE_REFILL|5|3|H4,H5,H4|1
FREE_REFILL|5|3|H4,K,Q|1
FREE_REFILL|5|3|J,A,A|1
FREE_REFILL|5|3|J,H2,T|1
FREE_REFILL|5|3|J,T,H1|1
FREE_REFILL|5|3|J,T,H3|1
FREE_REFILL|5|3|K,H2,H1|2
FREE_REFILL|5|3|K,H3,J|1
FREE_REFILL|5|3|K,H4,H1|1
FREE_REFILL|5|3|K,K,T|1
FREE_REFILL|5|3|Q,A,H2|1
FREE_REFILL|5|3|T,H4,X7|1
FREE_REFILL|5|3|T,H5,A|1
FREE_REFILL|5|3|T,J,A|1
FREE_REFILL|5|3|T,K,T|1
FREE_REFILL|5|4|A,H2,K,T|1
FREE_REFILL|5|4|H1,H1,Q,T|1
FREE_REFILL|5|4|H1,H2,H3,H4|1
FREE_REFILL|5|4|H1,H5,H2,H4|1
FREE_REFILL|5|4|H3,K,H3,H5|1
FREE_REFILL|5|4|H4,H3,H5,H4|1
FREE_REFILL|5|4|H5,A,K,K|1
FREE_REFILL|5|4|H5,H4,H3,H1|1
FREE_REFILL|5|4|J,K,H1,Q|1
FREE_REFILL|5|4|K,K,J,T|1
FREE_REFILL|5|4|K,T,H1,H4|1
FREE_REFILL|5|4|T,J,A,H1|1
FREE_REFILL|5|5|A,A,K,H3,H4|1
FREE_REFILL|5|5|A,H4,H4,Q,H1|1
FREE_REFILL|5|5|H2,Q,H2,H3,J|1
FREE_REFILL|5|5|H3,J,H3,H1,H3|1
FREE_REFILL|5|5|H4,H5,H2,H3,Q|1
FREE_REFILL|5|5|H4,H5,H3,A,T|1
FREE_REFILL|5|5|H4,J,H4,Q,H2|1
FREE_REFILL|5|5|H5,K,H3,H3,A|1
FREE_REFILL|5|5|J,H5,H4,T,H3|1
FREE_REFILL|5|5|T,H2,H4,T,T|1
FREE_REFILL|5|6|Q,H3,H3,H3,T,Q|1
FREE_REFILL|5|6|Q,X7,H1,H3,A,H4|1
PAID_CASCADE|0|6|A,A,H1,H2,K,X3|1
PAID_CASCADE|0|6|A,A,H1,Q,H4,K|1
PAID_CASCADE|0|6|A,A,H1,Scat,H1,H1|2
PAID_CASCADE|0|6|A,A,H1,T,K,H3|1
PAID_CASCADE|0|6|A,A,Q,Q,Q,Q|1
PAID_CASCADE|0|6|A,H2,H2,H1,Q,H3|1
PAID_CASCADE|0|6|A,H2,H2,H3,H5,Q|1
PAID_CASCADE|0|6|A,H3,H1,H2,H2,J|1
PAID_CASCADE|0|6|A,H5,H5,H1,H1,H3|2
PAID_CASCADE|0|6|A,J,H5,H5,T,Q|1
PAID_CASCADE|0|6|A,J,J,J,J,Q|1
PAID_CASCADE|0|6|A,T,H3,H2,H2,H2|1
PAID_CASCADE|0|6|H1,H1,H1,H1,H1,H1|2
PAID_CASCADE|0|6|H1,H1,H1,H1,H1,H5|2
PAID_CASCADE|0|6|H1,H1,H1,H1,H3,H3|1
PAID_CASCADE|0|6|H1,H1,H1,H1,H3,K|1
PAID_CASCADE|0|6|H1,H1,H1,T,X4,H3|1
PAID_CASCADE|0|6|H1,H1,H3,H3,K,H4|1
PAID_CASCADE|0|6|H1,H1,Q,H3,H4,H4|1
PAID_CASCADE|0|6|H1,H1,Q,Q,Q,Q|1
PAID_CASCADE|0|6|H1,H1,X4,H2,H4,H5|1
PAID_CASCADE|0|6|H1,H4,H3,H3,H2,H2|1
PAID_CASCADE|0|6|H1,H4,H4,H4,H3,H3|1
PAID_CASCADE|0|6|H1,H4,T,H2,K,H5|1
PAID_CASCADE|0|6|H1,H5,T,A,K,K|1
PAID_CASCADE|0|6|H1,J,J,H3,H2,H2|1
PAID_CASCADE|0|6|H1,K,H4,H2,T,H5|1
PAID_CASCADE|0|6|H1,K,H5,Q,X3,H4|1
PAID_CASCADE|0|6|H1,K,J,Q,Q,Q|1
PAID_CASCADE|0|6|H1,T,T,T,K,H3|1
PAID_CASCADE|0|6|H2,H1,H1,H1,H1,T|1
PAID_CASCADE|0|6|H2,H1,H1,H1,J,H5|1
PAID_CASCADE|0|6|H2,H1,H1,H5,H4,H3|1
PAID_CASCADE|0|6|H2,H2,A,A,J,T|1
PAID_CASCADE|0|6|H2,H2,H2,H2,H3,Q|1
PAID_CASCADE|0|6|H2,H2,H2,H2,K,K|1
PAID_CASCADE|0|6|H2,H2,H4,H4,H4,A|1
PAID_CASCADE|0|6|H2,H2,H5,H5,Q,Q|2
PAID_CASCADE|0|6|H2,H2,K,A,H3,J|1
PAID_CASCADE|0|6|H2,H3,H3,H4,J,Q|1
PAID_CASCADE|0|6|H2,H4,H1,H1,H1,H3|1
PAID_CASCADE|0|6|H2,J,J,T,H3,H1|1
PAID_CASCADE|0|6|H2,K,H4,J,H5,H5|1
PAID_CASCADE|0|6|H2,Q,J,K,K,H4|1
PAID_CASCADE|0|6|H2,T,K,H5,H5,H1|1
PAID_CASCADE|0|6|H2,X3,H3,H3,H3,H3|1
PAID_CASCADE|0|6|H3,A,A,H4,H4,J|1
PAID_CASCADE|0|6|H3,A,Q,K,H2,H1|1
PAID_CASCADE|0|6|H3,H2,H2,H2,H1,Q|1
PAID_CASCADE|0|6|H3,H3,H3,H3,H3,H3|1
PAID_CASCADE|0|6|H3,H3,H3,H3,K,H5|2
PAID_CASCADE|0|6|H3,H3,H3,Q,X4,T|1
PAID_CASCADE|0|6|H3,H3,H4,H4,T,T|1
PAID_CASCADE|0|6|H3,H3,H5,H5,H5,Q|1
PAID_CASCADE|0|6|H3,H3,J,J,J,H5|1
PAID_CASCADE|0|6|H3,H3,T,K,H1,H1|1
PAID_CASCADE|0|6|H3,H5,H2,H4,K,J|1
PAID_CASCADE|0|6|H3,J,H5,T,T,A|1
PAID_CASCADE|0|6|H3,Q,H1,H1,H1,H5|2
PAID_CASCADE|0|6|H3,T,J,H1,H1,H1|1
PAID_CASCADE|0|6|H4,H1,A,A,J,J|1
PAID_CASCADE|0|6|H4,H1,H1,H2,H2,A|1
PAID_CASCADE|0|6|H4,H1,T,T,T,T|1
PAID_CASCADE|0|6|H4,H3,Q,A,A,A|1
PAID_CASCADE|0|6|H4,H4,H1,H2,Q,Q|1
PAID_CASCADE|0|6|H4,H4,H1,Q,Q,H2|1
PAID_CASCADE|0|6|H4,H4,H4,H4,H4,H1|1
PAID_CASCADE|0|6|H4,H4,T,T,Q,Q|1
PAID_CASCADE|0|6|H4,H4,T,T,T,T|1
PAID_CASCADE|0|6|H4,K,H1,H1,H1,H1|1
PAID_CASCADE|0|6|H4,X4,H1,H3,H3,H3|1
PAID_CASCADE|0|6|H5,A,H1,J,H4,X2|1
PAID_CASCADE|0|6|H5,A,H1,K,H3,J|1
PAID_CASCADE|0|6|H5,H2,T,A,H1,H1|1
PAID_CASCADE|0|6|H5,H3,A,A,H4,K|1
PAID_CASCADE|0|6|H5,H3,H1,H1,H1,H2|1
PAID_CASCADE|0|6|H5,H5,H2,H2,H2,H1|1
PAID_CASCADE|0|6|H5,H5,H5,A,Q,H1|1
PAID_CASCADE|0|6|H5,H5,H5,H1,H1,H1|1
PAID_CASCADE|0|6|H5,H5,H5,H5,H4,Q|1
PAID_CASCADE|0|6|H5,H5,T,H2,H2,J|1
PAID_CASCADE|0|6|H5,H5,X3,H3,H3,H1|1
PAID_CASCADE|0|6|H5,J,J,J,H1,K|1
PAID_CASCADE|0|6|H5,K,H3,H1,H1,H2|1
PAID_CASCADE|0|6|H5,K,T,H1,H3,H3|1
PAID_CASCADE|0|6|H5,Q,Q,H1,T,H3|1
PAID_CASCADE|0|6|H5,Q,Q,H3,H1,T|1
PAID_CASCADE|0|6|H5,T,H1,H4,K,Q|1
PAID_CASCADE|0|6|H5,X4,H4,T,H3,H3|1
PAID_CASCADE|0|6|J,H1,A,H5,H4,H3|1
PAID_CASCADE|0|6|J,H1,H1,H4,H4,H2|1
PAID_CASCADE|0|6|J,H2,H2,H5,H1,H1|1
PAID_CASCADE|0|6|J,H4,H2,H2,Q,T|1
PAID_CASCADE|0|6|J,H5,Q,H1,H1,T|2
PAID_CASCADE|0|6|J,J,H5,H5,H5,A|1
PAID_CASCADE|0|6|J,J,H5,H5,H5,H5|1
PAID_CASCADE|0|6|J,J,J,J,H3,H3|1
PAID_CASCADE|0|6|J,K,H1,H5,Q,T|1
PAID_CASCADE|0|6|J,T,T,K,H2,H2|1
PAID_CASCADE|0|6|K,A,H5,H4,Q,H2|1
PAID_CASCADE|0|6|K,H1,H2,H2,H2,H2|1
PAID_CASCADE|0|6|K,H1,H3,Q,X3,J|1
PAID_CASCADE|0|6|K,H1,H4,H2,H3,H3|1
PAID_CASCADE|0|6|K,H1,Q,Q,Q,Q|1
PAID_CASCADE|0|6|K,H2,H2,H2,H2,A|1
PAID_CASCADE|0|6|K,H3,A,H2,J,X3|1
PAID_CASCADE|0|6|K,H3,H3,H3,H2,H2|1
PAID_CASCADE|0|6|K,H3,Q,A,T,T|1
PAID_CASCADE|0|6|K,H4,H4,H5,Q,X2|1
PAID_CASCADE|0|6|K,H5,H5,T,T,H1|1
PAID_CASCADE|0|6|K,J,H4,H1,H1,Q|2
PAID_CASCADE|0|6|K,K,J,J,J,H1|1
PAID_CASCADE|0|6|K,K,K,H1,Q,Q|1
PAID_CASCADE|0|6|K,K,K,K,K,K|1
PAID_CASCADE|0|6|K,Q,Q,A,H3,H3|1
PAID_CASCADE|0|6|Q,H1,H5,H5,H5,H4|1
PAID_CASCADE|0|6|Q,H2,H5,H1,H1,H1|1
PAID_CASCADE|0|6|Q,H3,K,H4,H4,H1|1
PAID_CASCADE|0|6|Q,H4,H5,K,K,T|1
PAID_CASCADE|0|6|Q,H4,K,A,Scat,T|1
PAID_CASCADE|0|6|Q,Q,H3,H3,H3,H3|1
PAID_CASCADE|0|6|Q,Q,Q,H2,H2,H3|1
PAID_CASCADE|0|6|Q,Q,Q,H3,H3,H3|1
PAID_CASCADE|0|6|Q,Q,Q,T,H3,K|1
PAID_CASCADE|0|6|Q,T,T,H4,H4,H4|1
PAID_CASCADE|0|6|Scat,H1,T,X3,A,A|1
PAID_CASCADE|0|6|Scat,H4,Q,H1,T,H2|1
PAID_CASCADE|0|6|T,A,H4,H4,H4,H4|1
PAID_CASCADE|0|6|T,A,H5,H4,H4,H4|1
PAID_CASCADE|0|6|T,H1,H1,H1,H1,H1|1
PAID_CASCADE|0|6|T,H1,H1,H1,H1,H5|1
PAID_CASCADE|0|6|T,H3,J,J,H2,H2|1
PAID_CASCADE|0|6|T,H5,A,H1,H1,H1|1
PAID_CASCADE|0|6|T,K,K,H2,H2,J|1
PAID_CASCADE|0|6|T,Scat,H2,Q,H4,H5|1
PAID_CASCADE|0|6|T,Scat,J,H5,H4,H2|1
PAID_CASCADE|0|6|T,T,J,H1,Q,H4|1
PAID_CASCADE|0|6|T,T,T,A,H2,H4|1
PAID_CASCADE|0|6|X3,J,H1,H1,H1,H1|1
PAID_CASCADE|1|6|A,A,A,A,A,H3|1
PAID_CASCADE|1|6|A,A,H2,H1,H4,X4|1
PAID_CASCADE|1|6|A,A,H3,H1,H4,H4|1
PAID_CASCADE|1|6|A,A,K,H2,T,H4|1
PAID_CASCADE|1|6|A,H1,H1,H1,H1,K|1
PAID_CASCADE|1|6|A,H1,H1,H1,T,T|1
PAID_CASCADE|1|6|A,H2,H3,H5,Q,H1|1
PAID_CASCADE|1|6|A,H3,H3,H3,J,J|1
PAID_CASCADE|1|6|A,H3,H4,K,K,K|1
PAID_CASCADE|1|6|A,Q,H2,H5,H3,H3|1
PAID_CASCADE|1|6|A,Scat,H4,H1,H1,H1|1
PAID_CASCADE|1|6|A,X4,T,H1,H1,H5|1
PAID_CASCADE|1|6|H1,A,H2,Q,Q,Q|1
PAID_CASCADE|1|6|H1,H1,H1,H1,H1,H1|2
PAID_CASCADE|1|6|H1,H1,H1,H1,H1,T|2
PAID_CASCADE|1|6|H1,H1,H1,H1,H4,Q|1
PAID_CASCADE|1|6|H1,H1,H1,H5,H5,H5|2
PAID_CASCADE|1|6|H1,H1,H1,J,H4,H2|1
PAID_CASCADE|1|6|H1,H1,H1,K,T,H2|1
PAID_CASCADE|1|6|H1,H1,H1,Q,X4,T|1
PAID_CASCADE|1|6|H1,H1,H5,J,J,H3|2
PAID_CASCADE|1|6|H1,H1,T,K,K,X2|2
PAID_CASCADE|1|6|H1,H2,A,X4,H3,H3|1
PAID_CASCADE|1|6|H1,H2,Q,Q,T,H4|1
PAID_CASCADE|1|6|H1,H3,H3,H3,A,H2|1
PAID_CASCADE|1|6|H1,H3,H3,H5,H5,A|1
PAID_CASCADE|1|6|H1,H3,H3,J,A,H4|1
PAID_CASCADE|1|6|H1,H3,J,H2,X2,Q|1
PAID_CASCADE|1|6|H1,H4,H3,H3,H3,H5|1
PAID_CASCADE|1|6|H1,H4,H4,A,T,T|1
PAID_CASCADE|1|6|H1,H4,H5,A,K,H2|1
PAID_CASCADE|1|6|H1,H4,X4,H3,H5,K|1
PAID_CASCADE|1|6|H1,H5,H3,H3,T,H4|1
PAID_CASCADE|1|6|H1,H5,H5,H5,Q,J|1
PAID_CASCADE|1|6|H1,H5,H5,K,K,H2|1
PAID_CASCADE|1|6|H1,J,H4,H5,H5,H5|1
PAID_CASCADE|1|6|H1,J,K,Q,A,H3|1
PAID_CASCADE|1|6|H1,Q,H4,H4,H4,H5|1
PAID_CASCADE|1|6|H1,Q,H5,A,A,J|1
PAID_CASCADE|1|6|H1,Q,Q,H4,H4,T|1
PAID_CASCADE|1|6|H1,Q,Q,Q,H2,H3|1
PAID_CASCADE|1|6|H1,Scat,A,A,A,A|1
PAID_CASCADE|1|6|H1,T,H5,H2,A,J|1
PAID_CASCADE|1|6|H1,T,J,H5,K,Q|1
PAID_CASCADE|1|6|H2,A,J,H3,H3,K|1
PAID_CASCADE|1|6|H2,H1,H1,H1,H1,H5|1
PAID_CASCADE|1|6|H2,H1,H1,H1,H1,Q|1
PAID_CASCADE|1|6|H2,H2,H2,H2,H1,Q|1
PAID_CASCADE|1|6|H2,H2,H2,H2,H1,T|1
PAID_CASCADE|1|6|H2,H2,H2,H2,J,H3|1
PAID_CASCADE|1|6|H2,H2,H2,H3,J,J|1
PAID_CASCADE|1|6|H2,H2,H5,H5,H5,T|1
PAID_CASCADE|1|6|H2,H2,X4,H1,Q,H5|1
PAID_CASCADE|1|6|H2,H4,H5,H3,A,H1|1
PAID_CASCADE|1|6|H2,J,J,J,J,J|1
PAID_CASCADE|1|6|H2,J,K,K,K,H5|1
PAID_CASCADE|1|6|H2,K,K,K,K,K|1
PAID_CASCADE|1|6|H2,T,J,H4,H4,H4|1
PAID_CASCADE|1|6|H2,X3,Q,H1,H1,H1|1
PAID_CASCADE|1|6|H3,H1,H1,H1,H1,H1|1
PAID_CASCADE|1|6|H3,H1,H1,H1,H1,J|1
PAID_CASCADE|1|6|H3,H1,H1,H4,K,K|1
PAID_CASCADE|1|6|H3,H1,T,T,Q,J|1
PAID_CASCADE|1|6|H3,H2,J,T,A,H1|1
PAID_CASCADE|1|6|H3,H3,H1,K,K,K|1
PAID_CASCADE|1|6|H3,H3,H3,H3,H3,H3|1
PAID_CASCADE|1|6|H3,H3,H3,H3,T,Q|1
PAID_CASCADE|1|6|H3,H3,H3,H5,Scat,A|1
PAID_CASCADE|1|6|H3,H3,H3,T,J,J|1
PAID_CASCADE|1|6|H3,H3,H4,X3,J,J|1
PAID_CASCADE|1|6|H3,H4,A,K,K,J|1
PAID_CASCADE|1|6|H3,H4,H4,H4,H4,H4|1
PAID_CASCADE|1|6|H3,H4,T,T,A,J|1
PAID_CASCADE|1|6|H3,J,H1,T,K,H5|1
PAID_CASCADE|1|6|H3,K,J,J,J,A|2
PAID_CASCADE|1|6|H3,X3,H1,H1,H1,H1|1
PAID_CASCADE|1|6|H4,H1,H3,T,X4,H2|1
PAID_CASCADE|1|6|H4,H3,H3,H1,H2,H2|1
PAID_CASCADE|1|6|H4,H4,H4,H1,H1,A|1
PAID_CASCADE|1|6|H4,H4,H4,H1,H1,T|1
PAID_CASCADE|1|6|H4,H4,H4,H4,H4,Q|1
PAID_CASCADE|1|6|H4,H4,H5,H5,H5,H2|2
PAID_CASCADE|1|6|H4,H5,H5,H5,T,Q|1
PAID_CASCADE|1|6|H4,J,H5,H5,H3,H3|1
PAID_CASCADE|1|6|H4,K,A,H1,J,H3|1
PAID_CASCADE|1|6|H4,Q,J,J,T,H2|1
PAID_CASCADE|1|6|H4,T,H1,H2,H2,H2|1
PAID_CASCADE|1|6|H5,A,H1,H2,H2,H2|2
PAID_CASCADE|1|6|H5,H1,H4,A,A,A|1
PAID_CASCADE|1|6|H5,H3,H3,H1,H1,H1|1
PAID_CASCADE|1|6|H5,H3,Q,H1,H1,H1|1
PAID_CASCADE|1|6|H5,H4,H2,H1,H1,J|1
PAID_CASCADE|1|6|H5,H4,H4,H1,H1,H1|1
PAID_CASCADE|1|6|H5,H4,Q,H3,A,A|1
PAID_CASCADE|1|6|H5,H5,H5,H2,H2,T|1
PAID_CASCADE|1|6|H5,H5,H5,H4,K,J|1
PAID_CASCADE|1|6|H5,H5,H5,X2,T,Q|1
PAID_CASCADE|1|6|H5,H5,J,J,H4,H4|1
PAID_CASCADE|1|6|H5,H5,K,T,H3,A|1
PAID_CASCADE|1|6|H5,Q,H3,H1,H1,K|1
PAID_CASCADE|1|6|H5,T,K,H4,H1,A|1
PAID_CASCADE|1|6|H5,T,T,J,J,H4|1
PAID_CASCADE|1|6|J,A,H2,H2,H2,K|1
PAID_CASCADE|1|6|J,A,H4,Q,Q,Q|1
PAID_CASCADE|1|6|J,H2,H2,H2,T,K|1
PAID_CASCADE|1|6|J,H3,H3,H3,H5,H5|1
PAID_CASCADE|1|6|J,H5,H2,H2,A,T|1
PAID_CASCADE|1|6|J,J,A,H5,H3,T|1
PAID_CASCADE|1|6|J,J,H1,H4,H4,X3|1
PAID_CASCADE|1|6|J,J,H2,Q,X4,K|1
PAID_CASCADE|1|6|J,J,H5,H2,H3,H3|1
PAID_CASCADE|1|6|J,J,J,H3,H3,T|1
PAID_CASCADE|1|6|J,J,J,H4,H4,H4|1
PAID_CASCADE|1|6|J,J,X2,H4,H4,H4|1
PAID_CASCADE|1|6|J,T,K,H3,H2,H2|1
PAID_CASCADE|1|6|J,T,K,K,K,K|1
PAID_CASCADE|1|6|K,H1,T,T,T,H5|1
PAID_CASCADE|1|6|K,K,H3,T,T,H4|1
PAID_CASCADE|1|6|K,K,Q,Q,Q,A|1
PAID_CASCADE|1|6|Q,H2,H2,H2,H2,X2|1
PAID_CASCADE|1|6|Q,H2,H2,H2,K,H1|1
PAID_CASCADE|1|6|Q,H2,X2,H3,H3,H3|1
PAID_CASCADE|1|6|Q,H2,X3,K,K,A|1
PAID_CASCADE|1|6|Q,H3,X4,H1,H1,H1|1
PAID_CASCADE|1|6|Q,H5,J,H4,H4,H4|1
PAID_CASCADE|1|6|Q,Q,H4,H5,H5,H1|1
PAID_CASCADE|1|6|Q,Q,Q,J,J,H5|1
PAID_CASCADE|1|6|Q,T,H2,K,H4,H4|1
PAID_CASCADE|1|6|T,A,A,H2,J,Q|1
PAID_CASCADE|1|6|T,A,H1,H1,H3,H3|2
PAID_CASCADE|1|6|T,Q,H5,J,H3,H2|1
PAID_CASCADE|1|6|T,T,H4,H4,H3,H3|1
PAID_CASCADE|1|6|T,T,H5,H4,H1,H2|1
PAID_CASCADE|1|6|T,T,T,H3,Q,H1|1
PAID_CASCADE|1|6|X2,H1,H5,H5,H5,H2|1
PAID_CASCADE|1|6|X3,H4,H4,H1,H3,H3|1
PAID_CASCADE|1|6|X4,A,J,H2,K,H5|1
PAID_CASCADE|1|6|X4,H4,Q,Q,K,K|1
PAID_CASCADE|1|6|X4,Q,A,H2,H2,T|1
PAID_CASCADE|2|6|A,A,H1,H1,T,J|1
PAID_CASCADE|2|6|A,A,H1,H5,H5,Q|1
PAID_CASCADE|2|6|A,A,H3,H3,H5,K|1
PAID_CASCADE|2|6|A,A,Q,H5,K,K|1
PAID_CASCADE|2|6|A,A,Q,Q,Q,H2|1
PAID_CASCADE|2|6|A,H1,H1,H1,T,H2|2
PAID_CASCADE|2|6|A,H1,H1,H3,K,K|1
PAID_CASCADE|2|6|A,H1,J,Scat,H3,H5|1
PAID_CASCADE|2|6|A,H2,H2,K,K,H1|1
PAID_CASCADE|2|6|A,H3,H4,J,H5,H2|2
PAID_CASCADE|2|6|A,J,H3,H4,H2,Q|1
PAID_CASCADE|2|6|A,J,J,H5,Q,Q|1
PAID_CASCADE|2|6|A,Q,H2,H2,K,H1|1
PAID_CASCADE|2|6|A,Q,H3,H3,T,T|1
PAID_CASCADE|2|6|A,Q,Q,Q,H2,H2|1
PAID_CASCADE|2|6|A,T,H1,H1,X2,H4|1
PAID_CASCADE|2|6|A,X3,T,H1,K,K|1
PAID_CASCADE|2|6|H1,H1,A,H4,K,H2|1
PAID_CASCADE|2|6|H1,H1,H1,H1,H1,A|2
PAID_CASCADE|2|6|H1,H1,H1,H1,H1,H1|2
PAID_CASCADE|2|6|H1,H1,H1,H1,T,T|1
PAID_CASCADE|2|6|H1,H1,H3,H4,H4,H2|1
PAID_CASCADE|2|6|H1,H1,T,H3,H3,H2|2
PAID_CASCADE|2|6|H1,H4,H4,J,H3,H5|1
PAID_CASCADE|2|6|H1,H4,H4,J,Q,Q|1
PAID_CASCADE|2|6|H1,J,T,A,Q,H2|1
PAID_CASCADE|2|6|H1,K,Q,H5,A,H3|1
PAID_CASCADE|2|6|H1,Q,H2,H5,A,J|1
PAID_CASCADE|2|6|H1,Q,Q,Q,K,K|1
PAID_CASCADE|2|6|H1,T,H5,H5,A,H4|1
PAID_CASCADE|2|6|H1,X2,H2,A,Q,H3|1
PAID_CASCADE|2|6|H2,A,K,X2,H5,H3|1
PAID_CASCADE|2|6|H2,H1,J,J,H3,T|1
PAID_CASCADE|2|6|H2,H1,T,A,H3,Q|1
PAID_CASCADE|2|6|H2,H1,T,J,H4,K|1
PAID_CASCADE|2|6|H2,H2,H1,Q,K,A|1
PAID_CASCADE|2|6|H2,H2,H2,H2,Q,Q|1
PAID_CASCADE|2|6|H2,H2,H2,H3,H3,H1|1
PAID_CASCADE|2|6|H2,H2,H2,K,K,H1|1
PAID_CASCADE|2|6|H2,H2,H5,H4,H4,T|1
PAID_CASCADE|2|6|H2,H2,K,H5,H1,H1|2
PAID_CASCADE|2|6|H2,H3,T,J,J,K|1
PAID_CASCADE|2|6|H2,H4,A,K,H3,H1|1
PAID_CASCADE|2|6|H2,H4,H4,H3,H3,H3|1
PAID_CASCADE|2|6|H2,H5,H4,H4,A,A|1
PAID_CASCADE|2|6|H2,K,H4,H4,A,H5|1
PAID_CASCADE|2|6|H2,Q,Q,X4,T,H1|2
PAID_CASCADE|2|6|H2,T,A,Q,Q,Q|1
PAID_CASCADE|2|6|H2,X4,A,H3,H5,Q|1
PAID_CASCADE|2|6|H3,H1,A,H5,H2,H4|1
PAID_CASCADE|2|6|H3,H1,H2,H2,H2,T|1
PAID_CASCADE|2|6|H3,H1,T,H4,H4,K|1
PAID_CASCADE|2|6|H3,H2,H1,H5,J,J|1
PAID_CASCADE|2|6|H3,H2,H2,H2,H2,H2|1
PAID_CASCADE|2|6|H3,H3,H1,H1,H1,K|1
PAID_CASCADE|2|6|H3,H3,H3,A,H4,H4|1
PAID_CASCADE|2|6|H3,H4,H1,T,H5,Q|1
PAID_CASCADE|2|6|H3,J,A,H5,H2,H2|1
PAID_CASCADE|2|6|H3,J,X3,A,H4,H4|1
PAID_CASCADE|2|6|H3,Q,H5,H5,K,H1|1
PAID_CASCADE|2|6|H3,X2,H1,H1,H1,H1|1
PAID_CASCADE|2|6|H4,A,H1,X3,H3,H3|1
PAID_CASCADE|2|6|H4,H2,H2,A,A,H3|1
PAID_CASCADE|2|6|H4,H2,J,K,H1,T|1
PAID_CASCADE|2|6|H4,H4,H4,H3,H1,H1|1
PAID_CASCADE|2|6|H4,H4,H4,X3,H2,H1|1
PAID_CASCADE|2|6|H4,H4,K,H1,H2,H3|1
PAID_CASCADE|2|6|H4,H4,T,A,H2,H1|1
PAID_CASCADE|2|6|H4,H5,H5,H5,H2,H2|1
PAID_CASCADE|2|6|H4,J,H1,K,K,X2|1
PAID_CASCADE|2|6|H4,Q,H1,H1,A,J|1
PAID_CASCADE|2|6|H5,A,T,T,H4,H3|2
PAID_CASCADE|2|6|H5,A,X3,Q,Q,Q|1
PAID_CASCADE|2|6|H5,H2,H1,H1,H3,T|1
PAID_CASCADE|2|6|H5,H3,A,A,A,A|1
PAID_CASCADE|2|6|H5,H3,H1,J,K,Q|1
PAID_CASCADE|2|6|H5,H3,Q,H2,X4,T|1
PAID_CASCADE|2|6|H5,H5,H1,H4,H4,H4|1
PAID_CASCADE|2|6|H5,H5,H4,H2,H2,H2|1
PAID_CASCADE|2|6|H5,H5,H5,H1,H1,H1|1
PAID_CASCADE|2|6|H5,H5,H5,H5,H3,H3|1
PAID_CASCADE|2|6|H5,J,H1,H1,H1,H1|1
PAID_CASCADE|2|6|H5,J,J,J,H4,H4|1
PAID_CASCADE|2|6|H5,K,H4,Q,H2,H1|1
PAID_CASCADE|2|6|H5,K,K,K,H1,H1|1
PAID_CASCADE|2|6|H5,K,Q,Q,H1,H1|1
PAID_CASCADE|2|6|H5,X4,A,A,H1,H1|1
PAID_CASCADE|2|6|J,H3,H4,H1,K,K|1
PAID_CASCADE|2|6|J,H5,H1,H1,H2,K|1
PAID_CASCADE|2|6|J,J,H1,H1,H1,A|1
PAID_CASCADE|2|6|J,J,H1,H2,H2,H2|1
PAID_CASCADE|2|6|J,J,T,Q,Q,Q|1
PAID_CASCADE|2|6|J,J,T,T,H2,H2|1
PAID_CASCADE|2|6|J,K,H4,H4,H4,Q|1
PAID_CASCADE|2|6|J,T,H1,H1,Q,H2|1
PAID_CASCADE|2|6|J,T,H4,H4,H4,H4|1
PAID_CASCADE|2|6|K,A,H1,H4,X4,H3|1
PAID_CASCADE|2|6|K,A,H5,H4,H4,H3|1
PAID_CASCADE|2|6|K,H2,H1,H3,H4,J|1
PAID_CASCADE|2|6|K,H2,H2,H2,H3,X3|1
PAID_CASCADE|2|6|K,H3,H4,H2,X4,H5|1
PAID_CASCADE|2|6|K,H4,H1,H2,A,Q|1
PAID_CASCADE|2|6|K,J,Q,H2,H2,H5|1
PAID_CASCADE|2|6|K,K,H1,H1,H2,X3|1
PAID_CASCADE|2|6|K,K,H4,H1,H1,H1|1
PAID_CASCADE|2|6|K,K,T,T,T,T|1
PAID_CASCADE|2|6|K,Q,Q,Q,H3,H2|1
PAID_CASCADE|2|6|K,Q,Q,X3,H5,H5|1
PAID_CASCADE|2|6|K,T,A,X2,H5,X4|1
PAID_CASCADE|2|6|Q,A,J,J,J,H4|1
PAID_CASCADE|2|6|Q,H1,A,A,K,K|1
PAID_CASCADE|2|6|Q,H1,A,H3,H3,H3|1
PAID_CASCADE|2|6|Q,H1,H3,K,H5,H4|1
PAID_CASCADE|2|6|Q,H2,J,J,J,J|1
PAID_CASCADE|2|6|Q,H2,T,T,T,T|1
PAID_CASCADE|2|6|Q,H2,X4,H1,H1,H5|1
PAID_CASCADE|2|6|Q,J,J,A,H4,H4|1
PAID_CASCADE|2|6|Q,J,X2,T,T,T|1
PAID_CASCADE|2|6|Q,Q,X4,H5,K,H3|1
PAID_CASCADE|2|6|Q,T,Scat,H1,H1,H1|1
PAID_CASCADE|2|6|Scat,K,T,H1,H1,H4|1
PAID_CASCADE|2|6|T,A,A,A,H1,H1|1
PAID_CASCADE|2|6|T,A,H1,H1,K,J|1
PAID_CASCADE|2|6|T,H1,H1,A,H3,H3|1
PAID_CASCADE|2|6|T,H1,H2,H2,H2,K|1
PAID_CASCADE|2|6|T,H1,H4,H3,H2,X3|2
PAID_CASCADE|2|6|T,H2,H5,H5,A,Q|1
PAID_CASCADE|2|6|T,H2,K,K,H1,A|1
PAID_CASCADE|2|6|T,H4,H3,H3,H2,H2|1
PAID_CASCADE|2|6|T,H5,H5,H5,H3,J|1
PAID_CASCADE|2|6|T,K,K,H5,Q,H4|1
PAID_CASCADE|2|6|T,Q,Q,H5,K,H3|1
PAID_CASCADE|2|6|T,T,H1,H1,H1,H1|1
PAID_CASCADE|2|6|T,T,T,H1,H4,H4|1
PAID_CASCADE|2|6|T,T,T,H2,J,J|1
PAID_CASCADE|2|6|T,T,T,T,H4,H4|1
PAID_CASCADE|2|6|X4,H2,H2,H2,Q,Scat|1
PAID_CASCADE|2|6|X4,H3,H3,H1,H1,H5|1
PAID_CASCADE|2|6|X4,J,K,K,H1,H1|1
PAID_CASCADE|3|6|A,A,H1,H1,H1,H2|1
PAID_CASCADE|3|6|A,A,H5,T,H3,H3|1
PAID_CASCADE|3|6|A,A,J,J,H2,T|1
PAID_CASCADE|3|6|A,A,J,J,Q,Q|1
PAID_CASCADE|3|6|A,A,K,K,T,T|1
PAID_CASCADE|3|6|A,A,Q,H2,H2,H1|1
PAID_CASCADE|3|6|A,H1,H1,H1,H1,H2|1
PAID_CASCADE|3|6|A,H4,H4,H5,H3,J|1
PAID_CASCADE|3|6|A,H5,H1,H1,H1,H2|1
PAID_CASCADE|3|6|A,X3,K,H4,H1,H5|2
PAID_CASCADE|3|6|H1,H1,A,A,A,J|1
PAID_CASCADE|3|6|H1,H1,A,K,H3,J|1
PAID_CASCADE|3|6|H1,H1,H1,H1,H1,H1|1
PAID_CASCADE|3|6|H1,H1,H1,H1,H1,H5|2
PAID_CASCADE|3|6|H1,H1,H1,H1,H1,J|1
PAID_CASCADE|3|6|H1,H1,H1,H1,H2,H2|1
PAID_CASCADE|3|6|H1,H1,H1,H1,J,Q|1
PAID_CASCADE|3|6|H1,H1,H1,J,A,A|1
PAID_CASCADE|3|6|H1,H1,H2,A,A,A|1
PAID_CASCADE|3|6|H1,H1,H2,J,T,T|1
PAID_CASCADE|3|6|H1,H1,H4,X4,K,K|1
PAID_CASCADE|3|6|H1,H1,J,J,T,H3|1
PAID_CASCADE|3|6|H1,H1,T,Q,Q,H5|1
PAID_CASCADE|3|6|H1,H3,H3,H3,H3,K|1
PAID_CASCADE|3|6|H1,H3,H3,X4,H5,H5|1
PAID_CASCADE|3|6|H1,J,J,J,J,J|1
PAID_CASCADE|3|6|H1,K,T,T,Q,H5|1
PAID_CASCADE|3|6|H1,T,T,T,H4,H4|1
PAID_CASCADE|3|6|H1,T,T,T,J,Q|2
PAID_CASCADE|3|6|H2,A,A,A,A,Q|1
PAID_CASCADE|3|6|H2,A,H4,H3,H5,H5|1
PAID_CASCADE|3|6|H2,H1,H1,H4,T,K|1
PAID_CASCADE|3|6|H2,H2,H1,H5,H5,H5|1
PAID_CASCADE|3|6|H2,H2,H1,H5,K,K|1
PAID_CASCADE|3|6|H2,H2,H2,A,A,Q|1
PAID_CASCADE|3|6|H2,H2,H2,H4,H4,H4|1
PAID_CASCADE|3|6|H2,H2,H2,H5,H1,J|1
PAID_CASCADE|3|6|H2,H2,H2,T,H3,H1|1
PAID_CASCADE|3|6|H2,H2,H3,H3,H3,K|1
PAID_CASCADE|3|6|H2,H2,H3,Q,Q,Q|1
PAID_CASCADE|3|6|H2,H2,H5,H1,H1,H3|1
PAID_CASCADE|3|6|H2,H2,K,Q,X4,H1|1
PAID_CASCADE|3|6|H2,H2,X2,H5,H5,T|1
PAID_CASCADE|3|6|H2,H2,X3,T,H3,H3|1
PAID_CASCADE|3|6|H2,H3,H1,H4,A,A|1
PAID_CASCADE|3|6|H2,H3,H3,H3,T,T|1
PAID_CASCADE|3|6|H2,H5,A,J,J,H4|1
PAID_CASCADE|3|6|H2,H5,H5,H1,H3,Q|1
PAID_CASCADE|3|6|H2,H5,K,H1,H1,H1|1
PAID_CASCADE|3|6|H2,H5,Q,H1,T,T|1
PAID_CASCADE|3|6|H2,K,H1,H1,J,A|1
PAID_CASCADE|3|6|H2,K,K,K,T,H1|1
PAID_CASCADE|3|6|H2,Q,Q,T,H4,H4|1
PAID_CASCADE|3|6|H3,H2,H2,H2,K,K|1
PAID_CASCADE|3|6|H3,H2,H2,H5,H4,H4|1
PAID_CASCADE|3|6|H3,H2,H2,J,H1,H1|1
PAID_CASCADE|3|6|H3,H3,H2,H2,J,H1|1
PAID_CASCADE|3|6|H3,H3,H3,H4,H2,H5|1
PAID_CASCADE|3|6|H3,H3,H5,H1,H4,H4|1
PAID_CASCADE|3|6|H3,Q,Q,H1,A,K|1
PAID_CASCADE|3|6|H4,A,A,A,H1,J|1
PAID_CASCADE|3|6|H4,A,A,H3,H1,H1|1
PAID_CASCADE|3|6|H4,A,K,K,K,T|1
PAID_CASCADE|3|6|H4,H1,H3,K,K,K|1
PAID_CASCADE|3|6|H4,H3,H2,H2,T,K|1
PAID_CASCADE|3|6|H4,H3,T,T,K,K|1
PAID_CASCADE|3|6|H4,H4,H1,H5,X3,H3|1
PAID_CASCADE|3|6|H4,H4,H4,H1,H1,H1|1
PAID_CASCADE|3|6|H4,H4,H4,H4,H1,A|1
PAID_CASCADE|3|6|H4,H4,H4,H4,H4,Q|1
PAID_CASCADE|3|6|H4,H4,T,H3,H3,H1|1
PAID_CASCADE|3|6|H4,K,H1,H1,H1,H1|1
PAID_CASCADE|3|6|H4,K,K,H1,H1,H5|1
PAID_CASCADE|3|6|H5,A,Q,H1,H1,H1|1
PAID_CASCADE|3|6|H5,H1,H1,Q,K,H2|1
PAID_CASCADE|3|6|H5,H1,H4,H4,Q,H3|1
PAID_CASCADE|3|6|H5,H2,H1,H1,H1,H1|1
PAID_CASCADE|3|6|H5,H2,H2,H1,H1,A|1
PAID_CASCADE|3|6|H5,H4,T,H3,K,J|1
PAID_CASCADE|3|6|H5,H5,A,H1,J,J|1
PAID_CASCADE|3|6|H5,H5,H1,H4,H3,H3|1
PAID_CASCADE|3|6|H5,H5,H2,H2,H2,H2|1
PAID_CASCADE|3|6|H5,J,H1,H4,A,T|1
PAID_CASCADE|3|6|H5,J,J,J,H1,H1|1
PAID_CASCADE|3|6|H5,K,H4,H1,H1,H1|1
PAID_CASCADE|3|6|H5,Q,A,A,H3,H3|1
PAID_CASCADE|3|6|H5,Q,H2,A,A,A|1
PAID_CASCADE|3|6|H5,T,T,A,A,H3|1
PAID_CASCADE|3|6|J,H2,H2,H2,A,A|1
PAID_CASCADE|3|6|J,H2,H2,H4,H3,H3|1
PAID_CASCADE|3|6|J,H3,H3,H3,H2,H2|1
PAID_CASCADE|3|6|J,H4,H2,H1,H1,H3|1
PAID_CASCADE|3|6|J,J,H3,H3,H3,A|1
PAID_CASCADE|3|6|J,J,J,H4,A,H2|1
PAID_CASCADE|3|6|J,J,K,K,T,A|1
PAID_CASCADE|3|6|J,J,K,T,Q,Q|1
PAID_CASCADE|3|6|J,K,A,H2,H3,H4|1
PAID_CASCADE|3|6|J,T,H2,A,A,A|1
PAID_CASCADE|3|6|J,T,T,A,A,H2|1
PAID_CASCADE|3|6|K,A,H4,H4,H1,H3|1
PAID_CASCADE|3|6|K,H1,H1,H1,H2,T|1
PAID_CASCADE|3|6|K,H3,J,H5,H1,X4|1
PAID_CASCADE|3|6|K,H4,Scat,H1,A,A|1
PAID_CASCADE|3|6|K,K,K,Q,H2,H3|1
PAID_CASCADE|3|6|K,T,H1,H1,H1,H1|1
PAID_CASCADE|3|6|K,T,Q,H5,H5,H1|1
PAID_CASCADE|3|6|K,X3,H3,X4,Q,H4|2
PAID_CASCADE|3|6|Q,H2,H2,H2,H2,H1|1
PAID_CASCADE|3|6|Q,H2,H2,H2,H2,H2|1
PAID_CASCADE|3|6|Q,H2,T,H4,H4,H4|1
PAID_CASCADE|3|6|Q,H4,H4,H1,H2,H5|1
PAID_CASCADE|3|6|Q,H5,H2,H2,H2,H2|2
PAID_CASCADE|3|6|Q,J,J,J,H5,H1|1
PAID_CASCADE|3|6|Q,K,A,J,J,X3|1
PAID_CASCADE|3|6|Q,Q,H2,H1,H1,J|1
PAID_CASCADE|3|6|Q,Q,K,J,H5,H5|1
PAID_CASCADE|3|6|Q,Q,Q,A,A,A|2
PAID_CASCADE|3|6|Q,Q,Q,H4,H1,T|1
PAID_CASCADE|3|6|Q,Q,Scat,H2,A,H1|1
PAID_CASCADE|3|6|Q,T,H1,H1,H1,J|1
PAID_CASCADE|3|6|Scat,H2,H3,K,J,H1|1
PAID_CASCADE|3|6|T,A,H1,H4,H4,H2|1
PAID_CASCADE|3|6|T,H1,H1,H1,Scat,H4|1
PAID_CASCADE|3|6|T,H1,H4,A,H5,H3|1
PAID_CASCADE|3|6|T,H4,H1,H1,H1,H1|1
PAID_CASCADE|3|6|T,Q,H4,H3,H3,J|1
PAID_CASCADE|3|6|T,T,A,A,H3,J|1
PAID_CASCADE|3|6|T,T,H3,X3,H5,H2|1
PAID_CASCADE|3|6|T,T,H4,J,J,H5|2
PAID_CASCADE|3|6|T,T,Q,H3,H5,H5|1
PAID_CASCADE|3|6|T,T,Q,H5,A,X3|1
PAID_CASCADE|3|6|T,T,T,K,Q,H1|1
PAID_CASCADE|3|6|T,T,T,T,T,H5|1
PAID_CASCADE|3|6|X2,H2,H2,T,H1,H4|2
PAID_CASCADE|3|6|X3,H2,H2,T,T,J|1
PAID_CASCADE|3|6|X3,H5,H2,A,A,H1|1
PAID_CASCADE|3|6|X3,Q,H3,H5,T,T|1
PAID_CASCADE|3|6|X4,H1,K,H2,H2,H2|1
PAID_CASCADE|3|6|X4,H5,H5,H5,H5,A|1
PAID_CASCADE|3|6|X4,J,J,H4,H4,H2|1
PAID_CASCADE|4|6|A,A,A,A,J,X3|1
PAID_CASCADE|4|6|A,A,A,H1,X4,H2|1
PAID_CASCADE|4|6|A,A,A,H2,H5,H5|1
PAID_CASCADE|4|6|A,A,A,H4,H4,H2|2
PAID_CASCADE|4|6|A,A,H4,H2,H1,T|1
PAID_CASCADE|4|6|A,A,K,K,K,H2|1
PAID_CASCADE|4|6|A,A,K,K,Q,Q|1
PAID_CASCADE|4|6|A,H1,H3,H3,H3,H4|1
PAID_CASCADE|4|6|A,H1,H3,H5,H4,K|1
PAID_CASCADE|4|6|A,H3,H3,H3,H3,H3|1
PAID_CASCADE|4|6|A,H3,H3,T,T,T|1
PAID_CASCADE|4|6|A,H4,H4,J,J,H2|1
PAID_CASCADE|4|6|A,H5,T,T,H1,H2|2
PAID_CASCADE|4|6|A,X4,J,H1,H5,H5|2
PAID_CASCADE|4|6|H1,A,J,Q,Q,Q|1
PAID_CASCADE|4|6|H1,H1,A,A,A,A|2
PAID_CASCADE|4|6|H1,H1,A,X4,H4,H4|1
PAID_CASCADE|4|6|H1,H1,H1,H1,H5,H5|1
PAID_CASCADE|4|6|H1,H1,H2,H2,H2,H3|2
PAID_CASCADE|4|6|H1,H1,H2,H5,J,J|1
PAID_CASCADE|4|6|H1,H1,X4,K,A,H5|1
PAID_CASCADE|4|6|H1,H3,H3,A,Q,K|1
PAID_CASCADE|4|6|H1,H3,H3,Q,H5,H5|1
PAID_CASCADE|4|6|H1,H5,J,J,A,H4|1
PAID_CASCADE|4|6|H1,T,H2,Q,H4,H3|1
PAID_CASCADE|4|6|H2,H1,H1,H3,H3,H3|1
PAID_CASCADE|4|6|H2,H1,H1,H5,H5,H4|1
PAID_CASCADE|4|6|H2,H1,J,X2,A,A|1
PAID_CASCADE|4|6|H2,H1,T,H4,H3,H3|2
PAID_CASCADE|4|6|H2,H2,H1,H1,H1,H1|1
PAID_CASCADE|4|6|H2,H2,H1,H1,H1,H4|2
PAID_CASCADE|4|6|H2,H2,H1,K,A,H3|1
PAID_CASCADE|4|6|H2,H2,H2,A,H1,H5|1
PAID_CASCADE|4|6|H2,H2,H2,H2,H2,H2|1
PAID_CASCADE|4|6|H2,H2,H2,H2,H2,T|2
PAID_CASCADE|4|6|H2,H2,H2,H2,K,X3|1
PAID_CASCADE|4|6|H2,H2,H4,H4,H4,H4|1
PAID_CASCADE|4|6|H2,H4,H3,H5,H5,J|1
PAID_CASCADE|4|6|H2,H4,T,Q,Q,Q|1
PAID_CASCADE|4|6|H2,J,H4,H4,H4,H4|1
PAID_CASCADE|4|6|H2,K,K,K,J,A|1
PAID_CASCADE|4|6|H2,Q,Q,Q,T,A|1
PAID_CASCADE|4|6|H2,T,K,K,A,J|1
PAID_CASCADE|4|6|H2,X4,H4,H4,A,Q|1
PAID_CASCADE|4|6|H3,H1,H1,X4,H2,H2|1
PAID_CASCADE|4|6|H3,H2,H2,H2,H1,A|1
PAID_CASCADE|4|6|H3,H3,A,H4,H4,H1|1
PAID_CASCADE|4|6|H3,H3,H2,H2,H2,H2|1
PAID_CASCADE|4|6|H3,H3,H3,H3,H5,T|1
PAID_CASCADE|4|6|H3,H3,K,K,H2,H1|1
PAID_CASCADE|4|6|H3,H3,K,K,K,Q|1
PAID_CASCADE|4|6|H3,H4,H4,A,H2,Q|1
PAID_CASCADE|4|6|H3,H4,H4,H4,X4,J|1
PAID_CASCADE|4|6|H3,H4,H4,K,K,H1|1
PAID_CASCADE|4|6|H3,H4,H5,J,J,K|1
PAID_CASCADE|4|6|H3,Q,Q,Q,H2,A|1
PAID_CASCADE|4|6|H4,H3,H1,H1,H1,Q|1
PAID_CASCADE|4|6|H4,H4,H1,K,K,K|1
PAID_CASCADE|4|6|H4,H4,H3,H3,H1,H1|1
PAID_CASCADE|4|6|H4,H4,H4,H5,H5,K|1
PAID_CASCADE|4|6|H4,H4,H5,H1,H3,T|1
PAID_CASCADE|4|6|H4,H4,Q,H5,H5,K|1
PAID_CASCADE|4|6|H4,J,H5,K,Q,H3|1
PAID_CASCADE|4|6|H4,T,K,H1,Q,H2|1
PAID_CASCADE|4|6|H4,T,X4,A,H2,H5|1
PAID_CASCADE|4|6|H5,A,H4,J,K,H3|1
PAID_CASCADE|4|6|H5,A,J,K,K,K|1
PAID_CASCADE|4|6|H5,H1,H3,K,K,K|1
PAID_CASCADE|4|6|H5,H3,H3,T,T,Q|1
PAID_CASCADE|4|6|H5,H5,H2,H1,T,Q|1
PAID_CASCADE|4|6|H5,H5,H3,H4,H1,A|1
PAID_CASCADE|4|6|H5,H5,H3,Q,K,K|1
PAID_CASCADE|4|6|H5,H5,H4,H4,H2,H1|1
PAID_CASCADE|4|6|H5,H5,H5,H1,H1,H3|1
PAID_CASCADE|4|6|H5,H5,H5,H4,H4,T|1
PAID_CASCADE|4|6|H5,H5,K,H4,T,H1|1
PAID_CASCADE|4|6|H5,J,K,H1,T,H3|1
PAID_CASCADE|4|6|H5,T,H2,A,A,A|1
PAID_CASCADE|4|6|J,A,H2,H1,H1,H1|1
PAID_CASCADE|4|6|J,A,H5,H5,H5,H3|1
PAID_CASCADE|4|6|J,H1,H5,A,A,H2|1
PAID_CASCADE|4|6|J,H2,H2,H4,H1,A|2
PAID_CASCADE|4|6|J,J,H1,H1,H1,H1|1
PAID_CASCADE|4|6|J,J,H3,H2,X3,T|1
PAID_CASCADE|4|6|J,J,H5,H5,H1,H1|1
PAID_CASCADE|4|6|J,K,A,A,A,A|1
PAID_CASCADE|4|6|J,K,H3,T,T,H5|1
PAID_CASCADE|4|6|J,K,K,A,A,H1|1
PAID_CASCADE|4|6|J,K,K,K,K,T|1
PAID_CASCADE|4|6|J,Q,Q,H3,H3,H3|1
PAID_CASCADE|4|6|J,X3,H2,H2,T,H1|1
PAID_CASCADE|4|6|K,A,H2,H3,X2,H1|1
PAID_CASCADE|4|6|K,H1,H4,X4,H5,H5|1
PAID_CASCADE|4|6|K,H3,H2,H1,H5,H5|1
PAID_CASCADE|4|6|K,H3,H4,H1,T,X2|1
PAID_CASCADE|4|6|K,H4,H4,H3,H2,H2|1
PAID_CASCADE|4|6|K,J,H1,H4,H2,H5|1
PAID_CASCADE|4|6|K,K,H2,H2,X2,Q|1
PAID_CASCADE|4|6|K,K,K,H4,H1,A|1
PAID_CASCADE|4|6|K,T,H1,H1,H1,Q|1
PAID_CASCADE|4|6|K,T,Q,J,J,H5|1
PAID_CASCADE|4|6|K,X4,Q,Q,Scat,Q|1
PAID_CASCADE|4|6|Q,A,A,A,A,A|1
PAID_CASCADE|4|6|Q,H1,H1,H1,J,J|1
PAID_CASCADE|4|6|Q,H1,H2,J,H4,H3|1
PAID_CASCADE|4|6|Q,H1,H4,H2,X3,A|1
PAID_CASCADE|4|6|Q,H1,K,H2,J,H3|1
PAID_CASCADE|4|6|Q,H1,K,J,H3,H3|1
PAID_CASCADE|4|6|Q,H2,H2,H2,H2,A|1
PAID_CASCADE|4|6|Q,H4,A,H1,H1,H5|1
PAID_CASCADE|4|6|Q,H4,H3,H3,H3,H5|1
PAID_CASCADE|4|6|Q,H5,H3,H2,T,H1|1
PAID_CASCADE|4|6|Q,H5,H4,A,H3,H3|1
PAID_CASCADE|4|6|Q,Q,H1,H1,H1,H1|1
PAID_CASCADE|4|6|Q,Q,H1,H5,H2,H2|1
PAID_CASCADE|4|6|Q,Q,H4,H1,A,A|1
PAID_CASCADE|4|6|Q,Q,J,H2,A,H1|1
PAID_CASCADE|4|6|Q,Q,Q,A,H4,H4|1
PAID_CASCADE|4|6|Q,Q,Q,K,H4,H2|1
PAID_CASCADE|4|6|Q,Q,Q,Q,Q,Q|1
PAID_CASCADE|4|6|Q,Q,Q,Scat,X4,H1|1
PAID_CASCADE|4|6|Q,Q,T,H1,H1,H1|1
PAID_CASCADE|4|6|Q,T,H2,H1,J,J|1
PAID_CASCADE|4|6|Q,T,J,J,A,A|1
PAID_CASCADE|4|6|Q,T,K,H4,H3,H3|1
PAID_CASCADE|4|6|T,A,H5,H4,H3,H1|1
PAID_CASCADE|4|6|T,H1,H1,H1,H1,H1|1
PAID_CASCADE|4|6|T,H1,J,J,H3,H2|1
PAID_CASCADE|4|6|T,H2,H1,H1,Q,J|1
PAID_CASCADE|4|6|T,H4,H4,H1,H1,H1|1
PAID_CASCADE|4|6|T,Q,Q,H1,H3,H4|1
PAID_CASCADE|4|6|T,T,H3,H3,A,A|1
PAID_CASCADE|4|6|T,T,K,H4,A,Q|1
PAID_CASCADE|4|6|T,T,Q,H5,J,J|1
PAID_CASCADE|4|6|T,T,T,J,H2,K|1
PAID_CASCADE|4|6|X3,A,H4,T,T,T|1
PAID_CASCADE|4|6|X3,H4,T,K,H3,H3|1
PAID_CASCADE|4|6|X4,H1,H2,H2,H5,H5|1
PAID_CASCADE|4|6|X4,J,H1,H2,H2,H2|1
PAID_CASCADE|5|6|A,A,A,A,H1,Q|1
PAID_CASCADE|5|6|A,A,A,A,H5,H2|1
PAID_CASCADE|5|6|A,A,A,H3,H3,Q|1
PAID_CASCADE|5|6|A,A,A,H5,Q,Q|1
PAID_CASCADE|5|6|A,A,H1,H1,J,H5|1
PAID_CASCADE|5|6|A,A,H2,H4,H3,H3|1
PAID_CASCADE|5|6|A,A,H2,H5,T,K|1
PAID_CASCADE|5|6|A,A,T,J,H3,H3|1
PAID_CASCADE|5|6|A,H1,H1,H1,H1,X4|1
PAID_CASCADE|5|6|A,H1,H1,J,K,K|1
PAID_CASCADE|5|6|A,K,Q,H2,T,T|1
PAID_CASCADE|5|6|A,Q,H1,H1,H1,X4|1
PAID_CASCADE|5|6|A,Q,H4,H5,J,H1|1
PAID_CASCADE|5|6|A,Q,Q,Q,T,T|1
PAID_CASCADE|5|6|A,Q,T,K,K,K|1
PAID_CASCADE|5|6|A,T,T,H3,X4,H5|1
PAID_CASCADE|5|6|A,T,T,T,H2,H2|1
PAID_CASCADE|5|6|H1,A,H2,H2,H5,H3|1
PAID_CASCADE|5|6|H1,H1,H1,A,H3,H2|1
PAID_CASCADE|5|6|H1,H1,H1,H1,H1,K|1
PAID_CASCADE|5|6|H1,H1,H1,H1,H2,H5|2
PAID_CASCADE|5|6|H1,H1,H1,H2,H2,H2|1
PAID_CASCADE|5|6|H1,H1,H1,H3,T,A|1
PAID_CASCADE|5|6|H1,H1,H1,K,H5,H4|1
PAID_CASCADE|5|6|H1,H1,H4,K,J,H2|2
PAID_CASCADE|5|6|H1,H1,K,H5,A,T|1
PAID_CASCADE|5|6|H1,H1,Q,H4,H4,H2|1
PAID_CASCADE|5|6|H1,H1,T,H4,H2,H5|1
PAID_CASCADE|5|6|H1,H3,T,H4,H4,H4|1
PAID_CASCADE|5|6|H1,H5,H2,Q,A,A|1
PAID_CASCADE|5|6|H1,H5,H3,H3,K,H4|1
PAID_CASCADE|5|6|H1,H5,H4,H2,H2,H2|1
PAID_CASCADE|5|6|H1,K,K,Q,H4,H2|1
PAID_CASCADE|5|6|H1,K,K,X2,H2,H5|1
PAID_CASCADE|5|6|H1,K,X4,J,J,J|1
PAID_CASCADE|5|6|H1,Q,H2,H2,H5,H5|1
PAID_CASCADE|5|6|H1,Q,Q,H4,H2,H5|1
PAID_CASCADE|5|6|H1,X4,H2,H2,Q,A|1
PAID_CASCADE|5|6|H2,H1,H3,H3,T,A|1
PAID_CASCADE|5|6|H2,H2,H2,H1,H1,T|1
PAID_CASCADE|5|6|H2,H2,H2,H2,H2,K|1
PAID_CASCADE|5|6|H2,H2,H2,H4,H4,A|1
PAID_CASCADE|5|6|H2,H2,H2,K,H1,H5|1
PAID_CASCADE|5|6|H2,H2,H5,H5,H4,A|1
PAID_CASCADE|5|6|H2,H2,K,K,K,H1|1
PAID_CASCADE|5|6|H2,H3,H3,H3,K,Q|1
PAID_CASCADE|5|6|H2,H5,T,X3,H4,A|1
PAID_CASCADE|5|6|H2,J,A,A,T,Q|2
PAID_CASCADE|5|6|H2,J,K,K,A,A|1
PAID_CASCADE|5|6|H2,K,H5,X3,H3,H1|1
PAID_CASCADE|5|6|H2,K,K,K,H1,H1|1
PAID_CASCADE|5|6|H2,Q,Q,Q,T,A|1
PAID_CASCADE|5|6|H3,A,H2,J,H1,H1|2
PAID_CASCADE|5|6|H3,H1,H2,H2,Q,Q|1
PAID_CASCADE|5|6|H3,H3,A,H4,J,Q|1
PAID_CASCADE|5|6|H3,H3,H2,J,J,H5|1
PAID_CASCADE|5|6|H3,H3,H3,H5,H5,H1|1
PAID_CASCADE|5|6|H3,H3,K,K,K,H5|1
PAID_CASCADE|5|6|H3,H4,H2,J,H5,H1|1
PAID_CASCADE|5|6|H3,K,K,K,H1,T|1
PAID_CASCADE|5|6|H3,Q,H1,H1,H1,X4|2
PAID_CASCADE|5|6|H4,H2,H2,H3,H3,Q|1
PAID_CASCADE|5|6|H4,H3,H3,H1,H1,H1|1
PAID_CASCADE|5|6|H4,H4,H4,H2,K,X4|1
PAID_CASCADE|5|6|H4,H4,H4,H4,H4,H3|1
PAID_CASCADE|5|6|H4,H4,H4,H4,H4,H4|1
PAID_CASCADE|5|6|H4,Q,A,A,A,J|1
PAID_CASCADE|5|6|H4,Q,Q,Q,K,H5|1
PAID_CASCADE|5|6|H4,T,A,K,H1,H1|1
PAID_CASCADE|5|6|H4,T,H5,H5,K,A|1
PAID_CASCADE|5|6|H5,A,H3,J,J,J|1
PAID_CASCADE|5|6|H5,H2,H3,K,H1,J|1
PAID_CASCADE|5|6|H5,H2,J,H1,H1,A|1
PAID_CASCADE|5|6|H5,H3,H3,Q,H1,J|2
PAID_CASCADE|5|6|H5,H4,H3,H1,H1,H1|1
PAID_CASCADE|5|6|H5,H4,Q,H3,H3,H2|1
PAID_CASCADE|5|6|H5,H5,H2,H1,K,K|1
PAID_CASCADE|5|6|H5,H5,H2,H2,H2,H2|1
PAID_CASCADE|5|6|H5,H5,H5,Q,H4,H4|1
PAID_CASCADE|5|6|H5,H5,Q,Q,T,T|1
PAID_CASCADE|5|6|J,H1,H1,H1,H1,H3|1
PAID_CASCADE|5|6|J,H1,H1,H1,H1,Q|1
PAID_CASCADE|5|6|J,H1,K,K,H4,Q|1
PAID_CASCADE|5|6|J,H2,H2,H2,H2,H3|1
PAID_CASCADE|5|6|J,H4,H2,H2,H5,T|1
PAID_CASCADE|5|6|J,H4,H4,H4,H4,A|1
PAID_CASCADE|5|6|J,H5,H5,T,A,Q|1
PAID_CASCADE|5|6|J,J,H2,H2,X2,H3|1
PAID_CASCADE|5|6|J,J,H5,H4,H4,A|1
PAID_CASCADE|5|6|J,J,J,K,H1,H1|1
PAID_CASCADE|5|6|J,K,H1,H3,A,A|1
PAID_CASCADE|5|6|J,Q,Q,Q,H1,H5|1
PAID_CASCADE|5|6|J,T,H4,H4,A,H2|2
PAID_CASCADE|5|6|K,H1,A,A,A,A|1
PAID_CASCADE|5|6|K,H2,H2,H3,H4,H5|1
PAID_CASCADE|5|6|K,H2,H4,X3,H1,H1|1
PAID_CASCADE|5|6|K,H2,H5,T,T,T|1
PAID_CASCADE|5|6|K,H3,H3,H3,T,H2|1
PAID_CASCADE|5|6|K,H4,A,A,J,H1|1
PAID_CASCADE|5|6|K,H4,A,H1,H1,H1|1
PAID_CASCADE|5|6|K,H4,Q,H5,T,J|1
PAID_CASCADE|5|6|K,K,H1,H1,H1,H2|1
PAID_CASCADE|5|6|K,K,H3,H4,H1,T|1
PAID_CASCADE|5|6|K,K,H4,H4,T,Q|1
PAID_CASCADE|5|6|K,K,K,H1,H5,H5|1
PAID_CASCADE|5|6|K,K,K,K,J,H4|1
PAID_CASCADE|5|6|K,K,T,T,T,H1|1
PAID_CASCADE|5|6|Q,A,J,H3,H4,H5|1
PAID_CASCADE|5|6|Q,H1,H1,H1,H1,H3|1
PAID_CASCADE|5|6|Q,H2,H5,H1,H1,H1|1
PAID_CASCADE|5|6|Q,H2,H5,H5,H5,H5|1
PAID_CASCADE|5|6|Q,H2,T,H1,H1,H1|1
PAID_CASCADE|5|6|Q,H3,H3,H3,H3,H1|1
PAID_CASCADE|5|6|Q,H4,A,H1,H1,J|1
PAID_CASCADE|5|6|Q,H4,H3,K,H1,H2|2
PAID_CASCADE|5|6|Q,H4,H4,H3,K,K|1
PAID_CASCADE|5|6|Q,H5,H5,J,T,T|1
PAID_CASCADE|5|6|Q,J,K,K,H5,H5|1
PAID_CASCADE|5|6|Q,J,X4,H2,H2,H2|1
PAID_CASCADE|5|6|Q,Q,H1,H5,X4,A|1
PAID_CASCADE|5|6|Q,Q,Q,H1,H1,H4|1
PAID_CASCADE|5|6|Q,Q,Q,H4,K,X4|1
PAID_CASCADE|5|6|Q,Q,Q,H5,H2,A|1
PAID_CASCADE|5|6|Q,Q,Q,Q,H1,H1|1
PAID_CASCADE|5|6|T,A,H1,H4,H2,K|1
PAID_CASCADE|5|6|T,A,H5,H1,H3,H2|1
PAID_CASCADE|5|6|T,H1,H1,H1,H1,H1|1
PAID_CASCADE|5|6|T,H2,H3,H3,H4,X4|1
PAID_CASCADE|5|6|T,H3,H3,H3,J,A|1
PAID_CASCADE|5|6|T,H4,H5,H5,H1,H1|1
PAID_CASCADE|5|6|T,T,A,K,K,H5|1
PAID_CASCADE|5|6|T,T,H2,X3,H1,H1|1
PAID_CASCADE|5|6|T,T,T,H4,H4,H4|1
PAID_CASCADE|5|6|T,T,T,K,H4,H4|1
PAID_CASCADE|5|6|T,T,X4,H4,H2,H2|1
PAID_CASCADE|5|6|T,X2,J,H1,H1,H1|1
PAID_CASCADE|5|6|X3,H1,H1,A,A,K|1
PAID_CASCADE|5|6|X3,H5,H1,K,H3,H2|1
PAID_CASCADE|5|6|X4,H2,H2,H2,H2,H2|1
PAID_CASCADE|5|6|X4,K,K,H3,J,J|1
PAID_FREE|0|6|A,A,A,H4,H4,Scat|1
PAID_FREE|0|6|A,A,H1,Q,Q,Scat|1
PAID_FREE|0|6|A,H1,H3,H3,Q,K|1
PAID_FREE|0|6|A,H3,H2,J,J,X4|1
PAID_FREE|0|6|A,H5,H2,H2,Scat,H2|1
PAID_FREE|0|6|A,Scat,T,H5,H1,H4|1
PAID_FREE|0|6|H1,K,H4,H4,A,A|1
PAID_FREE|0|6|H2,Q,Scat,H4,H4,H5|1
PAID_FREE|0|6|H2,Scat,H5,H3,H3,H4|1
PAID_FREE|0|6|H2,Scat,K,K,A,H5|1
PAID_FREE|0|6|H2,T,H4,H4,J,Q|1
PAID_FREE|0|6|H3,H1,H1,H2,H2,Scat|1
PAID_FREE|0|6|H3,H2,H2,Q,Q,Scat|1
PAID_FREE|0|6|H3,K,H4,T,A,H1|1
PAID_FREE|0|6|H4,H4,H5,Q,Scat,T|1
PAID_FREE|0|6|H4,Scat,K,T,H1,H1|1
PAID_FREE|0|6|H5,Scat,Q,T,K,J|1
PAID_FREE|0|6|J,H2,H4,H1,H3,H3|1
PAID_FREE|0|6|J,J,Q,Q,H4,A|1
PAID_FREE|0|6|J,K,H3,Q,T,H1|1
PAID_FREE|0|6|Q,H2,H3,Scat,K,K|1
PAID_FREE|0|6|Q,H3,Scat,H5,H1,H1|1
PAID_FREE|0|6|Q,H3,T,H1,H4,H2|1
PAID_FREE|0|6|Q,H4,H2,H2,H2,Scat|1
PAID_FREE|0|6|Scat,H1,H1,K,A,A|1
PAID_FREE|0|6|Scat,H1,T,J,K,K|1
PAID_FREE|0|6|Scat,H4,H4,Q,H1,H5|1
PAID_FREE|0|6|Scat,J,Q,H5,K,H1|1
PAID_FREE|0|6|Scat,Q,T,T,H2,H2|1
PAID_FREE|0|6|T,H4,H5,H1,H1,H2|1
PAID_FREE|0|6|T,T,A,J,H2,H2|1
PAID_FREE|0|6|T,T,K,K,Scat,H1|1
PAID_FREE|0|6|T,T,Scat,H4,H1,H3|1
PAID_FREE|1|6|A,A,H5,H5,Q,H4|1
PAID_FREE|1|6|A,A,Scat,H4,H5,K|1
PAID_FREE|1|6|A,H5,T,H2,H4,Q|1
PAID_FREE|1|6|H1,H1,H4,J,K,Q|1
PAID_FREE|1|6|H1,H5,A,H3,K,K|1
PAID_FREE|1|6|H1,K,T,H3,H3,J|1
PAID_FREE|1|6|H1,Q,J,X4,Scat,K|1
PAID_FREE|1|6|H1,T,H3,H3,K,Scat|1
PAID_FREE|1|6|H1,T,T,Scat,T,H5|1
PAID_FREE|1|6|H2,J,J,Scat,T,H1|1
PAID_FREE|1|6|H2,K,H1,A,Scat,J|1
PAID_FREE|1|6|H2,T,K,J,Scat,J|1
PAID_FREE|1|6|H3,H4,K,K,K,H5|1
PAID_FREE|1|6|H3,H5,A,T,T,J|1
PAID_FREE|1|6|H3,H5,Q,H2,K,T|1
PAID_FREE|1|6|H3,J,H4,A,Q,T|1
PAID_FREE|1|6|H5,J,J,J,A,A|1
PAID_FREE|1|6|H5,Q,T,T,H1,H4|1
PAID_FREE|1|6|J,H2,H3,H3,H5,H5|1
PAID_FREE|1|6|J,H4,H2,H1,H1,Scat|1
PAID_FREE|1|6|J,H4,H5,H3,K,A|1
PAID_FREE|1|6|J,H5,H5,H4,H3,Scat|1
PAID_FREE|1|6|J,J,A,T,T,H3|1
PAID_FREE|1|6|J,Q,H4,K,Scat,H5|1
PAID_FREE|1|6|J,Scat,Q,H4,A,T|1
PAID_FREE|1|6|K,H3,A,H5,H2,H4|1
PAID_FREE|1|6|K,Scat,H4,T,H2,H5|1
PAID_FREE|1|6|Scat,T,K,Q,H1,H1|1
PAID_FREE|1|6|T,H1,H5,A,A,Scat|1
PAID_FREE|1|6|T,K,J,Q,H3,H3|1
PAID_FREE|1|6|T,Scat,H4,H1,K,A|1
PAID_FREE|1|6|T,Scat,J,H4,H3,H5|1
PAID_FREE|1|6|T,Scat,T,H5,H5,K|1
PAID_FREE|2|6|A,Scat,H2,H5,J,T|1
PAID_FREE|2|6|H1,H1,H2,T,J,H4|1
PAID_FREE|2|6|H1,H4,H4,T,Scat,H3|1
PAID_FREE|2|6|H1,J,J,T,T,T|1
PAID_FREE|2|6|H1,K,H5,H5,H2,J|1
PAID_FREE|2|6|H2,A,K,H3,J,J|1
PAID_FREE|2|6|H2,H2,H2,J,J,H5|1
PAID_FREE|2|6|H2,H3,Scat,Q,Q,J|1
PAID_FREE|2|6|H2,J,H3,T,H5,H4|1
PAID_FREE|2|6|H2,J,J,J,H4,H4|1
PAID_FREE|2|6|H3,H1,H2,A,K,H5|1
PAID_FREE|2|6|H3,H3,H2,Scat,H1,H5|1
PAID_FREE|2|6|H3,Scat,T,H4,J,Q|1
PAID_FREE|2|6|H5,H5,H4,Q,Q,T|1
PAID_FREE|2|6|J,H2,H2,H1,Q,Q|1
PAID_FREE|2|6|J,H4,H1,Scat,Q,Q|1
PAID_FREE|2|6|J,Q,Scat,A,H2,H5|1
PAID_FREE|2|6|J,Scat,H4,T,A,A|1
PAID_FREE|2|6|J,Scat,H5,K,T,H3|1
PAID_FREE|2|6|K,H1,H2,J,H4,H4|1
PAID_FREE|2|6|K,H4,H4,A,Q,H1|1
PAID_FREE|2|6|K,Q,H3,T,H5,H5|1
PAID_FREE|2|6|Q,H5,T,T,K,Scat|1
PAID_FREE|2|6|Q,J,J,J,J,H2|1
PAID_FREE|2|6|Q,J,J,J,T,T|1
PAID_FREE|2|6|Q,J,J,Scat,K,T|1
PAID_FREE|2|6|Q,J,J,T,T,H3|1
PAID_FREE|2|6|Scat,H1,T,H4,H3,H5|1
PAID_FREE|2|6|Scat,H4,H4,J,H5,H2|1
PAID_FREE|2|6|Scat,H5,T,J,H2,H2|1
PAID_FREE|2|6|Scat,J,H4,H4,H4,H4|1
PAID_FREE|2|6|Scat,T,Q,A,A,A|1
PAID_FREE|2|6|T,H2,H2,A,A,A|1
PAID_FREE|3|6|A,A,A,A,K,K|1
PAID_FREE|3|6|A,A,H4,H5,H2,H2|1
PAID_FREE|3|6|A,J,K,H2,H2,Scat|1
PAID_FREE|3|6|H1,H1,H3,H4,Q,Scat|1
PAID_FREE|3|6|H1,H3,H2,T,Scat,J|1
PAID_FREE|3|6|H1,H3,K,A,J,Q|1
PAID_FREE|3|6|H2,H3,H1,T,H5,Scat|1
PAID_FREE|3|6|H2,H3,H3,A,Q,Q|1
PAID_FREE|3|6|H2,K,H4,A,A,Q|1
PAID_FREE|3|6|H3,H3,H3,Scat,H5,Q|1
PAID_FREE|3|6|H4,H1,Scat,K,H3,H5|1
PAID_FREE|3|6|H4,H2,H1,H5,Q,Q|1
PAID_FREE|3|6|H4,Scat,A,H1,T,T|1
PAID_FREE|3|6|H5,A,Q,Q,H1,H2|1
PAID_FREE|3|6|H5,H5,H1,H2,T,Q|1
PAID_FREE|3|6|H5,H5,H4,H2,H1,H1|1
PAID_FREE|3|6|H5,J,K,H2,H1,A|1
PAID_FREE|3|6|H5,K,H1,H4,H3,H3|1
PAID_FREE|3|6|H5,Scat,J,H3,T,Q|1
PAID_FREE|3|6|J,J,H5,T,Scat,A|1
PAID_FREE|3|6|J,J,Scat,H5,H3,H4|1
PAID_FREE|3|6|J,K,X2,H5,H5,A|1
PAID_FREE|3|6|K,A,H2,Q,H5,Scat|1
PAID_FREE|3|6|K,A,Scat,H4,H3,H5|1
PAID_FREE|3|6|Q,K,H5,X4,T,T|1
PAID_FREE|3|6|Q,Q,Q,H2,H4,H3|1
PAID_FREE|3|6|Q,T,J,H4,Scat,H5|1
PAID_FREE|3|6|Scat,H2,H2,H3,H3,K|1
PAID_FREE|3|6|Scat,H3,J,Q,X3,H5|1
PAID_FREE|3|6|Scat,H5,J,J,A,A|1
PAID_FREE|3|6|T,K,Q,H2,H2,A|1
PAID_FREE|3|6|T,Scat,J,J,J,H5|1
PAID_FREE|3|6|T,T,H1,K,K,H5|1
PAID_FREE|4|6|A,A,Q,Scat,H5,K|1
PAID_FREE|4|6|A,H5,H5,H5,H3,Scat|1
PAID_FREE|4|6|A,K,H4,H3,Scat,H3|1
PAID_FREE|4|6|A,K,H5,H4,H2,J|1
PAID_FREE|4|6|A,Q,Q,H1,Scat,H3|1
PAID_FREE|4|6|A,Q,Q,X4,H3,H1|1
PAID_FREE|4|6|H1,H1,H1,H1,H1,Scat|1
PAID_FREE|4|6|H2,H2,Scat,H4,J,T|1
PAID_FREE|4|6|H2,H3,J,Scat,T,T|1
PAID_FREE|4|6|H2,H5,K,H1,H3,A|1
PAID_FREE|4|6|H3,J,A,H5,H5,Scat|1
PAID_FREE|4|6|H4,H2,H5,Q,Q,Q|1
PAID_FREE|4|6|H4,T,Scat,Q,K,K|1
PAID_FREE|4|6|H5,H5,H5,Scat,H3,H3|1
PAID_FREE|4|6|J,H1,H1,Q,H4,H5|1
PAID_FREE|4|6|J,H1,Scat,T,K,H3|1
PAID_FREE|4|6|J,H4,T,T,K,H2|1
PAID_FREE|4|6|J,J,H3,A,H2,H2|1
PAID_FREE|4|6|J,J,Scat,H1,H1,H2|1
PAID_FREE|4|6|K,H4,Scat,H5,H5,H1|1
PAID_FREE|4|6|K,K,Q,H3,T,H2|1
PAID_FREE|4|6|Q,H5,H5,A,H4,H2|1
PAID_FREE|4|6|Q,K,T,A,H2,H4|1
PAID_FREE|4|6|Q,Q,Q,H2,Scat,H4|1
PAID_FREE|4|6|Scat,H3,H5,H2,H4,A|1
PAID_FREE|4|6|Scat,H5,H3,H2,H2,K|1
PAID_FREE|4|6|Scat,J,H2,H3,H1,T|1
PAID_FREE|4|6|Scat,J,K,K,K,H1|1
PAID_FREE|4|6|Scat,K,H2,Q,Q,H3|1
PAID_FREE|4|6|T,H1,K,Scat,Q,H3|1
PAID_FREE|4|6|T,H3,J,J,J,Q|1
PAID_FREE|4|6|T,K,J,H5,H1,H3|1
PAID_FREE|4|6|T,T,J,J,A,X4|1
PAID_FREE|5|6|A,A,H5,H5,K,K|1
PAID_FREE|5|6|A,A,T,H5,H1,J|1
PAID_FREE|5|6|A,J,H1,Q,Scat,H3|1
PAID_FREE|5|6|A,K,K,H3,H1,H1|1
PAID_FREE|5|6|H1,H2,H5,H3,H3,J|1
PAID_FREE|5|6|H1,T,H5,H5,H5,Q|1
PAID_FREE|5|6|H1,T,T,H3,K,K|1
PAID_FREE|5|6|H2,H1,H3,K,H5,H5|1
PAID_FREE|5|6|H2,H2,H2,A,T,T|1
PAID_FREE|5|6|H3,J,J,J,Q,H2|1
PAID_FREE|5|6|H4,H1,J,H3,Q,H5|1
PAID_FREE|5|6|H4,H1,J,T,H5,A|1
PAID_FREE|5|6|H4,H4,H4,H2,H2,H2|1
PAID_FREE|5|6|H4,Scat,H3,J,A,H5|1
PAID_FREE|5|6|H5,H2,Scat,A,Q,J|1
PAID_FREE|5|6|H5,H4,H4,J,Scat,X2|1
PAID_FREE|5|6|H5,H5,K,H4,H1,J|1
PAID_FREE|5|6|J,A,Q,Q,Q,Scat|1
PAID_FREE|5|6|J,H4,H4,Q,T,T|1
PAID_FREE|5|6|J,T,T,T,T,H3|1
PAID_FREE|5|6|K,H1,Scat,T,T,Q|1
PAID_FREE|5|6|K,K,K,H4,Q,A|1
PAID_FREE|5|6|Q,Q,H5,H4,H4,H1|1
PAID_FREE|5|6|Q,Q,Q,A,H3,H3|1
PAID_FREE|5|6|Scat,H1,H1,H4,H5,T|1
PAID_FREE|5|6|Scat,H5,J,J,H4,H2|1
PAID_FREE|5|6|Scat,K,A,A,A,T|1
PAID_FREE|5|6|Scat,K,K,H5,H3,H4|1
PAID_FREE|5|6|Scat,Q,H5,H1,H3,K|1
PAID_FREE|5|6|T,A,A,A,H4,H5|1
PAID_FREE|5|6|T,Q,A,H4,X4,H1|1
PAID_FREE|5|6|T,T,A,A,H4,Scat|1
PAID_FREE|5|6|T,T,Q,K,H2,J|1
PAID_LOSS|0|6|A,A,A,H4,J,H3|1
PAID_LOSS|0|6|A,A,H1,H4,H5,A|1
PAID_LOSS|0|6|A,A,H3,A,H2,J|1
PAID_LOSS|0|6|A,A,H4,Q,H2,H3|1
PAID_LOSS|0|6|A,A,K,K,T,T|1
PAID_LOSS|0|6|A,H1,A,H4,A,J|1
PAID_LOSS|0|6|A,H1,H2,Q,H4,J|1
PAID_LOSS|0|6|A,H1,H2,T,T,Q|1
PAID_LOSS|0|6|A,H1,H3,Q,K,H1|1
PAID_LOSS|0|6|A,H1,H4,H5,Q,H3|1
PAID_LOSS|0|6|A,H1,J,H4,A,T|1
PAID_LOSS|0|6|A,H1,K,H2,Q,T|1
PAID_LOSS|0|6|A,H1,K,H5,J,Q|1
PAID_LOSS|0|6|A,H1,T,H4,J,K|1
PAID_LOSS|0|6|A,H2,A,Q,H2,A|1
PAID_LOSS|0|6|A,H2,A,Q,H3,H4|1
PAID_LOSS|0|6|A,H2,A,T,Scat,H1|1
PAID_LOSS|0|6|A,H2,H5,H5,H3,K|1
PAID_LOSS|0|6|A,H2,J,K,H5,K|1
PAID_LOSS|0|6|A,H2,K,H4,A,H3|1
PAID_LOSS|0|6|A,H2,Q,H2,K,J|1
PAID_LOSS|0|6|A,H2,T,T,H2,J|1
PAID_LOSS|0|6|A,H3,H2,H2,J,H1|1
PAID_LOSS|0|6|A,H3,H4,K,K,T|1
PAID_LOSS|0|6|A,H3,J,H2,K,K|1
PAID_LOSS|0|6|A,H3,K,A,H5,H3|1
PAID_LOSS|0|6|A,H3,Q,H1,J,H4|1
PAID_LOSS|0|6|A,H3,T,H5,T,H5|1
PAID_LOSS|0|6|A,H4,A,Q,Q,K|1
PAID_LOSS|0|6|A,H4,H1,Q,H4,T|1
PAID_LOSS|0|6|A,H4,H2,Q,H4,H4|1
PAID_LOSS|0|6|A,H4,H3,A,H3,H2|1
PAID_LOSS|0|6|A,H4,H3,H1,H5,A|1
PAID_LOSS|0|6|A,H4,K,H2,A,K|1
PAID_LOSS|0|6|A,H4,K,J,J,H5|1
PAID_LOSS|0|6|A,H4,T,H4,T,K|1
PAID_LOSS|0|6|A,H5,H2,H5,Q,K|1
PAID_LOSS|0|6|A,H5,J,Q,H4,H5|1
PAID_LOSS|0|6|A,H5,K,H1,H4,K|1
PAID_LOSS|0|6|A,H5,K,H1,T,H5|1
PAID_LOSS|0|6|A,H5,K,H3,Q,H4|1
PAID_LOSS|0|6|A,H5,K,Q,H1,Q|1
PAID_LOSS|0|6|A,H5,Q,K,H4,H4|1
PAID_LOSS|0|6|A,H5,Q,Scat,J,H4|1
PAID_LOSS|0|6|A,J,A,K,H2,H3|1
PAID_LOSS|0|6|A,J,H4,H1,H4,K|1
PAID_LOSS|0|6|A,J,H4,H2,Q,A|1
PAID_LOSS|0|6|A,J,K,H3,H1,J|1
PAID_LOSS|0|6|A,J,Q,H3,H4,X2|1
PAID_LOSS|0|6|A,J,Q,H5,Q,H3|1
PAID_LOSS|0|6|A,J,Q,H5,T,T|1
PAID_LOSS|0|6|A,K,H1,J,J,H2|1
PAID_LOSS|0|6|A,K,H3,H1,H5,J|1
PAID_LOSS|0|6|A,K,J,H1,A,A|1
PAID_LOSS|0|6|A,K,J,H1,K,J|1
PAID_LOSS|0|6|A,K,J,Q,K,H4|1
PAID_LOSS|0|6|A,K,Q,H4,A,H3|1
PAID_LOSS|0|6|A,K,T,A,Q,Q|1
PAID_LOSS|0|6|A,K,T,H2,H2,A|1
PAID_LOSS|0|6|A,K,T,K,Q,H2|1
PAID_LOSS|0|6|A,Q,A,H3,A,H3|1
PAID_LOSS|0|6|A,Q,A,K,H1,H4|1
PAID_LOSS|0|6|A,Q,H1,K,A,T|1
PAID_LOSS|0|6|A,Q,H2,A,Q,H2|1
PAID_LOSS|0|6|A,Q,H2,J,J,A|1
PAID_LOSS|0|6|A,Q,H3,H3,K,X2|1
PAID_LOSS|0|6|A,Q,H4,H3,H1,H3|1
PAID_LOSS|0|6|A,Q,H4,Q,J,T|1
PAID_LOSS|0|6|A,Q,H5,K,Q,A|1
PAID_LOSS|0|6|A,Q,H5,K,T,T|1
PAID_LOSS|0|6|A,Q,J,T,H5,A|1
PAID_LOSS|0|6|A,Q,K,H3,K,A|1
PAID_LOSS|0|6|A,Q,Q,J,J,H4|1
PAID_LOSS|0|6|A,Scat,H2,T,Q,H2|1
PAID_LOSS|0|6|A,Scat,T,T,H5,Q|1
PAID_LOSS|0|6|A,T,H1,H2,H4,A|1
PAID_LOSS|0|6|A,T,H3,K,H1,H2|1
PAID_LOSS|0|6|A,T,H3,K,H5,J|1
PAID_LOSS|0|6|A,T,H4,A,H1,Q|1
PAID_LOSS|0|6|A,T,H4,Q,H4,H2|1
PAID_LOSS|0|6|A,T,J,H3,H1,Q|1
PAID_LOSS|0|6|A,T,J,H4,T,T|1
PAID_LOSS|0|6|A,X3,A,H2,H5,H2|1
PAID_LOSS|0|6|H1,A,A,H2,J,K|1
PAID_LOSS|0|6|H1,A,A,T,A,A|1
PAID_LOSS|0|6|H1,A,H1,H2,H4,A|1
PAID_LOSS|0|6|H1,A,H3,Q,H2,J|1
PAID_LOSS|0|6|H1,A,H4,H4,H5,T|1
PAID_LOSS|0|6|H1,A,H4,T,K,H2|1
PAID_LOSS|0|6|H1,A,H5,Q,Q,K|1
PAID_LOSS|0|6|H1,A,J,K,T,H2|1
PAID_LOSS|0|6|H1,A,K,A,H2,J|1
PAID_LOSS|0|6|H1,A,K,H1,H3,K|1
PAID_LOSS|0|6|H1,A,K,H2,H2,H1|1
PAID_LOSS|0|6|H1,A,K,H5,H4,H1|1
PAID_LOSS|0|6|H1,A,K,K,T,J|1
PAID_LOSS|0|6|H1,A,T,H5,A,Q|1
PAID_LOSS|0|6|H1,A,X3,Q,H5,A|1
PAID_LOSS|0|6|H1,H1,A,H1,Q,H2|1
PAID_LOSS|0|6|H1,H1,A,J,T,J|1
PAID_LOSS|0|6|H1,H1,H1,Q,K,H3|1
PAID_LOSS|0|6|H1,H1,H2,A,A,H2|1
PAID_LOSS|0|6|H1,H1,H2,H4,H5,K|1
PAID_LOSS|0|6|H1,H1,H3,A,Q,T|1
PAID_LOSS|0|6|H1,H1,H3,H5,H2,K|1
PAID_LOSS|0|6|H1,H1,H4,H4,H3,H5|1
PAID_LOSS|0|6|H1,H1,J,H5,H3,K|1
PAID_LOSS|0|6|H1,H1,Q,A,J,H2|1
PAID_LOSS|0|6|H1,H2,H1,H5,H5,K|1
PAID_LOSS|0|6|H1,H2,H5,Q,H2,Q|1
PAID_LOSS|0|6|H1,H2,Q,A,K,H3|1
PAID_LOSS|0|6|H1,H2,Q,H2,H3,H4|1
PAID_LOSS|0|6|H1,H3,H1,A,H5,X3|1
PAID_LOSS|0|6|H1,H3,H3,X2,H5,H5|1
PAID_LOSS|0|6|H1,H3,H5,H2,Q,H5|1
PAID_LOSS|0|6|H1,H3,J,A,T,K|1
PAID_LOSS|0|6|H1,H3,J,H2,J,H1|1
PAID_LOSS|0|6|H1,H3,J,H5,X3,H3|1
PAID_LOSS|0|6|H1,H3,Q,H3,H4,H3|1
PAID_LOSS|0|6|H1,H3,Q,Q,H2,K|1
PAID_LOSS|0|6|H1,H4,A,H1,T,K|1
PAID_LOSS|0|6|H1,H4,H1,H4,Scat,J|1
PAID_LOSS|0|6|H1,H4,H4,H2,H5,A|1
PAID_LOSS|0|6|H1,H4,J,H4,H2,T|1
PAID_LOSS|0|6|H1,H4,J,T,K,T|1
PAID_LOSS|0|6|H1,H4,Q,A,H2,H4|1
PAID_LOSS|0|6|H1,H4,T,J,A,H4|1
PAID_LOSS|0|6|H1,H4,T,K,Q,H2|1
PAID_LOSS|0|6|H1,H5,H2,J,H4,H3|1
PAID_LOSS|0|6|H1,H5,H3,K,A,H1|1
PAID_LOSS|0|6|H1,H5,J,A,A,H3|1
PAID_LOSS|0|6|H1,H5,T,J,H4,T|1
PAID_LOSS|0|6|H1,J,H2,H5,A,T|1
PAID_LOSS|0|6|H1,J,H3,H1,H4,T|1
PAID_LOSS|0|6|H1,J,H5,J,K,H5|1
PAID_LOSS|0|6|H1,J,J,Q,J,H1|1
PAID_LOSS|0|6|H1,J,Q,H3,J,H4|1
PAID_LOSS|0|6|H1,J,T,H1,K,H4|1
PAID_LOSS|0|6|H1,J,T,H2,Q,H1|1
PAID_LOSS|0|6|H1,K,H1,H1,J,H2|1
PAID_LOSS|0|6|H1,K,H2,H5,H5,H4|1
PAID_LOSS|0|6|H1,K,J,K,A,Q|1
PAID_LOSS|0|6|H1,K,J,T,Q,H3|1
PAID_LOSS|0|6|H1,K,Q,H3,J,H1|1
PAID_LOSS|0|6|H1,Q,A,T,H5,J|1
PAID_LOSS|0|6|H1,Q,H1,T,T,A|1
PAID_LOSS|0|6|H1,Q,H3,K,T,Q|1
PAID_LOSS|0|6|H1,Q,H4,A,Q,H1|1
PAID_LOSS|0|6|H1,Q,H4,H4,H4,Scat|1
PAID_LOSS|0|6|H1,Q,H5,X2,Q,K|1
PAID_LOSS|0|6|H1,Q,J,H5,H1,H5|1
PAID_LOSS|0|6|H1,Q,J,Q,K,K|1
PAID_LOSS|0|6|H1,Q,Q,A,J,H2|1
PAID_LOSS|0|6|H1,Q,Q,J,H1,H4|1
PAID_LOSS|0|6|H1,Q,T,H2,J,Q|1
PAID_LOSS|0|6|H1,Scat,J,H2,H3,H4|1
PAID_LOSS|0|6|H1,Scat,Q,H5,T,J|1
PAID_LOSS|0|6|H1,T,A,H3,H2,Q|1
PAID_LOSS|0|6|H1,T,A,Q,J,H2|1
PAID_LOSS|0|6|H1,T,H1,T,H4,H2|1
PAID_LOSS|0|6|H1,T,H3,Q,J,J|1
PAID_LOSS|0|6|H1,T,H3,Q,K,H2|1
PAID_LOSS|0|6|H1,T,H5,H1,Q,Q|1
PAID_LOSS|0|6|H1,T,J,H2,K,K|1
PAID_LOSS|0|6|H1,T,K,H5,T,H3|1
PAID_LOSS|0|6|H2,A,A,H4,T,H4|1
PAID_LOSS|0|6|H2,A,A,Q,J,T|1
PAID_LOSS|0|6|H2,A,A,T,Q,H5|1
PAID_LOSS|0|6|H2,A,H2,H5,H1,J|1
PAID_LOSS|0|6|H2,A,H5,Q,J,A|1
PAID_LOSS|0|6|H2,A,J,Q,H5,H1|1
PAID_LOSS|0|6|H2,A,K,H2,T,H2|1
PAID_LOSS|0|6|H2,A,Q,H2,H5,H5|1
PAID_LOSS|0|6|H2,A,Q,H4,H2,A|1
PAID_LOSS|0|6|H2,A,Q,J,J,H1|1
PAID_LOSS|0|6|H2,A,T,H1,K,J|1
PAID_LOSS|0|6|H2,A,T,H5,A,H3|1
PAID_LOSS|0|6|H2,A,T,J,Q,H1|1
PAID_LOSS|0|6|H2,H1,H1,H3,H4,A|1
PAID_LOSS|0|6|H2,H1,H2,T,K,H1|1
PAID_LOSS|0|6|H2,H1,H4,H3,H5,T|1
PAID_LOSS|0|6|H2,H1,H5,Q,H4,K|1
PAID_LOSS|0|6|H2,H1,H5,Q,H5,H4|1
PAID_LOSS|0|6|H2,H1,H5,Q,T,Q|1
PAID_LOSS|0|6|H2,H1,K,J,H5,T|1
PAID_LOSS|0|6|H2,H1,Q,H4,H5,H1|1
PAID_LOSS|0|6|H2,H1,Q,Q,T,H2|1
PAID_LOSS|0|6|H2,H1,T,H5,H3,T|1
PAID_LOSS|0|6|H2,H2,H2,H3,T,A|1
PAID_LOSS|0|6|H2,H2,H4,H1,H4,H2|1
PAID_LOSS|0|6|H2,H2,H4,H3,A,H3|1
PAID_LOSS|0|6|H2,H2,J,J,H3,H4|1
PAID_LOSS|0|6|H2,H2,Q,J,J,H4|1
PAID_LOSS|0|6|H2,H2,Q,T,K,Q|1
PAID_LOSS|0|6|H2,H2,T,Q,H3,Q|1
PAID_LOSS|0|6|H2,H2,X3,H2,H4,K|1
PAID_LOSS|0|6|H2,H3,A,H1,H5,H1|1
PAID_LOSS|0|6|H2,H3,A,K,T,H4|1
PAID_LOSS|0|6|H2,H3,H1,H4,H1,H2|1
PAID_LOSS|0|6|H2,H3,H2,Q,H4,H1|1
PAID_LOSS|0|6|H2,H3,H3,H5,J,H2|1
PAID_LOSS|0|6|H2,H3,H3,J,H2,T|1
PAID_LOSS|0|6|H2,H3,H4,H1,Q,H2|1
PAID_LOSS|0|6|H2,H3,H4,H2,A,H4|1
PAID_LOSS|0|6|H2,H3,H5,Q,H3,H2|1
PAID_LOSS|0|6|H2,H4,H1,H2,T,H4|1
PAID_LOSS|0|6|H2,H4,H4,H5,A,K|1
PAID_LOSS|0|6|H2,H4,H5,A,H1,A|1
PAID_LOSS|0|6|H2,H4,K,H5,H4,A|1
PAID_LOSS|0|6|H2,H4,T,Q,H3,Q|1
PAID_LOSS|0|6|H2,H5,A,K,A,K|1
PAID_LOSS|0|6|H2,H5,H1,Q,H3,Q|1
PAID_LOSS|0|6|H2,H5,H5,A,H5,T|1
PAID_LOSS|0|6|H2,H5,J,J,Q,H3|1
PAID_LOSS|0|6|H2,H5,J,T,H1,H5|1
PAID_LOSS|0|6|H2,H5,Q,H5,H1,K|1
PAID_LOSS|0|6|H2,H5,Q,H5,H2,K|1
PAID_LOSS|0|6|H2,J,A,A,H1,H5|1
PAID_LOSS|0|6|H2,J,A,H4,T,T|1
PAID_LOSS|0|6|H2,J,H1,A,A,Scat|1
PAID_LOSS|0|6|H2,J,H4,H4,Q,Q|1
PAID_LOSS|0|6|H2,J,H4,T,Q,H3|1
PAID_LOSS|0|6|H2,J,J,H4,A,A|1
PAID_LOSS|0|6|H2,J,K,H4,K,K|1
PAID_LOSS|0|6|H2,J,K,Q,X4,J|1
PAID_LOSS|0|6|H2,K,A,H4,H2,T|1
PAID_LOSS|0|6|H2,K,A,J,A,H1|1
PAID_LOSS|0|6|H2,K,H1,T,Q,J|1
PAID_LOSS|0|6|H2,K,H3,H1,H3,A|1
PAID_LOSS|0|6|H2,K,H4,J,Q,H3|1
PAID_LOSS|0|6|H2,K,J,K,H2,A|1
PAID_LOSS|0|6|H2,Q,A,A,H3,H3|1
PAID_LOSS|0|6|H2,Q,A,H1,T,T|1
PAID_LOSS|0|6|H2,Q,H2,J,T,H5|1
PAID_LOSS|0|6|H2,Q,H5,T,A,H1|1
PAID_LOSS|0|6|H2,Q,J,H1,H3,H1|1
PAID_LOSS|0|6|H2,Q,Q,A,T,H2|1
PAID_LOSS|0|6|H2,Q,Q,K,H3,H3|1
PAID_LOSS|0|6|H2,Q,Q,T,H3,H2|1
PAID_LOSS|0|6|H2,Q,T,H2,J,J|1
PAID_LOSS|0|6|H2,T,H3,H1,H2,K|1
PAID_LOSS|0|6|H2,T,H3,H5,T,K|1
PAID_LOSS|0|6|H2,T,H3,Q,T,J|1
PAID_LOSS|0|6|H2,T,H4,H4,H2,J|1
PAID_LOSS|0|6|H2,T,H4,Q,H1,H2|1
PAID_LOSS|0|6|H2,T,H4,Q,H3,Q|1
PAID_LOSS|0|6|H2,X3,H1,J,T,H1|1
PAID_LOSS|0|6|H2,X3,T,H3,K,Q|1
PAID_LOSS|0|6|H3,A,A,H5,T,H4|1
PAID_LOSS|0|6|H3,A,H1,H2,J,H1|1
PAID_LOSS|0|6|H3,A,H1,H3,J,H5|1
PAID_LOSS|0|6|H3,A,H2,K,H4,T|1
PAID_LOSS|0|6|H3,A,H4,H1,K,H1|1
PAID_LOSS|0|6|H3,A,H5,H3,H5,H1|1
PAID_LOSS|0|6|H3,A,Q,Q,H4,H1|1
PAID_LOSS|0|6|H3,A,X2,H4,J,X2|1
PAID_LOSS|0|6|H3,A,X2,K,K,K|1
PAID_LOSS|0|6|H3,H1,H1,Q,A,K|1
PAID_LOSS|0|6|H3,H1,H3,J,H3,T|1
PAID_LOSS|0|6|H3,H1,J,A,H1,Q|1
PAID_LOSS|0|6|H3,H1,K,K,H3,T|1
PAID_LOSS|0|6|H3,H1,Q,A,H1,H4|1
PAID_LOSS|0|6|H3,H1,T,H3,A,H3|1
PAID_LOSS|0|6|H3,H2,H1,H4,H3,H4|1
PAID_LOSS|0|6|H3,H2,H4,H4,A,H5|1
PAID_LOSS|0|6|H3,H2,H5,T,T,H5|1
PAID_LOSS|0|6|H3,H2,J,K,H5,J|1
PAID_LOSS|0|6|H3,H2,T,T,A,H5|1
PAID_LOSS|0|6|H3,H3,A,Q,K,A|1
PAID_LOSS|0|6|H3,H3,H1,H4,H1,H1|1
PAID_LOSS|0|6|H3,H3,J,T,H3,H5|1
PAID_LOSS|0|6|H3,H3,Q,H3,J,A|1
PAID_LOSS|0|6|H3,H3,Q,H5,K,H3|1
PAID_LOSS|0|6|H3,H3,T,J,H1,H1|1
PAID_LOSS|0|6|H3,H3,T,Q,T,H3|1
PAID_LOSS|0|6|H3,H4,A,H1,H4,A|1
PAID_LOSS|0|6|H3,H4,A,H2,J,J|1
PAID_LOSS|0|6|H3,H4,A,X2,H5,Q|1
PAID_LOSS|0|6|H3,H4,H1,H3,H4,H2|1
PAID_LOSS|0|6|H3,H4,H4,H1,H1,H4|1
PAID_LOSS|0|6|H3,H4,H4,Q,H3,H1|1
PAID_LOSS|0|6|H3,H4,H5,H5,H3,T|1
PAID_LOSS|0|6|H3,H4,J,A,H5,K|1
PAID_LOSS|0|6|H3,H4,Q,H1,K,H3|1
PAID_LOSS|0|6|H3,H4,T,T,H5,H5|1
PAID_LOSS|0|6|H3,H5,A,H4,H4,Q|1
PAID_LOSS|0|6|H3,H5,A,K,H4,J|1
PAID_LOSS|0|6|H3,H5,H2,H5,K,T|1
PAID_LOSS|0|6|H3,H5,H2,J,K,T|1
PAID_LOSS|0|6|H3,H5,H4,H1,K,J|1
PAID_LOSS|0|6|H3,J,A,H2,A,H3|1
PAID_LOSS|0|6|H3,J,A,X2,Scat,H4|1
PAID_LOSS|0|6|H3,J,H3,H3,K,H3|1
PAID_LOSS|0|6|H3,J,H4,Q,Q,H1|1
PAID_LOSS|0|6|H3,J,H5,H3,T,K|1
PAID_LOSS|0|6|H3,J,J,H1,A,A|1
PAID_LOSS|0|6|H3,J,K,H2,A,H4|1
PAID_LOSS|0|6|H3,J,K,Q,T,H3|1
PAID_LOSS|0|6|H3,K,H1,H3,H3,K|1
PAID_LOSS|0|6|H3,K,H4,H1,T,A|1
PAID_LOSS|0|6|H3,K,H4,T,H1,J|1
PAID_LOSS|0|6|H3,K,J,H4,X4,H2|1
PAID_LOSS|0|6|H3,K,K,H5,Q,H2|1
PAID_LOSS|0|6|H3,K,K,T,J,H2|1
PAID_LOSS|0|6|H3,K,Q,H2,J,A|1
PAID_LOSS|0|6|H3,K,Q,J,H4,H4|1
PAID_LOSS|0|6|H3,Q,A,H1,J,T|1
PAID_LOSS|0|6|H3,Q,A,H4,T,H3|1
PAID_LOSS|0|6|H3,Q,A,Scat,Q,Q|1
PAID_LOSS|0|6|H3,Q,H1,H5,H5,T|1
PAID_LOSS|0|6|H3,Q,H2,H1,H3,H5|1
PAID_LOSS|0|6|H3,Q,H2,H4,H1,H1|1
PAID_LOSS|0|6|H3,Q,H3,A,J,H3|1
PAID_LOSS|0|6|H3,Q,H3,K,A,H2|1
PAID_LOSS|0|6|H3,Q,H4,A,H2,H5|1
PAID_LOSS|0|6|H3,Q,J,H5,Q,K|1
PAID_LOSS|0|6|H3,Q,Q,H1,T,H1|1
PAID_LOSS|0|6|H3,Scat,A,H4,J,Q|1
PAID_LOSS|0|6|H3,Scat,H1,H5,H1,A|1
PAID_LOSS|0|6|H3,T,A,H2,A,H4|1
PAID_LOSS|0|6|H3,T,H1,H5,A,T|1
PAID_LOSS|0|6|H3,T,H3,J,A,T|1
PAID_LOSS|0|6|H3,T,H4,H5,H1,J|1
PAID_LOSS|0|6|H3,T,H4,Q,H4,H1|1
PAID_LOSS|0|6|H3,T,Q,H1,Q,H5|1
PAID_LOSS|0|6|H3,T,Q,T,H3,T|1
PAID_LOSS|0|6|H3,X2,A,H2,H3,K|1
PAID_LOSS|0|6|H3,X3,H3,Q,J,A|1
PAID_LOSS|0|6|H4,A,A,H3,J,H2|1
PAID_LOSS|0|6|H4,A,A,H3,T,H5|1
PAID_LOSS|0|6|H4,A,A,H5,Q,K|1
PAID_LOSS|0|6|H4,A,H1,A,A,A|1
PAID_LOSS|0|6|H4,A,H2,A,Q,H5|1
PAID_LOSS|0|6|H4,A,K,H2,H3,H1|1
PAID_LOSS|0|6|H4,A,K,J,H4,H3|1
PAID_LOSS|0|6|H4,A,T,H4,J,A|1
PAID_LOSS|0|6|H4,H1,H1,J,A,Q|1
PAID_LOSS|0|6|H4,H1,H2,H2,H4,K|1
PAID_LOSS|0|6|H4,H1,H2,J,H4,H3|1
PAID_LOSS|0|6|H4,H1,J,Q,H3,H1|1
PAID_LOSS|0|6|H4,H1,J,T,H1,H4|1
PAID_LOSS|0|6|H4,H1,Q,H2,T,H3|1
PAID_LOSS|0|6|H4,H1,T,H2,H1,Q|1
PAID_LOSS|0|6|H4,H1,T,Q,H2,K|1
PAID_LOSS|0|6|H4,H1,T,T,K,H4|1
PAID_LOSS|0|6|H4,H2,H3,A,A,A|1
PAID_LOSS|0|6|H4,H2,H4,H5,H5,H3|1
PAID_LOSS|0|6|H4,H2,X3,H1,Q,H3|1
PAID_LOSS|0|6|H4,H3,H1,H5,J,J|1
PAID_LOSS|0|6|H4,H3,H4,T,H5,K|1
PAID_LOSS|0|6|H4,H3,H5,J,T,H4|1
PAID_LOSS|0|6|H4,H3,Q,J,H5,H2|1
PAID_LOSS|0|6|H4,H3,T,A,Q,K|1
PAID_LOSS|0|6|H4,H4,H2,K,T,H5|1
PAID_LOSS|0|6|H4,H4,H2,T,H4,Q|1
PAID_LOSS|0|6|H4,H4,H3,H4,H2,H4|1
PAID_LOSS|0|6|H4,H4,H5,Q,T,A|1
PAID_LOSS|0|6|H4,H4,J,K,H4,K|1
PAID_LOSS|0|6|H4,H4,J,Q,H2,Q|1
PAID_LOSS|0|6|H4,H4,Q,A,T,H4|1
PAID_LOSS|0|6|H4,H4,Q,H1,J,K|1
PAID_LOSS|0|6|H4,H4,T,H1,Q,A|1
PAID_LOSS|0|6|H4,H4,T,H2,Q,A|1
PAID_LOSS|0|6|H4,H4,T,X2,J,A|1
PAID_LOSS|0|6|H4,H5,K,J,H4,T|1
PAID_LOSS|0|6|H4,H5,Q,A,A,A|1
PAID_LOSS|0|6|H4,J,H1,T,Q,A|1
PAID_LOSS|0|6|H4,J,H2,H4,H5,H1|1
PAID_LOSS|0|6|H4,J,H3,H2,K,H3|1
PAID_LOSS|0|6|H4,J,H3,H5,H5,H5|1
PAID_LOSS|0|6|H4,J,H4,H2,H3,H3|1
PAID_LOSS|0|6|H4,J,K,H4,K,H5|1
PAID_LOSS|0|6|H4,J,Q,H2,H2,T|1
PAID_LOSS|0|6|H4,J,Q,K,H2,H4|1
PAID_LOSS|0|6|H4,J,T,H5,H2,J|1
PAID_LOSS|0|6|H4,K,H1,T,H2,A|1
PAID_LOSS|0|6|H4,K,H2,T,H1,H2|1
PAID_LOSS|0|6|H4,K,J,H3,H2,Q|1
PAID_LOSS|0|6|H4,K,J,J,H1,Q|1
PAID_LOSS|0|6|H4,K,T,H2,T,H5|1
PAID_LOSS|0|6|H4,Q,H2,H2,H3,H2|1
PAID_LOSS|0|6|H4,Q,H3,K,T,A|1
PAID_LOSS|0|6|H4,Q,H5,H5,H1,H1|1
PAID_LOSS|0|6|H4,Q,H5,Q,T,J|1
PAID_LOSS|0|6|H4,Q,J,H5,H3,H2|1
PAID_LOSS|0|6|H4,Q,J,X3,H5,J|1
PAID_LOSS|0|6|H4,Scat,H2,H4,H5,Q|1
PAID_LOSS|0|6|H4,T,A,K,Q,H2|1
PAID_LOSS|0|6|H4,T,A,T,H1,A|1
PAID_LOSS|0|6|H4,T,H2,H1,J,H5|1
PAID_LOSS|0|6|H4,T,H3,H5,Q,Q|1
PAID_LOSS|0|6|H4,T,H3,J,H2,T|1
PAID_LOSS|0|6|H4,T,H3,K,K,J|1
PAID_LOSS|0|6|H4,T,H4,T,K,H5|1
PAID_LOSS|0|6|H4,T,H5,H4,H3,J|1
PAID_LOSS|0|6|H4,T,J,A,H4,H5|1
PAID_LOSS|0|6|H4,T,Q,H5,X3,J|1
PAID_LOSS|0|6|H4,X2,J,H2,Q,Q|1
PAID_LOSS|0|6|H4,X2,J,H4,A,J|1
PAID_LOSS|0|6|H5,A,A,H2,A,K|1
PAID_LOSS|0|6|H5,A,H1,H3,A,Q|1
PAID_LOSS|0|6|H5,A,H1,H5,H1,H1|1
PAID_LOSS|0|6|H5,A,H2,H3,T,H5|1
PAID_LOSS|0|6|H5,A,H2,K,K,A|1
PAID_LOSS|0|6|H5,A,H3,H3,T,T|1
PAID_LOSS|0|6|H5,A,H4,T,J,J|1
PAID_LOSS|0|6|H5,H1,H2,H5,H4,H2|1
PAID_LOSS|0|6|H5,H1,H2,J,T,T|1
PAID_LOSS|0|6|H5,H1,H2,T,H3,H4|1
PAID_LOSS|0|6|H5,H1,H3,Q,H4,J|1
PAID_LOSS|0|6|H5,H1,H5,J,H4,H3|1
PAID_LOSS|0|6|H5,H1,H5,T,H4,H2|1
PAID_LOSS|0|6|H5,H1,K,H1,H5,Q|1
PAID_LOSS|0|6|H5,H1,K,J,Q,H3|1
PAID_LOSS|0|6|H5,H1,T,H5,H3,K|1
PAID_LOSS|0|6|H5,H2,A,H1,H5,Q|1
PAID_LOSS|0|6|H5,H2,H1,T,H2,T|1
PAID_LOSS|0|6|H5,H2,H2,J,H4,X3|1
PAID_LOSS|0|6|H5,H2,H3,K,Q,Q|1
PAID_LOSS|0|6|H5,H2,H4,H2,J,Scat|1
PAID_LOSS|0|6|H5,H2,H4,H4,Q,H3|1
PAID_LOSS|0|6|H5,H3,H1,H1,Q,H1|1
PAID_LOSS|0|6|H5,H3,H1,H3,H4,H3|1
PAID_LOSS|0|6|H5,H3,H2,H1,A,A|1
PAID_LOSS|0|6|H5,H3,H3,J,H2,K|1
PAID_LOSS|0|6|H5,H3,H3,Q,A,H1|1
PAID_LOSS|0|6|H5,H3,H4,J,Scat,H3|1
PAID_LOSS|0|6|H5,H3,J,Q,H4,H2|1
PAID_LOSS|0|6|H5,H3,Q,A,J,T|1
PAID_LOSS|0|6|H5,H4,A,H4,K,H3|1
PAID_LOSS|0|6|H5,H4,H2,H1,H1,H4|1
PAID_LOSS|0|6|H5,H4,H3,H3,T,K|1
PAID_LOSS|0|6|H5,H4,H3,J,H3,T|1
PAID_LOSS|0|6|H5,H4,H3,T,H5,H2|1
PAID_LOSS|0|6|H5,H4,H4,Q,A,H1|1
PAID_LOSS|0|6|H5,H4,H5,H2,H5,A|1
PAID_LOSS|0|6|H5,H4,H5,H3,H5,A|1
PAID_LOSS|0|6|H5,H4,H5,T,H2,T|1
PAID_LOSS|0|6|H5,H4,K,J,K,H3|1
PAID_LOSS|0|6|H5,H4,Q,H3,Q,H1|1
PAID_LOSS|0|6|H5,H4,Q,H3,T,A|1
PAID_LOSS|0|6|H5,H4,Q,H4,H1,A|1
PAID_LOSS|0|6|H5,H4,T,K,Q,H4|1
PAID_LOSS|0|6|H5,H4,T,Q,Q,J|1
PAID_LOSS|0|6|H5,H4,T,T,H2,A|1
PAID_LOSS|0|6|H5,H5,A,H1,T,H2|1
PAID_LOSS|0|6|H5,H5,A,H2,K,H5|1
PAID_LOSS|0|6|H5,H5,A,H4,K,H1|1
PAID_LOSS|0|6|H5,H5,H2,H4,H4,T|1
PAID_LOSS|0|6|H5,H5,H2,J,H1,H2|1
PAID_LOSS|0|6|H5,H5,H4,H2,H2,H1|1
PAID_LOSS|0|6|H5,H5,H5,H4,H1,H5|1
PAID_LOSS|0|6|H5,H5,H5,Q,K,H4|1
PAID_LOSS|0|6|H5,H5,K,H3,H3,H5|1
PAID_LOSS|0|6|H5,H5,Q,H5,H3,H4|1
PAID_LOSS|0|6|H5,H5,T,H4,H4,K|1
PAID_LOSS|0|6|H5,J,A,H5,H4,K|1
PAID_LOSS|0|6|H5,J,H2,A,Q,T|1
PAID_LOSS|0|6|H5,J,H5,H3,H5,Q|1
PAID_LOSS|0|6|H5,J,J,Q,T,A|1
PAID_LOSS|0|6|H5,J,K,T,A,H3|1
PAID_LOSS|0|6|H5,J,Q,T,H1,T|1
PAID_LOSS|0|6|H5,J,Q,T,Q,H5|1
PAID_LOSS|0|6|H5,K,H4,A,H4,J|1
PAID_LOSS|0|6|H5,K,H4,H2,T,A|1
PAID_LOSS|0|6|H5,K,J,H3,K,J|1
PAID_LOSS|0|6|H5,K,K,Q,H4,X2|1
PAID_LOSS|0|6|H5,K,K,T,K,H1|1
PAID_LOSS|0|6|H5,K,Q,J,H3,H2|1
PAID_LOSS|0|6|H5,Q,A,A,H1,Q|1
PAID_LOSS|0|6|H5,Q,A,Q,H2,T|1
PAID_LOSS|0|6|H5,Q,H5,H2,J,T|1
PAID_LOSS|0|6|H5,Q,H5,H5,H2,H5|1
PAID_LOSS|0|6|H5,Q,H5,K,K,K|1
PAID_LOSS|0|6|H5,Q,H5,Q,T,J|1
PAID_LOSS|0|6|H5,Q,J,H4,J,T|1
PAID_LOSS|0|6|H5,Q,K,H3,K,H1|1
PAID_LOSS|0|6|H5,Q,T,H2,H1,H1|1
PAID_LOSS|0|6|H5,T,H2,H1,T,H2|1
PAID_LOSS|0|6|H5,T,H4,H2,H4,J|1
PAID_LOSS|0|6|H5,T,H4,H2,J,J|1
PAID_LOSS|0|6|H5,T,H4,H3,H5,H4|1
PAID_LOSS|0|6|H5,T,K,H1,T,T|1
PAID_LOSS|0|6|H5,T,Q,J,Q,A|1
PAID_LOSS|0|6|J,A,A,Q,H4,H5|1
PAID_LOSS|0|6|J,A,H1,K,H3,T|1
PAID_LOSS|0|6|J,A,H2,T,H3,T|1
PAID_LOSS|0|6|J,A,H3,H3,J,K|1
PAID_LOSS|0|6|J,A,H3,H3,T,H2|1
PAID_LOSS|0|6|J,A,H5,H5,H3,Q|1
PAID_LOSS|0|6|J,A,J,Q,T,T|1
PAID_LOSS|0|6|J,A,K,H4,Q,T|1
PAID_LOSS|0|6|J,A,K,J,K,H1|1
PAID_LOSS|0|6|J,A,K,Scat,T,H2|1
PAID_LOSS|0|6|J,A,Q,H2,T,H4|1
PAID_LOSS|0|6|J,H1,A,H1,K,H1|1
PAID_LOSS|0|6|J,H1,A,H5,K,K|1
PAID_LOSS|0|6|J,H1,H2,H2,H3,H4|1
PAID_LOSS|0|6|J,H1,H5,H3,H3,T|1
PAID_LOSS|0|6|J,H1,J,T,K,H1|1
PAID_LOSS|0|6|J,H1,Q,J,J,K|1
PAID_LOSS|0|6|J,H1,X3,Q,T,T|1
PAID_LOSS|0|6|J,H2,A,H5,T,H2|1
PAID_LOSS|0|6|J,H2,A,Q,J,H5|1
PAID_LOSS|0|6|J,H2,H1,H4,A,K|1
PAID_LOSS|0|6|J,H2,H2,J,K,H1|1
PAID_LOSS|0|6|J,H2,H2,J,Q,J|1
PAID_LOSS|0|6|J,H2,H4,H2,H3,A|1
PAID_LOSS|0|6|J,H2,H5,H3,H2,H1|1
PAID_LOSS|0|6|J,H2,K,H5,K,H4|1
PAID_LOSS|0|6|J,H2,K,K,H4,T|1
PAID_LOSS|0|6|J,H2,K,T,H4,K|1
PAID_LOSS|0|6|J,H2,Q,H4,T,T|1
PAID_LOSS|0|6|J,H2,Scat,Q,H5,X4|1
PAID_LOSS|0|6|J,H3,H1,H1,T,H5|1
PAID_LOSS|0|6|J,H3,H1,Scat,J,A|1
PAID_LOSS|0|6|J,H3,H1,T,H2,H4|1
PAID_LOSS|0|6|J,H3,H2,H4,A,Q|1
PAID_LOSS|0|6|J,H3,H3,K,K,Q|1
PAID_LOSS|0|6|J,H3,H4,J,A,H1|1
PAID_LOSS|0|6|J,H3,K,H4,H2,H2|1
PAID_LOSS|0|6|J,H3,Q,Q,H5,H1|1
PAID_LOSS|0|6|J,H3,T,J,H2,Q|1
PAID_LOSS|0|6|J,H4,H1,Q,H3,J|1
PAID_LOSS|0|6|J,H4,H2,H5,T,H1|1
PAID_LOSS|0|6|J,H4,H2,T,Q,H4|1
PAID_LOSS|0|6|J,H4,H3,H1,H2,A|1
PAID_LOSS|0|6|J,H4,H4,H2,T,K|1
PAID_LOSS|0|6|J,H4,H4,J,H2,H5|1
PAID_LOSS|0|6|J,H4,H5,H4,H4,H3|1
PAID_LOSS|0|6|J,H4,J,J,Q,K|1
PAID_LOSS|0|6|J,H4,K,T,H5,H4|1
PAID_LOSS|0|6|J,H4,T,H4,T,Q|1
PAID_LOSS|0|6|J,H5,A,H1,H1,H4|1
PAID_LOSS|0|6|J,H5,H2,Q,J,H5|1
PAID_LOSS|0|6|J,H5,H2,T,A,Q|1
PAID_LOSS|0|6|J,H5,H3,H3,H4,J|1
PAID_LOSS|0|6|J,H5,H4,J,H2,T|1
PAID_LOSS|0|6|J,H5,H4,T,A,H4|1
PAID_LOSS|0|6|J,H5,J,H5,J,H1|1
PAID_LOSS|0|6|J,H5,K,H5,H5,H5|1
PAID_LOSS|0|6|J,H5,Q,H1,T,H3|1
PAID_LOSS|0|6|J,J,A,H2,A,K|1
PAID_LOSS|0|6|J,J,H1,H5,H2,Q|1
PAID_LOSS|0|6|J,J,H2,K,H4,H4|1
PAID_LOSS|0|6|J,J,H2,K,H4,Q|1
PAID_LOSS|0|6|J,J,H4,H2,H3,H1|1
PAID_LOSS|0|6|J,J,K,T,T,H1|1
PAID_LOSS|0|6|J,K,H1,H1,H4,A|1
PAID_LOSS|0|6|J,K,H1,Q,H4,H3|1
PAID_LOSS|0|6|J,K,H4,H5,H3,J|1
PAID_LOSS|0|6|J,K,K,H2,H2,H4|1
PAID_LOSS|0|6|J,K,K,K,T,H5|1
PAID_LOSS|0|6|J,K,Q,H5,K,J|1
PAID_LOSS|0|6|J,K,Scat,A,H2,H3|1
PAID_LOSS|0|6|J,K,T,T,H1,H2|1
PAID_LOSS|0|6|J,Q,H1,H1,H4,J|1
PAID_LOSS|0|6|J,Q,H4,J,H1,H1|1
PAID_LOSS|0|6|J,Q,H5,H3,Q,H2|1
PAID_LOSS|0|6|J,Q,J,H5,K,H5|1
PAID_LOSS|0|6|J,Q,J,T,H4,H1|1
PAID_LOSS|0|6|J,Q,Q,H2,H1,H2|1
PAID_LOSS|0|6|J,Q,Q,K,H4,A|1
PAID_LOSS|0|6|J,Q,T,J,H5,T|1
PAID_LOSS|0|6|J,T,H1,H4,H4,A|1
PAID_LOSS|0|6|J,T,H1,H4,Scat,H4|1
PAID_LOSS|0|6|J,T,H1,J,T,H1|1
PAID_LOSS|0|6|J,T,H2,H5,J,H1|1
PAID_LOSS|0|6|J,T,H3,A,K,H2|1
PAID_LOSS|0|6|J,T,H3,H2,A,H1|1
PAID_LOSS|0|6|J,T,H4,H1,K,Q|1
PAID_LOSS|0|6|J,T,H4,H3,H1,K|1
PAID_LOSS|0|6|J,T,H4,J,A,H5|1
PAID_LOSS|0|6|J,T,K,T,J,J|1
PAID_LOSS|0|6|J,T,T,K,H4,A|1
PAID_LOSS|0|6|J,T,X4,H3,T,H4|1
PAID_LOSS|0|6|J,X2,T,A,H4,J|1
PAID_LOSS|0|6|J,X4,K,H2,H5,H2|1
PAID_LOSS|0|6|K,A,A,H4,H3,H4|1
PAID_LOSS|0|6|K,A,A,J,K,H2|1
PAID_LOSS|0|6|K,A,H1,H3,H3,H3|1
PAID_LOSS|0|6|K,A,H1,H5,A,H5|1
PAID_LOSS|0|6|K,A,H2,H3,H3,H5|1
PAID_LOSS|0|6|K,A,H4,K,K,T|1
PAID_LOSS|0|6|K,A,H5,H3,A,Q|1
PAID_LOSS|0|6|K,A,K,J,H2,T|1
PAID_LOSS|0|6|K,A,T,A,T,A|1
PAID_LOSS|0|6|K,A,X4,H3,A,H3|1
PAID_LOSS|0|6|K,H1,H3,H4,Q,Q|1
PAID_LOSS|0|6|K,H1,H3,T,T,J|1
PAID_LOSS|0|6|K,H1,H4,J,A,T|1
PAID_LOSS|0|6|K,H1,J,H2,H5,H2|1
PAID_LOSS|0|6|K,H1,J,H3,H2,H1|1
PAID_LOSS|0|6|K,H1,J,H3,K,H2|1
PAID_LOSS|0|6|K,H1,T,H3,Q,T|1
PAID_LOSS|0|6|K,H2,A,H2,J,H5|1
PAID_LOSS|0|6|K,H2,A,H5,Q,K|1
PAID_LOSS|0|6|K,H2,H2,H1,K,H1|1
PAID_LOSS|0|6|K,H2,H3,T,T,H4|1
PAID_LOSS|0|6|K,H2,H4,H3,H1,H5|1
PAID_LOSS|0|6|K,H2,H4,H4,H1,K|1
PAID_LOSS|0|6|K,H2,H4,T,H4,H1|1
PAID_LOSS|0|6|K,H2,J,K,H3,H4|1
PAID_LOSS|0|6|K,H2,Q,K,H3,H4|1
PAID_LOSS|0|6|K,H2,T,H2,H2,H2|1
PAID_LOSS|0|6|K,H2,T,H5,H4,T|1
PAID_LOSS|0|6|K,H2,T,T,J,H2|1
PAID_LOSS|0|6|K,H3,A,H3,H5,A|1
PAID_LOSS|0|6|K,H3,A,H3,K,J|1
PAID_LOSS|0|6|K,H3,H4,T,A,H4|1
PAID_LOSS|0|6|K,H3,H5,H4,H5,Q|1
PAID_LOSS|0|6|K,H3,H5,J,H1,H4|1
PAID_LOSS|0|6|K,H3,J,J,H4,H3|1
PAID_LOSS|0|6|K,H3,Q,H1,A,Scat|1
PAID_LOSS|0|6|K,H4,A,H5,A,H4|1
PAID_LOSS|0|6|K,H4,H1,K,H3,H1|1
PAID_LOSS|0|6|K,H4,H2,H4,J,J|1
PAID_LOSS|0|6|K,H4,H3,H5,H2,H3|1
PAID_LOSS|0|6|K,H4,J,H3,H5,A|1
PAID_LOSS|0|6|K,H4,J,K,H5,H5|1
PAID_LOSS|0|6|K,H5,A,T,A,T|1
PAID_LOSS|0|6|K,H5,H2,T,J,H4|1
PAID_LOSS|0|6|K,H5,H4,A,J,H1|1
PAID_LOSS|0|6|K,H5,H4,H3,H5,Q|1
PAID_LOSS|0|6|K,H5,J,H3,H4,H3|1
PAID_LOSS|0|6|K,H5,K,H1,H1,A|1
PAID_LOSS|0|6|K,H5,Q,H1,J,H3|1
PAID_LOSS|0|6|K,H5,Q,H3,K,H5|1
PAID_LOSS|0|6|K,J,A,H2,H4,H3|1
PAID_LOSS|0|6|K,J,H1,H4,T,T|1
PAID_LOSS|0|6|K,J,H3,H2,H5,A|1
PAID_LOSS|0|6|K,J,H5,H3,A,H2|1
PAID_LOSS|0|6|K,J,H5,H3,J,H4|1
PAID_LOSS|0|6|K,J,H5,J,H3,H3|1
PAID_LOSS|0|6|K,J,J,H4,Q,J|1
PAID_LOSS|0|6|K,J,Q,H2,Q,H5|1
PAID_LOSS|0|6|K,J,Q,K,H5,H4|1
PAID_LOSS|0|6|K,J,Q,Q,K,A|1
PAID_LOSS|0|6|K,K,H3,H4,Q,T|1
PAID_LOSS|0|6|K,K,H4,K,H1,J|1
PAID_LOSS|0|6|K,K,J,H2,H4,Q|1
PAID_LOSS|0|6|K,K,J,H3,H1,A|1
PAID_LOSS|0|6|K,K,K,K,H1,A|1
PAID_LOSS|0|6|K,K,Q,T,H2,H3|1
PAID_LOSS|0|6|K,K,Scat,T,H5,T|1
PAID_LOSS|0|6|K,Q,A,K,Q,Q|1
PAID_LOSS|0|6|K,Q,H1,H2,K,H1|1
PAID_LOSS|0|6|K,Q,H2,Q,H3,H5|1
PAID_LOSS|0|6|K,Q,J,H4,J,H4|1
PAID_LOSS|0|6|K,Q,Q,T,H4,H3|1
PAID_LOSS|0|6|K,T,A,H3,H3,H1|1
PAID_LOSS|0|6|K,T,H1,H4,H3,H3|1
PAID_LOSS|0|6|K,T,H1,H4,Q,H5|1
PAID_LOSS|0|6|K,T,H1,K,A,T|1
PAID_LOSS|0|6|K,T,H2,J,H1,H3|1
PAID_LOSS|0|6|K,T,H2,K,K,H2|1
PAID_LOSS|0|6|K,T,H4,H5,H5,Q|1
PAID_LOSS|0|6|K,T,H5,H4,J,H3|1
PAID_LOSS|0|6|K,T,K,A,H1,H1|1
PAID_LOSS|0|6|K,T,T,K,H1,A|1
PAID_LOSS|0|6|K,T,T,Q,Q,J|1
PAID_LOSS|0|6|K,X3,T,T,H4,J|1
PAID_LOSS|0|6|Q,A,H1,A,H5,A|1
PAID_LOSS|0|6|Q,A,H2,J,H3,H1|1
PAID_LOSS|0|6|Q,A,H3,H2,Q,H4|1
PAID_LOSS|0|6|Q,A,H3,J,H4,Scat|1
PAID_LOSS|0|6|Q,A,H3,J,T,J|1
PAID_LOSS|0|6|Q,A,H3,Q,H2,T|1
PAID_LOSS|0|6|Q,A,H4,Q,H1,H2|1
PAID_LOSS|0|6|Q,A,H5,H5,K,H5|1
PAID_LOSS|0|6|Q,A,J,K,H3,A|1
PAID_LOSS|0|6|Q,A,Q,H2,T,A|1
PAID_LOSS|0|6|Q,H1,A,H1,H5,T|1
PAID_LOSS|0|6|Q,H1,H1,T,H5,H2|1
PAID_LOSS|0|6|Q,H1,H2,H2,K,Q|1
PAID_LOSS|0|6|Q,H1,H3,H4,Q,T|1
PAID_LOSS|0|6|Q,H1,H4,A,H1,H3|1
PAID_LOSS|0|6|Q,H1,J,H5,Q,H2|1
PAID_LOSS|0|6|Q,H1,Q,H3,H3,H3|1
PAID_LOSS|0|6|Q,H2,A,H2,J,H4|1
PAID_LOSS|0|6|Q,H2,H1,H1,H3,J|1
PAID_LOSS|0|6|Q,H2,H3,J,H1,H2|1
PAID_LOSS|0|6|Q,H2,H4,T,H4,A|1
PAID_LOSS|0|6|Q,H2,J,H5,H4,J|1
PAID_LOSS|0|6|Q,H3,H1,H4,H4,A|1
PAID_LOSS|0|6|Q,H3,H1,J,A,K|1
PAID_LOSS|0|6|Q,H3,H2,H5,K,H2|1
PAID_LOSS|0|6|Q,H3,H3,K,H1,Q|1
PAID_LOSS|0|6|Q,H3,H4,H3,K,H1|1
PAID_LOSS|0|6|Q,H3,H4,K,K,H3|1
PAID_LOSS|0|6|Q,H3,H5,Q,Scat,K|1
PAID_LOSS|0|6|Q,H3,J,H2,H3,T|1
PAID_LOSS|0|6|Q,H3,J,H3,H4,H3|1
PAID_LOSS|0|6|Q,H3,J,H3,K,H4|1
PAID_LOSS|0|6|Q,H3,J,J,H1,J|1
PAID_LOSS|0|6|Q,H4,A,H4,H4,K|1
PAID_LOSS|0|6|Q,H4,H3,K,H1,H5|1
PAID_LOSS|0|6|Q,H4,H5,K,H5,H1|1
PAID_LOSS|0|6|Q,H4,J,H1,A,H5|1
PAID_LOSS|0|6|Q,H4,J,H4,Scat,H2|1
PAID_LOSS|0|6|Q,H4,K,Q,H2,A|1
PAID_LOSS|0|6|Q,H4,Q,H1,K,K|1
PAID_LOSS|0|6|Q,H4,T,H1,H2,Q|1
PAID_LOSS|0|6|Q,H5,H1,H5,H4,H5|1
PAID_LOSS|0|6|Q,H5,H2,J,H1,H1|1
PAID_LOSS|0|6|Q,H5,H3,H4,H5,K|1
PAID_LOSS|0|6|Q,H5,H5,T,Q,H2|1
PAID_LOSS|0|6|Q,H5,K,H4,K,J|1
PAID_LOSS|0|6|Q,J,H2,J,H2,Q|1
PAID_LOSS|0|6|Q,J,H4,J,J,K|1
PAID_LOSS|0|6|Q,J,J,A,Q,H1|1
PAID_LOSS|0|6|Q,J,J,H2,H5,H3|1
PAID_LOSS|0|6|Q,J,J,K,H5,H4|1
PAID_LOSS|0|6|Q,J,J,Q,H4,H3|1
PAID_LOSS|0|6|Q,J,T,H3,H2,A|1
PAID_LOSS|0|6|Q,J,T,Q,Q,A|1
PAID_LOSS|0|6|Q,K,H1,A,T,K|1
PAID_LOSS|0|6|Q,K,H1,K,H4,H2|1
PAID_LOSS|0|6|Q,K,H1,K,Q,H3|1
PAID_LOSS|0|6|Q,K,H1,K,Q,H4|1
PAID_LOSS|0|6|Q,K,H2,H4,A,H1|1
PAID_LOSS|0|6|Q,K,H3,H4,K,T|1
PAID_LOSS|0|6|Q,K,H4,H2,Scat,Q|1
PAID_LOSS|0|6|Q,K,K,A,T,H3|1
PAID_LOSS|0|6|Q,K,T,Q,J,A|1
PAID_LOSS|0|6|Q,Q,A,T,H3,H1|1
PAID_LOSS|0|6|Q,Q,H2,H2,H2,Q|1
PAID_LOSS|0|6|Q,Q,H3,J,T,A|1
PAID_LOSS|0|6|Q,Q,K,J,J,K|1
PAID_LOSS|0|6|Q,Q,K,Q,H1,H2|1
PAID_LOSS|0|6|Q,Q,K,Q,H5,H3|1
PAID_LOSS|0|6|Q,Q,Q,J,H3,H4|1
PAID_LOSS|0|6|Q,Q,T,H3,H5,H4|1
PAID_LOSS|0|6|Q,Q,T,T,J,H1|1
PAID_LOSS|0|6|Q,Q,T,T,Q,J|1
PAID_LOSS|0|6|Q,Scat,H3,Q,A,H2|1
PAID_LOSS|0|6|Q,Scat,Q,H1,H5,H4|1
PAID_LOSS|0|6|Q,T,H3,H2,T,H1|1
PAID_LOSS|0|6|Q,T,H4,H2,K,A|1
PAID_LOSS|0|6|Q,T,H4,Q,A,J|1
PAID_LOSS|0|6|Q,T,H4,Q,H2,Q|1
PAID_LOSS|0|6|Q,T,J,H3,T,H5|1
PAID_LOSS|0|6|Q,T,T,J,H1,H3|1
PAID_LOSS|0|6|Scat,H1,H5,H1,T,H3|1
PAID_LOSS|0|6|Scat,H2,H3,H3,H1,T|1
PAID_LOSS|0|6|Scat,H3,Q,A,T,H5|1
PAID_LOSS|0|6|Scat,H4,A,H5,H3,A|1
PAID_LOSS|0|6|Scat,H5,A,H3,H4,H1|1
PAID_LOSS|0|6|Scat,J,H3,T,T,K|1
PAID_LOSS|0|6|T,A,A,H1,X3,H5|1
PAID_LOSS|0|6|T,A,A,J,Q,T|1
PAID_LOSS|0|6|T,A,J,H1,H1,X4|1
PAID_LOSS|0|6|T,A,J,K,H2,H2|1
PAID_LOSS|0|6|T,A,K,H4,H5,H5|1
PAID_LOSS|0|6|T,A,K,J,H3,J|1
PAID_LOSS|0|6|T,A,Q,H1,K,H2|1
PAID_LOSS|0|6|T,H1,A,Q,J,H4|1
PAID_LOSS|0|6|T,H1,H1,H1,K,H5|1
PAID_LOSS|0|6|T,H1,J,H5,H2,H5|1
PAID_LOSS|0|6|T,H1,J,T,Q,H3|1
PAID_LOSS|0|6|T,H1,T,A,T,H1|1
PAID_LOSS|0|6|T,H1,T,H5,H2,H3|1
PAID_LOSS|0|6|T,H1,T,T,H5,H5|1
PAID_LOSS|0|6|T,H2,H1,H5,H5,A|1
PAID_LOSS|0|6|T,H2,H1,J,J,H2|1
PAID_LOSS|0|6|T,H2,H1,K,H1,K|1
PAID_LOSS|0|6|T,H2,H3,H4,Q,A|1
PAID_LOSS|0|6|T,H2,H4,K,H3,J|1
PAID_LOSS|0|6|T,H2,J,H2,H1,K|1
PAID_LOSS|0|6|T,H2,K,H3,H4,J|1
PAID_LOSS|0|6|T,H2,K,H4,H1,H3|1
PAID_LOSS|0|6|T,H2,Q,H2,H3,H4|1
PAID_LOSS|0|6|T,H2,Q,H5,K,H5|1
PAID_LOSS|0|6|T,H3,A,Q,H2,H2|1
PAID_LOSS|0|6|T,H3,H2,H4,H3,H2|1
PAID_LOSS|0|6|T,H3,H3,Q,T,K|1
PAID_LOSS|0|6|T,H3,H4,H3,H4,H3|1
PAID_LOSS|0|6|T,H3,H5,H3,H5,A|1
PAID_LOSS|0|6|T,H3,H5,H4,T,H5|1
PAID_LOSS|0|6|T,H3,J,Q,Q,H4|1
PAID_LOSS|0|6|T,H3,K,H5,H2,K|1
PAID_LOSS|0|6|T,H3,Q,H4,H5,A|1
PAID_LOSS|0|6|T,H3,T,H4,H1,H1|1
PAID_LOSS|0|6|T,H4,H1,H4,A,J|1
PAID_LOSS|0|6|T,H4,H2,H3,H5,H4|1
PAID_LOSS|0|6|T,H4,K,K,H5,J|1
PAID_LOSS|0|6|T,H4,Q,H2,H1,H1|1
PAID_LOSS|0|6|T,H4,T,J,H2,A|1
PAID_LOSS|0|6|T,H4,T,J,H4,H4|1
PAID_LOSS|0|6|T,H5,A,H4,H3,Q|1
PAID_LOSS|0|6|T,H5,H1,A,H1,A|1
PAID_LOSS|0|6|T,H5,H2,H2,K,H5|1
PAID_LOSS|0|6|T,H5,H2,H3,X2,K|1
PAID_LOSS|0|6|T,H5,H3,H1,H5,A|1
PAID_LOSS|0|6|T,H5,H4,H3,H3,T|1
PAID_LOSS|0|6|T,H5,H4,J,H5,A|1
PAID_LOSS|0|6|T,H5,K,J,J,H3|1
PAID_LOSS|0|6|T,H5,Q,H4,H4,H2|1
PAID_LOSS|0|6|T,H5,X2,H4,T,H1|1
PAID_LOSS|0|6|T,J,A,A,H3,H2|1
PAID_LOSS|0|6|T,J,A,H4,H1,H5|1
PAID_LOSS|0|6|T,J,A,J,H1,H4|1
PAID_LOSS|0|6|T,J,H1,A,J,K|1
PAID_LOSS|0|6|T,J,H1,H2,H5,A|1
PAID_LOSS|0|6|T,J,H1,T,T,H2|1
PAID_LOSS|0|6|T,J,H2,H3,H1,A|1
PAID_LOSS|0|6|T,J,H2,H4,T,H1|1
PAID_LOSS|0|6|T,J,H3,K,J,H4|1
PAID_LOSS|0|6|T,J,H5,A,H1,H3|1
PAID_LOSS|0|6|T,J,K,A,Q,A|1
PAID_LOSS|0|6|T,J,K,H5,J,H4|1
PAID_LOSS|0|6|T,J,T,H5,H5,K|1
PAID_LOSS|0|6|T,K,A,H2,T,K|1
PAID_LOSS|0|6|T,K,H1,H5,T,H3|1
PAID_LOSS|0|6|T,K,H2,H2,H2,T|1
PAID_LOSS|0|6|T,K,H3,H3,Q,Q|1
PAID_LOSS|0|6|T,K,H4,H5,H5,A|1
PAID_LOSS|0|6|T,K,J,K,H3,H3|1
PAID_LOSS|0|6|T,K,K,J,J,H2|1
PAID_LOSS|0|6|T,K,K,T,H5,H2|1
PAID_LOSS|0|6|T,Q,H1,H3,H4,T|1
PAID_LOSS|0|6|T,Q,H1,J,A,T|1
PAID_LOSS|0|6|T,Q,H2,H3,K,K|1
PAID_LOSS|0|6|T,Q,H4,T,K,H5|1
PAID_LOSS|0|6|T,Q,H5,H1,T,K|1
PAID_LOSS|0|6|T,Q,H5,Q,H3,K|1
PAID_LOSS|0|6|T,Q,Q,H5,H5,H1|1
PAID_LOSS|0|6|T,Q,Q,J,K,T|1
PAID_LOSS|0|6|T,Scat,Q,H4,X2,J|1
PAID_LOSS|0|6|T,T,A,J,H5,J|1
PAID_LOSS|0|6|T,T,H3,H3,H5,T|1
PAID_LOSS|0|6|T,T,H4,Q,H1,T|1
PAID_LOSS|0|6|T,T,H5,T,K,H1|1
PAID_LOSS|0|6|T,T,H5,X3,K,H4|1
PAID_LOSS|0|6|T,T,K,Q,K,J|1
PAID_LOSS|0|6|T,T,Q,H5,Q,H3|1
PAID_LOSS|0|6|T,T,Q,Q,H4,H2|1
PAID_LOSS|0|6|T,T,T,H3,H3,H4|1
PAID_LOSS|0|6|T,T,X2,H5,A,J|1
PAID_LOSS|0|6|T,X2,H5,A,J,Q|1
PAID_LOSS|0|6|X2,A,H1,A,T,Q|1
PAID_LOSS|0|6|X2,J,H2,Q,H2,H1|1
PAID_LOSS|0|6|X2,J,H3,Q,Q,Q|1
PAID_LOSS|0|6|X3,H4,J,H1,T,K|1
PAID_LOSS|0|6|X4,J,Q,H4,H3,H1|1
PAID_LOSS|1|6|A,A,H1,J,J,H5|1
PAID_LOSS|1|6|A,A,H1,T,H2,Q|1
PAID_LOSS|1|6|A,A,H2,H5,T,H2|1
PAID_LOSS|1|6|A,A,H2,T,H4,K|1
PAID_LOSS|1|6|A,A,H3,H2,T,J|1
PAID_LOSS|1|6|A,A,H5,A,H1,H3|1
PAID_LOSS|1|6|A,A,H5,H4,K,J|1
PAID_LOSS|1|6|A,A,H5,H5,A,T|1
PAID_LOSS|1|6|A,A,J,H1,H3,Q|1
PAID_LOSS|1|6|A,A,T,A,J,Q|1
PAID_LOSS|1|6|A,A,T,K,A,Q|1
PAID_LOSS|1|6|A,H1,A,H4,H4,J|1
PAID_LOSS|1|6|A,H1,H2,H4,J,H3|1
PAID_LOSS|1|6|A,H1,H2,J,J,H1|1
PAID_LOSS|1|6|A,H1,H3,H2,K,H4|1
PAID_LOSS|1|6|A,H1,H3,T,T,H5|1
PAID_LOSS|1|6|A,H1,H4,Scat,H2,H2|1
PAID_LOSS|1|6|A,H1,H5,Q,H1,J|1
PAID_LOSS|1|6|A,H1,J,Q,K,H3|1
PAID_LOSS|1|6|A,H1,Q,H2,H4,H1|1
PAID_LOSS|1|6|A,H2,A,H4,Q,A|1
PAID_LOSS|1|6|A,H2,H2,H4,H1,H5|1
PAID_LOSS|1|6|A,H2,H4,H1,Q,Q|1
PAID_LOSS|1|6|A,H2,H5,H4,H5,A|1
PAID_LOSS|1|6|A,H2,H5,K,H3,H2|1
PAID_LOSS|1|6|A,H2,J,K,H4,H2|1
PAID_LOSS|1|6|A,H2,T,H5,H4,Q|1
PAID_LOSS|1|6|A,H3,A,Q,H1,X3|1
PAID_LOSS|1|6|A,H3,H1,H1,H3,T|1
PAID_LOSS|1|6|A,H3,H1,T,H3,T|1
PAID_LOSS|1|6|A,H3,H2,A,J,K|1
PAID_LOSS|1|6|A,H3,H3,K,Q,H2|1
PAID_LOSS|1|6|A,H3,H3,T,J,K|1
PAID_LOSS|1|6|A,H3,K,J,H4,H1|1
PAID_LOSS|1|6|A,H3,T,H3,H4,H3|1
PAID_LOSS|1|6|A,H3,T,H5,J,H2|1
PAID_LOSS|1|6|A,H4,H1,T,H1,Q|1
PAID_LOSS|1|6|A,H4,H2,J,H4,H1|1
PAID_LOSS|1|6|A,H4,H3,H1,A,K|1
PAID_LOSS|1|6|A,H4,H3,J,K,T|1
PAID_LOSS|1|6|A,H4,H4,H5,T,H3|1
PAID_LOSS|1|6|A,H4,K,Q,A,H1|1
PAID_LOSS|1|6|A,H5,H3,H1,H3,T|1
PAID_LOSS|1|6|A,H5,H4,H2,T,H3|1
PAID_LOSS|1|6|A,H5,K,H2,H5,K|1
PAID_LOSS|1|6|A,J,H2,H1,H5,Q|1
PAID_LOSS|1|6|A,J,H2,H2,T,H3|1
PAID_LOSS|1|6|A,J,H3,J,A,A|1
PAID_LOSS|1|6|A,J,H4,Q,H2,H1|1
PAID_LOSS|1|6|A,J,H4,Q,J,T|1
PAID_LOSS|1|6|A,J,K,Q,T,H3|1
PAID_LOSS|1|6|A,K,A,H4,H5,T|1
PAID_LOSS|1|6|A,K,H1,X4,H3,Q|1
PAID_LOSS|1|6|A,K,H2,H2,Q,Q|1
PAID_LOSS|1|6|A,K,H4,Q,Q,H4|1
PAID_LOSS|1|6|A,K,H5,A,J,H1|1
PAID_LOSS|1|6|A,K,J,A,K,H1|1
PAID_LOSS|1|6|A,K,J,H3,H2,H5|1
PAID_LOSS|1|6|A,K,Q,K,K,H5|1
PAID_LOSS|1|6|A,K,T,H3,T,J|1
PAID_LOSS|1|6|A,Q,A,Q,Q,J|1
PAID_LOSS|1|6|A,Q,H1,Q,Q,H2|1
PAID_LOSS|1|6|A,Q,H3,H1,H1,J|1
PAID_LOSS|1|6|A,Q,H5,H1,K,J|1
PAID_LOSS|1|6|A,Q,J,T,H3,Q|1
PAID_LOSS|1|6|A,Q,K,Q,A,Q|1
PAID_LOSS|1|6|A,Q,K,T,X3,H1|1
PAID_LOSS|1|6|A,Q,Q,H1,Scat,A|1
PAID_LOSS|1|6|A,Q,Q,H2,Q,H2|1
PAID_LOSS|1|6|A,Q,Q,J,T,Q|1
PAID_LOSS|1|6|A,Q,T,Scat,H5,Q|1
PAID_LOSS|1|6|A,T,A,K,H5,J|1
PAID_LOSS|1|6|A,T,H2,H3,Q,K|1
PAID_LOSS|1|6|A,T,H2,T,K,H4|1
PAID_LOSS|1|6|A,T,H3,T,T,H4|1
PAID_LOSS|1|6|A,T,K,H2,A,H1|1
PAID_LOSS|1|6|A,T,Scat,H2,J,A|1
PAID_LOSS|1|6|H1,A,A,H2,H4,H4|1
PAID_LOSS|1|6|H1,A,H1,H5,H4,J|1
PAID_LOSS|1|6|H1,A,H1,J,J,J|1
PAID_LOSS|1|6|H1,A,H3,T,H1,H2|1
PAID_LOSS|1|6|H1,A,H5,H1,Q,H4|1
PAID_LOSS|1|6|H1,A,H5,K,T,H1|1
PAID_LOSS|1|6|H1,A,J,T,T,H4|1
PAID_LOSS|1|6|H1,A,T,H3,H2,H5|1
PAID_LOSS|1|6|H1,H1,A,T,J,H2|1
PAID_LOSS|1|6|H1,H1,H1,A,J,Q|1
PAID_LOSS|1|6|H1,H1,H3,H3,K,T|1
PAID_LOSS|1|6|H1,H1,H4,H5,H4,H2|1
PAID_LOSS|1|6|H1,H1,H5,A,K,H4|1
PAID_LOSS|1|6|H1,H1,H5,H4,H5,Q|1
PAID_LOSS|1|6|H1,H1,J,H5,H5,K|1
PAID_LOSS|1|6|H1,H1,K,H3,A,T|1
PAID_LOSS|1|6|H1,H1,K,H4,Q,Q|1
PAID_LOSS|1|6|H1,H1,K,J,H1,J|1
PAID_LOSS|1|6|H1,H1,T,H3,H3,K|1
PAID_LOSS|1|6|H1,H2,H2,H2,J,A|1
PAID_LOSS|1|6|H1,H2,H3,Q,H2,H5|1
PAID_LOSS|1|6|H1,H2,H4,K,H4,T|1
PAID_LOSS|1|6|H1,H2,H5,H1,Q,H1|1
PAID_LOSS|1|6|H1,H2,H5,H4,A,A|1
PAID_LOSS|1|6|H1,H2,J,H2,K,H5|1
PAID_LOSS|1|6|H1,H2,J,H5,J,H4|1
PAID_LOSS|1|6|H1,H2,K,A,H3,J|1
PAID_LOSS|1|6|H1,H2,Q,H1,H1,Q|1
PAID_LOSS|1|6|H1,H3,A,J,K,H1|1
PAID_LOSS|1|6|H1,H3,H1,A,H1,K|1
PAID_LOSS|1|6|H1,H3,H1,T,T,K|1
PAID_LOSS|1|6|H1,H3,H2,H4,A,K|1
PAID_LOSS|1|6|H1,H3,H2,H5,H3,A|1
PAID_LOSS|1|6|H1,H3,H2,T,T,H1|1
PAID_LOSS|1|6|H1,H3,H4,A,K,H5|1
PAID_LOSS|1|6|H1,H3,H5,A,A,J|1
PAID_LOSS|1|6|H1,H3,H5,A,T,Q|1
PAID_LOSS|1|6|H1,H3,J,H1,H3,H4|1
PAID_LOSS|1|6|H1,H3,J,H2,A,J|1
PAID_LOSS|1|6|H1,H3,J,T,H4,Q|1
PAID_LOSS|1|6|H1,H3,K,K,J,H1|1
PAID_LOSS|1|6|H1,H3,K,Q,H3,K|1
PAID_LOSS|1|6|H1,H3,Q,H3,H2,K|1
PAID_LOSS|1|6|H1,H3,T,H2,Q,H1|1
PAID_LOSS|1|6|H1,H4,A,Q,H2,J|1
PAID_LOSS|1|6|H1,H4,A,Q,H3,K|1
PAID_LOSS|1|6|H1,H4,A,T,K,H4|1
PAID_LOSS|1|6|H1,H4,H2,A,H2,Q|1
PAID_LOSS|1|6|H1,H4,H2,H3,H4,A|1
PAID_LOSS|1|6|H1,H4,H4,A,Q,H3|1
PAID_LOSS|1|6|H1,H4,H4,J,A,H1|1
PAID_LOSS|1|6|H1,H4,J,A,H2,K|1
PAID_LOSS|1|6|H1,H4,J,Scat,H3,H2|1
PAID_LOSS|1|6|H1,H4,K,K,K,H3|1
PAID_LOSS|1|6|H1,H4,Q,A,A,H2|1
PAID_LOSS|1|6|H1,H5,H1,T,H3,J|1
PAID_LOSS|1|6|H1,H5,H2,Q,H2,Q|1
PAID_LOSS|1|6|H1,H5,H3,H5,K,H3|1
PAID_LOSS|1|6|H1,H5,H5,H2,H4,H1|1
PAID_LOSS|1|6|H1,H5,H5,J,H2,T|1
PAID_LOSS|1|6|H1,H5,J,H4,H5,H4|1
PAID_LOSS|1|6|H1,J,A,H3,H3,K|1
PAID_LOSS|1|6|H1,J,A,Q,H1,H5|1
PAID_LOSS|1|6|H1,J,H1,H5,H3,T|1
PAID_LOSS|1|6|H1,J,H2,H3,H1,A|1
PAID_LOSS|1|6|H1,J,H2,Q,T,H1|1
PAID_LOSS|1|6|H1,J,H5,H2,H1,H5|1
PAID_LOSS|1|6|H1,J,K,H4,H5,H3|1
PAID_LOSS|1|6|H1,J,T,H3,Q,T|1
PAID_LOSS|1|6|H1,K,H5,K,H5,K|1
PAID_LOSS|1|6|H1,K,H5,K,K,H5|1
PAID_LOSS|1|6|H1,K,J,Q,H1,T|1
PAID_LOSS|1|6|H1,K,T,H3,K,T|1
PAID_LOSS|1|6|H1,Q,A,H1,H5,H5|1
PAID_LOSS|1|6|H1,Q,A,K,T,H2|1
PAID_LOSS|1|6|H1,Q,H2,A,A,A|1
PAID_LOSS|1|6|H1,Q,H4,K,A,H1|1
PAID_LOSS|1|6|H1,Q,H4,K,T,Q|1
PAID_LOSS|1|6|H1,Q,Q,H3,H5,H3|1
PAID_LOSS|1|6|H1,Q,Q,H5,A,H3|1
PAID_LOSS|1|6|H1,Q,Q,K,T,T|1
PAID_LOSS|1|6|H1,Q,Q,Q,A,H5|1
PAID_LOSS|1|6|H1,T,A,H3,A,H2|1
PAID_LOSS|1|6|H1,T,H1,A,Q,A|1
PAID_LOSS|1|6|H1,T,H3,J,H2,K|1
PAID_LOSS|1|6|H1,T,H5,A,J,H2|1
PAID_LOSS|1|6|H1,T,J,H3,T,H3|1
PAID_LOSS|1|6|H1,T,J,Q,H4,H1|1
PAID_LOSS|1|6|H1,T,K,A,A,H3|1
PAID_LOSS|1|6|H1,T,Q,A,H4,T|1
PAID_LOSS|1|6|H1,T,T,J,K,H3|1
PAID_LOSS|1|6|H1,T,T,Q,X4,T|1
PAID_LOSS|1|6|H1,T,X2,H4,J,Q|1
PAID_LOSS|1|6|H2,A,A,A,H4,H5|1
PAID_LOSS|1|6|H2,A,A,H2,H5,H5|1
PAID_LOSS|1|6|H2,A,A,K,H3,H3|1
PAID_LOSS|1|6|H2,A,A,T,Scat,Q|1
PAID_LOSS|1|6|H2,A,H1,H3,Q,Q|1
PAID_LOSS|1|6|H2,A,H3,H4,J,T|1
PAID_LOSS|1|6|H2,A,J,H1,T,H5|1
PAID_LOSS|1|6|H2,A,J,K,T,T|1
PAID_LOSS|1|6|H2,A,J,X4,A,K|1
PAID_LOSS|1|6|H2,A,K,K,H3,H3|1
PAID_LOSS|1|6|H2,A,Q,H3,A,H5|1
PAID_LOSS|1|6|H2,A,Q,K,H5,H3|1
PAID_LOSS|1|6|H2,A,T,H4,J,H2|1
PAID_LOSS|1|6|H2,A,X4,T,T,H5|1
PAID_LOSS|1|6|H2,H1,A,Scat,J,H3|1
PAID_LOSS|1|6|H2,H1,A,T,A,H4|1
PAID_LOSS|1|6|H2,H1,H1,Q,Q,H5|1
PAID_LOSS|1|6|H2,H1,H2,H3,A,T|1
PAID_LOSS|1|6|H2,H1,H5,H1,Q,H1|1
PAID_LOSS|1|6|H2,H1,J,H1,H4,H5|1
PAID_LOSS|1|6|H2,H1,J,H5,J,A|1
PAID_LOSS|1|6|H2,H1,K,Q,H4,H5|1
PAID_LOSS|1|6|H2,H1,Q,T,A,A|1
PAID_LOSS|1|6|H2,H2,H2,T,H1,J|1
PAID_LOSS|1|6|H2,H2,H4,H3,T,Q|1
PAID_LOSS|1|6|H2,H2,H5,H4,H4,Q|1
PAID_LOSS|1|6|H2,H2,J,H4,H4,H5|1
PAID_LOSS|1|6|H2,H2,J,K,H1,Q|1
PAID_LOSS|1|6|H2,H2,J,T,H2,H4|1
PAID_LOSS|1|6|H2,H2,Q,A,H4,T|1
PAID_LOSS|1|6|H2,H2,Q,H2,H3,H4|1
PAID_LOSS|1|6|H2,H2,Q,H4,J,A|1
PAID_LOSS|1|6|H2,H3,A,J,H4,Q|1
PAID_LOSS|1|6|H2,H3,H3,H5,Q,T|1
PAID_LOSS|1|6|H2,H3,H4,Q,H2,Q|1
PAID_LOSS|1|6|H2,H3,H5,H2,A,H5|1
PAID_LOSS|1|6|H2,H3,J,H1,H2,H4|1
PAID_LOSS|1|6|H2,H3,T,J,Q,H4|1
PAID_LOSS|1|6|H2,H4,A,K,Q,H2|1
PAID_LOSS|1|6|H2,H4,H2,H3,H5,H1|1
PAID_LOSS|1|6|H2,H4,H2,Q,H1,T|1
PAID_LOSS|1|6|H2,H4,H2,Q,T,H5|1
PAID_LOSS|1|6|H2,H4,H5,T,K,H5|1
PAID_LOSS|1|6|H2,H4,J,K,H3,K|1
PAID_LOSS|1|6|H2,H4,K,H1,A,Q|1
PAID_LOSS|1|6|H2,H4,K,J,H1,H2|1
PAID_LOSS|1|6|H2,H4,K,T,J,J|1
PAID_LOSS|1|6|H2,H4,Q,A,H4,H2|1
PAID_LOSS|1|6|H2,H5,H1,H3,Q,A|1
PAID_LOSS|1|6|H2,H5,H1,H5,K,A|1
PAID_LOSS|1|6|H2,H5,H3,K,Q,H5|1
PAID_LOSS|1|6|H2,H5,J,H5,H3,Q|1
PAID_LOSS|1|6|H2,H5,K,J,H1,A|1
PAID_LOSS|1|6|H2,H5,K,T,J,A|1
PAID_LOSS|1|6|H2,J,A,H2,A,H1|1
PAID_LOSS|1|6|H2,J,H5,H1,K,T|1
PAID_LOSS|1|6|H2,J,H5,J,H1,H5|1
PAID_LOSS|1|6|H2,J,K,H2,K,H3|1
PAID_LOSS|1|6|H2,K,A,T,H1,Q|1
PAID_LOSS|1|6|H2,K,H1,A,J,H2|1
PAID_LOSS|1|6|H2,K,H1,J,H4,J|1
PAID_LOSS|1|6|H2,K,H2,H1,H2,H5|1
PAID_LOSS|1|6|H2,K,H3,K,H1,H3|1
PAID_LOSS|1|6|H2,K,H5,H1,Q,H1|1
PAID_LOSS|1|6|H2,K,H5,H3,T,H2|1
PAID_LOSS|1|6|H2,K,K,H5,A,J|1
PAID_LOSS|1|6|H2,K,Q,J,H4,H3|1
PAID_LOSS|1|6|H2,K,T,A,J,H2|1
PAID_LOSS|1|6|H2,Q,H1,H4,H2,T|1
PAID_LOSS|1|6|H2,Q,H3,H2,H2,K|1
PAID_LOSS|1|6|H2,Q,H3,H2,K,H1|1
PAID_LOSS|1|6|H2,Q,H4,H5,T,A|1
PAID_LOSS|1|6|H2,Q,H4,T,H3,J|1
PAID_LOSS|1|6|H2,Q,H5,H4,H4,T|1
PAID_LOSS|1|6|H2,Q,H5,J,H3,J|1
PAID_LOSS|1|6|H2,Q,Q,H4,Q,K|1
PAID_LOSS|1|6|H2,Q,Q,Q,A,H5|1
PAID_LOSS|1|6|H2,Q,T,H1,H5,H5|1
PAID_LOSS|1|6|H2,Q,T,H3,H4,T|1
PAID_LOSS|1|6|H2,T,A,A,H5,H2|1
PAID_LOSS|1|6|H2,T,A,T,Q,K|1
PAID_LOSS|1|6|H2,T,H1,H5,H1,A|1
PAID_LOSS|1|6|H2,T,H2,H4,H5,T|1
PAID_LOSS|1|6|H2,T,H5,J,H4,K|1
PAID_LOSS|1|6|H2,T,H5,Q,H4,H1|1
PAID_LOSS|1|6|H2,T,K,H4,J,J|1
PAID_LOSS|1|6|H2,T,Q,H1,Q,A|1
PAID_LOSS|1|6|H2,T,Q,H5,Q,Q|1
PAID_LOSS|1|6|H3,A,H1,H4,H5,A|1
PAID_LOSS|1|6|H3,A,H2,Q,K,H4|1
PAID_LOSS|1|6|H3,A,J,H4,H3,H1|1
PAID_LOSS|1|6|H3,A,K,H1,Q,T|1
PAID_LOSS|1|6|H3,A,T,H5,A,H2|1
PAID_LOSS|1|6|H3,H1,H3,H5,J,H3|1
PAID_LOSS|1|6|H3,H1,H3,J,T,H4|1
PAID_LOSS|1|6|H3,H1,H4,H3,A,T|1
PAID_LOSS|1|6|H3,H1,H4,H3,Q,K|1
PAID_LOSS|1|6|H3,H1,H5,X2,H3,H1|1
PAID_LOSS|1|6|H3,H1,J,H2,A,Q|1
PAID_LOSS|1|6|H3,H1,K,H4,T,J|1
PAID_LOSS|1|6|H3,H1,T,H2,H1,H5|1
PAID_LOSS|1|6|H3,H2,H1,H4,J,J|1
PAID_LOSS|1|6|H3,H2,H1,K,J,H2|1
PAID_LOSS|1|6|H3,H2,H3,H2,H4,K|1
PAID_LOSS|1|6|H3,H2,H3,H5,H3,H5|1
PAID_LOSS|1|6|H3,H2,H4,Q,Q,H2|1
PAID_LOSS|1|6|H3,H2,H5,K,H3,H5|1
PAID_LOSS|1|6|H3,H2,J,H5,H1,K|1
PAID_LOSS|1|6|H3,H2,J,K,H1,H4|1
PAID_LOSS|1|6|H3,H2,Q,H2,K,H1|1
PAID_LOSS|1|6|H3,H2,Q,H3,J,T|1
PAID_LOSS|1|6|H3,H2,Scat,H3,K,J|1
PAID_LOSS|1|6|H3,H3,H1,J,Q,A|1
PAID_LOSS|1|6|H3,H3,H2,Scat,H4,T|1
PAID_LOSS|1|6|H3,H3,H5,H5,H2,J|1
PAID_LOSS|1|6|H3,H3,J,A,K,Q|1
PAID_LOSS|1|6|H3,H3,J,J,K,K|1
PAID_LOSS|1|6|H3,H3,K,H3,K,T|1
PAID_LOSS|1|6|H3,H3,Q,K,H1,H2|1
PAID_LOSS|1|6|H3,H3,T,T,X2,A|1
PAID_LOSS|1|6|H3,H4,H1,A,A,J|1
PAID_LOSS|1|6|H3,H4,H4,H2,H3,A|1
PAID_LOSS|1|6|H3,H4,J,A,H3,H3|1
PAID_LOSS|1|6|H3,H4,J,K,H1,K|1
PAID_LOSS|1|6|H3,H4,K,H3,J,Q|1
PAID_LOSS|1|6|H3,H4,K,H4,T,A|1
PAID_LOSS|1|6|H3,H4,Q,H3,H3,A|1
PAID_LOSS|1|6|H3,H4,Q,H5,A,H2|1
PAID_LOSS|1|6|H3,H4,T,A,Q,A|1
PAID_LOSS|1|6|H3,H5,A,H5,H4,H4|1
PAID_LOSS|1|6|H3,H5,H2,A,Q,Scat|1
PAID_LOSS|1|6|H3,H5,H2,H3,H5,K|1
PAID_LOSS|1|6|H3,H5,H2,J,H5,Q|1
PAID_LOSS|1|6|H3,H5,H3,Q,H4,H4|1
PAID_LOSS|1|6|H3,H5,H4,H4,H3,H5|1
PAID_LOSS|1|6|H3,H5,H5,H4,J,H2|1
PAID_LOSS|1|6|H3,J,A,Q,Q,H3|1
PAID_LOSS|1|6|H3,J,H1,K,H3,H3|1
PAID_LOSS|1|6|H3,J,H2,T,T,H1|1
PAID_LOSS|1|6|H3,J,H3,H3,H5,H1|1
PAID_LOSS|1|6|H3,J,H3,H5,T,K|1
PAID_LOSS|1|6|H3,J,H3,Q,K,Q|1
PAID_LOSS|1|6|H3,J,H4,H3,H2,H2|1
PAID_LOSS|1|6|H3,J,H4,H5,Scat,H2|1
PAID_LOSS|1|6|H3,J,H5,Q,H1,Q|1
PAID_LOSS|1|6|H3,J,H5,X2,A,K|1
PAID_LOSS|1|6|H3,J,K,H5,A,Q|1
PAID_LOSS|1|6|H3,J,T,T,Q,H3|1
PAID_LOSS|1|6|H3,K,H2,H2,H3,H4|1
PAID_LOSS|1|6|H3,K,H3,H2,H5,H1|1
PAID_LOSS|1|6|H3,K,H3,H4,H2,T|1
PAID_LOSS|1|6|H3,K,H4,A,H3,H1|1
PAID_LOSS|1|6|H3,K,J,H5,H5,Q|1
PAID_LOSS|1|6|H3,K,Q,K,H5,H1|1
PAID_LOSS|1|6|H3,K,T,H5,J,A|1
PAID_LOSS|1|6|H3,Q,A,H5,J,H1|1
PAID_LOSS|1|6|H3,Q,A,H5,K,A|1
PAID_LOSS|1|6|H3,Q,H1,H4,H3,H2|1
PAID_LOSS|1|6|H3,Q,H3,Q,H1,K|1
PAID_LOSS|1|6|H3,Q,H5,T,K,T|1
PAID_LOSS|1|6|H3,Q,K,K,H2,A|1
PAID_LOSS|1|6|H3,Q,T,H2,Q,J|1
PAID_LOSS|1|6|H3,Q,T,T,H4,H2|1
PAID_LOSS|1|6|H3,T,A,A,A,T|1
PAID_LOSS|1|6|H3,T,A,H2,H1,H2|1
PAID_LOSS|1|6|H3,T,H2,H3,J,J|1
PAID_LOSS|1|6|H3,T,H5,H2,T,H3|1
PAID_LOSS|1|6|H3,T,J,H1,T,H3|1
PAID_LOSS|1|6|H3,T,J,H3,H2,H1|1
PAID_LOSS|1|6|H3,T,Q,H1,A,J|1
PAID_LOSS|1|6|H3,T,T,H4,H2,H5|1
PAID_LOSS|1|6|H3,X2,H5,H2,T,J|1
PAID_LOSS|1|6|H4,A,A,Q,H4,J|1
PAID_LOSS|1|6|H4,A,A,T,A,H1|1
PAID_LOSS|1|6|H4,A,H2,A,K,H5|1
PAID_LOSS|1|6|H4,A,H2,T,Q,T|1
PAID_LOSS|1|6|H4,A,H5,H2,T,H3|1
PAID_LOSS|1|6|H4,A,H5,J,A,Q|1
PAID_LOSS|1|6|H4,A,K,T,H3,H3|1
PAID_LOSS|1|6|H4,A,Q,H2,Q,H1|1
PAID_LOSS|1|6|H4,A,T,H2,A,K|1
PAID_LOSS|1|6|H4,H1,A,H3,K,A|1
PAID_LOSS|1|6|H4,H1,A,H5,H2,Q|1
PAID_LOSS|1|6|H4,H1,H2,A,J,J|1
PAID_LOSS|1|6|H4,H1,J,H5,H5,H5|1
PAID_LOSS|1|6|H4,H1,J,Q,H3,H2|1
PAID_LOSS|1|6|H4,H1,K,J,J,H2|1
PAID_LOSS|1|6|H4,H1,T,H1,H2,H2|1
PAID_LOSS|1|6|H4,H2,A,H4,H1,H4|1
PAID_LOSS|1|6|H4,H2,H1,H1,H4,H3|1
PAID_LOSS|1|6|H4,H2,H1,H5,H1,H2|1
PAID_LOSS|1|6|H4,H2,H2,J,H1,H2|1
PAID_LOSS|1|6|H4,H2,H3,J,H1,T|1
PAID_LOSS|1|6|H4,H2,H5,H3,A,Q|1
PAID_LOSS|1|6|H4,H2,J,H2,H4,K|1
PAID_LOSS|1|6|H4,H2,Q,H1,Q,K|1
PAID_LOSS|1|6|H4,H2,Q,H5,K,H4|1
PAID_LOSS|1|6|H4,H3,A,H1,A,K|1
PAID_LOSS|1|6|H4,H3,H1,K,H4,H3|1
PAID_LOSS|1|6|H4,H3,H2,T,K,H1|1
PAID_LOSS|1|6|H4,H3,H4,A,H5,K|1
PAID_LOSS|1|6|H4,H3,J,H5,A,H1|1
PAID_LOSS|1|6|H4,H3,K,H4,Q,Q|1
PAID_LOSS|1|6|H4,H3,K,T,H5,H4|1
PAID_LOSS|1|6|H4,H3,Q,J,H5,A|1
PAID_LOSS|1|6|H4,H4,A,K,K,K|1
PAID_LOSS|1|6|H4,H4,H1,H3,J,K|1
PAID_LOSS|1|6|H4,H4,H4,A,J,H2|1
PAID_LOSS|1|6|H4,H4,H4,H4,Q,H5|1
PAID_LOSS|1|6|H4,H4,H4,T,H3,T|1
PAID_LOSS|1|6|H4,H4,K,H3,H1,K|1
PAID_LOSS|1|6|H4,H4,T,H1,H5,J|1
PAID_LOSS|1|6|H4,H4,T,H5,H5,H2|1
PAID_LOSS|1|6|H4,H4,X2,Q,A,T|1
PAID_LOSS|1|6|H4,H5,H2,H4,K,H5|1
PAID_LOSS|1|6|H4,H5,H2,K,H3,H1|1
PAID_LOSS|1|6|H4,H5,H3,K,H4,H2|1
PAID_LOSS|1|6|H4,H5,K,H5,K,H5|1
PAID_LOSS|1|6|H4,H5,K,H5,T,A|1
PAID_LOSS|1|6|H4,H5,Q,Scat,J,H3|1
PAID_LOSS|1|6|H4,J,A,H3,H3,T|1
PAID_LOSS|1|6|H4,J,T,T,T,H3|1
PAID_LOSS|1|6|H4,K,H2,H3,K,H3|1
PAID_LOSS|1|6|H4,K,H3,A,H5,H4|1
PAID_LOSS|1|6|H4,K,H4,A,H5,H2|1
PAID_LOSS|1|6|H4,K,H4,H1,K,J|1
PAID_LOSS|1|6|H4,K,H4,K,H3,Q|1
PAID_LOSS|1|6|H4,K,H4,K,Q,A|1
PAID_LOSS|1|6|H4,K,H5,H4,H4,A|1
PAID_LOSS|1|6|H4,K,H5,K,H1,T|1
PAID_LOSS|1|6|H4,Q,A,J,Q,H4|1
PAID_LOSS|1|6|H4,Q,H2,H1,H4,A|1
PAID_LOSS|1|6|H4,Q,H2,K,A,K|1
PAID_LOSS|1|6|H4,Q,H3,H1,K,J|1
PAID_LOSS|1|6|H4,Q,H4,H2,H5,H4|1
PAID_LOSS|1|6|H4,Q,H4,J,H4,H1|1
PAID_LOSS|1|6|H4,Q,H5,H3,H2,H3|1
PAID_LOSS|1|6|H4,Q,K,T,H3,T|1
PAID_LOSS|1|6|H4,Scat,T,H5,Q,H4|1
PAID_LOSS|1|6|H4,T,A,J,J,H1|1
PAID_LOSS|1|6|H4,T,H1,H1,T,Q|1
PAID_LOSS|1|6|H4,T,H1,H2,H1,H4|1
PAID_LOSS|1|6|H4,T,H1,J,H5,H3|1
PAID_LOSS|1|6|H4,T,H2,H3,T,H4|1
PAID_LOSS|1|6|H4,T,H2,H5,H1,H3|1
PAID_LOSS|1|6|H4,T,H3,Scat,H3,K|1
PAID_LOSS|1|6|H4,T,J,H5,Q,J|1
PAID_LOSS|1|6|H4,T,Q,H5,K,T|1
PAID_LOSS|1|6|H4,T,T,H1,A,A|1
PAID_LOSS|1|6|H4,X3,A,H4,H4,A|1
PAID_LOSS|1|6|H4,X4,H5,K,H4,T|1
PAID_LOSS|1|6|H5,A,H1,H4,J,H5|1
PAID_LOSS|1|6|H5,A,H2,H1,H3,H3|1
PAID_LOSS|1|6|H5,A,H2,H3,H4,H5|1
PAID_LOSS|1|6|H5,A,H3,H4,J,K|1
PAID_LOSS|1|6|H5,A,H4,K,H4,H3|1
PAID_LOSS|1|6|H5,A,H5,H3,H1,H4|1
PAID_LOSS|1|6|H5,A,Q,J,A,H2|1
PAID_LOSS|1|6|H5,H1,A,H4,H4,H2|1
PAID_LOSS|1|6|H5,H1,A,H4,H5,H1|1
PAID_LOSS|1|6|H5,H1,A,H4,K,H4|1
PAID_LOSS|1|6|H5,H1,A,Q,H4,A|1
PAID_LOSS|1|6|H5,H1,H1,K,H5,K|1
PAID_LOSS|1|6|H5,H1,H1,T,H3,H5|1
PAID_LOSS|1|6|H5,H1,H2,A,J,Scat|1
PAID_LOSS|1|6|H5,H1,H2,H1,T,H5|1
PAID_LOSS|1|6|H5,H1,H3,H4,H5,Q|1
PAID_LOSS|1|6|H5,H1,H4,K,H4,T|1
PAID_LOSS|1|6|H5,H1,Q,K,H4,J|1
PAID_LOSS|1|6|H5,H2,A,J,Q,H5|1
PAID_LOSS|1|6|H5,H2,A,T,H4,H3|1
PAID_LOSS|1|6|H5,H2,H1,T,A,Q|1
PAID_LOSS|1|6|H5,H2,H4,H1,H4,J|1
PAID_LOSS|1|6|H5,H2,H4,H2,A,T|1
PAID_LOSS|1|6|H5,H2,H4,H5,T,H1|1
PAID_LOSS|1|6|H5,H2,H5,H5,H4,H4|1
PAID_LOSS|1|6|H5,H2,Q,H5,A,J|1
PAID_LOSS|1|6|H5,H2,Scat,Q,J,T|1
PAID_LOSS|1|6|H5,H2,T,A,H1,J|1
PAID_LOSS|1|6|H5,H3,H1,Q,Q,Q|1
PAID_LOSS|1|6|H5,H3,H1,T,Q,H2|1
PAID_LOSS|1|6|H5,H3,H3,H1,H1,T|1
PAID_LOSS|1|6|H5,H3,H3,X3,H1,A|1
PAID_LOSS|1|6|H5,H3,H4,H4,H2,H3|1
PAID_LOSS|1|6|H5,H3,H4,K,T,J|1
PAID_LOSS|1|6|H5,H3,J,K,H1,T|1
PAID_LOSS|1|6|H5,H3,K,H5,K,H3|1
PAID_LOSS|1|6|H5,H3,K,K,H3,H1|1
PAID_LOSS|1|6|H5,H4,A,H1,J,T|1
PAID_LOSS|1|6|H5,H4,H3,A,H4,T|1
PAID_LOSS|1|6|H5,H5,H2,H3,H3,H5|1
PAID_LOSS|1|6|H5,H5,H3,H4,A,A|1
PAID_LOSS|1|6|H5,H5,H4,Q,J,H2|1
PAID_LOSS|1|6|H5,H5,J,T,H1,Q|1
PAID_LOSS|1|6|H5,H5,K,H4,T,H5|1
PAID_LOSS|1|6|H5,J,H3,H1,H4,H5|1
PAID_LOSS|1|6|H5,J,J,H5,K,H4|1
PAID_LOSS|1|6|H5,J,K,H4,H4,K|1
PAID_LOSS|1|6|H5,J,Q,A,H1,H1|1
PAID_LOSS|1|6|H5,K,A,A,H1,K|1
PAID_LOSS|1|6|H5,K,A,J,A,Q|1
PAID_LOSS|1|6|H5,K,A,K,A,H3|1
PAID_LOSS|1|6|H5,K,A,T,H1,H5|1
PAID_LOSS|1|6|H5,K,H1,K,H5,Q|1
PAID_LOSS|1|6|H5,K,H3,H2,H4,K|1
PAID_LOSS|1|6|H5,K,H5,A,H1,K|1
PAID_LOSS|1|6|H5,K,H5,J,H3,A|1
PAID_LOSS|1|6|H5,K,J,A,A,H4|1
PAID_LOSS|1|6|H5,Q,A,A,K,H4|1
PAID_LOSS|1|6|H5,Q,A,A,T,H5|1
PAID_LOSS|1|6|H5,Q,H3,J,Q,H4|1
PAID_LOSS|1|6|H5,Q,H4,H5,A,T|1
PAID_LOSS|1|6|H5,Q,J,H5,H2,H5|1
PAID_LOSS|1|6|H5,Q,J,J,H1,H3|1
PAID_LOSS|1|6|H5,Q,K,H5,Q,H1|1
PAID_LOSS|1|6|H5,Q,K,T,T,H4|1
PAID_LOSS|1|6|H5,Q,Q,H5,H5,Q|1
PAID_LOSS|1|6|H5,Q,Q,K,J,A|1
PAID_LOSS|1|6|H5,Q,T,A,H2,H5|1
PAID_LOSS|1|6|H5,Scat,A,H3,A,H5|1
PAID_LOSS|1|6|H5,Scat,K,A,A,H2|1
PAID_LOSS|1|6|H5,T,A,H2,H5,H5|1
PAID_LOSS|1|6|H5,T,A,H3,H1,H3|1
PAID_LOSS|1|6|H5,T,A,Q,H1,K|1
PAID_LOSS|1|6|H5,T,H2,H1,Q,H1|1
PAID_LOSS|1|6|H5,T,H4,T,A,H1|1
PAID_LOSS|1|6|H5,T,H5,H2,T,K|1
PAID_LOSS|1|6|H5,T,K,H3,K,H3|1
PAID_LOSS|1|6|H5,T,K,H4,J,K|1
PAID_LOSS|1|6|H5,T,K,Q,H2,T|1
PAID_LOSS|1|6|H5,T,T,T,J,J|1
PAID_LOSS|1|6|H5,X3,J,H5,H5,A|1
PAID_LOSS|1|6|J,A,A,K,H1,K|1
PAID_LOSS|1|6|J,A,A,K,T,T|1
PAID_LOSS|1|6|J,A,A,T,Q,T|1
PAID_LOSS|1|6|J,A,H3,H1,H2,H1|1
PAID_LOSS|1|6|J,A,H4,A,A,H2|1
PAID_LOSS|1|6|J,A,H5,H4,H4,H4|1
PAID_LOSS|1|6|J,A,H5,H5,H4,T|1
PAID_LOSS|1|6|J,A,H5,K,H4,H5|1
PAID_LOSS|1|6|J,A,J,H1,H2,J|1
PAID_LOSS|1|6|J,A,J,H3,Q,H2|1
PAID_LOSS|1|6|J,A,J,T,J,H4|1
PAID_LOSS|1|6|J,A,Q,A,T,H4|1
PAID_LOSS|1|6|J,A,Q,H5,H5,K|1
PAID_LOSS|1|6|J,A,T,H3,A,H2|1
PAID_LOSS|1|6|J,A,T,T,K,A|1
PAID_LOSS|1|6|J,H1,H3,H2,Q,Q|1
PAID_LOSS|1|6|J,H1,K,H2,T,H2|1
PAID_LOSS|1|6|J,H1,K,T,H5,T|1
PAID_LOSS|1|6|J,H1,Q,A,J,H4|1
PAID_LOSS|1|6|J,H2,H1,H4,H3,H5|1
PAID_LOSS|1|6|J,H2,H1,K,K,K|1
PAID_LOSS|1|6|J,H2,H2,H3,H1,H1|1
PAID_LOSS|1|6|J,H2,H2,K,T,J|1
PAID_LOSS|1|6|J,H2,H4,H2,Q,A|1
PAID_LOSS|1|6|J,H2,H4,K,Q,H5|1
PAID_LOSS|1|6|J,H2,H4,T,H3,H1|1
PAID_LOSS|1|6|J,H2,H5,J,H1,H2|1
PAID_LOSS|1|6|J,H2,J,X2,H4,H1|1
PAID_LOSS|1|6|J,H3,A,H3,J,H4|1
PAID_LOSS|1|6|J,H3,A,H5,A,A|1
PAID_LOSS|1|6|J,H3,A,T,T,K|1
PAID_LOSS|1|6|J,H3,H1,H1,H1,H5|1
PAID_LOSS|1|6|J,H3,H1,H4,H3,K|1
PAID_LOSS|1|6|J,H3,H1,Q,H5,H5|1
PAID_LOSS|1|6|J,H3,H2,A,A,J|1
PAID_LOSS|1|6|J,H3,H3,H5,H1,H1|1
PAID_LOSS|1|6|J,H3,H4,A,H5,H2|1
PAID_LOSS|1|6|J,H3,J,X3,H2,H3|1
PAID_LOSS|1|6|J,H3,K,H2,J,Q|1
PAID_LOSS|1|6|J,H3,Q,H1,H2,Q|1
PAID_LOSS|1|6|J,H3,T,T,T,H3|1
PAID_LOSS|1|6|J,H4,H1,H1,J,H2|1
PAID_LOSS|1|6|J,H4,H5,H2,Q,H1|1
PAID_LOSS|1|6|J,H4,J,H4,H3,H2|1
PAID_LOSS|1|6|J,H4,J,K,H1,H1|1
PAID_LOSS|1|6|J,H4,K,J,H3,H3|1
PAID_LOSS|1|6|J,H4,K,Q,A,Q|1
PAID_LOSS|1|6|J,H4,Q,Q,K,H1|1
PAID_LOSS|1|6|J,H5,H2,H4,H1,A|1
PAID_LOSS|1|6|J,H5,H3,H1,H4,H5|1
PAID_LOSS|1|6|J,H5,K,H1,H1,T|1
PAID_LOSS|1|6|J,H5,K,H3,H2,H2|1
PAID_LOSS|1|6|J,H5,Q,H5,Q,A|1
PAID_LOSS|1|6|J,H5,Q,K,J,T|1
PAID_LOSS|1|6|J,H5,T,H2,A,H4|1
PAID_LOSS|1|6|J,H5,X3,H2,H4,K|1
PAID_LOSS|1|6|J,J,H4,H5,H3,H5|1
PAID_LOSS|1|6|J,J,H4,H5,K,H2|1
PAID_LOSS|1|6|J,J,K,A,A,J|1
PAID_LOSS|1|6|J,J,K,H1,H1,Q|1
PAID_LOSS|1|6|J,J,T,H1,H2,A|1
PAID_LOSS|1|6|J,J,T,H1,J,H1|1
PAID_LOSS|1|6|J,J,T,Q,H1,Q|1
PAID_LOSS|1|6|J,K,H1,A,H4,H5|1
PAID_LOSS|1|6|J,K,H1,J,H2,H1|1
PAID_LOSS|1|6|J,K,H2,H2,H1,Q|1
PAID_LOSS|1|6|J,K,H3,H3,A,H3|1
PAID_LOSS|1|6|J,K,H3,H4,H4,H3|1
PAID_LOSS|1|6|J,K,H4,H1,H3,T|1
PAID_LOSS|1|6|J,K,H4,H4,A,Q|1
PAID_LOSS|1|6|J,K,H4,K,H5,H1|1
PAID_LOSS|1|6|J,K,H5,A,J,A|1
PAID_LOSS|1|6|J,K,H5,H5,A,H3|1
PAID_LOSS|1|6|J,Q,H2,A,H5,H1|1
PAID_LOSS|1|6|J,Q,H2,T,H2,K|1
PAID_LOSS|1|6|J,Q,H3,H1,J,H2|1
PAID_LOSS|1|6|J,Q,H4,H3,H2,K|1
PAID_LOSS|1|6|J,Q,H4,H4,T,K|1
PAID_LOSS|1|6|J,Q,J,H2,T,H4|1
PAID_LOSS|1|6|J,Q,K,Q,H1,Q|1
PAID_LOSS|1|6|J,Q,Q,J,H3,J|1
PAID_LOSS|1|6|J,Q,T,A,T,T|1
PAID_LOSS|1|6|J,Q,T,H2,J,H2|1
PAID_LOSS|1|6|J,T,A,H3,H4,Q|1
PAID_LOSS|1|6|J,T,H1,K,J,H2|1
PAID_LOSS|1|6|J,T,H2,H5,A,H3|1
PAID_LOSS|1|6|J,T,H2,H5,A,J|1
PAID_LOSS|1|6|J,T,H4,H2,A,H1|1
PAID_LOSS|1|6|J,T,H4,H2,T,H1|1
PAID_LOSS|1|6|J,T,K,Q,T,Scat|1
PAID_LOSS|1|6|J,T,Q,H3,H3,T|1
PAID_LOSS|1|6|J,T,Q,H5,H1,H2|1
PAID_LOSS|1|6|J,X2,H3,J,Q,A|1
PAID_LOSS|1|6|K,A,H2,H4,H5,A|1
PAID_LOSS|1|6|K,A,H2,H5,H2,Q|1
PAID_LOSS|1|6|K,A,H3,H1,H1,T|1
PAID_LOSS|1|6|K,A,H3,H5,A,H1|1
PAID_LOSS|1|6|K,A,H4,H3,A,H4|1
PAID_LOSS|1|6|K,A,H4,H5,T,H4|1
PAID_LOSS|1|6|K,A,T,A,H2,H3|1
PAID_LOSS|1|6|K,A,T,H4,H3,J|1
PAID_LOSS|1|6|K,A,T,J,H2,H4|1
PAID_LOSS|1|6|K,H1,H1,Q,H4,K|1
PAID_LOSS|1|6|K,H1,H1,Scat,T,J|1
PAID_LOSS|1|6|K,H1,H2,H1,K,A|1
PAID_LOSS|1|6|K,H1,H2,J,T,H5|1
PAID_LOSS|1|6|K,H1,H3,H2,K,K|1
PAID_LOSS|1|6|K,H1,H5,H3,H4,J|1
PAID_LOSS|1|6|K,H1,J,H2,H5,H1|1
PAID_LOSS|1|6|K,H1,J,H2,T,Q|1
PAID_LOSS|1|6|K,H1,T,H1,J,T|1
PAID_LOSS|1|6|K,H2,H3,J,Q,H2|1
PAID_LOSS|1|6|K,H2,H5,H4,T,H1|1
PAID_LOSS|1|6|K,H2,J,H5,H2,Q|1
PAID_LOSS|1|6|K,H2,K,T,J,H4|1
PAID_LOSS|1|6|K,H2,T,J,H3,H2|1
PAID_LOSS|1|6|K,H3,A,J,K,K|1
PAID_LOSS|1|6|K,H3,A,K,K,H5|1
PAID_LOSS|1|6|K,H3,H2,H1,Q,A|1
PAID_LOSS|1|6|K,H3,H2,J,Q,J|1
PAID_LOSS|1|6|K,H3,H3,H2,H3,H5|1
PAID_LOSS|1|6|K,H3,H5,H2,T,H3|1
PAID_LOSS|1|6|K,H3,J,K,H5,K|1
PAID_LOSS|1|6|K,H3,Q,H2,K,H4|1
PAID_LOSS|1|6|K,H4,A,H3,Q,H5|1
PAID_LOSS|1|6|K,H4,A,K,H1,Q|1
PAID_LOSS|1|6|K,H4,A,Q,H4,Q|1
PAID_LOSS|1|6|K,H4,H1,H2,J,T|1
PAID_LOSS|1|6|K,H4,H2,J,J,T|1
PAID_LOSS|1|6|K,H4,H4,A,H5,Q|1
PAID_LOSS|1|6|K,H4,H4,H3,H1,H1|1
PAID_LOSS|1|6|K,H4,H5,A,K,J|1
PAID_LOSS|1|6|K,H4,H5,H5,Q,A|1
PAID_LOSS|1|6|K,H4,H5,T,H2,Q|1
PAID_LOSS|1|6|K,H4,K,J,T,H2|1
PAID_LOSS|1|6|K,H4,T,H3,H3,J|1
PAID_LOSS|1|6|K,H5,H2,H5,H1,Scat|1
PAID_LOSS|1|6|K,H5,H3,K,K,T|1
PAID_LOSS|1|6|K,H5,H4,H3,K,T|1
PAID_LOSS|1|6|K,H5,H4,H3,T,H4|1
PAID_LOSS|1|6|K,H5,H4,J,H2,K|1
PAID_LOSS|1|6|K,H5,H4,K,H2,H4|1
PAID_LOSS|1|6|K,H5,H4,T,H5,H5|1
PAID_LOSS|1|6|K,H5,J,H1,H2,H1|1
PAID_LOSS|1|6|K,H5,J,H2,T,K|1
PAID_LOSS|1|6|K,H5,T,H3,Q,H4|1
PAID_LOSS|1|6|K,H5,T,H3,Q,H5|1
PAID_LOSS|1|6|K,H5,T,T,A,J|1
PAID_LOSS|1|6|K,J,H3,K,H2,H1|1
PAID_LOSS|1|6|K,J,H4,H1,T,T|1
PAID_LOSS|1|6|K,J,H4,T,J,H5|1
PAID_LOSS|1|6|K,K,A,H3,A,Q|1
PAID_LOSS|1|6|K,K,H2,H2,J,Q|1
PAID_LOSS|1|6|K,K,H5,H4,H5,K|1
PAID_LOSS|1|6|K,K,H5,K,H5,T|1
PAID_LOSS|1|6|K,K,J,H4,H1,J|1
PAID_LOSS|1|6|K,K,J,H5,A,H1|1
PAID_LOSS|1|6|K,K,T,J,H3,Q|1
PAID_LOSS|1|6|K,K,T,J,H5,K|1
PAID_LOSS|1|6|K,Q,A,A,Q,J|1
PAID_LOSS|1|6|K,Q,A,Q,H5,H3|1
PAID_LOSS|1|6|K,Q,H2,T,J,H1|1
PAID_LOSS|1|6|K,Q,H3,J,H1,H5|1
PAID_LOSS|1|6|K,Q,H4,H3,H5,H2|1
PAID_LOSS|1|6|K,Q,H4,K,H5,J|1
PAID_LOSS|1|6|K,Q,J,H5,K,H2|1
PAID_LOSS|1|6|K,Q,K,A,H2,Q|1
PAID_LOSS|1|6|K,Q,Q,H2,H3,H3|1
PAID_LOSS|1|6|K,Q,T,H2,H2,J|1
PAID_LOSS|1|6|K,Q,T,H5,H2,A|1
PAID_LOSS|1|6|K,T,A,A,J,J|1
PAID_LOSS|1|6|K,T,A,Q,H5,A|1
PAID_LOSS|1|6|K,T,H1,H1,H2,J|1
PAID_LOSS|1|6|K,T,H1,Q,H4,J|1
PAID_LOSS|1|6|K,T,H3,A,H1,H4|1
PAID_LOSS|1|6|K,T,H4,T,T,A|1
PAID_LOSS|1|6|K,T,H5,H5,H3,H5|1
PAID_LOSS|1|6|K,T,J,T,Q,H5|1
PAID_LOSS|1|6|K,T,K,H4,A,H3|1
PAID_LOSS|1|6|K,T,Q,A,H3,K|1
PAID_LOSS|1|6|K,T,Q,H2,T,H3|1
PAID_LOSS|1|6|K,T,Q,K,J,T|1
PAID_LOSS|1|6|K,T,T,H3,T,J|1
PAID_LOSS|1|6|K,X2,H4,X2,Q,A|1
PAID_LOSS|1|6|Q,A,H2,J,H3,H2|1
PAID_LOSS|1|6|Q,A,H3,H2,T,J|1
PAID_LOSS|1|6|Q,A,H4,A,H2,K|1
PAID_LOSS|1|6|Q,A,H5,H2,H5,T|1
PAID_LOSS|1|6|Q,A,J,H3,Q,K|1
PAID_LOSS|1|6|Q,A,K,H5,X4,H2|1
PAID_LOSS|1|6|Q,A,Q,H2,A,K|1
PAID_LOSS|1|6|Q,A,T,K,K,H3|1
PAID_LOSS|1|6|Q,H1,H3,J,K,A|1
PAID_LOSS|1|6|Q,H1,H5,X3,T,H3|1
PAID_LOSS|1|6|Q,H1,Q,K,H3,H2|1
PAID_LOSS|1|6|Q,H2,A,T,Q,K|1
PAID_LOSS|1|6|Q,H2,H2,A,H5,K|1
PAID_LOSS|1|6|Q,H2,H2,A,Q,T|1
PAID_LOSS|1|6|Q,H2,H2,H5,T,A|1
PAID_LOSS|1|6|Q,H2,K,H2,Q,J|1
PAID_LOSS|1|6|Q,H2,K,H5,J,H3|1
PAID_LOSS|1|6|Q,H2,Q,Q,K,H2|1
PAID_LOSS|1|6|Q,H3,H2,H2,H3,H2|1
PAID_LOSS|1|6|Q,H3,H2,H3,A,Q|1
PAID_LOSS|1|6|Q,H3,H3,H2,Q,J|1
PAID_LOSS|1|6|Q,H3,H3,T,H3,H1|1
PAID_LOSS|1|6|Q,H3,H4,J,H5,H4|1
PAID_LOSS|1|6|Q,H3,H4,T,K,H3|1
PAID_LOSS|1|6|Q,H3,K,A,K,T|1
PAID_LOSS|1|6|Q,H3,Q,J,H2,H1|1
PAID_LOSS|1|6|Q,H4,A,K,H3,A|1
PAID_LOSS|1|6|Q,H4,H1,Q,K,Q|1
PAID_LOSS|1|6|Q,H4,H3,H5,H1,H3|1
PAID_LOSS|1|6|Q,H4,H4,X2,T,A|1
PAID_LOSS|1|6|Q,H4,H5,J,Q,H5|1
PAID_LOSS|1|6|Q,H4,Q,H2,H3,K|1
PAID_LOSS|1|6|Q,H5,A,H2,A,H1|1
PAID_LOSS|1|6|Q,H5,A,Q,A,H1|1
PAID_LOSS|1|6|Q,H5,H3,Q,H4,K|1
PAID_LOSS|1|6|Q,H5,H4,T,Q,H3|1
PAID_LOSS|1|6|Q,H5,H5,H4,J,K|1
PAID_LOSS|1|6|Q,H5,K,H3,K,Scat|1
PAID_LOSS|1|6|Q,H5,Q,H1,H1,H2|1
PAID_LOSS|1|6|Q,H5,Q,H4,H4,H4|1
PAID_LOSS|1|6|Q,H5,T,K,H4,K|1
PAID_LOSS|1|6|Q,J,A,J,H5,H3|1
PAID_LOSS|1|6|Q,J,H1,T,T,H4|1
PAID_LOSS|1|6|Q,J,H3,H4,H4,T|1
PAID_LOSS|1|6|Q,J,J,H3,Q,H3|1
PAID_LOSS|1|6|Q,J,Q,J,H4,T|1
PAID_LOSS|1|6|Q,K,A,K,K,H2|1
PAID_LOSS|1|6|Q,K,A,T,H3,H3|1
PAID_LOSS|1|6|Q,K,H2,H3,K,H1|1
PAID_LOSS|1|6|Q,K,H2,H4,H5,A|1
PAID_LOSS|1|6|Q,K,H2,X2,A,T|1
PAID_LOSS|1|6|Q,K,H3,K,J,K|1
PAID_LOSS|1|6|Q,K,H4,H5,H4,A|1
PAID_LOSS|1|6|Q,K,K,H2,H5,T|1
PAID_LOSS|1|6|Q,K,Q,H2,T,K|1
PAID_LOSS|1|6|Q,K,T,H3,H4,H3|1
PAID_LOSS|1|6|Q,Q,A,K,H1,H5|1
PAID_LOSS|1|6|Q,Q,H1,K,H1,H5|1
PAID_LOSS|1|6|Q,Q,J,H3,H4,H2|1
PAID_LOSS|1|6|Q,Q,Q,J,H2,H2|1
PAID_LOSS|1|6|Q,Q,T,H5,H2,A|1
PAID_LOSS|1|6|Q,Scat,H1,J,H3,J|1
PAID_LOSS|1|6|Q,T,A,A,K,H1|1
PAID_LOSS|1|6|Q,T,H1,H2,H4,Q|1
PAID_LOSS|1|6|Q,T,H2,J,K,K|1
PAID_LOSS|1|6|Q,T,H3,H2,H4,H4|1
PAID_LOSS|1|6|Q,T,H4,H5,Q,A|1
PAID_LOSS|1|6|Q,T,H4,Q,H1,K|1
PAID_LOSS|1|6|Q,T,H5,Q,Q,K|1
PAID_LOSS|1|6|Q,T,J,H5,H1,H2|1
PAID_LOSS|1|6|Q,T,Q,H3,A,H5|1
PAID_LOSS|1|6|Q,T,T,H4,H1,J|1
PAID_LOSS|1|6|Q,X2,T,A,H1,H5|1
PAID_LOSS|1|6|Scat,A,A,H1,H5,A|1
PAID_LOSS|1|6|Scat,H2,J,H5,Q,H3|1
PAID_LOSS|1|6|Scat,K,T,J,Q,H3|1
PAID_LOSS|1|6|Scat,Q,T,K,A,H5|1
PAID_LOSS|1|6|Scat,T,J,A,H5,H3|1
PAID_LOSS|1|6|T,A,A,J,Q,J|1
PAID_LOSS|1|6|T,A,H1,A,H2,T|1
PAID_LOSS|1|6|T,A,H3,H1,H5,H4|1
PAID_LOSS|1|6|T,A,H3,H3,H1,J|1
PAID_LOSS|1|6|T,A,H5,H1,H4,H4|1
PAID_LOSS|1|6|T,A,J,H3,Q,A|1
PAID_LOSS|1|6|T,A,Q,Q,H2,T|1
PAID_LOSS|1|6|T,H1,A,A,T,Q|1
PAID_LOSS|1|6|T,H1,A,H1,H5,H3|1
PAID_LOSS|1|6|T,H1,H2,J,H3,H3|1
PAID_LOSS|1|6|T,H1,H3,H1,J,H3|1
PAID_LOSS|1|6|T,H1,H4,J,Q,H2|1
PAID_LOSS|1|6|T,H1,K,T,H3,Scat|1
PAID_LOSS|1|6|T,H1,Q,H3,K,Q|1
PAID_LOSS|1|6|T,H1,Q,H5,H2,H2|1
PAID_LOSS|1|6|T,H1,Q,T,A,X3|1
PAID_LOSS|1|6|T,H2,H1,H2,H4,K|1
PAID_LOSS|1|6|T,H2,H2,A,H5,T|1
PAID_LOSS|1|6|T,H2,H3,K,H2,H4|1
PAID_LOSS|1|6|T,H2,H4,A,H2,J|1
PAID_LOSS|1|6|T,H2,H5,K,K,A|1
PAID_LOSS|1|6|T,H2,J,H2,A,H2|1
PAID_LOSS|1|6|T,H2,J,T,A,H2|1
PAID_LOSS|1|6|T,H2,Q,H5,J,J|1
PAID_LOSS|1|6|T,H2,T,A,J,A|1
PAID_LOSS|1|6|T,H2,T,H3,H3,J|1
PAID_LOSS|1|6|T,H2,T,K,T,A|1
PAID_LOSS|1|6|T,H3,H1,J,H4,Q|1
PAID_LOSS|1|6|T,H3,H5,K,H4,K|1
PAID_LOSS|1|6|T,H3,Q,H4,T,Scat|1
PAID_LOSS|1|6|T,H3,Q,J,Q,X4|1
PAID_LOSS|1|6|T,H4,A,H3,K,H4|1
PAID_LOSS|1|6|T,H4,H2,H2,H5,H5|1
PAID_LOSS|1|6|T,H4,H2,H4,K,K|1
PAID_LOSS|1|6|T,H4,H3,H1,J,K|1
PAID_LOSS|1|6|T,H4,H3,H4,Q,H2|1
PAID_LOSS|1|6|T,H4,H4,A,H1,J|1
PAID_LOSS|1|6|T,H4,H4,Q,T,Q|1
PAID_LOSS|1|6|T,H4,Q,H3,J,H1|1
PAID_LOSS|1|6|T,H4,Q,J,A,H2|1
PAID_LOSS|1|6|T,H4,T,H1,H5,A|1
PAID_LOSS|1|6|T,H4,X4,H3,A,H3|1
PAID_LOSS|1|6|T,H5,H1,H1,J,J|1
PAID_LOSS|1|6|T,H5,H3,H2,K,H2|1
PAID_LOSS|1|6|T,H5,H3,J,H5,H2|1
PAID_LOSS|1|6|T,H5,H4,T,J,H4|1
PAID_LOSS|1|6|T,H5,H5,A,Q,H1|1
PAID_LOSS|1|6|T,H5,Q,H4,A,H1|1
PAID_LOSS|1|6|T,H5,Q,K,H4,J|1
PAID_LOSS|1|6|T,H5,T,Q,K,H4|1
PAID_LOSS|1|6|T,J,H2,H3,K,H5|1
PAID_LOSS|1|6|T,J,H2,J,J,H2|1
PAID_LOSS|1|6|T,J,H3,A,H3,H5|1
PAID_LOSS|1|6|T,J,H3,H1,H4,H1|1
PAID_LOSS|1|6|T,J,H3,H4,H4,H4|1
PAID_LOSS|1|6|T,J,H5,H2,H2,T|1
PAID_LOSS|1|6|T,J,J,H5,A,K|1
PAID_LOSS|1|6|T,J,K,A,T,H5|1
PAID_LOSS|1|6|T,K,A,H5,H5,J|1
PAID_LOSS|1|6|T,K,J,T,H1,Q|1
PAID_LOSS|1|6|T,K,K,T,J,H2|1
PAID_LOSS|1|6|T,Q,A,K,H1,J|1
PAID_LOSS|1|6|T,Q,H4,K,K,H4|1
PAID_LOSS|1|6|T,Q,H4,Q,A,A|1
PAID_LOSS|1|6|T,Q,H5,H4,T,J|1
PAID_LOSS|1|6|T,Q,Q,H5,Scat,H5|1
PAID_LOSS|1|6|T,Q,T,A,K,K|1
PAID_LOSS|1|6|T,Scat,H1,H3,J,T|1
PAID_LOSS|1|6|T,T,A,A,H4,H5|1
PAID_LOSS|1|6|T,T,A,H3,H3,H3|1
PAID_LOSS|1|6|T,T,H1,H3,A,K|1
PAID_LOSS|1|6|T,T,H3,H2,H3,H4|1
PAID_LOSS|1|6|T,T,H5,H4,Q,H2|1
PAID_LOSS|1|6|T,T,J,K,J,Q|1
PAID_LOSS|1|6|T,T,Q,K,T,Q|1
PAID_LOSS|1|6|X2,A,H2,H5,H4,H5|1
PAID_LOSS|1|6|X2,H3,H2,K,H1,H4|1
PAID_LOSS|1|6|X2,H4,K,H3,J,H1|1
PAID_LOSS|1|6|X3,A,T,H3,H1,T|1
PAID_LOSS|1|6|X3,H4,H3,T,H2,Q|1
PAID_LOSS|1|6|X3,J,H4,H4,T,J|1
PAID_LOSS|2|6|A,A,H3,A,H3,H3|1
PAID_LOSS|2|6|A,A,H4,H3,H3,Q|1
PAID_LOSS|2|6|A,A,H4,X2,H2,Q|1
PAID_LOSS|2|6|A,A,H5,H4,H1,T|1
PAID_LOSS|2|6|A,A,J,K,H4,T|1
PAID_LOSS|2|6|A,A,J,K,T,J|1
PAID_LOSS|2|6|A,A,K,H1,T,K|1
PAID_LOSS|2|6|A,A,Q,T,H2,Q|1
PAID_LOSS|2|6|A,H1,A,H3,J,T|1
PAID_LOSS|2|6|A,H1,A,H5,T,H1|1
PAID_LOSS|2|6|A,H1,H1,H1,H3,H5|1
PAID_LOSS|2|6|A,H1,H1,T,H5,A|1
PAID_LOSS|2|6|A,H1,H2,H1,T,H1|1
PAID_LOSS|2|6|A,H1,H2,K,Q,K|1
PAID_LOSS|2|6|A,H1,J,A,H3,J|1
PAID_LOSS|2|6|A,H1,Q,K,K,J|1
PAID_LOSS|2|6|A,H1,T,H5,Q,H3|1
PAID_LOSS|2|6|A,H1,T,Q,H1,Q|1
PAID_LOSS|2|6|A,H2,A,H3,H1,H3|1
PAID_LOSS|2|6|A,H2,A,H4,H2,Q|1
PAID_LOSS|2|6|A,H2,H3,K,Q,Q|1
PAID_LOSS|2|6|A,H2,H4,A,Q,A|1
PAID_LOSS|2|6|A,H2,H4,H3,K,Q|1
PAID_LOSS|2|6|A,H2,J,A,H5,Q|1
PAID_LOSS|2|6|A,H2,J,J,H5,J|1
PAID_LOSS|2|6|A,H2,Q,T,H2,J|1
PAID_LOSS|2|6|A,H3,H1,H3,Q,A|1
PAID_LOSS|2|6|A,H3,H2,J,A,Q|1
PAID_LOSS|2|6|A,H3,H2,T,H2,H4|1
PAID_LOSS|2|6|A,H3,H3,H2,T,K|1
PAID_LOSS|2|6|A,H3,H4,K,H1,Q|1
PAID_LOSS|2|6|A,H3,H4,Q,T,T|1
PAID_LOSS|2|6|A,H3,H5,Q,H2,H4|1
PAID_LOSS|2|6|A,H3,J,J,A,X3|1
PAID_LOSS|2|6|A,H3,T,K,A,H3|1
PAID_LOSS|2|6|A,H4,A,H4,H3,K|1
PAID_LOSS|2|6|A,H4,A,Q,H3,H5|1
PAID_LOSS|2|6|A,H4,A,Scat,A,H2|1
PAID_LOSS|2|6|A,H4,H2,H3,H5,H3|1
PAID_LOSS|2|6|A,H4,H2,T,H5,J|1
PAID_LOSS|2|6|A,H4,H3,K,J,A|1
PAID_LOSS|2|6|A,H4,H4,J,K,J|1
PAID_LOSS|2|6|A,H4,H4,T,J,T|1
PAID_LOSS|2|6|A,H4,J,A,Q,Q|1
PAID_LOSS|2|6|A,H4,J,H2,A,H5|1
PAID_LOSS|2|6|A,H4,K,H1,H1,Q|1
PAID_LOSS|2|6|A,H4,K,H1,T,H3|1
PAID_LOSS|2|6|A,H4,K,K,H5,J|1
PAID_LOSS|2|6|A,H4,K,X2,T,K|1
PAID_LOSS|2|6|A,H4,Q,H5,T,A|1
PAID_LOSS|2|6|A,H4,T,H3,H3,A|1
PAID_LOSS|2|6|A,H5,A,Scat,H2,A|1
PAID_LOSS|2|6|A,H5,H1,K,Q,A|1
PAID_LOSS|2|6|A,H5,H3,H1,T,K|1
PAID_LOSS|2|6|A,H5,H4,A,H1,H1|1
PAID_LOSS|2|6|A,H5,H4,H2,K,H3|1
PAID_LOSS|2|6|A,H5,H5,H1,A,T|1
PAID_LOSS|2|6|A,H5,J,H5,K,K|1
PAID_LOSS|2|6|A,H5,K,H4,T,H3|1
PAID_LOSS|2|6|A,H5,X2,H5,H4,Q|1
PAID_LOSS|2|6|A,J,A,H2,A,H2|1
PAID_LOSS|2|6|A,J,A,J,J,A|1
PAID_LOSS|2|6|A,J,A,K,J,J|1
PAID_LOSS|2|6|A,J,H2,Q,H4,A|1
PAID_LOSS|2|6|A,J,H4,H4,K,H2|1
PAID_LOSS|2|6|A,J,H5,K,T,K|1
PAID_LOSS|2|6|A,J,J,H5,Q,J|1
PAID_LOSS|2|6|A,J,Q,H3,H4,X3|1
PAID_LOSS|2|6|A,K,A,K,H5,Q|1
PAID_LOSS|2|6|A,K,H3,H5,J,H2|1
PAID_LOSS|2|6|A,K,Q,H4,H3,H1|1
PAID_LOSS|2|6|A,K,T,H2,H5,X4|1
PAID_LOSS|2|6|A,Q,H2,A,K,X2|1
PAID_LOSS|2|6|A,Q,H3,H2,Q,H4|1
PAID_LOSS|2|6|A,Q,H4,J,H1,H4|1
PAID_LOSS|2|6|A,Q,H4,J,K,A|1
PAID_LOSS|2|6|A,Q,H4,Q,K,Q|1
PAID_LOSS|2|6|A,Q,H5,H2,H1,T|1
PAID_LOSS|2|6|A,Q,J,H1,Q,H5|1
PAID_LOSS|2|6|A,Q,J,Q,H2,H4|1
PAID_LOSS|2|6|A,Q,T,H5,H4,Q|1
PAID_LOSS|2|6|A,Q,T,J,J,J|1
PAID_LOSS|2|6|A,T,H1,J,A,Q|1
PAID_LOSS|2|6|A,T,H3,H2,H3,J|1
PAID_LOSS|2|6|A,T,H5,K,H1,K|1
PAID_LOSS|2|6|A,T,H5,Scat,H2,T|1
PAID_LOSS|2|6|A,T,J,H4,J,H1|1
PAID_LOSS|2|6|A,T,J,H4,K,H3|1
PAID_LOSS|2|6|A,T,K,H2,H3,K|1
PAID_LOSS|2|6|A,T,T,J,A,H4|1
PAID_LOSS|2|6|H1,A,A,H1,A,T|1
PAID_LOSS|2|6|H1,A,H3,H3,H2,H2|1
PAID_LOSS|2|6|H1,A,H3,H3,T,H5|1
PAID_LOSS|2|6|H1,A,H4,Q,H1,H4|1
PAID_LOSS|2|6|H1,A,Q,H5,Q,H4|1
PAID_LOSS|2|6|H1,A,Q,Q,H3,H5|1
PAID_LOSS|2|6|H1,A,T,A,J,H1|1
PAID_LOSS|2|6|H1,A,T,T,K,H2|1
PAID_LOSS|2|6|H1,H1,H2,H3,H3,Q|1
PAID_LOSS|2|6|H1,H1,H3,J,T,K|1
PAID_LOSS|2|6|H1,H1,H4,Q,Q,H1|1
PAID_LOSS|2|6|H1,H1,T,H3,H4,H1|1
PAID_LOSS|2|6|H1,H2,A,H3,K,H1|1
PAID_LOSS|2|6|H1,H2,H1,H3,H5,T|1
PAID_LOSS|2|6|H1,H2,H5,T,A,H5|1
PAID_LOSS|2|6|H1,H2,Scat,H1,T,Q|1
PAID_LOSS|2|6|H1,H3,A,H5,H4,H3|1
PAID_LOSS|2|6|H1,H3,H2,H1,H3,H1|1
PAID_LOSS|2|6|H1,H3,H3,Q,H5,H1|1
PAID_LOSS|2|6|H1,H3,H3,Q,K,T|1
PAID_LOSS|2|6|H1,H3,H5,H5,H5,A|1
PAID_LOSS|2|6|H1,H3,H5,H5,H5,H5|1
PAID_LOSS|2|6|H1,H3,J,K,J,A|1
PAID_LOSS|2|6|H1,H3,J,T,A,H3|1
PAID_LOSS|2|6|H1,H4,A,H3,H5,A|1
PAID_LOSS|2|6|H1,H4,H2,H2,J,T|1
PAID_LOSS|2|6|H1,H4,H2,K,K,J|1
PAID_LOSS|2|6|H1,H4,H3,K,J,J|1
PAID_LOSS|2|6|H1,H4,H4,H3,T,T|1
PAID_LOSS|2|6|H1,H4,H5,K,H1,A|1
PAID_LOSS|2|6|H1,H4,H5,T,A,J|1
PAID_LOSS|2|6|H1,H4,J,H4,H5,H2|1
PAID_LOSS|2|6|H1,H4,J,H4,K,T|1
PAID_LOSS|2|6|H1,H4,J,H4,T,J|1
PAID_LOSS|2|6|H1,H4,K,H3,H2,Q|1
PAID_LOSS|2|6|H1,H4,Q,H5,T,Q|1
PAID_LOSS|2|6|H1,H5,A,H5,H2,A|1
PAID_LOSS|2|6|H1,H5,H3,J,H4,H5|1
PAID_LOSS|2|6|H1,H5,H5,H3,H2,H3|1
PAID_LOSS|2|6|H1,H5,H5,H5,H5,H1|1
PAID_LOSS|2|6|H1,H5,K,H3,A,T|1
PAID_LOSS|2|6|H1,H5,K,K,Q,H3|1
PAID_LOSS|2|6|H1,J,A,H1,H1,H2|1
PAID_LOSS|2|6|H1,J,H1,Q,Q,T|1
PAID_LOSS|2|6|H1,J,H3,H3,Q,J|1
PAID_LOSS|2|6|H1,J,H4,H2,H5,H5|1
PAID_LOSS|2|6|H1,J,H5,J,H5,H4|1
PAID_LOSS|2|6|H1,J,J,K,J,Scat|1
PAID_LOSS|2|6|H1,J,K,J,T,A|1
PAID_LOSS|2|6|H1,J,Scat,H5,H5,K|1
PAID_LOSS|2|6|H1,J,T,H3,H2,J|1
PAID_LOSS|2|6|H1,K,H1,H2,H5,J|1
PAID_LOSS|2|6|H1,K,H1,Q,Q,H2|1
PAID_LOSS|2|6|H1,K,H4,H1,T,A|1
PAID_LOSS|2|6|H1,K,H5,H5,A,A|1
PAID_LOSS|2|6|H1,K,K,J,A,H4|1
PAID_LOSS|2|6|H1,K,Q,H4,Q,H2|1
PAID_LOSS|2|6|H1,Q,A,H2,J,T|1
PAID_LOSS|2|6|H1,Q,H2,Q,J,Q|1
PAID_LOSS|2|6|H1,Q,J,H2,H3,T|1
PAID_LOSS|2|6|H1,Q,J,K,A,H1|1
PAID_LOSS|2|6|H1,Q,J,Q,H1,A|1
PAID_LOSS|2|6|H1,Q,T,T,Q,T|1
PAID_LOSS|2|6|H1,T,H1,J,H5,J|1
PAID_LOSS|2|6|H1,T,H1,T,A,K|1
PAID_LOSS|2|6|H1,T,H3,A,H5,H3|1
PAID_LOSS|2|6|H1,T,H3,Q,Q,K|1
PAID_LOSS|2|6|H1,T,H4,H3,Q,H1|1
PAID_LOSS|2|6|H1,T,H4,T,H4,Scat|1
PAID_LOSS|2|6|H1,T,H5,A,T,H4|1
PAID_LOSS|2|6|H1,T,K,Q,J,H4|1
PAID_LOSS|2|6|H1,T,Q,K,T,H1|1
PAID_LOSS|2|6|H1,T,T,H3,H4,H5|1
PAID_LOSS|2|6|H2,A,A,A,H3,J|1
PAID_LOSS|2|6|H2,A,H1,A,Q,H4|1
PAID_LOSS|2|6|H2,A,H4,H4,H2,H4|1
PAID_LOSS|2|6|H2,A,H5,H3,K,K|1
PAID_LOSS|2|6|H2,A,J,A,H2,A|1
PAID_LOSS|2|6|H2,H1,A,H1,H2,J|1
PAID_LOSS|2|6|H2,H1,H1,Q,A,H4|1
PAID_LOSS|2|6|H2,H1,H4,J,Q,H2|1
PAID_LOSS|2|6|H2,H1,H5,T,H3,H3|1
PAID_LOSS|2|6|H2,H1,J,H4,H2,H2|1
PAID_LOSS|2|6|H2,H1,J,H4,K,Q|1
PAID_LOSS|2|6|H2,H1,K,H3,Q,Q|1
PAID_LOSS|2|6|H2,H2,A,H4,Q,Q|1
PAID_LOSS|2|6|H2,H2,H1,H3,K,T|1
PAID_LOSS|2|6|H2,H2,H2,H5,T,K|1
PAID_LOSS|2|6|H2,H2,H3,T,A,T|1
PAID_LOSS|2|6|H2,H2,H4,H3,H5,H4|1
PAID_LOSS|2|6|H2,H2,J,H4,H4,K|1
PAID_LOSS|2|6|H2,H2,Q,H2,H3,A|1
PAID_LOSS|2|6|H2,H3,A,H2,H4,Q|1
PAID_LOSS|2|6|H2,H3,H1,H5,H2,H5|1
PAID_LOSS|2|6|H2,H3,H4,H4,J,K|1
PAID_LOSS|2|6|H2,H3,H5,H2,X2,H4|1
PAID_LOSS|2|6|H2,H3,J,T,Scat,H5|1
PAID_LOSS|2|6|H2,H3,Q,J,Q,H3|1
PAID_LOSS|2|6|H2,H3,Q,K,T,H3|1
PAID_LOSS|2|6|H2,H3,Q,Q,H3,A|1
PAID_LOSS|2|6|H2,H3,T,H3,T,Q|1
PAID_LOSS|2|6|H2,H4,A,A,K,H5|1
PAID_LOSS|2|6|H2,H4,A,Scat,H2,K|1
PAID_LOSS|2|6|H2,H4,A,X4,H1,A|1
PAID_LOSS|2|6|H2,H4,H2,J,H4,K|1
PAID_LOSS|2|6|H2,H4,H3,A,H1,H2|1
PAID_LOSS|2|6|H2,H4,H3,K,Q,J|1
PAID_LOSS|2|6|H2,H4,K,H4,Q,H3|1
PAID_LOSS|2|6|H2,H4,Q,A,A,T|1
PAID_LOSS|2|6|H2,H5,A,J,H3,H3|1
PAID_LOSS|2|6|H2,H5,A,T,T,J|1
PAID_LOSS|2|6|H2,H5,H2,A,H5,H3|1
PAID_LOSS|2|6|H2,H5,H2,H4,K,H2|1
PAID_LOSS|2|6|H2,H5,H5,H1,T,Scat|1
PAID_LOSS|2|6|H2,H5,Q,H2,H3,J|1
PAID_LOSS|2|6|H2,H5,Q,H4,T,H4|1
PAID_LOSS|2|6|H2,H5,T,T,J,H3|1
PAID_LOSS|2|6|H2,J,H2,A,H1,Q|1
PAID_LOSS|2|6|H2,J,H4,H1,A,H2|1
PAID_LOSS|2|6|H2,J,H4,H1,H3,T|1
PAID_LOSS|2|6|H2,J,J,Q,H3,H5|1
PAID_LOSS|2|6|H2,J,J,Q,H4,H3|1
PAID_LOSS|2|6|H2,J,Q,A,A,J|1
PAID_LOSS|2|6|H2,J,Q,H5,H1,Q|1
PAID_LOSS|2|6|H2,J,T,H5,H3,H2|1
PAID_LOSS|2|6|H2,J,T,J,A,H1|1
PAID_LOSS|2|6|H2,J,T,K,H2,H2|1
PAID_LOSS|2|6|H2,J,T,Q,X4,A|1
PAID_LOSS|2|6|H2,K,H2,H1,J,H1|1
PAID_LOSS|2|6|H2,K,H2,H3,J,J|1
PAID_LOSS|2|6|H2,K,H4,A,H3,H3|1
PAID_LOSS|2|6|H2,K,H4,J,K,H4|1
PAID_LOSS|2|6|H2,K,H5,H1,K,H4|1
PAID_LOSS|2|6|H2,K,H5,H5,J,H1|1
PAID_LOSS|2|6|H2,K,H5,T,Q,Q|1
PAID_LOSS|2|6|H2,K,J,Q,H3,H5|1
PAID_LOSS|2|6|H2,K,Q,H5,J,T|1
PAID_LOSS|2|6|H2,K,T,A,K,H2|1
PAID_LOSS|2|6|H2,K,T,H5,T,A|1
PAID_LOSS|2|6|H2,K,T,T,A,H3|1
PAID_LOSS|2|6|H2,K,X2,H2,H1,H3|1
PAID_LOSS|2|6|H2,Q,A,H1,H2,Q|1
PAID_LOSS|2|6|H2,Q,H1,H1,H5,H5|1
PAID_LOSS|2|6|H2,Q,H3,A,X3,T|1
PAID_LOSS|2|6|H2,Q,H3,H5,H5,K|1
PAID_LOSS|2|6|H2,Q,H3,T,H1,H4|1
PAID_LOSS|2|6|H2,Q,H5,J,T,H5|1
PAID_LOSS|2|6|H2,Q,T,H4,H5,Q|1
PAID_LOSS|2|6|H2,Scat,H3,T,A,H3|1
PAID_LOSS|2|6|H2,T,H1,H1,T,T|1
PAID_LOSS|2|6|H2,T,H1,Q,H4,Q|1
PAID_LOSS|2|6|H2,T,H3,A,H2,T|1
PAID_LOSS|2|6|H2,T,H5,H5,H4,K|1
PAID_LOSS|2|6|H2,T,H5,K,Q,J|1
PAID_LOSS|2|6|H2,T,K,H3,A,H3|1
PAID_LOSS|2|6|H2,T,K,H5,T,J|1
PAID_LOSS|2|6|H2,T,T,J,K,Q|1
PAID_LOSS|2|6|H2,X4,T,H1,A,H5|1
PAID_LOSS|2|6|H3,A,H1,H4,T,T|1
PAID_LOSS|2|6|H3,A,H3,J,Q,H2|1
PAID_LOSS|2|6|H3,A,H4,Q,H1,A|1
PAID_LOSS|2|6|H3,A,H5,H2,H2,A|1
PAID_LOSS|2|6|H3,A,H5,T,H1,J|1
PAID_LOSS|2|6|H3,A,J,T,T,K|1
PAID_LOSS|2|6|H3,A,K,T,H4,J|1
PAID_LOSS|2|6|H3,A,Q,H5,X2,T|1
PAID_LOSS|2|6|H3,A,T,H2,Q,H5|1
PAID_LOSS|2|6|H3,A,T,J,H4,J|1
PAID_LOSS|2|6|H3,H1,A,H4,H2,H4|1
PAID_LOSS|2|6|H3,H1,H3,J,H2,K|1
PAID_LOSS|2|6|H3,H1,H4,H3,Q,H3|1
PAID_LOSS|2|6|H3,H1,J,H3,T,H3|1
PAID_LOSS|2|6|H3,H1,K,H1,J,K|1
PAID_LOSS|2|6|H3,H1,T,H5,J,H2|1
PAID_LOSS|2|6|H3,H1,T,K,H1,H2|1
PAID_LOSS|2|6|H3,H2,A,H3,J,H1|1
PAID_LOSS|2|6|H3,H2,A,H5,H2,H2|1
PAID_LOSS|2|6|H3,H2,H1,H5,H5,H3|1
PAID_LOSS|2|6|H3,H2,H4,H5,H2,H5|1
PAID_LOSS|2|6|H3,H2,H4,J,T,H2|1
PAID_LOSS|2|6|H3,H2,J,A,H5,A|1
PAID_LOSS|2|6|H3,H2,Q,K,T,T|1
PAID_LOSS|2|6|H3,H3,H3,K,K,J|1
PAID_LOSS|2|6|H3,H3,H4,H1,H5,H4|1
PAID_LOSS|2|6|H3,H3,H5,J,H2,H4|1
PAID_LOSS|2|6|H3,H3,H5,T,H3,J|1
PAID_LOSS|2|6|H3,H3,J,A,H4,K|1
PAID_LOSS|2|6|H3,H3,Q,H5,H2,Q|1
PAID_LOSS|2|6|H3,H3,Q,Q,K,H1|1
PAID_LOSS|2|6|H3,H3,T,K,H3,T|1
PAID_LOSS|2|6|H3,H4,A,Q,H5,Q|1
PAID_LOSS|2|6|H3,H4,H4,H3,H5,A|1
PAID_LOSS|2|6|H3,H4,J,H4,A,H3|1
PAID_LOSS|2|6|H3,H4,T,T,T,Q|1
PAID_LOSS|2|6|H3,H5,A,H3,H1,H4|1
PAID_LOSS|2|6|H3,H5,A,J,H5,Q|1
PAID_LOSS|2|6|H3,H5,H4,H2,H5,X4|1
PAID_LOSS|2|6|H3,H5,H4,T,H1,H3|1
PAID_LOSS|2|6|H3,H5,H5,A,K,H4|1
PAID_LOSS|2|6|H3,H5,J,H3,J,T|1
PAID_LOSS|2|6|H3,H5,K,H2,J,A|1
PAID_LOSS|2|6|H3,H5,K,H3,H3,H1|1
PAID_LOSS|2|6|H3,H5,K,H5,H5,A|1
PAID_LOSS|2|6|H3,H5,T,H5,A,A|1
PAID_LOSS|2|6|H3,J,A,Q,H5,H4|1
PAID_LOSS|2|6|H3,J,H1,H1,K,H1|1
PAID_LOSS|2|6|H3,J,H2,Scat,A,H5|1
PAID_LOSS|2|6|H3,J,H4,A,T,H5|1
PAID_LOSS|2|6|H3,J,H4,J,H4,J|1
PAID_LOSS|2|6|H3,J,H5,A,Q,H1|1
PAID_LOSS|2|6|H3,J,H5,H5,A,H1|1
PAID_LOSS|2|6|H3,J,H5,J,H5,J|1
PAID_LOSS|2|6|H3,J,J,A,H3,Q|1
PAID_LOSS|2|6|H3,J,K,T,Q,A|1
PAID_LOSS|2|6|H3,J,Q,H1,H3,H5|1
PAID_LOSS|2|6|H3,J,T,A,H4,H3|1
PAID_LOSS|2|6|H3,J,T,H2,H4,K|1
PAID_LOSS|2|6|H3,K,A,H1,K,J|1
PAID_LOSS|2|6|H3,K,A,H2,H5,A|1
PAID_LOSS|2|6|H3,K,H1,H3,H4,K|1
PAID_LOSS|2|6|H3,K,H2,A,H4,T|1
PAID_LOSS|2|6|H3,K,H2,H3,H1,J|1
PAID_LOSS|2|6|H3,K,H3,T,H4,H1|1
PAID_LOSS|2|6|H3,K,H4,A,H1,A|1
PAID_LOSS|2|6|H3,K,H5,Q,K,J|1
PAID_LOSS|2|6|H3,K,H5,T,Q,J|1
PAID_LOSS|2|6|H3,K,J,H4,H2,A|1
PAID_LOSS|2|6|H3,K,J,K,J,J|1
PAID_LOSS|2|6|H3,K,T,H3,J,H5|1
PAID_LOSS|2|6|H3,Q,H5,H5,H4,H4|1
PAID_LOSS|2|6|H3,Q,K,J,H5,Q|1
PAID_LOSS|2|6|H3,Q,Q,H3,H4,T|1
PAID_LOSS|2|6|H3,Q,Q,J,H4,H4|1
PAID_LOSS|2|6|H3,Q,T,H2,H1,H5|1
PAID_LOSS|2|6|H3,Scat,A,A,Q,H3|1
PAID_LOSS|2|6|H3,Scat,H3,H4,H1,H4|1
PAID_LOSS|2|6|H3,T,A,K,H2,H3|1
PAID_LOSS|2|6|H3,T,H1,A,H3,H1|1
PAID_LOSS|2|6|H3,T,H1,A,H5,H5|1
PAID_LOSS|2|6|H3,T,H1,A,Q,K|1
PAID_LOSS|2|6|H3,T,H1,K,Q,H1|1
PAID_LOSS|2|6|H3,T,H3,T,T,H5|1
PAID_LOSS|2|6|H3,T,H5,A,J,H5|1
PAID_LOSS|2|6|H3,T,H5,J,H2,H3|1
PAID_LOSS|2|6|H3,T,J,T,H3,H2|1
PAID_LOSS|2|6|H3,T,K,J,Q,H4|1
PAID_LOSS|2|6|H3,T,Q,H2,J,H3|1
PAID_LOSS|2|6|H3,T,T,H4,K,H2|1
PAID_LOSS|2|6|H3,T,T,Scat,K,J|1
PAID_LOSS|2|6|H4,A,H1,H5,T,H1|1
PAID_LOSS|2|6|H4,A,H3,H5,Q,H2|1
PAID_LOSS|2|6|H4,A,H5,H1,K,H3|1
PAID_LOSS|2|6|H4,A,K,H1,H2,H4|1
PAID_LOSS|2|6|H4,A,K,H2,H2,Q|1
PAID_LOSS|2|6|H4,A,K,T,H5,K|1
PAID_LOSS|2|6|H4,A,Q,Q,H4,H2|1
PAID_LOSS|2|6|H4,H1,A,A,H5,J|1
PAID_LOSS|2|6|H4,H1,A,J,J,H4|1
PAID_LOSS|2|6|H4,H1,H1,H5,H5,H2|1
PAID_LOSS|2|6|H4,H1,H4,H1,H4,H2|1
PAID_LOSS|2|6|H4,H1,H5,Q,Q,K|1
PAID_LOSS|2|6|H4,H1,J,A,H3,T|1
PAID_LOSS|2|6|H4,H1,J,J,T,A|1
PAID_LOSS|2|6|H4,H1,T,J,H5,K|1
PAID_LOSS|2|6|H4,H2,H1,H2,A,A|1
PAID_LOSS|2|6|H4,H2,H1,Q,J,T|1
PAID_LOSS|2|6|H4,H2,H5,K,H1,K|1
PAID_LOSS|2|6|H4,H2,H5,K,Q,Q|1
PAID_LOSS|2|6|H4,H2,T,H2,H2,H3|1
PAID_LOSS|2|6|H4,H3,A,A,Q,Q|1
PAID_LOSS|2|6|H4,H3,A,H3,H5,H1|1
PAID_LOSS|2|6|H4,H3,H1,T,H2,H1|1
PAID_LOSS|2|6|H4,H3,H2,H5,H4,Q|1
PAID_LOSS|2|6|H4,H3,H2,J,H2,H1|1
PAID_LOSS|2|6|H4,H3,H3,A,A,H3|1
PAID_LOSS|2|6|H4,H3,H4,Scat,H5,K|1
PAID_LOSS|2|6|H4,H3,T,H3,H4,H5|1
PAID_LOSS|2|6|H4,H3,T,T,Q,T|1
PAID_LOSS|2|6|H4,H4,A,K,H1,Q|1
PAID_LOSS|2|6|H4,H4,H1,H4,H3,K|1
PAID_LOSS|2|6|H4,H4,H3,H3,H3,Q|1
PAID_LOSS|2|6|H4,H4,H3,H4,Scat,H5|1
PAID_LOSS|2|6|H4,H4,H3,J,H5,H3|1
PAID_LOSS|2|6|H4,H4,H4,J,A,Q|1
PAID_LOSS|2|6|H4,H4,H5,H3,J,H5|1
PAID_LOSS|2|6|H4,H4,J,H1,K,A|1
PAID_LOSS|2|6|H4,H4,J,H5,H4,A|1
PAID_LOSS|2|6|H4,H4,Q,T,H3,J|1
PAID_LOSS|2|6|H4,H4,T,K,A,H4|1
PAID_LOSS|2|6|H4,H5,H1,H5,T,J|1
PAID_LOSS|2|6|H4,H5,H3,H5,A,H5|1
PAID_LOSS|2|6|H4,H5,H4,H2,H1,J|1
PAID_LOSS|2|6|H4,H5,J,T,T,H2|1
PAID_LOSS|2|6|H4,H5,Q,A,H5,T|1
PAID_LOSS|2|6|H4,H5,Q,K,H1,H4|1
PAID_LOSS|2|6|H4,J,A,H2,H5,K|1
PAID_LOSS|2|6|H4,J,H1,A,H1,H2|1
PAID_LOSS|2|6|H4,J,H2,H5,Q,T|1
PAID_LOSS|2|6|H4,J,H3,Q,H1,Q|1
PAID_LOSS|2|6|H4,J,H5,A,K,H3|1
PAID_LOSS|2|6|H4,J,J,J,Q,H1|1
PAID_LOSS|2|6|H4,J,K,H3,H1,Q|1
PAID_LOSS|2|6|H4,J,K,H4,H1,A|1
PAID_LOSS|2|6|H4,J,Q,A,H4,T|1
PAID_LOSS|2|6|H4,J,Q,K,A,H1|1
PAID_LOSS|2|6|H4,J,T,Q,J,H3|1
PAID_LOSS|2|6|H4,K,A,H2,H1,T|1
PAID_LOSS|2|6|H4,K,H1,H2,H2,H5|1
PAID_LOSS|2|6|H4,K,H1,T,A,T|1
PAID_LOSS|2|6|H4,K,H2,Q,H1,T|1
PAID_LOSS|2|6|H4,K,H4,H3,H2,J|1
PAID_LOSS|2|6|H4,K,K,H5,J,H4|1
PAID_LOSS|2|6|H4,K,Q,H1,H1,A|1
PAID_LOSS|2|6|H4,Q,A,K,H5,K|1
PAID_LOSS|2|6|H4,Q,H1,H4,H4,J|1
PAID_LOSS|2|6|H4,Q,H1,J,H5,T|1
PAID_LOSS|2|6|H4,Q,H2,T,Q,H2|1
PAID_LOSS|2|6|H4,Q,H4,K,T,H2|1
PAID_LOSS|2|6|H4,Q,J,H3,H1,H2|1
PAID_LOSS|2|6|H4,Q,Q,J,A,J|1
PAID_LOSS|2|6|H4,T,H2,H5,H4,H3|1
PAID_LOSS|2|6|H4,T,H3,H5,H1,J|1
PAID_LOSS|2|6|H4,T,J,K,H1,H3|1
PAID_LOSS|2|6|H4,T,Q,H1,J,H3|1
PAID_LOSS|2|6|H4,T,T,J,H4,H4|1
PAID_LOSS|2|6|H5,A,A,H3,H1,Q|1
PAID_LOSS|2|6|H5,A,A,H5,A,H2|1
PAID_LOSS|2|6|H5,A,A,J,A,H1|1
PAID_LOSS|2|6|H5,A,H3,H1,K,H1|1
PAID_LOSS|2|6|H5,A,H3,H2,H5,K|1
PAID_LOSS|2|6|H5,A,H4,H2,H1,A|1
PAID_LOSS|2|6|H5,A,H5,A,H1,H4|1
PAID_LOSS|2|6|H5,A,H5,H5,H1,H2|1
PAID_LOSS|2|6|H5,A,J,H1,A,H1|1
PAID_LOSS|2|6|H5,A,K,H3,J,H5|1
PAID_LOSS|2|6|H5,A,Q,H5,H5,J|1
PAID_LOSS|2|6|H5,A,T,H5,H3,A|1
PAID_LOSS|2|6|H5,A,T,J,H5,Q|1
PAID_LOSS|2|6|H5,A,T,K,X3,H3|1
PAID_LOSS|2|6|H5,H1,A,A,H5,H1|1
PAID_LOSS|2|6|H5,H1,A,H1,Q,J|1
PAID_LOSS|2|6|H5,H1,H2,H4,H2,H3|1
PAID_LOSS|2|6|H5,H1,H3,H3,H4,T|1
PAID_LOSS|2|6|H5,H1,H3,H4,J,K|1
PAID_LOSS|2|6|H5,H1,H4,H2,T,H5|1
PAID_LOSS|2|6|H5,H1,H4,K,H5,H4|1
PAID_LOSS|2|6|H5,H1,J,A,H3,H1|1
PAID_LOSS|2|6|H5,H1,J,Q,A,H4|1
PAID_LOSS|2|6|H5,H1,J,Q,Q,H2|1
PAID_LOSS|2|6|H5,H1,T,H5,H1,H2|1
PAID_LOSS|2|6|H5,H2,A,T,H2,H2|1
PAID_LOSS|2|6|H5,H2,H3,H4,T,A|1
PAID_LOSS|2|6|H5,H2,H3,Q,H2,K|1
PAID_LOSS|2|6|H5,H2,J,A,H2,X3|1
PAID_LOSS|2|6|H5,H2,Q,K,A,A|1
PAID_LOSS|2|6|H5,H3,A,K,H5,H1|1
PAID_LOSS|2|6|H5,H3,H3,K,A,Q|1
PAID_LOSS|2|6|H5,H3,J,Q,T,T|1
PAID_LOSS|2|6|H5,H3,J,T,T,Q|1
PAID_LOSS|2|6|H5,H3,K,H3,H5,H1|1
PAID_LOSS|2|6|H5,H4,A,K,H4,H2|1
PAID_LOSS|2|6|H5,H4,A,Q,H4,H2|1
PAID_LOSS|2|6|H5,H4,H1,T,H1,H3|1
PAID_LOSS|2|6|H5,H4,H2,T,H3,K|1
PAID_LOSS|2|6|H5,H4,H3,A,Q,H3|1
PAID_LOSS|2|6|H5,H4,H4,H2,H1,K|1
PAID_LOSS|2|6|H5,H4,H5,A,T,T|1
PAID_LOSS|2|6|H5,H4,H5,H4,H1,K|1
PAID_LOSS|2|6|H5,H4,J,J,H1,H4|1
PAID_LOSS|2|6|H5,H4,K,J,H4,H5|1
PAID_LOSS|2|6|H5,H4,T,A,A,K|1
PAID_LOSS|2|6|H5,H4,T,J,J,Q|1
PAID_LOSS|2|6|H5,H5,H4,H5,A,Q|1
PAID_LOSS|2|6|H5,H5,H4,Scat,H3,T|1
PAID_LOSS|2|6|H5,H5,J,J,H1,H3|1
PAID_LOSS|2|6|H5,H5,J,Q,K,H1|1
PAID_LOSS|2|6|H5,H5,K,K,T,H1|1
PAID_LOSS|2|6|H5,H5,T,H2,H3,Q|1
PAID_LOSS|2|6|H5,J,H3,A,H3,H5|1
PAID_LOSS|2|6|H5,J,H4,H2,T,H4|1
PAID_LOSS|2|6|H5,J,H5,H2,K,H5|1
PAID_LOSS|2|6|H5,J,H5,H3,H5,H1|1
PAID_LOSS|2|6|H5,J,H5,H3,H5,K|1
PAID_LOSS|2|6|H5,J,H5,H4,H5,T|1
PAID_LOSS|2|6|H5,J,Q,H2,A,H4|1
PAID_LOSS|2|6|H5,J,T,T,H4,Q|1
PAID_LOSS|2|6|H5,K,H1,A,H2,J|1
PAID_LOSS|2|6|H5,K,H4,H1,H4,Q|1
PAID_LOSS|2|6|H5,K,T,H3,H1,H5|1
PAID_LOSS|2|6|H5,Q,H1,H4,Q,H3|1
PAID_LOSS|2|6|H5,Q,H2,K,K,H1|1
PAID_LOSS|2|6|H5,Q,H3,H2,H1,H2|1
PAID_LOSS|2|6|H5,Q,H3,H2,Q,H2|1
PAID_LOSS|2|6|H5,Q,H4,A,Q,K|1
PAID_LOSS|2|6|H5,Q,T,H2,J,T|1
PAID_LOSS|2|6|H5,Q,T,K,H4,H4|1
PAID_LOSS|2|6|H5,Q,T,T,Q,H5|1
PAID_LOSS|2|6|H5,T,H1,H3,H2,H5|1
PAID_LOSS|2|6|H5,T,H2,T,H3,H2|1
PAID_LOSS|2|6|H5,T,H3,A,J,H1|1
PAID_LOSS|2|6|H5,T,J,H3,H4,H2|1
PAID_LOSS|2|6|H5,T,K,H4,H1,H3|1
PAID_LOSS|2|6|H5,T,K,Q,J,T|1
PAID_LOSS|2|6|H5,T,Q,H2,K,K|1
PAID_LOSS|2|6|H5,T,Scat,Q,H1,T|1
PAID_LOSS|2|6|H5,T,T,A,K,T|1
PAID_LOSS|2|6|J,A,H1,H3,H1,H2|1
PAID_LOSS|2|6|J,A,H4,H2,K,Q|1
PAID_LOSS|2|6|J,A,H5,H5,T,H5|1
PAID_LOSS|2|6|J,H1,A,K,H4,J|1
PAID_LOSS|2|6|J,H1,K,H5,K,A|1
PAID_LOSS|2|6|J,H1,K,Scat,T,K|1
PAID_LOSS|2|6|J,H1,K,T,H4,H3|1
PAID_LOSS|2|6|J,H1,Q,H3,H1,H2|1
PAID_LOSS|2|6|J,H1,Q,K,H1,Q|1
PAID_LOSS|2|6|J,H1,Scat,H1,H1,J|1
PAID_LOSS|2|6|J,H1,T,T,K,H1|1
PAID_LOSS|2|6|J,H2,H1,A,J,T|1
PAID_LOSS|2|6|J,H2,H4,A,H2,H1|1
PAID_LOSS|2|6|J,H2,H4,H2,H2,A|1
PAID_LOSS|2|6|J,H2,H4,H2,Q,H5|1
PAID_LOSS|2|6|J,H2,H5,H4,A,H2|1
PAID_LOSS|2|6|J,H2,H5,T,H5,A|1
PAID_LOSS|2|6|J,H2,J,K,H3,H5|1
PAID_LOSS|2|6|J,H2,K,T,H4,H2|1
PAID_LOSS|2|6|J,H2,X2,J,H3,H5|1
PAID_LOSS|2|6|J,H3,A,H3,A,A|1
PAID_LOSS|2|6|J,H3,A,H3,H3,Q|1
PAID_LOSS|2|6|J,H3,A,Q,A,J|1
PAID_LOSS|2|6|J,H3,H1,H4,H1,A|1
PAID_LOSS|2|6|J,H3,H1,K,H1,H4|1
PAID_LOSS|2|6|J,H3,H3,H5,A,H5|1
PAID_LOSS|2|6|J,H3,H4,J,H4,H2|1
PAID_LOSS|2|6|J,H3,H4,T,H5,H2|1
PAID_LOSS|2|6|J,H3,H5,J,A,Q|1
PAID_LOSS|2|6|J,H3,J,A,H1,A|1
PAID_LOSS|2|6|J,H3,Q,K,H3,J|1
PAID_LOSS|2|6|J,H4,H1,K,Q,K|1
PAID_LOSS|2|6|J,H4,H2,J,H3,J|1
PAID_LOSS|2|6|J,H4,H3,H1,H5,J|1
PAID_LOSS|2|6|J,H4,H4,H4,J,H3|1
PAID_LOSS|2|6|J,H4,H5,H5,H3,Q|1
PAID_LOSS|2|6|J,H4,K,H2,H3,H1|1
PAID_LOSS|2|6|J,H4,K,H5,H5,H2|1
PAID_LOSS|2|6|J,H5,A,K,H5,H5|1
PAID_LOSS|2|6|J,H5,A,Q,H1,Q|1
PAID_LOSS|2|6|J,H5,H1,H2,K,H1|1
PAID_LOSS|2|6|J,H5,H1,T,T,Q|1
PAID_LOSS|2|6|J,H5,H2,H1,H2,A|1
PAID_LOSS|2|6|J,H5,H5,K,H3,H5|1
PAID_LOSS|2|6|J,H5,K,T,H3,J|1
PAID_LOSS|2|6|J,J,A,H2,H1,H2|1
PAID_LOSS|2|6|J,J,H2,H5,H4,A|1
PAID_LOSS|2|6|J,J,Q,A,H1,K|1
PAID_LOSS|2|6|J,J,Q,H4,H1,H5|1
PAID_LOSS|2|6|J,J,T,H5,H3,K|1
PAID_LOSS|2|6|J,K,H2,H1,K,Q|1
PAID_LOSS|2|6|J,K,H4,H2,Q,H1|1
PAID_LOSS|2|6|J,K,H4,K,H1,T|1
PAID_LOSS|2|6|J,K,H5,H2,A,Q|1
PAID_LOSS|2|6|J,K,H5,H3,J,J|1
PAID_LOSS|2|6|J,K,J,A,T,Q|1
PAID_LOSS|2|6|J,K,J,H2,T,H1|1
PAID_LOSS|2|6|J,K,J,K,Q,H1|1
PAID_LOSS|2|6|J,K,Q,Q,T,H3|1
PAID_LOSS|2|6|J,K,T,A,H3,K|1
PAID_LOSS|2|6|J,K,T,A,K,J|1
PAID_LOSS|2|6|J,K,T,H4,H4,H3|1
PAID_LOSS|2|6|J,K,T,Q,J,H5|1
PAID_LOSS|2|6|J,Q,A,A,H4,H4|1
PAID_LOSS|2|6|J,Q,H1,H1,T,J|1
PAID_LOSS|2|6|J,Q,H1,H2,K,K|1
PAID_LOSS|2|6|J,Q,H5,H2,K,H4|1
PAID_LOSS|2|6|J,Q,J,H4,H1,H2|1
PAID_LOSS|2|6|J,Q,K,H5,Q,A|1
PAID_LOSS|2|6|J,Q,T,K,H1,J|1
PAID_LOSS|2|6|J,Scat,H1,H2,H1,H3|1
PAID_LOSS|2|6|J,Scat,J,H1,Q,H5|1
PAID_LOSS|2|6|J,T,H2,H1,J,H5|1
PAID_LOSS|2|6|J,T,H2,Q,J,H3|1
PAID_LOSS|2|6|J,T,K,H1,H3,J|1
PAID_LOSS|2|6|J,T,Q,A,A,H1|1
PAID_LOSS|2|6|J,X4,H4,A,Q,A|1
PAID_LOSS|2|6|K,A,A,H3,J,H5|1
PAID_LOSS|2|6|K,A,A,Q,H5,Q|1
PAID_LOSS|2|6|K,A,H2,Q,K,Q|1
PAID_LOSS|2|6|K,A,H3,H1,K,H3|1
PAID_LOSS|2|6|K,A,H3,H2,Q,H3|1
PAID_LOSS|2|6|K,A,H4,H3,H4,H4|1
PAID_LOSS|2|6|K,A,J,Q,H4,H2|1
PAID_LOSS|2|6|K,A,K,H3,A,H2|1
PAID_LOSS|2|6|K,A,K,H5,H2,T|1
PAID_LOSS|2|6|K,H1,H2,H2,H3,H1|1
PAID_LOSS|2|6|K,H1,H2,K,A,K|1
PAID_LOSS|2|6|K,H1,H2,T,Q,H5|1
PAID_LOSS|2|6|K,H1,H3,H3,H1,H5|1
PAID_LOSS|2|6|K,H1,H3,H4,A,H3|1
PAID_LOSS|2|6|K,H1,H4,H4,H2,T|1
PAID_LOSS|2|6|K,H1,H4,J,A,J|1
PAID_LOSS|2|6|K,H1,H4,J,H5,H4|1
PAID_LOSS|2|6|K,H1,H5,H2,H2,H1|1
PAID_LOSS|2|6|K,H1,X4,H2,H5,X2|1
PAID_LOSS|2|6|K,H2,A,H3,H4,H5|1
PAID_LOSS|2|6|K,H2,H2,H2,J,A|1
PAID_LOSS|2|6|K,H2,H4,J,T,A|1
PAID_LOSS|2|6|K,H2,H5,Q,K,H4|1
PAID_LOSS|2|6|K,H2,J,J,H3,H3|1
PAID_LOSS|2|6|K,H2,K,A,H4,Q|1
PAID_LOSS|2|6|K,H2,K,J,H3,H1|1
PAID_LOSS|2|6|K,H2,Q,H5,H3,T|1
PAID_LOSS|2|6|K,H2,T,Q,A,A|1
PAID_LOSS|2|6|K,H3,A,H3,K,Q|1
PAID_LOSS|2|6|K,H3,H1,H2,K,Q|1
PAID_LOSS|2|6|K,H3,H1,Q,H1,H1|1
PAID_LOSS|2|6|K,H3,H1,Q,H3,T|1
PAID_LOSS|2|6|K,H3,H2,H2,Q,H4|1
PAID_LOSS|2|6|K,H3,H3,H1,A,J|1
PAID_LOSS|2|6|K,H3,H3,T,H4,K|1
PAID_LOSS|2|6|K,H3,K,H3,Q,T|1
PAID_LOSS|2|6|K,H3,Q,J,H2,H1|1
PAID_LOSS|2|6|K,H4,H1,H5,K,Q|1
PAID_LOSS|2|6|K,H4,H4,Q,T,H5|1
PAID_LOSS|2|6|K,H4,H4,T,K,A|1
PAID_LOSS|2|6|K,H4,H5,K,H2,J|1
PAID_LOSS|2|6|K,H4,J,H5,J,A|1
PAID_LOSS|2|6|K,H4,Q,H2,H3,A|1
PAID_LOSS|2|6|K,H5,A,H1,J,H3|1
PAID_LOSS|2|6|K,H5,H2,A,H4,H5|1
PAID_LOSS|2|6|K,H5,H2,H1,H4,H4|1
PAID_LOSS|2|6|K,H5,H2,H2,A,Q|1
PAID_LOSS|2|6|K,H5,H2,H5,H5,H1|1
PAID_LOSS|2|6|K,H5,H3,Q,K,J|1
PAID_LOSS|2|6|K,H5,H4,A,H3,H4|1
PAID_LOSS|2|6|K,H5,H4,H5,H4,H5|1
PAID_LOSS|2|6|K,H5,H4,H5,H5,T|1
PAID_LOSS|2|6|K,H5,H5,H3,H3,J|1
PAID_LOSS|2|6|K,H5,Q,T,J,H2|1
PAID_LOSS|2|6|K,J,A,H2,Q,H2|1
PAID_LOSS|2|6|K,J,A,H5,H1,K|1
PAID_LOSS|2|6|K,J,A,K,T,H2|1
PAID_LOSS|2|6|K,J,A,K,X4,Q|1
PAID_LOSS|2|6|K,J,H2,T,T,J|1
PAID_LOSS|2|6|K,J,H3,T,Q,H4|1
PAID_LOSS|2|6|K,J,H5,H4,A,Q|1
PAID_LOSS|2|6|K,J,H5,H4,H5,A|1
PAID_LOSS|2|6|K,J,J,H2,J,H4|1
PAID_LOSS|2|6|K,J,K,H4,J,H5|1
PAID_LOSS|2|6|K,J,Q,J,H3,H3|1
PAID_LOSS|2|6|K,J,T,A,Q,Q|1
PAID_LOSS|2|6|K,K,A,T,H1,Q|1
PAID_LOSS|2|6|K,K,A,T,J,H5|1
PAID_LOSS|2|6|K,K,H3,T,Scat,H5|1
PAID_LOSS|2|6|K,K,H4,K,H1,A|1
PAID_LOSS|2|6|K,K,Q,H2,T,H2|1
PAID_LOSS|2|6|K,K,Q,T,H3,H2|1
PAID_LOSS|2|6|K,K,T,K,H1,H4|1
PAID_LOSS|2|6|K,Q,H1,H1,H2,K|1
PAID_LOSS|2|6|K,Q,H1,H1,K,H2|1
PAID_LOSS|2|6|K,Q,H2,H2,H3,H5|1
PAID_LOSS|2|6|K,Q,H2,T,H3,J|1
PAID_LOSS|2|6|K,Q,H3,H3,H1,H2|1
PAID_LOSS|2|6|K,Q,Q,A,T,T|1
PAID_LOSS|2|6|K,Q,T,J,H2,H5|1
PAID_LOSS|2|6|K,Q,T,Scat,H5,Q|1
PAID_LOSS|2|6|K,T,A,H2,T,K|1
PAID_LOSS|2|6|K,T,H1,H2,K,H3|1
PAID_LOSS|2|6|K,T,H1,H3,K,H1|1
PAID_LOSS|2|6|K,T,H2,H2,H1,H2|1
PAID_LOSS|2|6|K,T,H3,K,Q,H1|1
PAID_LOSS|2|6|K,T,H4,H4,H3,H5|1
PAID_LOSS|2|6|K,T,H4,J,H3,K|1
PAID_LOSS|2|6|K,T,T,A,H2,H2|1
PAID_LOSS|2|6|K,X2,H4,T,T,H5|1
PAID_LOSS|2|6|K,X2,H5,T,H2,T|1
PAID_LOSS|2|6|Q,A,H1,H3,Q,Q|1
PAID_LOSS|2|6|Q,A,H3,Q,H5,H3|1
PAID_LOSS|2|6|Q,A,H5,A,H5,H2|1
PAID_LOSS|2|6|Q,A,J,A,K,A|1
PAID_LOSS|2|6|Q,A,J,H3,K,H5|1
PAID_LOSS|2|6|Q,H1,A,H3,Q,K|1
PAID_LOSS|2|6|Q,H1,A,K,H2,A|1
PAID_LOSS|2|6|Q,H1,H2,H1,T,H1|1
PAID_LOSS|2|6|Q,H1,H2,H2,H4,H2|1
PAID_LOSS|2|6|Q,H1,H3,J,H3,Q|1
PAID_LOSS|2|6|Q,H1,H4,A,Q,H5|1
PAID_LOSS|2|6|Q,H1,H4,Q,X2,H2|1
PAID_LOSS|2|6|Q,H1,J,K,H4,H5|1
PAID_LOSS|2|6|Q,H1,J,T,H1,H1|1
PAID_LOSS|2|6|Q,H1,K,T,Q,H4|1
PAID_LOSS|2|6|Q,H1,T,H4,H5,Q|1
PAID_LOSS|2|6|Q,H2,H1,H2,H4,Q|1
PAID_LOSS|2|6|Q,H2,H3,H5,X3,H1|1
PAID_LOSS|2|6|Q,H2,H3,J,H3,K|1
PAID_LOSS|2|6|Q,H2,H5,T,H5,J|1
PAID_LOSS|2|6|Q,H2,K,J,T,A|1
PAID_LOSS|2|6|Q,H3,H3,J,K,H1|1
PAID_LOSS|2|6|Q,H3,Q,A,J,T|1
PAID_LOSS|2|6|Q,H3,Q,J,H1,H2|1
PAID_LOSS|2|6|Q,H4,H1,H4,Q,A|1
PAID_LOSS|2|6|Q,H4,H3,T,H2,H1|1
PAID_LOSS|2|6|Q,H4,H4,H1,H3,H4|1
PAID_LOSS|2|6|Q,H4,H4,T,H2,J|1
PAID_LOSS|2|6|Q,H4,H5,H2,A,H3|1
PAID_LOSS|2|6|Q,H4,J,H5,H1,H4|1
PAID_LOSS|2|6|Q,H5,A,A,H2,H4|1
PAID_LOSS|2|6|Q,H5,H2,X4,H2,K|1
PAID_LOSS|2|6|Q,H5,H3,H1,Q,H5|1
PAID_LOSS|2|6|Q,H5,H3,H4,H3,H2|1
PAID_LOSS|2|6|Q,H5,H4,J,Q,Q|1
PAID_LOSS|2|6|Q,H5,H5,A,A,H5|1
PAID_LOSS|2|6|Q,H5,Q,A,H5,Q|1
PAID_LOSS|2|6|Q,H5,Q,H1,T,Q|1
PAID_LOSS|2|6|Q,H5,Scat,H5,H5,H1|1
PAID_LOSS|2|6|Q,J,H3,J,Q,T|1
PAID_LOSS|2|6|Q,J,H4,A,H4,H3|1
PAID_LOSS|2|6|Q,J,J,A,H4,K|1
PAID_LOSS|2|6|Q,J,T,H4,J,H5|1
PAID_LOSS|2|6|Q,J,T,H5,H1,J|1
PAID_LOSS|2|6|Q,K,H1,Q,H2,A|1
PAID_LOSS|2|6|Q,K,H2,H1,H1,Q|1
PAID_LOSS|2|6|Q,K,H3,K,H5,H5|1
PAID_LOSS|2|6|Q,K,H4,H3,H5,J|1
PAID_LOSS|2|6|Q,K,H5,H2,T,K|1
PAID_LOSS|2|6|Q,K,H5,H5,T,H5|1
PAID_LOSS|2|6|Q,K,J,H4,A,H3|1
PAID_LOSS|2|6|Q,K,Q,H2,T,T|1
PAID_LOSS|2|6|Q,K,T,H2,H1,Q|1
PAID_LOSS|2|6|Q,K,T,H5,X3,A|1
PAID_LOSS|2|6|Q,K,X3,X4,H1,H5|1
PAID_LOSS|2|6|Q,Q,H2,X4,H5,H2|1
PAID_LOSS|2|6|Q,Q,H4,T,H2,H3|1
PAID_LOSS|2|6|Q,Q,J,J,J,T|1
PAID_LOSS|2|6|Q,Q,K,H1,Q,K|1
PAID_LOSS|2|6|Q,Q,Q,A,A,T|1
PAID_LOSS|2|6|Q,Q,T,T,J,A|1
PAID_LOSS|2|6|Q,T,H1,H2,T,A|1
PAID_LOSS|2|6|Q,T,H4,J,H4,K|1
PAID_LOSS|2|6|Q,T,H5,H5,H4,H4|1
PAID_LOSS|2|6|Q,T,K,H5,T,H5|1
PAID_LOSS|2|6|Q,T,Q,H1,H2,T|1
PAID_LOSS|2|6|Q,T,T,H3,A,H4|1
PAID_LOSS|2|6|Scat,A,H4,K,Q,H4|1
PAID_LOSS|2|6|Scat,H1,H3,K,H3,T|1
PAID_LOSS|2|6|Scat,H1,H5,J,Q,H1|1
PAID_LOSS|2|6|Scat,H2,A,J,T,H4|1
PAID_LOSS|2|6|Scat,H4,J,H2,J,Q|1
PAID_LOSS|2|6|Scat,H5,Q,H3,Q,H5|1
PAID_LOSS|2|6|Scat,J,H2,Q,H2,Q|1
PAID_LOSS|2|6|Scat,K,H1,H4,H2,A|1
PAID_LOSS|2|6|Scat,T,A,J,A,Q|1
PAID_LOSS|2|6|T,A,A,H5,H1,H4|1
PAID_LOSS|2|6|T,A,A,K,H5,H2|1
PAID_LOSS|2|6|T,A,H1,Q,J,H3|1
PAID_LOSS|2|6|T,A,H4,H3,J,H1|1
PAID_LOSS|2|6|T,A,H4,H4,X3,T|1
PAID_LOSS|2|6|T,A,H4,Q,Q,Q|1
PAID_LOSS|2|6|T,A,H5,H3,T,A|1
PAID_LOSS|2|6|T,H1,A,J,H5,A|1
PAID_LOSS|2|6|T,H1,H2,H2,Scat,H2|1
PAID_LOSS|2|6|T,H1,H3,H3,H5,H2|1
PAID_LOSS|2|6|T,H1,H4,H4,H1,H5|1
PAID_LOSS|2|6|T,H1,H5,T,A,K|1
PAID_LOSS|2|6|T,H1,J,K,K,Q|1
PAID_LOSS|2|6|T,H1,J,Q,T,H2|1
PAID_LOSS|2|6|T,H1,Q,H1,Q,Q|1
PAID_LOSS|2|6|T,H2,A,H3,H2,H5|1
PAID_LOSS|2|6|T,H2,A,K,H3,H4|1
PAID_LOSS|2|6|T,H2,A,T,H4,H3|1
PAID_LOSS|2|6|T,H2,H1,Q,T,H4|1
PAID_LOSS|2|6|T,H2,H3,T,H1,H5|1
PAID_LOSS|2|6|T,H2,H5,H4,H4,H5|1
PAID_LOSS|2|6|T,H2,H5,H5,T,H3|1
PAID_LOSS|2|6|T,H2,K,H4,Q,H4|1
PAID_LOSS|2|6|T,H2,K,K,H2,K|1
PAID_LOSS|2|6|T,H2,K,Q,H3,Q|1
PAID_LOSS|2|6|T,H2,K,T,H2,H1|1
PAID_LOSS|2|6|T,H2,K,T,H2,X3|1
PAID_LOSS|2|6|T,H2,K,T,H5,H2|1
PAID_LOSS|2|6|T,H3,A,Q,H5,H2|1
PAID_LOSS|2|6|T,H3,H1,H2,H3,A|1
PAID_LOSS|2|6|T,H3,H1,H2,K,Q|1
PAID_LOSS|2|6|T,H3,H2,H3,H2,X2|1
PAID_LOSS|2|6|T,H3,H2,H4,K,H1|1
PAID_LOSS|2|6|T,H3,H3,H4,Q,A|1
PAID_LOSS|2|6|T,H3,H5,H1,H4,H1|1
PAID_LOSS|2|6|T,H3,Q,H3,H4,H4|1
PAID_LOSS|2|6|T,H3,Q,J,H5,H5|1
PAID_LOSS|2|6|T,H3,T,K,H2,K|1
PAID_LOSS|2|6|T,H4,A,H3,H3,Q|1
PAID_LOSS|2|6|T,H4,H1,T,A,T|1
PAID_LOSS|2|6|T,H4,H1,T,T,H4|1
PAID_LOSS|2|6|T,H4,H3,H4,H4,H1|1
PAID_LOSS|2|6|T,H4,J,T,Q,T|1
PAID_LOSS|2|6|T,H4,T,A,H4,H2|1
PAID_LOSS|2|6|T,H4,T,H3,K,A|1
PAID_LOSS|2|6|T,H4,T,J,A,H1|1
PAID_LOSS|2|6|T,H4,T,Q,H1,Q|1
PAID_LOSS|2|6|T,H5,A,H3,H5,Scat|1
PAID_LOSS|2|6|T,H5,A,J,T,K|1
PAID_LOSS|2|6|T,H5,H1,A,J,T|1
PAID_LOSS|2|6|T,H5,H1,H2,H4,H5|1
PAID_LOSS|2|6|T,H5,H2,J,H2,H3|1
PAID_LOSS|2|6|T,H5,H2,T,H5,H4|1
PAID_LOSS|2|6|T,H5,H3,H5,H4,T|1
PAID_LOSS|2|6|T,H5,H4,H2,Q,J|1
PAID_LOSS|2|6|T,H5,H4,H5,H1,H3|1
PAID_LOSS|2|6|T,H5,J,T,A,J|1
PAID_LOSS|2|6|T,H5,K,H1,H3,X2|1
PAID_LOSS|2|6|T,H5,Q,H2,H5,H2|1
PAID_LOSS|2|6|T,H5,Q,H2,K,K|1
PAID_LOSS|2|6|T,H5,X2,H1,Q,H5|1
PAID_LOSS|2|6|T,J,A,H5,K,Q|1
PAID_LOSS|2|6|T,J,H2,K,K,H4|1
PAID_LOSS|2|6|T,J,H3,H4,T,K|1
PAID_LOSS|2|6|T,J,H5,H3,H4,H4|1
PAID_LOSS|2|6|T,J,H5,K,H2,H1|1
PAID_LOSS|2|6|T,J,K,H1,A,A|1
PAID_LOSS|2|6|T,J,Q,H1,H4,H4|1
PAID_LOSS|2|6|T,K,A,A,H3,T|1
PAID_LOSS|2|6|T,K,A,H1,H4,H1|1
PAID_LOSS|2|6|T,K,A,Q,Q,A|1
PAID_LOSS|2|6|T,K,H1,A,H1,H5|1
PAID_LOSS|2|6|T,K,H3,T,K,H4|1
PAID_LOSS|2|6|T,K,H4,H1,H3,H2|1
PAID_LOSS|2|6|T,K,H4,Q,Q,H1|1
PAID_LOSS|2|6|T,K,H4,T,H2,H4|1
PAID_LOSS|2|6|T,K,J,H1,A,H5|1
PAID_LOSS|2|6|T,K,J,H3,X3,H3|1
PAID_LOSS|2|6|T,K,J,T,K,J|1
PAID_LOSS|2|6|T,K,Q,Q,H3,H1|1
PAID_LOSS|2|6|T,K,Q,X2,H3,H2|1
PAID_LOSS|2|6|T,Q,A,H2,H2,H1|1
PAID_LOSS|2|6|T,Q,A,K,H3,Q|1
PAID_LOSS|2|6|T,Q,A,T,J,H4|1
PAID_LOSS|2|6|T,Q,H1,H4,H1,H5|1
PAID_LOSS|2|6|T,Q,H3,H2,J,H2|1
PAID_LOSS|2|6|T,Q,H3,T,H2,H2|1
PAID_LOSS|2|6|T,Q,H4,H3,H4,Q|1
PAID_LOSS|2|6|T,Q,H4,Q,Q,H3|1
PAID_LOSS|2|6|T,Q,K,H1,J,H3|1
PAID_LOSS|2|6|T,Q,T,A,H2,H4|1
PAID_LOSS|2|6|T,Q,T,Q,K,Q|1
PAID_LOSS|2|6|T,Scat,H5,A,K,H3|1
PAID_LOSS|2|6|T,T,H1,A,H3,H1|1
PAID_LOSS|2|6|T,T,H1,K,J,H4|1
PAID_LOSS|2|6|T,T,H3,A,T,K|1
PAID_LOSS|2|6|T,T,K,H3,H5,H4|1
PAID_LOSS|2|6|T,T,Q,H2,Q,H5|1
PAID_LOSS|2|6|T,T,Scat,T,J,H4|1
PAID_LOSS|2|6|T,T,X2,H4,Q,H5|1
PAID_LOSS|2|6|T,X2,T,H3,H4,J|1
PAID_LOSS|2|6|T,X3,H2,Q,A,H5|1
PAID_LOSS|2|6|X2,H2,Q,K,Q,K|1
PAID_LOSS|2|6|X3,H2,T,H3,J,H4|1
PAID_LOSS|2|6|X3,H5,A,K,K,H4|1
PAID_LOSS|3|6|A,A,H1,H5,H3,H1|1
PAID_LOSS|3|6|A,A,H2,J,H4,K|1
PAID_LOSS|3|6|A,A,H2,K,J,Q|1
PAID_LOSS|3|6|A,A,H4,H5,H2,H3|1
PAID_LOSS|3|6|A,A,H5,H4,H1,K|1
PAID_LOSS|3|6|A,A,J,A,A,H1|1
PAID_LOSS|3|6|A,A,J,H3,H2,A|1
PAID_LOSS|3|6|A,A,J,H3,H4,Q|1
PAID_LOSS|3|6|A,A,T,Q,H5,T|1
PAID_LOSS|3|6|A,H1,A,H4,H1,J|1
PAID_LOSS|3|6|A,H1,A,H4,H3,H4|1
PAID_LOSS|3|6|A,H1,A,H5,Q,H2|1
PAID_LOSS|3|6|A,H1,H1,H5,J,H3|1
PAID_LOSS|3|6|A,H1,H3,A,H1,A|1
PAID_LOSS|3|6|A,H1,H5,H3,A,K|1
PAID_LOSS|3|6|A,H1,J,H4,Q,H3|1
PAID_LOSS|3|6|A,H1,K,A,Q,H2|1
PAID_LOSS|3|6|A,H1,K,H4,K,H4|1
PAID_LOSS|3|6|A,H1,K,K,H5,H5|1
PAID_LOSS|3|6|A,H2,A,H3,Q,H3|1
PAID_LOSS|3|6|A,H2,H2,H3,T,H5|1
PAID_LOSS|3|6|A,H2,H2,H5,H5,Q|1
PAID_LOSS|3|6|A,H2,H3,Q,H3,H4|1
PAID_LOSS|3|6|A,H2,H4,T,A,H1|1
PAID_LOSS|3|6|A,H2,H5,A,Q,H2|1
PAID_LOSS|3|6|A,H2,J,A,A,J|1
PAID_LOSS|3|6|A,H2,J,K,H4,H5|1
PAID_LOSS|3|6|A,H2,J,T,H1,H2|1
PAID_LOSS|3|6|A,H2,K,Q,H3,H1|1
PAID_LOSS|3|6|A,H2,Q,J,H3,T|1
PAID_LOSS|3|6|A,H2,T,A,H2,H5|1
PAID_LOSS|3|6|A,H2,T,Q,T,H2|1
PAID_LOSS|3|6|A,H3,H1,H3,J,H4|1
PAID_LOSS|3|6|A,H3,H3,T,H3,H5|1
PAID_LOSS|3|6|A,H3,H5,A,H2,A|1
PAID_LOSS|3|6|A,H3,J,T,H5,K|1
PAID_LOSS|3|6|A,H3,K,H5,H4,H3|1
PAID_LOSS|3|6|A,H3,Q,H2,H4,J|1
PAID_LOSS|3|6|A,H3,T,H2,J,H4|1
PAID_LOSS|3|6|A,H4,A,A,K,H2|1
PAID_LOSS|3|6|A,H4,H1,J,J,J|1
PAID_LOSS|3|6|A,H4,H2,T,H1,H4|1
PAID_LOSS|3|6|A,H4,H3,K,H3,K|1
PAID_LOSS|3|6|A,H4,H3,Q,H5,H4|1
PAID_LOSS|3|6|A,H4,H3,Q,J,H5|1
PAID_LOSS|3|6|A,H4,H3,T,J,H2|1
PAID_LOSS|3|6|A,H4,H4,H2,H1,H1|1
PAID_LOSS|3|6|A,H4,H5,Q,H5,H4|1
PAID_LOSS|3|6|A,H4,K,H4,H3,H4|1
PAID_LOSS|3|6|A,H4,K,H5,K,H1|1
PAID_LOSS|3|6|A,H4,T,A,Q,H5|1
PAID_LOSS|3|6|A,H5,H4,A,H2,H5|1
PAID_LOSS|3|6|A,H5,H5,H4,J,H4|1
PAID_LOSS|3|6|A,H5,H5,T,J,H3|1
PAID_LOSS|3|6|A,H5,J,A,H5,H1|1
PAID_LOSS|3|6|A,J,A,J,H4,H5|1
PAID_LOSS|3|6|A,J,A,Q,H1,A|1
PAID_LOSS|3|6|A,J,H1,J,Q,Q|1
PAID_LOSS|3|6|A,J,H3,T,H3,H5|1
PAID_LOSS|3|6|A,J,H4,A,H1,Q|1
PAID_LOSS|3|6|A,J,H4,K,T,H2|1
PAID_LOSS|3|6|A,J,H5,H2,H1,H2|1
PAID_LOSS|3|6|A,J,J,H2,T,K|1
PAID_LOSS|3|6|A,J,J,H4,H2,H1|1
PAID_LOSS|3|6|A,J,K,H4,J,T|1
PAID_LOSS|3|6|A,J,T,A,Q,H1|1
PAID_LOSS|3|6|A,J,T,T,A,T|1
PAID_LOSS|3|6|A,K,A,A,J,K|1
PAID_LOSS|3|6|A,K,H2,A,T,Q|1
PAID_LOSS|3|6|A,K,H2,H2,J,H2|1
PAID_LOSS|3|6|A,K,H3,H2,H2,H1|1
PAID_LOSS|3|6|A,K,H3,H4,K,Q|1
PAID_LOSS|3|6|A,K,H4,H5,H1,A|1
PAID_LOSS|3|6|A,K,J,K,A,H2|1
PAID_LOSS|3|6|A,K,K,H3,T,A|1
PAID_LOSS|3|6|A,K,T,H2,A,J|1
PAID_LOSS|3|6|A,Q,H3,H4,H5,H1|1
PAID_LOSS|3|6|A,Q,H3,T,K,H2|1
PAID_LOSS|3|6|A,Q,K,H1,H3,H3|1
PAID_LOSS|3|6|A,Scat,Q,J,H1,Q|1
PAID_LOSS|3|6|A,T,H1,H2,H4,H4|1
PAID_LOSS|3|6|A,T,H4,H2,J,H1|1
PAID_LOSS|3|6|A,T,H5,H2,H2,H4|1
PAID_LOSS|3|6|A,T,J,H1,J,H3|1
PAID_LOSS|3|6|A,T,K,A,H4,J|1
PAID_LOSS|3|6|A,T,Q,H1,H2,Q|1
PAID_LOSS|3|6|A,T,Q,J,H3,T|1
PAID_LOSS|3|6|A,X4,H5,Q,Q,T|1
PAID_LOSS|3|6|A,X4,Q,J,H5,A|1
PAID_LOSS|3|6|H1,A,H1,H4,K,H1|1
PAID_LOSS|3|6|H1,A,H2,K,H3,Q|1
PAID_LOSS|3|6|H1,A,H4,H2,J,H3|1
PAID_LOSS|3|6|H1,A,K,T,A,H3|1
PAID_LOSS|3|6|H1,H1,H2,H5,K,Q|1
PAID_LOSS|3|6|H1,H1,H2,J,H5,H5|1
PAID_LOSS|3|6|H1,H1,H2,T,K,J|1
PAID_LOSS|3|6|H1,H1,H4,T,H1,Q|1
PAID_LOSS|3|6|H1,H1,J,H5,Q,H2|1
PAID_LOSS|3|6|H1,H1,J,T,H3,Q|1
PAID_LOSS|3|6|H1,H1,K,H5,H2,Q|1
PAID_LOSS|3|6|H1,H1,T,A,H3,H2|1
PAID_LOSS|3|6|H1,H2,H3,Q,H2,Q|1
PAID_LOSS|3|6|H1,H2,H4,H1,A,Q|1
PAID_LOSS|3|6|H1,H2,H4,H2,H2,H4|1
PAID_LOSS|3|6|H1,H2,J,H2,H1,H3|1
PAID_LOSS|3|6|H1,H2,Q,H4,A,K|1
PAID_LOSS|3|6|H1,H2,T,Q,A,H3|1
PAID_LOSS|3|6|H1,H3,H3,Q,H1,H3|1
PAID_LOSS|3|6|H1,H3,H3,Q,Q,H2|1
PAID_LOSS|3|6|H1,H3,J,H2,K,Q|1
PAID_LOSS|3|6|H1,H4,H1,J,Scat,J|1
PAID_LOSS|3|6|H1,H4,H2,H2,Q,H5|1
PAID_LOSS|3|6|H1,H4,H5,Q,H1,H4|1
PAID_LOSS|3|6|H1,H4,J,A,H5,K|1
PAID_LOSS|3|6|H1,H4,J,J,Q,H5|1
PAID_LOSS|3|6|H1,H4,Q,H3,J,J|1
PAID_LOSS|3|6|H1,H4,Q,X4,T,T|1
PAID_LOSS|3|6|H1,H5,A,H5,H4,H3|1
PAID_LOSS|3|6|H1,H5,A,J,H3,H3|1
PAID_LOSS|3|6|H1,H5,H3,H4,H2,H3|1
PAID_LOSS|3|6|H1,H5,H4,H1,J,H2|1
PAID_LOSS|3|6|H1,H5,Q,A,A,K|1
PAID_LOSS|3|6|H1,H5,T,H2,Q,H4|1
PAID_LOSS|3|6|H1,H5,T,H3,A,T|1
PAID_LOSS|3|6|H1,J,H1,J,H3,A|1
PAID_LOSS|3|6|H1,J,Q,Q,Q,Q|1
PAID_LOSS|3|6|H1,K,A,H2,H1,J|1
PAID_LOSS|3|6|H1,K,H1,A,J,H1|1
PAID_LOSS|3|6|H1,K,H1,H2,H3,K|1
PAID_LOSS|3|6|H1,K,H2,H5,J,H3|1
PAID_LOSS|3|6|H1,K,H3,A,H3,H5|1
PAID_LOSS|3|6|H1,K,H3,H1,H5,J|1
PAID_LOSS|3|6|H1,K,H4,H4,J,Q|1
PAID_LOSS|3|6|H1,K,H4,H5,H1,H1|1
PAID_LOSS|3|6|H1,K,H4,K,Q,J|1
PAID_LOSS|3|6|H1,K,H4,K,T,K|1
PAID_LOSS|3|6|H1,K,H5,H2,Q,T|1
PAID_LOSS|3|6|H1,K,J,H4,A,H2|1
PAID_LOSS|3|6|H1,K,J,J,A,J|1
PAID_LOSS|3|6|H1,K,Q,H2,H2,H1|1
PAID_LOSS|3|6|H1,K,Q,J,H5,Q|1
PAID_LOSS|3|6|H1,Q,H3,J,J,H3|1
PAID_LOSS|3|6|H1,Q,H4,J,H1,Q|1
PAID_LOSS|3|6|H1,Q,K,H1,T,H4|1
PAID_LOSS|3|6|H1,Q,T,H2,J,H2|1
PAID_LOSS|3|6|H1,Q,T,H4,Q,T|1
PAID_LOSS|3|6|H1,Q,T,K,K,J|1
PAID_LOSS|3|6|H1,T,A,H2,T,J|1
PAID_LOSS|3|6|H1,T,A,Q,Q,H1|1
PAID_LOSS|3|6|H1,T,H2,H5,Q,J|1
PAID_LOSS|3|6|H1,T,H5,H2,H1,Q|1
PAID_LOSS|3|6|H1,T,H5,Q,A,T|1
PAID_LOSS|3|6|H1,T,K,H1,Q,Q|1
PAID_LOSS|3|6|H1,T,K,X2,K,J|1
PAID_LOSS|3|6|H1,T,Q,H1,Q,K|1
PAID_LOSS|3|6|H1,T,T,H5,H4,H1|1
PAID_LOSS|3|6|H2,A,A,J,H3,H5|1
PAID_LOSS|3|6|H2,A,H1,H4,H4,K|1
PAID_LOSS|3|6|H2,A,H2,H1,K,A|1
PAID_LOSS|3|6|H2,A,H4,A,A,Q|1
PAID_LOSS|3|6|H2,A,H4,T,K,K|1
PAID_LOSS|3|6|H2,A,H4,X2,H3,H3|1
PAID_LOSS|3|6|H2,A,H5,H5,H2,H4|1
PAID_LOSS|3|6|H2,A,J,H2,H3,H2|1
PAID_LOSS|3|6|H2,A,T,H5,H1,Q|1
PAID_LOSS|3|6|H2,A,T,Q,H4,T|1
PAID_LOSS|3|6|H2,H1,A,H3,J,H4|1
PAID_LOSS|3|6|H2,H1,A,J,H5,H4|1
PAID_LOSS|3|6|H2,H1,A,K,A,A|1
PAID_LOSS|3|6|H2,H1,H1,A,Q,H5|1
PAID_LOSS|3|6|H2,H1,H1,H3,A,H3|1
PAID_LOSS|3|6|H2,H1,H1,H5,H4,Q|1
PAID_LOSS|3|6|H2,H1,H1,K,Q,A|1
PAID_LOSS|3|6|H2,H1,H1,Q,H3,A|1
PAID_LOSS|3|6|H2,H1,H2,H5,H2,A|1
PAID_LOSS|3|6|H2,H1,H2,J,J,T|1
PAID_LOSS|3|6|H2,H1,H2,K,J,Q|1
PAID_LOSS|3|6|H2,H1,H4,H2,H4,Q|1
PAID_LOSS|3|6|H2,H1,H4,H3,H4,H4|1
PAID_LOSS|3|6|H2,H1,K,J,K,T|1
PAID_LOSS|3|6|H2,H1,Q,H3,K,H5|1
PAID_LOSS|3|6|H2,H1,Q,H4,H5,Scat|1
PAID_LOSS|3|6|H2,H1,Q,T,H2,H1|1
PAID_LOSS|3|6|H2,H2,A,H1,K,H1|1
PAID_LOSS|3|6|H2,H2,H3,H2,H2,Q|1
PAID_LOSS|3|6|H2,H2,J,H2,H4,H1|1
PAID_LOSS|3|6|H2,H2,Q,H4,T,A|1
PAID_LOSS|3|6|H2,H2,T,H2,K,T|1
PAID_LOSS|3|6|H2,H2,T,H4,H4,H3|1
PAID_LOSS|3|6|H2,H3,A,K,Q,H1|1
PAID_LOSS|3|6|H2,H3,H3,Q,K,H4|1
PAID_LOSS|3|6|H2,H3,H5,H1,A,X2|1
PAID_LOSS|3|6|H2,H3,H5,H5,K,H2|1
PAID_LOSS|3|6|H2,H3,H5,K,H3,J|1
PAID_LOSS|3|6|H2,H3,J,H5,H1,K|1
PAID_LOSS|3|6|H2,H3,J,Q,H2,A|1
PAID_LOSS|3|6|H2,H3,K,H3,A,H4|1
PAID_LOSS|3|6|H2,H3,Q,Q,H2,J|1
PAID_LOSS|3|6|H2,H3,T,T,H1,H2|1
PAID_LOSS|3|6|H2,H4,H3,J,H3,H3|1
PAID_LOSS|3|6|H2,H4,H4,H5,J,H1|1
PAID_LOSS|3|6|H2,H4,J,Q,H4,H2|1
PAID_LOSS|3|6|H2,H4,J,T,K,A|1
PAID_LOSS|3|6|H2,H4,K,A,T,H2|1
PAID_LOSS|3|6|H2,H4,Q,T,H2,A|1
PAID_LOSS|3|6|H2,H4,Scat,A,A,A|1
PAID_LOSS|3|6|H2,H4,T,K,A,J|1
PAID_LOSS|3|6|H2,H5,A,Q,K,H2|1
PAID_LOSS|3|6|H2,H5,H1,A,K,H5|1
PAID_LOSS|3|6|H2,H5,H2,H3,H4,H2|1
PAID_LOSS|3|6|H2,H5,H4,K,A,T|1
PAID_LOSS|3|6|H2,H5,K,H1,H2,Q|1
PAID_LOSS|3|6|H2,H5,K,T,H2,K|1
PAID_LOSS|3|6|H2,H5,T,H1,H5,J|1
PAID_LOSS|3|6|H2,H5,T,H2,H5,Q|1
PAID_LOSS|3|6|H2,H5,T,T,H2,J|1
PAID_LOSS|3|6|H2,J,H1,J,A,H4|1
PAID_LOSS|3|6|H2,J,H3,A,Q,A|1
PAID_LOSS|3|6|H2,J,H3,J,A,H5|1
PAID_LOSS|3|6|H2,J,H4,J,H4,J|1
PAID_LOSS|3|6|H2,J,J,K,H1,H5|1
PAID_LOSS|3|6|H2,J,T,H4,Q,K|1
PAID_LOSS|3|6|H2,J,T,Q,H2,A|1
PAID_LOSS|3|6|H2,K,A,H1,H5,A|1
PAID_LOSS|3|6|H2,K,H2,H3,H4,H2|1
PAID_LOSS|3|6|H2,K,H2,Q,J,H4|1
PAID_LOSS|3|6|H2,K,H5,H5,H3,H2|1
PAID_LOSS|3|6|H2,K,K,H1,H1,H3|1
PAID_LOSS|3|6|H2,K,Q,H2,H3,H3|1
PAID_LOSS|3|6|H2,K,Q,K,T,T|1
PAID_LOSS|3|6|H2,K,Q,T,H5,K|1
PAID_LOSS|3|6|H2,K,T,H1,H5,H3|1
PAID_LOSS|3|6|H2,K,T,T,H3,H5|1
PAID_LOSS|3|6|H2,Q,A,H5,H4,H5|1
PAID_LOSS|3|6|H2,Q,A,T,H2,K|1
PAID_LOSS|3|6|H2,Q,H2,A,Q,J|1
PAID_LOSS|3|6|H2,Q,H2,H4,H1,H1|1
PAID_LOSS|3|6|H2,Q,H2,J,Q,H4|1
PAID_LOSS|3|6|H2,Q,H3,A,K,H4|1
PAID_LOSS|3|6|H2,Q,H4,H5,H4,A|1
PAID_LOSS|3|6|H2,Q,H5,H1,H2,Q|1
PAID_LOSS|3|6|H2,Q,H5,H1,Q,H1|1
PAID_LOSS|3|6|H2,Q,H5,H3,H4,H5|1
PAID_LOSS|3|6|H2,Q,H5,H3,K,T|1
PAID_LOSS|3|6|H2,Q,H5,H4,H5,T|1
PAID_LOSS|3|6|H2,Q,J,A,Q,H3|1
PAID_LOSS|3|6|H2,Q,J,H5,H2,K|1
PAID_LOSS|3|6|H2,Q,T,H4,Q,H1|1
PAID_LOSS|3|6|H2,Q,T,K,H5,H1|1
PAID_LOSS|3|6|H2,Scat,A,H2,H2,Q|1
PAID_LOSS|3|6|H2,T,A,H3,A,H4|1
PAID_LOSS|3|6|H2,T,H1,T,J,H1|1
PAID_LOSS|3|6|H2,T,H4,T,A,H4|1
PAID_LOSS|3|6|H2,T,K,H2,H5,H1|1
PAID_LOSS|3|6|H2,T,K,H3,T,A|1
PAID_LOSS|3|6|H2,T,K,H5,Q,H1|1
PAID_LOSS|3|6|H2,T,T,K,H4,J|1
PAID_LOSS|3|6|H3,A,A,J,T,H4|1
PAID_LOSS|3|6|H3,A,A,Q,H2,H2|1
PAID_LOSS|3|6|H3,A,A,T,J,H2|1
PAID_LOSS|3|6|H3,A,H1,A,H5,J|1
PAID_LOSS|3|6|H3,A,H2,H5,H1,H3|1
PAID_LOSS|3|6|H3,A,H2,J,Q,H2|1
PAID_LOSS|3|6|H3,A,H3,H1,J,H4|1
PAID_LOSS|3|6|H3,A,H4,H1,K,J|1
PAID_LOSS|3|6|H3,A,H4,H4,H1,H2|1
PAID_LOSS|3|6|H3,A,H5,H2,H2,H3|1
PAID_LOSS|3|6|H3,A,H5,J,H1,K|1
PAID_LOSS|3|6|H3,A,J,H1,H3,J|1
PAID_LOSS|3|6|H3,A,J,H5,H3,K|1
PAID_LOSS|3|6|H3,A,T,H3,J,T|1
PAID_LOSS|3|6|H3,A,T,Q,H4,H2|1
PAID_LOSS|3|6|H3,H1,A,A,H2,T|1
PAID_LOSS|3|6|H3,H1,A,H3,T,H1|1
PAID_LOSS|3|6|H3,H1,H2,H5,H1,A|1
PAID_LOSS|3|6|H3,H1,H2,K,J,J|1
PAID_LOSS|3|6|H3,H1,H5,T,H2,T|1
PAID_LOSS|3|6|H3,H1,J,A,Q,H2|1
PAID_LOSS|3|6|H3,H1,J,H1,H2,T|1
PAID_LOSS|3|6|H3,H1,J,J,H4,H5|1
PAID_LOSS|3|6|H3,H1,K,J,H5,X4|1
PAID_LOSS|3|6|H3,H1,K,K,J,T|1
PAID_LOSS|3|6|H3,H1,Q,H5,J,H4|1
PAID_LOSS|3|6|H3,H1,T,H1,H5,H2|1
PAID_LOSS|3|6|H3,H2,A,H3,K,K|1
PAID_LOSS|3|6|H3,H2,H4,H1,A,Q|1
PAID_LOSS|3|6|H3,H2,J,A,T,A|1
PAID_LOSS|3|6|H3,H2,J,H2,K,J|1
PAID_LOSS|3|6|H3,H2,J,J,H5,H2|1
PAID_LOSS|3|6|H3,H2,X4,A,J,A|1
PAID_LOSS|3|6|H3,H3,K,K,A,H1|1
PAID_LOSS|3|6|H3,H3,K,Q,H4,A|1
PAID_LOSS|3|6|H3,H3,T,H2,Q,K|1
PAID_LOSS|3|6|H3,H4,A,H4,H2,J|1
PAID_LOSS|3|6|H3,H4,H1,A,Q,H1|1
PAID_LOSS|3|6|H3,H4,H1,H4,H4,A|1
PAID_LOSS|3|6|H3,H4,H2,A,T,T|1
PAID_LOSS|3|6|H3,H4,H2,H2,H1,J|1
PAID_LOSS|3|6|H3,H4,H2,H4,H5,H5|1
PAID_LOSS|3|6|H3,H4,H4,H1,A,J|1
PAID_LOSS|3|6|H3,H4,H5,H3,K,K|1
PAID_LOSS|3|6|H3,H4,H5,J,H5,H5|1
PAID_LOSS|3|6|H3,H4,J,Q,A,H2|1
PAID_LOSS|3|6|H3,H4,K,H1,H1,A|1
PAID_LOSS|3|6|H3,H4,T,K,H1,A|1
PAID_LOSS|3|6|H3,H5,H1,Q,H2,J|1
PAID_LOSS|3|6|H3,H5,H4,Scat,H4,Q|1
PAID_LOSS|3|6|H3,H5,H5,A,A,Q|1
PAID_LOSS|3|6|H3,H5,H5,H2,A,H3|1
PAID_LOSS|3|6|H3,H5,H5,H3,Q,H1|1
PAID_LOSS|3|6|H3,H5,J,H5,A,H2|1
PAID_LOSS|3|6|H3,H5,K,H5,A,J|1
PAID_LOSS|3|6|H3,J,A,H3,Q,A|1
PAID_LOSS|3|6|H3,J,A,K,J,H2|1
PAID_LOSS|3|6|H3,J,H4,Q,H4,H2|1
PAID_LOSS|3|6|H3,J,H4,T,K,H3|1
PAID_LOSS|3|6|H3,J,K,T,H3,H4|1
PAID_LOSS|3|6|H3,J,T,J,J,A|1
PAID_LOSS|3|6|H3,K,H1,H2,H1,A|1
PAID_LOSS|3|6|H3,K,H2,A,K,A|1
PAID_LOSS|3|6|H3,K,H5,H2,H4,H5|1
PAID_LOSS|3|6|H3,K,H5,H4,Q,T|1
PAID_LOSS|3|6|H3,K,J,T,J,A|1
PAID_LOSS|3|6|H3,K,Q,H5,K,A|1
PAID_LOSS|3|6|H3,K,T,H1,H2,K|1
PAID_LOSS|3|6|H3,K,T,H2,H4,K|1
PAID_LOSS|3|6|H3,K,T,Q,H4,H5|1
PAID_LOSS|3|6|H3,Q,H2,H2,A,H1|1
PAID_LOSS|3|6|H3,Q,H3,H1,A,H4|1
PAID_LOSS|3|6|H3,Q,J,Q,H4,J|1
PAID_LOSS|3|6|H3,Q,J,T,Q,K|1
PAID_LOSS|3|6|H3,Scat,A,H1,H4,A|1
PAID_LOSS|3|6|H3,Scat,H5,K,K,J|1
PAID_LOSS|3|6|H3,T,H1,H5,H4,J|1
PAID_LOSS|3|6|H3,T,H4,K,H4,A|1
PAID_LOSS|3|6|H3,T,J,T,Q,H3|1
PAID_LOSS|3|6|H3,T,J,X2,A,H3|1
PAID_LOSS|3|6|H3,T,K,J,Q,K|1
PAID_LOSS|3|6|H3,X2,T,X3,H3,H4|1
PAID_LOSS|3|6|H3,X3,A,H2,H2,Q|1
PAID_LOSS|3|6|H3,X4,H2,H2,Q,H2|1
PAID_LOSS|3|6|H4,A,H1,H3,X3,T|1
PAID_LOSS|3|6|H4,A,H1,J,H5,H3|1
PAID_LOSS|3|6|H4,A,H1,K,H5,X2|1
PAID_LOSS|3|6|H4,A,H2,H4,T,K|1
PAID_LOSS|3|6|H4,A,H4,H1,H1,Q|1
PAID_LOSS|3|6|H4,A,H5,A,H1,A|1
PAID_LOSS|3|6|H4,A,H5,T,H5,H4|1
PAID_LOSS|3|6|H4,A,J,H1,H5,A|1
PAID_LOSS|3|6|H4,A,Q,H2,J,H1|1
PAID_LOSS|3|6|H4,H1,A,J,H4,H3|1
PAID_LOSS|3|6|H4,H1,A,J,J,J|1
PAID_LOSS|3|6|H4,H1,A,K,H3,H2|1
PAID_LOSS|3|6|H4,H1,H1,A,K,Q|1
PAID_LOSS|3|6|H4,H1,H1,H2,A,H1|1
PAID_LOSS|3|6|H4,H1,H3,H2,H2,J|1
PAID_LOSS|3|6|H4,H1,H4,H3,T,Q|1
PAID_LOSS|3|6|H4,H1,H4,H4,H5,Q|1
PAID_LOSS|3|6|H4,H1,H5,H3,K,Q|1
PAID_LOSS|3|6|H4,H1,J,H5,Q,T|1
PAID_LOSS|3|6|H4,H1,J,K,H5,H1|1
PAID_LOSS|3|6|H4,H1,K,Q,J,H5|1
PAID_LOSS|3|6|H4,H2,H1,H5,H5,H1|1
PAID_LOSS|3|6|H4,H2,H2,H2,H4,T|1
PAID_LOSS|3|6|H4,H2,H4,K,H1,A|1
PAID_LOSS|3|6|H4,H2,H5,H3,Q,A|1
PAID_LOSS|3|6|H4,H2,J,H4,J,H4|1
PAID_LOSS|3|6|H4,H2,K,J,J,J|1
PAID_LOSS|3|6|H4,H2,Q,K,H1,J|1
PAID_LOSS|3|6|H4,H3,H1,A,A,K|1
PAID_LOSS|3|6|H4,H3,H1,Q,A,T|1
PAID_LOSS|3|6|H4,H3,H2,T,H1,Q|1
PAID_LOSS|3|6|H4,H3,H3,H1,H5,H1|1
PAID_LOSS|3|6|H4,H3,H3,H5,H2,K|1
PAID_LOSS|3|6|H4,H3,H4,H4,H2,H3|1
PAID_LOSS|3|6|H4,H3,H4,K,J,H3|1
PAID_LOSS|3|6|H4,H3,J,H4,A,H2|1
PAID_LOSS|3|6|H4,H3,K,H1,T,T|1
PAID_LOSS|3|6|H4,H3,K,J,H5,H1|1
PAID_LOSS|3|6|H4,H3,Q,T,J,J|1
PAID_LOSS|3|6|H4,H3,T,J,A,H1|1
PAID_LOSS|3|6|H4,H4,A,H4,Q,H1|1
PAID_LOSS|3|6|H4,H4,A,K,H3,J|1
PAID_LOSS|3|6|H4,H4,H1,H2,H2,Q|1
PAID_LOSS|3|6|H4,H4,H2,A,H3,H2|1
PAID_LOSS|3|6|H4,H4,H2,H1,H1,H5|1
PAID_LOSS|3|6|H4,H4,T,T,H2,A|1
PAID_LOSS|3|6|H4,H5,A,T,H1,H3|1
PAID_LOSS|3|6|H4,H5,H1,Q,J,X3|1
PAID_LOSS|3|6|H4,H5,H3,J,Q,H1|1
PAID_LOSS|3|6|H4,H5,T,H1,H2,H5|1
PAID_LOSS|3|6|H4,J,A,A,H3,H3|1
PAID_LOSS|3|6|H4,J,A,H2,H2,Q|1
PAID_LOSS|3|6|H4,J,A,H5,J,K|1
PAID_LOSS|3|6|H4,J,H2,J,H5,H5|1
PAID_LOSS|3|6|H4,J,H2,Q,H5,T|1
PAID_LOSS|3|6|H4,J,H4,H1,H1,H5|1
PAID_LOSS|3|6|H4,J,H5,A,T,H4|1
PAID_LOSS|3|6|H4,J,H5,H5,H1,J|1
PAID_LOSS|3|6|H4,J,J,A,Q,H2|1
PAID_LOSS|3|6|H4,J,J,H3,A,K|1
PAID_LOSS|3|6|H4,J,K,H4,J,J|1
PAID_LOSS|3|6|H4,J,K,H5,H2,Q|1
PAID_LOSS|3|6|H4,J,T,K,H3,Q|1
PAID_LOSS|3|6|H4,K,A,A,T,H4|1
PAID_LOSS|3|6|H4,K,A,H3,H4,H1|1
PAID_LOSS|3|6|H4,K,H1,H2,H4,A|1
PAID_LOSS|3|6|H4,K,H1,H4,A,H1|1
PAID_LOSS|3|6|H4,K,H1,X2,H5,Q|1
PAID_LOSS|3|6|H4,K,H2,A,Q,H1|1
PAID_LOSS|3|6|H4,K,H2,H5,H4,K|1
PAID_LOSS|3|6|H4,K,H3,H2,H5,J|1
PAID_LOSS|3|6|H4,K,H5,H4,K,T|1
PAID_LOSS|3|6|H4,K,Q,H5,H2,H3|1
PAID_LOSS|3|6|H4,K,Q,K,H4,H3|1
PAID_LOSS|3|6|H4,Q,H1,H4,H5,Scat|1
PAID_LOSS|3|6|H4,Q,H1,Q,K,Scat|1
PAID_LOSS|3|6|H4,Q,H2,Q,Q,T|1
PAID_LOSS|3|6|H4,Q,H4,H2,H4,H2|1
PAID_LOSS|3|6|H4,Q,H4,H5,H1,J|1
PAID_LOSS|3|6|H4,Q,H5,H3,J,H4|1
PAID_LOSS|3|6|H4,Q,H5,K,H3,H2|1
PAID_LOSS|3|6|H4,Q,H5,K,H4,H1|1
PAID_LOSS|3|6|H4,Q,K,H1,H1,A|1
PAID_LOSS|3|6|H4,Q,K,Q,H1,H2|1
PAID_LOSS|3|6|H4,Q,Q,H4,Q,H3|1
PAID_LOSS|3|6|H4,Q,T,T,A,H5|1
PAID_LOSS|3|6|H4,T,A,A,A,T|1
PAID_LOSS|3|6|H4,T,A,H3,J,H1|1
PAID_LOSS|3|6|H4,T,A,K,H4,K|1
PAID_LOSS|3|6|H4,T,H4,Q,H1,H4|1
PAID_LOSS|3|6|H4,T,H5,H3,J,H1|1
PAID_LOSS|3|6|H4,T,H5,J,Q,T|1
PAID_LOSS|3|6|H4,T,K,H2,H3,T|1
PAID_LOSS|3|6|H4,X2,H5,H4,T,H5|1
PAID_LOSS|3|6|H5,A,A,J,H2,J|1
PAID_LOSS|3|6|H5,A,H1,J,T,H5|1
PAID_LOSS|3|6|H5,A,H2,A,K,H4|1
PAID_LOSS|3|6|H5,A,H2,J,X4,Q|1
PAID_LOSS|3|6|H5,A,H2,T,H4,T|1
PAID_LOSS|3|6|H5,A,H4,H1,K,J|1
PAID_LOSS|3|6|H5,A,H4,H4,Q,K|1
PAID_LOSS|3|6|H5,A,H4,H5,Scat,J|1
PAID_LOSS|3|6|H5,A,H5,A,H1,A|1
PAID_LOSS|3|6|H5,A,J,H2,H3,K|1
PAID_LOSS|3|6|H5,A,T,H2,J,A|1
PAID_LOSS|3|6|H5,A,T,J,H5,A|1
PAID_LOSS|3|6|H5,H1,H1,J,J,H3|1
PAID_LOSS|3|6|H5,H1,H2,A,T,A|1
PAID_LOSS|3|6|H5,H1,H3,Q,Q,K|1
PAID_LOSS|3|6|H5,H1,H5,H2,J,H2|1
PAID_LOSS|3|6|H5,H1,J,A,J,A|1
PAID_LOSS|3|6|H5,H1,J,H4,H1,H2|1
PAID_LOSS|3|6|H5,H1,J,H4,J,H1|1
PAID_LOSS|3|6|H5,H1,K,J,H3,K|1
PAID_LOSS|3|6|H5,H1,Q,T,H4,H4|1
PAID_LOSS|3|6|H5,H2,A,H3,H2,K|1
PAID_LOSS|3|6|H5,H2,H1,H2,A,H2|1
PAID_LOSS|3|6|H5,H2,H4,T,H5,H4|1
PAID_LOSS|3|6|H5,H2,J,T,H4,Q|1
PAID_LOSS|3|6|H5,H2,K,H4,H5,A|1
PAID_LOSS|3|6|H5,H2,K,T,H5,H1|1
PAID_LOSS|3|6|H5,H2,Q,H5,H3,H1|1
PAID_LOSS|3|6|H5,H2,T,H5,K,H1|1
PAID_LOSS|3|6|H5,H3,A,T,Q,A|1
PAID_LOSS|3|6|H5,H3,H2,H2,J,H5|1
PAID_LOSS|3|6|H5,H3,H2,Scat,J,H4|1
PAID_LOSS|3|6|H5,H3,H4,A,J,H1|1
PAID_LOSS|3|6|H5,H3,H5,H5,H4,H2|1
PAID_LOSS|3|6|H5,H3,K,K,J,T|1
PAID_LOSS|3|6|H5,H3,Q,K,H3,H2|1
PAID_LOSS|3|6|H5,H3,Q,Q,K,Q|1
PAID_LOSS|3|6|H5,H3,T,H3,A,J|1
PAID_LOSS|3|6|H5,H4,H1,H2,H2,H3|1
PAID_LOSS|3|6|H5,H4,H1,T,K,A|1
PAID_LOSS|3|6|H5,H4,H2,H2,A,H4|1
PAID_LOSS|3|6|H5,H4,H5,A,H3,H3|1
PAID_LOSS|3|6|H5,H4,H5,K,H3,H4|1
PAID_LOSS|3|6|H5,H4,J,T,H4,H1|1
PAID_LOSS|3|6|H5,H4,Q,K,J,H1|1
PAID_LOSS|3|6|H5,H4,T,K,H2,Q|1
PAID_LOSS|3|6|H5,H5,A,H1,T,H4|1
PAID_LOSS|3|6|H5,H5,H2,H3,J,H2|1
PAID_LOSS|3|6|H5,H5,H2,H5,H3,J|1
PAID_LOSS|3|6|H5,H5,H2,Q,Q,J|1
PAID_LOSS|3|6|H5,H5,H3,A,H1,T|1
PAID_LOSS|3|6|H5,H5,J,H3,Q,H1|1
PAID_LOSS|3|6|H5,H5,Q,H3,H4,H1|1
PAID_LOSS|3|6|H5,H5,T,H1,T,H2|1
PAID_LOSS|3|6|H5,H5,T,H3,H4,H4|1
PAID_LOSS|3|6|H5,J,H1,H4,A,H2|1
PAID_LOSS|3|6|H5,J,H2,H3,A,A|1
PAID_LOSS|3|6|H5,J,H5,Q,K,A|1
PAID_LOSS|3|6|H5,J,H5,T,A,H3|1
PAID_LOSS|3|6|H5,J,K,H2,H3,T|1
PAID_LOSS|3|6|H5,J,X3,H5,A,H5|1
PAID_LOSS|3|6|H5,K,A,H2,H2,H5|1
PAID_LOSS|3|6|H5,K,H1,H3,H1,H4|1
PAID_LOSS|3|6|H5,K,H4,A,H4,Q|1
PAID_LOSS|3|6|H5,K,H4,H4,T,H1|1
PAID_LOSS|3|6|H5,K,H5,K,Q,T|1
PAID_LOSS|3|6|H5,K,K,A,Q,H1|1
PAID_LOSS|3|6|H5,K,K,H1,H5,K|1
PAID_LOSS|3|6|H5,K,Q,H1,H1,H5|1
PAID_LOSS|3|6|H5,Q,H3,J,H1,T|1
PAID_LOSS|3|6|H5,Q,H4,K,H1,H4|1
PAID_LOSS|3|6|H5,Q,K,H2,A,K|1
PAID_LOSS|3|6|H5,T,H2,A,J,H2|1
PAID_LOSS|3|6|H5,T,H2,H1,T,H5|1
PAID_LOSS|3|6|H5,T,H2,Q,Q,J|1
PAID_LOSS|3|6|H5,T,H4,A,J,Q|1
PAID_LOSS|3|6|H5,T,H4,Q,T,Q|1
PAID_LOSS|3|6|H5,T,H5,H3,T,Q|1
PAID_LOSS|3|6|H5,T,K,A,K,Scat|1
PAID_LOSS|3|6|H5,T,K,T,Q,K|1
PAID_LOSS|3|6|H5,T,Q,H1,H2,H4|1
PAID_LOSS|3|6|J,A,H3,Q,H5,T|1
PAID_LOSS|3|6|J,A,H5,Q,Q,T|1
PAID_LOSS|3|6|J,A,J,K,A,J|1
PAID_LOSS|3|6|J,A,J,Q,J,K|1
PAID_LOSS|3|6|J,A,J,T,J,H4|1
PAID_LOSS|3|6|J,A,T,Q,K,H1|1
PAID_LOSS|3|6|J,H1,A,H2,H2,T|1
PAID_LOSS|3|6|J,H1,H2,H1,T,H1|1
PAID_LOSS|3|6|J,H1,H3,H4,K,K|1
PAID_LOSS|3|6|J,H1,H3,Q,T,H2|1
PAID_LOSS|3|6|J,H1,H4,H4,K,H3|1
PAID_LOSS|3|6|J,H1,H5,A,T,T|1
PAID_LOSS|3|6|J,H1,J,H1,H5,Q|1
PAID_LOSS|3|6|J,H1,J,T,H5,H5|1
PAID_LOSS|3|6|J,H1,Q,H3,T,H5|1
PAID_LOSS|3|6|J,H1,Q,K,H3,H4|1
PAID_LOSS|3|6|J,H1,T,H4,H1,T|1
PAID_LOSS|3|6|J,H1,X4,H3,H2,K|1
PAID_LOSS|3|6|J,H2,A,H2,H1,H1|1
PAID_LOSS|3|6|J,H2,A,H2,K,K|1
PAID_LOSS|3|6|J,H2,H2,A,H5,H3|1
PAID_LOSS|3|6|J,H2,H3,K,K,K|1
PAID_LOSS|3|6|J,H2,K,H4,Q,H1|1
PAID_LOSS|3|6|J,H2,T,H4,H4,H1|1
PAID_LOSS|3|6|J,H2,T,J,T,Scat|1
PAID_LOSS|3|6|J,H3,A,J,Q,H1|1
PAID_LOSS|3|6|J,H3,A,J,T,H2|1
PAID_LOSS|3|6|J,H3,H3,K,H1,H2|1
PAID_LOSS|3|6|J,H3,H4,K,H5,T|1
PAID_LOSS|3|6|J,H3,K,T,H4,Scat|1
PAID_LOSS|3|6|J,H4,A,H1,A,J|1
PAID_LOSS|3|6|J,H4,A,H4,T,A|1
PAID_LOSS|3|6|J,H4,H1,K,H3,H4|1
PAID_LOSS|3|6|J,H4,H2,H1,H3,H1|1
PAID_LOSS|3|6|J,H4,H4,H3,A,H5|1
PAID_LOSS|3|6|J,H4,K,A,T,H1|1
PAID_LOSS|3|6|J,H4,K,K,J,T|1
PAID_LOSS|3|6|J,H4,K,Scat,H1,H3|1
PAID_LOSS|3|6|J,H4,Q,H3,H1,H1|1
PAID_LOSS|3|6|J,H5,H1,H2,J,J|1
PAID_LOSS|3|6|J,H5,H2,H3,H1,H2|1
PAID_LOSS|3|6|J,H5,H2,H4,H2,H2|1
PAID_LOSS|3|6|J,H5,H2,K,K,T|1
PAID_LOSS|3|6|J,H5,H3,H2,K,H3|1
PAID_LOSS|3|6|J,H5,H5,H1,Q,H1|1
PAID_LOSS|3|6|J,H5,J,H4,H1,H4|1
PAID_LOSS|3|6|J,J,A,H3,K,H5|1
PAID_LOSS|3|6|J,J,A,K,J,K|1
PAID_LOSS|3|6|J,J,H2,J,Q,H4|1
PAID_LOSS|3|6|J,J,H3,K,H2,J|1
PAID_LOSS|3|6|J,J,H5,H2,H4,H1|1
PAID_LOSS|3|6|J,J,H5,H5,H3,H3|1
PAID_LOSS|3|6|J,J,J,K,H1,H1|1
PAID_LOSS|3|6|J,K,H1,H3,K,Q|1
PAID_LOSS|3|6|J,K,H5,H2,Q,Q|1
PAID_LOSS|3|6|J,K,J,Q,H3,H3|1
PAID_LOSS|3|6|J,K,Q,K,J,H4|1
PAID_LOSS|3|6|J,K,Q,K,T,H5|1
PAID_LOSS|3|6|J,K,T,A,H2,J|1
PAID_LOSS|3|6|J,K,T,Q,A,H2|1
PAID_LOSS|3|6|J,Q,H2,H2,J,K|1
PAID_LOSS|3|6|J,Q,H3,A,Q,K|1
PAID_LOSS|3|6|J,Q,H5,J,H2,H2|1
PAID_LOSS|3|6|J,Q,K,H4,A,K|1
PAID_LOSS|3|6|J,Q,K,K,K,H2|1
PAID_LOSS|3|6|J,Q,Q,H1,H3,H5|1
PAID_LOSS|3|6|J,Q,Q,Q,Q,H2|1
PAID_LOSS|3|6|J,Q,T,H1,H5,A|1
PAID_LOSS|3|6|J,Scat,Q,A,H4,H4|1
PAID_LOSS|3|6|J,T,A,H5,H1,K|1
PAID_LOSS|3|6|J,T,H5,H5,H1,H3|1
PAID_LOSS|3|6|J,T,H5,J,H5,H4|1
PAID_LOSS|3|6|J,T,Q,H4,A,Q|1
PAID_LOSS|3|6|J,T,Q,T,H1,X3|1
PAID_LOSS|3|6|J,T,T,J,Q,H2|1
PAID_LOSS|3|6|K,A,H1,Q,H4,T|1
PAID_LOSS|3|6|K,A,J,A,K,H2|1
PAID_LOSS|3|6|K,A,K,H1,H5,H1|1
PAID_LOSS|3|6|K,A,Q,A,K,H1|1
PAID_LOSS|3|6|K,H1,A,H2,H1,A|1
PAID_LOSS|3|6|K,H1,H2,H5,K,J|1
PAID_LOSS|3|6|K,H1,H4,J,H1,H2|1
PAID_LOSS|3|6|K,H1,J,T,Q,A|1
PAID_LOSS|3|6|K,H1,K,H4,H5,A|1
PAID_LOSS|3|6|K,H1,Q,J,K,Q|1
PAID_LOSS|3|6|K,H1,T,T,H1,H4|1
PAID_LOSS|3|6|K,H2,H3,Q,H2,H5|1
PAID_LOSS|3|6|K,H2,H4,T,K,H2|1
PAID_LOSS|3|6|K,H2,K,H1,H5,X4|1
PAID_LOSS|3|6|K,H2,T,H1,H2,A|1
PAID_LOSS|3|6|K,H2,T,J,Q,H3|1
PAID_LOSS|3|6|K,H3,H1,H3,K,K|1
PAID_LOSS|3|6|K,H3,H1,Q,T,T|1
PAID_LOSS|3|6|K,H3,H2,K,A,H1|1
PAID_LOSS|3|6|K,H3,H3,H5,K,H3|1
PAID_LOSS|3|6|K,H3,J,A,K,Q|1
PAID_LOSS|3|6|K,H3,J,H1,H4,Q|1
PAID_LOSS|3|6|K,H3,J,H2,H4,K|1
PAID_LOSS|3|6|K,H3,J,K,H2,K|1
PAID_LOSS|3|6|K,H3,K,T,H3,H1|1
PAID_LOSS|3|6|K,H3,Q,H3,H2,A|1
PAID_LOSS|3|6|K,H4,A,H4,H1,T|1
PAID_LOSS|3|6|K,H4,H2,H3,K,J|1
PAID_LOSS|3|6|K,H4,H4,H2,A,J|1
PAID_LOSS|3|6|K,H4,H5,H4,K,A|1
PAID_LOSS|3|6|K,H4,H5,T,A,J|1
PAID_LOSS|3|6|K,H4,J,T,T,Q|1
PAID_LOSS|3|6|K,H4,X2,J,H1,Q|1
PAID_LOSS|3|6|K,H4,X3,T,A,H4|1
PAID_LOSS|3|6|K,H5,H2,A,Q,H2|1
PAID_LOSS|3|6|K,H5,H2,H4,J,T|1
PAID_LOSS|3|6|K,H5,H3,H5,A,T|1
PAID_LOSS|3|6|K,H5,H4,T,H2,H4|1
PAID_LOSS|3|6|K,H5,H5,H3,T,J|1
PAID_LOSS|3|6|K,H5,H5,H5,K,H2|1
PAID_LOSS|3|6|K,H5,K,H4,H2,H2|1
PAID_LOSS|3|6|K,J,H1,K,H1,K|1
PAID_LOSS|3|6|K,J,H2,K,Q,H2|1
PAID_LOSS|3|6|K,J,H2,Q,H4,Q|1
PAID_LOSS|3|6|K,J,H4,H2,Q,T|1
PAID_LOSS|3|6|K,J,J,H3,H3,H5|1
PAID_LOSS|3|6|K,J,J,K,T,H3|1
PAID_LOSS|3|6|K,J,J,Q,H5,K|1
PAID_LOSS|3|6|K,J,K,Q,H1,H4|1
PAID_LOSS|3|6|K,J,T,H2,H3,H5|1
PAID_LOSS|3|6|K,J,T,H4,H5,H3|1
PAID_LOSS|3|6|K,J,X2,H5,H4,H2|1
PAID_LOSS|3|6|K,K,H1,H4,H4,K|1
PAID_LOSS|3|6|K,K,H2,H1,K,H2|1
PAID_LOSS|3|6|K,K,H2,H5,H4,Q|1
PAID_LOSS|3|6|K,K,H3,A,H2,J|1
PAID_LOSS|3|6|K,K,H3,H5,Q,T|1
PAID_LOSS|3|6|K,K,J,H4,H2,K|1
PAID_LOSS|3|6|K,K,T,A,H4,H5|1
PAID_LOSS|3|6|K,K,T,H3,J,T|1
PAID_LOSS|3|6|K,K,T,J,H2,Q|1
PAID_LOSS|3|6|K,Q,H1,H2,H4,H3|1
PAID_LOSS|3|6|K,Q,H1,H3,H2,Scat|1
PAID_LOSS|3|6|K,Q,H1,K,H2,T|1
PAID_LOSS|3|6|K,Q,H5,H4,T,H4|1
PAID_LOSS|3|6|K,Q,K,H1,A,J|1
PAID_LOSS|3|6|K,Q,Q,H5,H2,Q|1
PAID_LOSS|3|6|K,T,A,H1,H3,K|1
PAID_LOSS|3|6|K,T,H1,H1,A,J|1
PAID_LOSS|3|6|K,T,H1,H1,H4,H5|1
PAID_LOSS|3|6|K,T,H2,A,Q,H5|1
PAID_LOSS|3|6|K,T,H3,T,T,H5|1
PAID_LOSS|3|6|K,T,H4,Q,H2,H1|1
PAID_LOSS|3|6|K,T,J,H5,H3,H2|1
PAID_LOSS|3|6|K,T,J,K,H1,H4|1
PAID_LOSS|3|6|K,T,Q,K,H2,H4|1
PAID_LOSS|3|6|K,T,Q,Q,H3,K|1
PAID_LOSS|3|6|K,T,T,H2,A,H5|1
PAID_LOSS|3|6|K,T,T,H2,H1,H1|1
PAID_LOSS|3|6|K,X2,H5,Q,T,K|1
PAID_LOSS|3|6|Q,A,H1,A,H2,H5|1
PAID_LOSS|3|6|Q,A,H2,A,H3,H2|1
PAID_LOSS|3|6|Q,A,H2,H3,H1,H3|1
PAID_LOSS|3|6|Q,A,H3,A,Q,T|1
PAID_LOSS|3|6|Q,A,H3,H3,H1,A|1
PAID_LOSS|3|6|Q,A,H3,T,H2,Q|1
PAID_LOSS|3|6|Q,A,H3,T,H3,H4|1
PAID_LOSS|3|6|Q,A,H3,T,K,H5|1
PAID_LOSS|3|6|Q,A,H4,Q,K,Q|1
PAID_LOSS|3|6|Q,A,H4,T,A,H4|1
PAID_LOSS|3|6|Q,A,H5,H2,H1,H3|1
PAID_LOSS|3|6|Q,A,H5,T,H2,H3|1
PAID_LOSS|3|6|Q,A,K,T,A,H5|1
PAID_LOSS|3|6|Q,A,K,T,H2,Q|1
PAID_LOSS|3|6|Q,A,K,X3,H4,K|1
PAID_LOSS|3|6|Q,A,Q,A,H1,A|1
PAID_LOSS|3|6|Q,A,Q,J,H5,H4|1
PAID_LOSS|3|6|Q,H1,A,T,A,H4|1
PAID_LOSS|3|6|Q,H1,H1,Q,H1,A|1
PAID_LOSS|3|6|Q,H1,H2,H2,K,H1|1
PAID_LOSS|3|6|Q,H1,H5,H2,H1,J|1
PAID_LOSS|3|6|Q,H1,Q,H5,Q,H5|1
PAID_LOSS|3|6|Q,H1,T,H4,K,H3|1
PAID_LOSS|3|6|Q,H1,T,K,H4,H2|1
PAID_LOSS|3|6|Q,H1,T,T,J,H4|1
PAID_LOSS|3|6|Q,H2,A,H3,J,A|1
PAID_LOSS|3|6|Q,H2,A,K,Q,Q|1
PAID_LOSS|3|6|Q,H2,H1,J,Q,A|1
PAID_LOSS|3|6|Q,H2,K,H5,H1,H3|1
PAID_LOSS|3|6|Q,H2,Q,T,K,A|1
PAID_LOSS|3|6|Q,H2,X2,H1,Q,H5|1
PAID_LOSS|3|6|Q,H3,A,J,H2,H4|1
PAID_LOSS|3|6|Q,H3,A,Q,H3,H3|1
PAID_LOSS|3|6|Q,H3,H2,K,Q,H5|1
PAID_LOSS|3|6|Q,H3,H4,H2,H1,Q|1
PAID_LOSS|3|6|Q,H3,J,H5,H4,H3|1
PAID_LOSS|3|6|Q,H4,A,J,H2,H3|1
PAID_LOSS|3|6|Q,H4,A,T,A,T|1
PAID_LOSS|3|6|Q,H4,H1,H2,H2,H1|1
PAID_LOSS|3|6|Q,H4,H3,J,H1,K|1
PAID_LOSS|3|6|Q,H4,T,J,H1,T|1
PAID_LOSS|3|6|Q,H4,T,Q,K,H1|1
PAID_LOSS|3|6|Q,H5,A,H3,A,T|1
PAID_LOSS|3|6|Q,H5,H2,A,Q,H3|1
PAID_LOSS|3|6|Q,H5,H2,H4,K,J|1
PAID_LOSS|3|6|Q,H5,H2,J,J,A|1
PAID_LOSS|3|6|Q,H5,H3,J,Q,H2|1
PAID_LOSS|3|6|Q,H5,J,K,K,H5|1
PAID_LOSS|3|6|Q,H5,K,J,H2,T|1
PAID_LOSS|3|6|Q,H5,K,Q,H2,K|1
PAID_LOSS|3|6|Q,J,A,H5,H2,J|1
PAID_LOSS|3|6|Q,J,H1,H5,J,K|1
PAID_LOSS|3|6|Q,J,H5,H3,H2,H5|1
PAID_LOSS|3|6|Q,J,K,K,H4,J|1
PAID_LOSS|3|6|Q,J,K,Q,H5,H5|1
PAID_LOSS|3|6|Q,K,H2,J,Q,H5|1
PAID_LOSS|3|6|Q,K,H4,K,H2,H4|1
PAID_LOSS|3|6|Q,K,H5,H1,Scat,H3|1
PAID_LOSS|3|6|Q,K,J,H1,H1,K|1
PAID_LOSS|3|6|Q,K,K,Q,H2,H3|1
PAID_LOSS|3|6|Q,K,K,Q,T,H2|1
PAID_LOSS|3|6|Q,K,T,J,T,Q|1
PAID_LOSS|3|6|Q,Q,H2,A,T,H5|1
PAID_LOSS|3|6|Q,Q,H2,H3,A,A|1
PAID_LOSS|3|6|Q,Q,H2,H3,H3,T|1
PAID_LOSS|3|6|Q,Q,H4,H2,H2,K|1
PAID_LOSS|3|6|Q,Q,H4,J,H4,H2|1
PAID_LOSS|3|6|Q,Q,H5,H4,H5,H4|1
PAID_LOSS|3|6|Q,Q,J,H2,J,T|1
PAID_LOSS|3|6|Q,Q,J,H4,H3,T|1
PAID_LOSS|3|6|Q,Q,J,J,K,Q|1
PAID_LOSS|3|6|Q,Q,J,K,H5,T|1
PAID_LOSS|3|6|Q,Q,T,X4,H2,H5|1
PAID_LOSS|3|6|Q,Scat,J,J,H2,A|1
PAID_LOSS|3|6|Q,T,A,Q,Q,J|1
PAID_LOSS|3|6|Q,T,H1,Q,H4,T|1
PAID_LOSS|3|6|Q,T,H2,H2,H2,H2|1
PAID_LOSS|3|6|Q,T,H3,A,K,J|1
PAID_LOSS|3|6|Q,T,H3,Q,Q,H5|1
PAID_LOSS|3|6|Q,T,H3,Q,T,J|1
PAID_LOSS|3|6|Q,T,H4,J,J,H1|1
PAID_LOSS|3|6|Q,T,H4,Q,A,H3|1
PAID_LOSS|3|6|Q,T,H5,J,H2,J|1
PAID_LOSS|3|6|Q,T,H5,J,H4,T|1
PAID_LOSS|3|6|Scat,H2,K,H1,J,J|1
PAID_LOSS|3|6|Scat,K,A,H1,J,H3|1
PAID_LOSS|3|6|Scat,T,K,H4,H2,K|1
PAID_LOSS|3|6|T,A,A,H2,H5,H2|1
PAID_LOSS|3|6|T,A,H1,H2,H1,H4|1
PAID_LOSS|3|6|T,A,H2,H3,H1,Q|1
PAID_LOSS|3|6|T,A,H5,T,Q,H3|1
PAID_LOSS|3|6|T,A,J,H1,H2,H2|1
PAID_LOSS|3|6|T,A,Q,H2,H5,T|1
PAID_LOSS|3|6|T,A,Q,T,H1,H4|1
PAID_LOSS|3|6|T,H1,H2,J,T,H1|1
PAID_LOSS|3|6|T,H1,H3,H1,J,H2|1
PAID_LOSS|3|6|T,H1,H3,H5,Q,H4|1
PAID_LOSS|3|6|T,H1,H5,A,J,H5|1
PAID_LOSS|3|6|T,H1,J,J,Q,H5|1
PAID_LOSS|3|6|T,H1,J,Q,J,A|1
PAID_LOSS|3|6|T,H1,K,J,A,Q|1
PAID_LOSS|3|6|T,H2,A,H2,H3,H3|1
PAID_LOSS|3|6|T,H2,H1,H5,J,X4|1
PAID_LOSS|3|6|T,H2,H3,H1,H2,H3|1
PAID_LOSS|3|6|T,H2,H5,K,H5,Q|1
PAID_LOSS|3|6|T,H2,H5,K,J,Q|1
PAID_LOSS|3|6|T,H2,Q,H4,H2,Q|1
PAID_LOSS|3|6|T,H2,T,A,H4,H1|1
PAID_LOSS|3|6|T,H2,T,T,H1,H5|1
PAID_LOSS|3|6|T,H3,A,H1,H3,H1|1
PAID_LOSS|3|6|T,H3,A,H5,Q,H4|1
PAID_LOSS|3|6|T,H3,A,K,T,H2|1
PAID_LOSS|3|6|T,H3,H3,H3,J,H1|1
PAID_LOSS|3|6|T,H3,H4,K,H3,A|1
PAID_LOSS|3|6|T,H3,H4,K,J,H2|1
PAID_LOSS|3|6|T,H3,H5,T,H3,A|1
PAID_LOSS|3|6|T,H3,J,H1,Q,A|1
PAID_LOSS|3|6|T,H3,K,K,A,T|1
PAID_LOSS|3|6|T,H3,Q,H1,H4,K|1
PAID_LOSS|3|6|T,H3,T,H4,H3,K|1
PAID_LOSS|3|6|T,H4,H1,Q,H4,H2|1
PAID_LOSS|3|6|T,H4,H2,H2,T,A|1
PAID_LOSS|3|6|T,H4,H2,H3,H2,T|1
PAID_LOSS|3|6|T,H4,H3,K,H2,Q|1
PAID_LOSS|3|6|T,H4,H5,T,A,Q|1
PAID_LOSS|3|6|T,H4,J,H1,Q,H4|1
PAID_LOSS|3|6|T,H5,H2,Q,H1,H1|1
PAID_LOSS|3|6|T,H5,H3,H2,H5,H4|1
PAID_LOSS|3|6|T,H5,H3,T,H2,H4|1
PAID_LOSS|3|6|T,H5,H4,H3,H4,H5|1
PAID_LOSS|3|6|T,H5,J,J,Q,H5|1
PAID_LOSS|3|6|T,H5,J,T,T,H1|1
PAID_LOSS|3|6|T,H5,K,H5,K,A|1
PAID_LOSS|3|6|T,H5,Q,H5,H2,Q|1
PAID_LOSS|3|6|T,H5,T,Q,H3,J|1
PAID_LOSS|3|6|T,H5,T,Scat,H3,H5|1
PAID_LOSS|3|6|T,J,H2,A,H3,H1|1
PAID_LOSS|3|6|T,J,H3,H1,J,J|1
PAID_LOSS|3|6|T,J,H3,Q,J,T|1
PAID_LOSS|3|6|T,J,H4,A,H3,H3|1
PAID_LOSS|3|6|T,J,H4,H2,Q,J|1
PAID_LOSS|3|6|T,J,Q,K,T,T|1
PAID_LOSS|3|6|T,J,T,H3,T,T|1
PAID_LOSS|3|6|T,K,A,H1,T,Q|1
PAID_LOSS|3|6|T,K,A,H3,J,T|1
PAID_LOSS|3|6|T,K,H3,H5,H2,K|1
PAID_LOSS|3|6|T,K,H4,H5,K,Q|1
PAID_LOSS|3|6|T,K,T,J,Q,Q|1
PAID_LOSS|3|6|T,Q,H1,K,H1,H2|1
PAID_LOSS|3|6|T,Q,Q,K,H5,H1|1
PAID_LOSS|3|6|T,Q,Scat,H5,H2,H1|1
PAID_LOSS|3|6|T,Scat,T,H3,T,Q|1
PAID_LOSS|3|6|T,T,A,K,J,H4|1
PAID_LOSS|3|6|T,T,H4,A,H3,K|1
PAID_LOSS|3|6|T,T,H4,H3,X4,Q|1
PAID_LOSS|3|6|T,T,H5,H1,T,H4|1
PAID_LOSS|3|6|T,T,H5,H4,H1,H2|1
PAID_LOSS|3|6|T,T,J,H2,K,H3|1
PAID_LOSS|3|6|T,T,J,Q,K,H3|1
PAID_LOSS|3|6|T,T,J,T,H5,J|1
PAID_LOSS|3|6|T,T,T,Q,H3,H5|1
PAID_LOSS|3|6|T,X2,K,H1,H4,T|1
PAID_LOSS|3|6|X2,A,H4,H3,H3,K|1
PAID_LOSS|3|6|X2,A,T,Q,H1,H5|1
PAID_LOSS|3|6|X2,K,H3,H4,T,A|1
PAID_LOSS|3|6|X2,Q,H2,H3,H5,H1|1
PAID_LOSS|3|6|X2,Q,T,Q,J,H4|1
PAID_LOSS|3|6|X2,T,H3,H1,H5,H3|1
PAID_LOSS|3|6|X3,H4,J,Q,A,J|1
PAID_LOSS|3|6|X3,H5,H5,H5,A,J|1
PAID_LOSS|3|6|X4,A,J,H5,J,H3|1
PAID_LOSS|3|6|X4,H3,J,H3,T,Q|1
PAID_LOSS|3|6|X4,H5,A,H5,Q,Q|1
PAID_LOSS|3|6|X4,J,H4,T,J,H5|1
PAID_LOSS|4|6|A,A,A,A,H3,T|1
PAID_LOSS|4|6|A,A,H4,A,Q,H5|1
PAID_LOSS|4|6|A,A,H4,H4,K,Q|1
PAID_LOSS|4|6|A,A,J,H3,H1,H4|1
PAID_LOSS|4|6|A,H1,H4,H3,H1,J|1
PAID_LOSS|4|6|A,H1,J,H4,H2,J|1
PAID_LOSS|4|6|A,H1,K,A,J,J|1
PAID_LOSS|4|6|A,H1,Q,Q,H4,H4|1
PAID_LOSS|4|6|A,H1,T,H3,A,H1|1
PAID_LOSS|4|6|A,H2,A,J,K,H5|1
PAID_LOSS|4|6|A,H2,H1,H5,T,J|1
PAID_LOSS|4|6|A,H2,H1,J,J,J|1
PAID_LOSS|4|6|A,H2,H2,Scat,H3,A|1
PAID_LOSS|4|6|A,H2,H4,H1,H1,K|1
PAID_LOSS|4|6|A,H3,H1,H2,H3,T|1
PAID_LOSS|4|6|A,H3,H4,J,T,H1|1
PAID_LOSS|4|6|A,H3,H5,H4,H4,H1|1
PAID_LOSS|4|6|A,H3,J,H2,Q,H4|1
PAID_LOSS|4|6|A,H3,Q,K,J,A|1
PAID_LOSS|4|6|A,H3,X3,H4,H2,H5|1
PAID_LOSS|4|6|A,H4,H1,H5,H5,H5|1
PAID_LOSS|4|6|A,H4,H3,H1,H5,A|1
PAID_LOSS|4|6|A,H4,H5,H5,H2,H4|1
PAID_LOSS|4|6|A,H4,H5,T,H2,T|1
PAID_LOSS|4|6|A,H4,J,K,H4,X2|1
PAID_LOSS|4|6|A,H4,K,H2,Q,A|1
PAID_LOSS|4|6|A,H4,K,H4,H2,H4|1
PAID_LOSS|4|6|A,H5,H1,H1,H5,T|1
PAID_LOSS|4|6|A,H5,H1,J,T,H3|1
PAID_LOSS|4|6|A,H5,H2,A,X2,K|1
PAID_LOSS|4|6|A,H5,H2,H2,J,H1|1
PAID_LOSS|4|6|A,H5,H3,H5,T,A|1
PAID_LOSS|4|6|A,H5,H4,H2,H3,J|1
PAID_LOSS|4|6|A,H5,K,Q,J,H5|1
PAID_LOSS|4|6|A,H5,Q,K,H2,T|1
PAID_LOSS|4|6|A,H5,Q,K,K,Q|1
PAID_LOSS|4|6|A,J,A,H5,H5,Q|1
PAID_LOSS|4|6|A,J,A,T,H3,H2|1
PAID_LOSS|4|6|A,J,H1,A,H2,Q|1
PAID_LOSS|4|6|A,J,H1,H3,J,A|1
PAID_LOSS|4|6|A,J,H1,H4,K,H5|1
PAID_LOSS|4|6|A,J,H1,H5,H4,H2|1
PAID_LOSS|4|6|A,J,H1,K,H3,H5|1
PAID_LOSS|4|6|A,J,H3,H1,H5,H4|1
PAID_LOSS|4|6|A,J,H3,J,H4,A|1
PAID_LOSS|4|6|A,J,H4,A,H3,Q|1
PAID_LOSS|4|6|A,J,H5,H2,H1,H3|1
PAID_LOSS|4|6|A,J,H5,K,Q,K|1
PAID_LOSS|4|6|A,J,K,Q,T,Q|1
PAID_LOSS|4|6|A,J,T,A,T,H2|1
PAID_LOSS|4|6|A,K,H4,A,T,Q|1
PAID_LOSS|4|6|A,K,K,H1,H1,H4|1
PAID_LOSS|4|6|A,K,K,H3,H4,A|1
PAID_LOSS|4|6|A,K,Q,T,J,H2|1
PAID_LOSS|4|6|A,K,T,A,H4,H3|1
PAID_LOSS|4|6|A,K,T,H1,K,H3|1
PAID_LOSS|4|6|A,K,T,H3,J,T|1
PAID_LOSS|4|6|A,Q,H1,Scat,H4,K|1
PAID_LOSS|4|6|A,Q,H2,H3,J,T|1
PAID_LOSS|4|6|A,Q,H3,Scat,K,H3|1
PAID_LOSS|4|6|A,Q,H5,T,H4,H2|1
PAID_LOSS|4|6|A,Q,J,H3,H5,H5|1
PAID_LOSS|4|6|A,Q,K,H2,J,K|1
PAID_LOSS|4|6|A,Q,T,Scat,H1,H2|1
PAID_LOSS|4|6|A,Scat,A,Q,Q,H3|1
PAID_LOSS|4|6|A,Scat,K,H3,A,T|1
PAID_LOSS|4|6|A,T,A,H4,T,H3|1
PAID_LOSS|4|6|A,T,H2,H3,H4,H5|1
PAID_LOSS|4|6|A,T,J,Q,H4,A|1
PAID_LOSS|4|6|A,T,K,H5,H1,J|1
PAID_LOSS|4|6|A,T,T,A,H5,Q|1
PAID_LOSS|4|6|A,T,T,J,H3,H2|1
PAID_LOSS|4|6|A,X3,T,H1,T,Q|1
PAID_LOSS|4|6|A,X4,H1,H2,H2,X4|1
PAID_LOSS|4|6|H1,A,A,H2,H2,Q|1
PAID_LOSS|4|6|H1,A,A,H5,K,H5|1
PAID_LOSS|4|6|H1,A,A,T,H4,H3|1
PAID_LOSS|4|6|H1,A,H3,J,K,H5|1
PAID_LOSS|4|6|H1,A,T,H2,T,H3|1
PAID_LOSS|4|6|H1,A,T,H3,T,H4|1
PAID_LOSS|4|6|H1,A,T,H4,Q,J|1
PAID_LOSS|4|6|H1,A,T,T,H2,H5|1
PAID_LOSS|4|6|H1,H1,A,H4,H1,K|1
PAID_LOSS|4|6|H1,H1,H2,H2,K,J|1
PAID_LOSS|4|6|H1,H1,H2,H5,H5,H2|1
PAID_LOSS|4|6|H1,H1,H2,Q,T,Q|1
PAID_LOSS|4|6|H1,H1,H3,H4,Q,H5|1
PAID_LOSS|4|6|H1,H1,J,Q,H2,T|1
PAID_LOSS|4|6|H1,H1,K,A,Q,H3|1
PAID_LOSS|4|6|H1,H1,Q,H2,H1,H1|1
PAID_LOSS|4|6|H1,H1,Q,J,T,H3|1
PAID_LOSS|4|6|H1,H1,Q,T,J,T|1
PAID_LOSS|4|6|H1,H1,T,H4,H4,H3|1
PAID_LOSS|4|6|H1,H1,T,K,J,H2|1
PAID_LOSS|4|6|H1,H2,H3,H4,J,H3|1
PAID_LOSS|4|6|H1,H2,H3,K,A,H4|1
PAID_LOSS|4|6|H1,H2,H4,H4,H3,H1|1
PAID_LOSS|4|6|H1,H2,H5,H5,H2,A|1
PAID_LOSS|4|6|H1,H2,T,K,K,T|1
PAID_LOSS|4|6|H1,H3,A,Q,H4,K|1
PAID_LOSS|4|6|H1,H3,H1,J,Q,J|1
PAID_LOSS|4|6|H1,H3,H3,H3,H3,H4|1
PAID_LOSS|4|6|H1,H3,H3,T,A,H2|1
PAID_LOSS|4|6|H1,H3,H4,H2,H3,H3|1
PAID_LOSS|4|6|H1,H3,Q,H1,H2,A|1
PAID_LOSS|4|6|H1,H4,A,H2,H4,T|1
PAID_LOSS|4|6|H1,H4,H1,H2,J,T|1
PAID_LOSS|4|6|H1,H4,H2,J,H4,T|1
PAID_LOSS|4|6|H1,H4,H4,A,T,A|1
PAID_LOSS|4|6|H1,H4,H4,K,J,H2|1
PAID_LOSS|4|6|H1,H4,H5,H4,T,H2|1
PAID_LOSS|4|6|H1,H4,K,H4,H3,H2|1
PAID_LOSS|4|6|H1,H4,K,K,A,H4|1
PAID_LOSS|4|6|H1,H4,T,H4,H5,T|1
PAID_LOSS|4|6|H1,H5,A,H2,H3,H3|1
PAID_LOSS|4|6|H1,H5,H1,H1,H4,H5|1
PAID_LOSS|4|6|H1,H5,H2,H2,H4,H1|1
PAID_LOSS|4|6|H1,H5,H2,H4,A,H2|1
PAID_LOSS|4|6|H1,H5,H2,Q,A,T|1
PAID_LOSS|4|6|H1,H5,H2,T,Q,A|1
PAID_LOSS|4|6|H1,H5,H3,H2,J,H1|1
PAID_LOSS|4|6|H1,H5,K,J,H5,T|1
PAID_LOSS|4|6|H1,J,H1,K,H3,Scat|1
PAID_LOSS|4|6|H1,J,H2,T,X4,J|1
PAID_LOSS|4|6|H1,J,H5,Q,H4,Q|1
PAID_LOSS|4|6|H1,J,J,J,T,H4|1
PAID_LOSS|4|6|H1,J,K,H4,A,A|1
PAID_LOSS|4|6|H1,K,A,J,H4,H4|1
PAID_LOSS|4|6|H1,K,H1,H5,K,A|1
PAID_LOSS|4|6|H1,K,H2,T,H1,A|1
PAID_LOSS|4|6|H1,K,H3,H1,Q,H1|1
PAID_LOSS|4|6|H1,K,H4,H4,H5,Q|1
PAID_LOSS|4|6|H1,K,H5,J,Q,T|1
PAID_LOSS|4|6|H1,K,J,H5,H5,H3|1
PAID_LOSS|4|6|H1,K,J,H5,T,H4|1
PAID_LOSS|4|6|H1,K,J,K,H3,H2|1
PAID_LOSS|4|6|H1,K,J,Q,T,J|1
PAID_LOSS|4|6|H1,K,K,H4,H1,Q|1
PAID_LOSS|4|6|H1,Q,A,H4,T,Q|1
PAID_LOSS|4|6|H1,Q,H2,H2,A,J|1
PAID_LOSS|4|6|H1,Q,H3,J,H3,A|1
PAID_LOSS|4|6|H1,Q,H3,Q,H3,H3|1
PAID_LOSS|4|6|H1,Q,K,H2,A,H1|1
PAID_LOSS|4|6|H1,Q,K,K,H3,H5|1
PAID_LOSS|4|6|H1,Q,Q,H4,H4,K|1
PAID_LOSS|4|6|H1,Q,T,H5,A,A|1
PAID_LOSS|4|6|H1,T,H1,H2,H3,H1|1
PAID_LOSS|4|6|H1,T,H2,H5,T,A|1
PAID_LOSS|4|6|H1,T,H4,H4,K,H3|1
PAID_LOSS|4|6|H1,T,H4,H5,T,H4|1
PAID_LOSS|4|6|H1,T,H4,J,H2,T|1
PAID_LOSS|4|6|H1,T,J,K,H4,J|1
PAID_LOSS|4|6|H1,T,K,A,Q,H1|1
PAID_LOSS|4|6|H1,T,K,J,K,H5|1
PAID_LOSS|4|6|H1,T,Q,H3,H2,K|1
PAID_LOSS|4|6|H1,T,T,Q,H2,K|1
PAID_LOSS|4|6|H1,T,T,Q,H5,H5|1
PAID_LOSS|4|6|H1,T,X2,T,K,H5|1
PAID_LOSS|4|6|H2,A,H1,Q,A,H5|1
PAID_LOSS|4|6|H2,A,H2,Q,T,J|1
PAID_LOSS|4|6|H2,A,H3,H4,H5,H1|1
PAID_LOSS|4|6|H2,A,H4,H4,A,H5|1
PAID_LOSS|4|6|H2,A,H5,H4,K,K|1
PAID_LOSS|4|6|H2,A,J,Q,H3,X2|1
PAID_LOSS|4|6|H2,A,J,Scat,T,H1|1
PAID_LOSS|4|6|H2,A,K,J,H3,H4|1
PAID_LOSS|4|6|H2,H1,H1,H2,K,H4|1
PAID_LOSS|4|6|H2,H1,H1,K,H2,K|1
PAID_LOSS|4|6|H2,H1,H3,H2,T,H2|1
PAID_LOSS|4|6|H2,H1,H4,H2,H5,Q|1
PAID_LOSS|4|6|H2,H1,H4,H3,T,H2|1
PAID_LOSS|4|6|H2,H1,Scat,Q,H3,K|1
PAID_LOSS|4|6|H2,H2,H1,H3,H2,J|1
PAID_LOSS|4|6|H2,H2,H2,H3,H2,H5|1
PAID_LOSS|4|6|H2,H2,H2,H3,Q,T|1
PAID_LOSS|4|6|H2,H2,H2,H4,K,H4|1
PAID_LOSS|4|6|H2,H2,H2,H4,K,T|1
PAID_LOSS|4|6|H2,H2,H2,K,T,K|1
PAID_LOSS|4|6|H2,H2,H4,H1,K,H2|1
PAID_LOSS|4|6|H2,H2,H4,H3,H5,K|1
PAID_LOSS|4|6|H2,H2,H4,K,Q,A|1
PAID_LOSS|4|6|H2,H2,H5,A,T,H2|1
PAID_LOSS|4|6|H2,H2,H5,Q,A,H5|1
PAID_LOSS|4|6|H2,H2,J,A,H1,A|1
PAID_LOSS|4|6|H2,H2,J,A,H2,T|1
PAID_LOSS|4|6|H2,H2,K,H4,A,Q|1
PAID_LOSS|4|6|H2,H2,Q,K,H2,H2|1
PAID_LOSS|4|6|H2,H2,Q,T,H1,A|1
PAID_LOSS|4|6|H2,H3,H1,A,K,Scat|1
PAID_LOSS|4|6|H2,H3,H1,T,H1,Q|1
PAID_LOSS|4|6|H2,H3,H2,H5,H4,H4|1
PAID_LOSS|4|6|H2,H3,H3,H4,H2,H3|1
PAID_LOSS|4|6|H2,H3,H3,Q,H3,K|1
PAID_LOSS|4|6|H2,H3,H4,H2,H4,H5|1
PAID_LOSS|4|6|H2,H3,H4,J,Q,H2|1
PAID_LOSS|4|6|H2,H3,H5,H2,H2,T|1
PAID_LOSS|4|6|H2,H3,J,T,K,A|1
PAID_LOSS|4|6|H2,H3,K,H5,H5,K|1
PAID_LOSS|4|6|H2,H3,Q,J,H3,K|1
PAID_LOSS|4|6|H2,H3,T,A,T,H1|1
PAID_LOSS|4|6|H2,H4,H1,A,K,J|1
PAID_LOSS|4|6|H2,H4,H3,K,H5,A|1
PAID_LOSS|4|6|H2,H4,T,T,A,H1|1
PAID_LOSS|4|6|H2,H5,H1,J,H3,T|1
PAID_LOSS|4|6|H2,H5,H1,Q,H1,K|1
PAID_LOSS|4|6|H2,H5,H2,H5,H1,H1|1
PAID_LOSS|4|6|H2,H5,H3,Q,H1,Q|1
PAID_LOSS|4|6|H2,H5,H4,K,H5,H2|1
PAID_LOSS|4|6|H2,H5,J,A,H2,H1|1
PAID_LOSS|4|6|H2,H5,K,H5,H4,H3|1
PAID_LOSS|4|6|H2,H5,Q,H3,H4,H3|1
PAID_LOSS|4|6|H2,H5,T,Q,H5,K|1
PAID_LOSS|4|6|H2,J,A,H2,K,K|1
PAID_LOSS|4|6|H2,J,A,H5,H3,H1|1
PAID_LOSS|4|6|H2,J,A,T,T,K|1
PAID_LOSS|4|6|H2,J,H2,J,A,H3|1
PAID_LOSS|4|6|H2,J,H3,K,H5,H5|1
PAID_LOSS|4|6|H2,J,H4,H4,K,H3|1
PAID_LOSS|4|6|H2,J,J,H4,J,J|1
PAID_LOSS|4|6|H2,J,J,J,J,A|1
PAID_LOSS|4|6|H2,J,K,H1,H3,T|1
PAID_LOSS|4|6|H2,J,Q,H3,H1,T|1
PAID_LOSS|4|6|H2,J,Q,H4,J,J|1
PAID_LOSS|4|6|H2,K,H1,A,J,H1|1
PAID_LOSS|4|6|H2,K,H1,H1,H3,A|1
PAID_LOSS|4|6|H2,K,H3,T,H1,Q|1
PAID_LOSS|4|6|H2,K,H4,H1,H3,H5|1
PAID_LOSS|4|6|H2,K,K,T,H5,J|1
PAID_LOSS|4|6|H2,Q,A,A,J,H1|1
PAID_LOSS|4|6|H2,Q,A,K,H2,J|1
PAID_LOSS|4|6|H2,Q,H1,H3,H1,T|1
PAID_LOSS|4|6|H2,Q,H2,H3,Q,H4|1
PAID_LOSS|4|6|H2,Q,T,A,A,H4|1
PAID_LOSS|4|6|H2,Q,T,H4,H4,H1|1
PAID_LOSS|4|6|H2,Q,T,K,H1,H2|1
PAID_LOSS|4|6|H2,T,A,H1,K,Q|1
PAID_LOSS|4|6|H2,T,H1,H4,T,A|1
PAID_LOSS|4|6|H2,T,H2,H2,H5,H4|1
PAID_LOSS|4|6|H2,T,H3,A,T,H2|1
PAID_LOSS|4|6|H2,T,H4,H4,J,K|1
PAID_LOSS|4|6|H2,T,H5,H2,A,T|1
PAID_LOSS|4|6|H2,T,J,Q,H3,K|1
PAID_LOSS|4|6|H2,T,Q,Q,H1,Q|1
PAID_LOSS|4|6|H3,A,A,H4,A,H1|1
PAID_LOSS|4|6|H3,A,A,H4,Q,J|1
PAID_LOSS|4|6|H3,A,H1,H1,H4,H5|1
PAID_LOSS|4|6|H3,A,H1,H3,K,H4|1
PAID_LOSS|4|6|H3,A,H3,H3,A,H1|1
PAID_LOSS|4|6|H3,A,H3,X3,Q,H2|1
PAID_LOSS|4|6|H3,A,H5,H1,H3,J|1
PAID_LOSS|4|6|H3,A,H5,H5,J,J|1
PAID_LOSS|4|6|H3,A,Q,H3,K,H1|1
PAID_LOSS|4|6|H3,A,T,Q,A,Q|1
PAID_LOSS|4|6|H3,H1,A,H2,H3,K|1
PAID_LOSS|4|6|H3,H1,H1,J,H1,H1|1
PAID_LOSS|4|6|H3,H1,H3,H1,Q,H2|1
PAID_LOSS|4|6|H3,H1,H3,Q,H5,J|1
PAID_LOSS|4|6|H3,H1,H5,H4,H5,H3|1
PAID_LOSS|4|6|H3,H1,J,H4,H2,A|1
PAID_LOSS|4|6|H3,H1,J,H5,H5,K|1
PAID_LOSS|4|6|H3,H1,Q,H2,H5,H1|1
PAID_LOSS|4|6|H3,H1,Q,Q,X2,H2|1
PAID_LOSS|4|6|H3,H1,Scat,A,H5,H4|1
PAID_LOSS|4|6|H3,H2,H2,H4,H5,J|1
PAID_LOSS|4|6|H3,H2,H4,A,K,Q|1
PAID_LOSS|4|6|H3,H2,H5,Q,H3,T|1
PAID_LOSS|4|6|H3,H2,K,H1,T,H2|1
PAID_LOSS|4|6|H3,H2,Q,T,H3,K|1
PAID_LOSS|4|6|H3,H2,T,H4,H3,A|1
PAID_LOSS|4|6|H3,H3,A,H5,A,A|1
PAID_LOSS|4|6|H3,H3,H2,H1,H2,K|1
PAID_LOSS|4|6|H3,H3,H2,T,H5,K|1
PAID_LOSS|4|6|H3,H3,H3,Q,Q,J|1
PAID_LOSS|4|6|H3,H3,H5,H5,A,H4|1
PAID_LOSS|4|6|H3,H3,H5,T,J,A|1
PAID_LOSS|4|6|H3,H3,J,H5,A,H5|1
PAID_LOSS|4|6|H3,H3,K,A,H2,Q|1
PAID_LOSS|4|6|H3,H3,T,A,Q,H4|1
PAID_LOSS|4|6|H3,H3,T,Q,Q,H1|1
PAID_LOSS|4|6|H3,H4,A,H2,T,H4|1
PAID_LOSS|4|6|H3,H4,A,Q,A,A|1
PAID_LOSS|4|6|H3,H4,H2,H2,H4,T|1
PAID_LOSS|4|6|H3,H4,H3,H2,A,H5|1
PAID_LOSS|4|6|H3,H4,H3,H5,H2,H3|1
PAID_LOSS|4|6|H3,H4,H4,H4,A,H2|1
PAID_LOSS|4|6|H3,H4,H4,J,A,H5|1
PAID_LOSS|4|6|H3,H4,K,H1,K,H3|1
PAID_LOSS|4|6|H3,H4,T,J,H5,H4|1
PAID_LOSS|4|6|H3,H4,T,K,T,H3|1
PAID_LOSS|4|6|H3,H4,T,K,T,H5|1
PAID_LOSS|4|6|H3,H5,A,T,H3,K|1
PAID_LOSS|4|6|H3,H5,A,T,H5,K|1
PAID_LOSS|4|6|H3,H5,H1,H2,A,Scat|1
PAID_LOSS|4|6|H3,H5,H2,H2,H2,A|1
PAID_LOSS|4|6|H3,H5,H2,H5,A,H3|1
PAID_LOSS|4|6|H3,H5,H2,H5,H3,H2|1
PAID_LOSS|4|6|H3,H5,H2,H5,H5,K|1
PAID_LOSS|4|6|H3,H5,H2,Q,T,Q|1
PAID_LOSS|4|6|H3,H5,H5,H4,H5,H2|1
PAID_LOSS|4|6|H3,H5,J,H2,Q,H5|1
PAID_LOSS|4|6|H3,H5,K,H4,T,Q|1
PAID_LOSS|4|6|H3,H5,K,T,H2,T|1
PAID_LOSS|4|6|H3,H5,Q,H1,A,X2|1
PAID_LOSS|4|6|H3,H5,Q,H2,H4,H1|1
PAID_LOSS|4|6|H3,H5,Q,K,H4,Q|1
PAID_LOSS|4|6|H3,H5,T,J,H1,K|1
PAID_LOSS|4|6|H3,J,A,A,Q,H1|1
PAID_LOSS|4|6|H3,J,H5,K,H4,H5|1
PAID_LOSS|4|6|H3,J,J,J,H5,H1|1
PAID_LOSS|4|6|H3,J,T,T,H1,Q|1
PAID_LOSS|4|6|H3,K,A,H2,H4,H5|1
PAID_LOSS|4|6|H3,K,H1,H4,J,H5|1
PAID_LOSS|4|6|H3,K,H5,A,H3,A|1
PAID_LOSS|4|6|H3,K,H5,H4,H1,H3|1
PAID_LOSS|4|6|H3,K,J,H5,H4,A|1
PAID_LOSS|4|6|H3,K,J,H5,H4,H2|1
PAID_LOSS|4|6|H3,Q,H1,K,H1,Q|1
PAID_LOSS|4|6|H3,Q,H2,J,H1,T|1
PAID_LOSS|4|6|H3,Q,H4,H4,T,J|1
PAID_LOSS|4|6|H3,Q,H5,H3,A,K|1
PAID_LOSS|4|6|H3,Q,K,H4,H5,H1|1
PAID_LOSS|4|6|H3,Q,Q,H4,K,H1|1
PAID_LOSS|4|6|H3,Q,Q,H5,H2,A|1
PAID_LOSS|4|6|H3,Q,Q,J,H2,H3|1
PAID_LOSS|4|6|H3,Q,T,H4,H1,A|1
PAID_LOSS|4|6|H3,Q,T,Q,H3,A|1
PAID_LOSS|4|6|H3,T,H1,H2,T,K|1
PAID_LOSS|4|6|H3,T,K,K,T,H2|1
PAID_LOSS|4|6|H3,T,Q,H2,H5,H5|1
PAID_LOSS|4|6|H3,T,T,H3,H2,H4|1
PAID_LOSS|4|6|H3,X2,T,J,H1,H5|1
PAID_LOSS|4|6|H3,X3,J,H3,H1,Q|1
PAID_LOSS|4|6|H4,A,A,Q,H5,T|1
PAID_LOSS|4|6|H4,A,H5,H3,A,H5|1
PAID_LOSS|4|6|H4,A,H5,J,A,J|1
PAID_LOSS|4|6|H4,A,J,H2,J,T|1
PAID_LOSS|4|6|H4,A,Q,H5,T,H5|1
PAID_LOSS|4|6|H4,A,T,H3,H4,H4|1
PAID_LOSS|4|6|H4,H1,H2,H4,H2,H3|1
PAID_LOSS|4|6|H4,H1,H2,J,Q,H5|1
PAID_LOSS|4|6|H4,H1,H2,K,H2,A|1
PAID_LOSS|4|6|H4,H1,H2,Q,H5,Q|1
PAID_LOSS|4|6|H4,H1,H5,H2,J,Q|1
PAID_LOSS|4|6|H4,H1,K,H2,T,J|1
PAID_LOSS|4|6|H4,H1,Q,A,H4,H1|1
PAID_LOSS|4|6|H4,H2,A,H1,Q,H4|1
PAID_LOSS|4|6|H4,H2,H1,Q,H5,A|1
PAID_LOSS|4|6|H4,H2,H3,H5,H1,Q|1
PAID_LOSS|4|6|H4,H2,H3,H5,J,H1|1
PAID_LOSS|4|6|H4,H2,J,Scat,Q,H1|1
PAID_LOSS|4|6|H4,H2,Q,H3,H2,H1|1
PAID_LOSS|4|6|H4,H2,Q,H4,T,H5|1
PAID_LOSS|4|6|H4,H2,Q,H5,K,H5|1
PAID_LOSS|4|6|H4,H3,A,K,H2,A|1
PAID_LOSS|4|6|H4,H3,H4,H4,H4,Q|1
PAID_LOSS|4|6|H4,H3,K,A,T,Q|1
PAID_LOSS|4|6|H4,H3,K,H2,T,Q|1
PAID_LOSS|4|6|H4,H3,K,H3,H2,T|1
PAID_LOSS|4|6|H4,H3,K,K,H2,T|1
PAID_LOSS|4|6|H4,H3,T,X3,Q,H4|1
PAID_LOSS|4|6|H4,H4,A,Scat,H3,A|1
PAID_LOSS|4|6|H4,H4,H1,J,H4,J|1
PAID_LOSS|4|6|H4,H4,H2,H2,H3,H2|1
PAID_LOSS|4|6|H4,H4,H2,K,A,H2|1
PAID_LOSS|4|6|H4,H4,Q,T,H2,H3|1
PAID_LOSS|4|6|H4,H4,T,H5,H1,A|1
PAID_LOSS|4|6|H4,H5,H1,H5,H1,H5|1
PAID_LOSS|4|6|H4,H5,H2,K,A,Q|1
PAID_LOSS|4|6|H4,H5,H3,K,A,H5|1
PAID_LOSS|4|6|H4,H5,H5,H5,Q,H2|1
PAID_LOSS|4|6|H4,H5,H5,Q,J,H2|1
PAID_LOSS|4|6|H4,H5,T,H4,H1,T|1
PAID_LOSS|4|6|H4,H5,T,Q,Q,J|1
PAID_LOSS|4|6|H4,J,H1,A,A,H1|1
PAID_LOSS|4|6|H4,J,H1,A,H3,H2|1
PAID_LOSS|4|6|H4,J,H3,H4,H2,H1|1
PAID_LOSS|4|6|H4,J,H3,H5,H2,A|1
PAID_LOSS|4|6|H4,J,H3,J,H4,A|1
PAID_LOSS|4|6|H4,J,H4,Q,K,H5|1
PAID_LOSS|4|6|H4,J,J,K,A,H3|1
PAID_LOSS|4|6|H4,J,J,K,H1,J|1
PAID_LOSS|4|6|H4,J,K,H4,J,A|1
PAID_LOSS|4|6|H4,J,T,H1,H5,A|1
PAID_LOSS|4|6|H4,K,A,H5,T,Q|1
PAID_LOSS|4|6|H4,K,H1,J,H5,H4|1
PAID_LOSS|4|6|H4,K,J,H4,H3,J|1
PAID_LOSS|4|6|H4,K,Q,H3,H5,H5|1
PAID_LOSS|4|6|H4,K,Q,H4,Q,H4|1
PAID_LOSS|4|6|H4,K,T,A,H3,J|1
PAID_LOSS|4|6|H4,K,T,H5,H3,K|1
PAID_LOSS|4|6|H4,Q,H1,H2,H3,H2|1
PAID_LOSS|4|6|H4,Q,H2,J,T,H4|1
PAID_LOSS|4|6|H4,Q,H4,H5,H4,H5|1
PAID_LOSS|4|6|H4,Q,H5,T,A,H5|1
PAID_LOSS|4|6|H4,Q,K,H2,H3,Q|1
PAID_LOSS|4|6|H4,Q,Q,H1,J,K|1
PAID_LOSS|4|6|H4,Q,T,H2,H2,H5|1
PAID_LOSS|4|6|H4,Q,X2,A,H4,T|1
PAID_LOSS|4|6|H4,Scat,H1,K,H5,H4|1
PAID_LOSS|4|6|H4,T,A,H2,H3,A|1
PAID_LOSS|4|6|H4,T,H1,A,T,T|1
PAID_LOSS|4|6|H4,T,H1,Q,K,A|1
PAID_LOSS|4|6|H4,T,H3,K,J,J|1
PAID_LOSS|4|6|H4,T,H4,J,K,H2|1
PAID_LOSS|4|6|H4,T,H5,A,H4,Q|2
PAID_LOSS|4|6|H4,T,H5,H1,H2,H5|1
PAID_LOSS|4|6|H4,T,H5,K,H2,H1|1
PAID_LOSS|4|6|H4,T,J,H1,K,K|1
PAID_LOSS|4|6|H4,T,K,A,Q,H5|1
PAID_LOSS|4|6|H4,T,K,H5,H1,X4|1
PAID_LOSS|4|6|H4,T,K,J,T,J|1
PAID_LOSS|4|6|H4,T,Q,H4,H3,H2|1
PAID_LOSS|4|6|H4,T,Q,K,H4,H1|1
PAID_LOSS|4|6|H4,T,Q,Q,H3,J|1
PAID_LOSS|4|6|H4,X4,T,H4,A,A|1
PAID_LOSS|4|6|H5,A,A,H2,H3,H5|1
PAID_LOSS|4|6|H5,A,A,H3,Q,Q|1
PAID_LOSS|4|6|H5,A,H3,T,H4,H3|1
PAID_LOSS|4|6|H5,A,J,H2,H4,H3|1
PAID_LOSS|4|6|H5,A,J,Q,H4,A|1
PAID_LOSS|4|6|H5,A,K,H4,T,J|1
PAID_LOSS|4|6|H5,A,T,A,H2,H5|1
PAID_LOSS|4|6|H5,A,T,Q,A,Q|1
PAID_LOSS|4|6|H5,A,T,Q,H5,K|1
PAID_LOSS|4|6|H5,H1,A,H2,H2,T|1
PAID_LOSS|4|6|H5,H1,H1,H4,H5,K|1
PAID_LOSS|4|6|H5,H1,H1,Scat,H1,A|1
PAID_LOSS|4|6|H5,H1,H2,H3,H1,H1|1
PAID_LOSS|4|6|H5,H1,H2,Q,H3,J|1
PAID_LOSS|4|6|H5,H1,H2,T,T,H2|1
PAID_LOSS|4|6|H5,H1,H4,H2,Q,A|1
PAID_LOSS|4|6|H5,H1,J,T,A,K|1
PAID_LOSS|4|6|H5,H1,Q,J,K,A|1
PAID_LOSS|4|6|H5,H2,A,H1,H4,J|1
PAID_LOSS|4|6|H5,H2,A,J,Q,T|1
PAID_LOSS|4|6|H5,H2,H1,H4,J,H2|1
PAID_LOSS|4|6|H5,H2,H2,H4,H1,J|1
PAID_LOSS|4|6|H5,H2,H2,H4,K,J|1
PAID_LOSS|4|6|H5,H2,H4,H3,Q,A|1
PAID_LOSS|4|6|H5,H2,T,H4,T,J|1
PAID_LOSS|4|6|H5,H2,T,Q,H1,A|1
PAID_LOSS|4|6|H5,H3,H1,H5,K,K|1
PAID_LOSS|4|6|H5,H3,H1,J,H4,T|1
PAID_LOSS|4|6|H5,H3,H3,Q,H2,H5|1
PAID_LOSS|4|6|H5,H3,H4,H2,J,Q|1
PAID_LOSS|4|6|H5,H3,H4,H2,X4,H1|1
PAID_LOSS|4|6|H5,H3,J,T,J,Q|1
PAID_LOSS|4|6|H5,H3,K,K,H1,H2|1
PAID_LOSS|4|6|H5,H4,A,J,K,H2|1
PAID_LOSS|4|6|H5,H4,H1,J,H1,Q|1
PAID_LOSS|4|6|H5,H4,H2,Q,H4,H5|1
PAID_LOSS|4|6|H5,H4,H5,A,H3,H3|1
PAID_LOSS|4|6|H5,H4,Q,K,J,H2|1
PAID_LOSS|4|6|H5,H5,A,Q,T,Q|1
PAID_LOSS|4|6|H5,H5,H1,T,J,H2|1
PAID_LOSS|4|6|H5,H5,H3,T,K,T|1
PAID_LOSS|4|6|H5,H5,H5,K,A,T|1
PAID_LOSS|4|6|H5,H5,K,H1,H3,H3|1
PAID_LOSS|4|6|H5,H5,Q,H4,X2,H4|1
PAID_LOSS|4|6|H5,H5,Q,T,H1,H3|1
PAID_LOSS|4|6|H5,H5,T,H2,H4,H1|1
PAID_LOSS|4|6|H5,H5,T,Q,H2,T|1
PAID_LOSS|4|6|H5,J,H1,H5,K,H1|1
PAID_LOSS|4|6|H5,J,H1,J,Q,H5|1
PAID_LOSS|4|6|H5,J,H2,A,H1,H3|1
PAID_LOSS|4|6|H5,J,H5,H2,H1,K|1
PAID_LOSS|4|6|H5,J,Q,J,Q,H4|1
PAID_LOSS|4|6|H5,J,Scat,J,H1,H1|1
PAID_LOSS|4|6|H5,J,T,H3,H1,T|1
PAID_LOSS|4|6|H5,J,T,H3,H2,K|1
PAID_LOSS|4|6|H5,K,H4,T,H5,H5|1
PAID_LOSS|4|6|H5,K,J,H1,H2,H1|1
PAID_LOSS|4|6|H5,K,J,H3,T,K|1
PAID_LOSS|4|6|H5,K,J,T,H3,H5|1
PAID_LOSS|4|6|H5,K,Q,A,A,Q|1
PAID_LOSS|4|6|H5,K,Q,H3,H2,J|1
PAID_LOSS|4|6|H5,K,Q,H5,H5,H2|1
PAID_LOSS|4|6|H5,K,T,T,Q,H5|1
PAID_LOSS|4|6|H5,Q,A,H3,H4,A|1
PAID_LOSS|4|6|H5,Q,H4,Q,Q,H3|1
PAID_LOSS|4|6|H5,Q,H5,H2,J,H1|1
PAID_LOSS|4|6|H5,Q,J,H2,T,H1|1
PAID_LOSS|4|6|H5,Q,J,T,A,K|1
PAID_LOSS|4|6|H5,Q,K,Q,T,Q|1
PAID_LOSS|4|6|H5,Q,X4,H1,J,H1|1
PAID_LOSS|4|6|H5,Scat,Q,K,J,Q|1
PAID_LOSS|4|6|H5,Scat,T,K,H1,Q|1
PAID_LOSS|4|6|H5,T,A,H5,H2,Q|1
PAID_LOSS|4|6|H5,T,H2,H1,K,H2|1
PAID_LOSS|4|6|H5,T,H2,H5,H5,H3|1
PAID_LOSS|4|6|H5,T,H3,J,K,H2|1
PAID_LOSS|4|6|H5,T,H4,H3,Q,T|1
PAID_LOSS|4|6|H5,T,K,K,H5,H5|1
PAID_LOSS|4|6|H5,T,K,T,H2,H3|1
PAID_LOSS|4|6|H5,T,Q,H3,H1,H1|1
PAID_LOSS|4|6|H5,T,Q,H3,H5,K|1
PAID_LOSS|4|6|H5,T,Q,J,T,J|1
PAID_LOSS|4|6|H5,X2,H4,H2,H2,T|1
PAID_LOSS|4|6|H5,X2,K,J,H4,H1|1
PAID_LOSS|4|6|J,A,A,H1,T,H3|1
PAID_LOSS|4|6|J,A,A,T,T,Q|1
PAID_LOSS|4|6|J,A,H1,Q,H2,H5|1
PAID_LOSS|4|6|J,A,H1,Q,Q,H4|1
PAID_LOSS|4|6|J,A,H2,T,T,H1|1
PAID_LOSS|4|6|J,A,H4,H2,J,J|1
PAID_LOSS|4|6|J,A,T,H5,K,H5|1
PAID_LOSS|4|6|J,H1,H4,A,A,H5|1
PAID_LOSS|4|6|J,H1,J,A,K,H2|1
PAID_LOSS|4|6|J,H1,K,H5,Q,Q|1
PAID_LOSS|4|6|J,H1,X3,H2,X2,H4|1
PAID_LOSS|4|6|J,H2,H1,A,A,K|1
PAID_LOSS|4|6|J,H2,H1,K,H5,Q|1
PAID_LOSS|4|6|J,H2,H2,T,T,H3|1
PAID_LOSS|4|6|J,H2,J,H1,T,H2|1
PAID_LOSS|4|6|J,H2,J,K,A,H5|1
PAID_LOSS|4|6|J,H2,K,T,Q,H1|1
PAID_LOSS|4|6|J,H2,Q,K,A,A|1
PAID_LOSS|4|6|J,H2,Q,K,Q,H4|1
PAID_LOSS|4|6|J,H2,T,H1,H2,H5|1
PAID_LOSS|4|6|J,H2,T,H2,T,A|1
PAID_LOSS|4|6|J,H2,T,H3,H5,K|1
PAID_LOSS|4|6|J,H3,H1,H1,H3,H5|1
PAID_LOSS|4|6|J,H3,H1,H3,A,H4|1
PAID_LOSS|4|6|J,H3,H3,H1,Q,K|1
PAID_LOSS|4|6|J,H3,H5,A,K,T|1
PAID_LOSS|4|6|J,H3,J,Q,H2,X2|1
PAID_LOSS|4|6|J,H3,T,H1,H4,J|1
PAID_LOSS|4|6|J,H3,T,H2,H2,T|1
PAID_LOSS|4|6|J,H3,T,T,H5,H1|1
PAID_LOSS|4|6|J,H4,A,H1,Q,T|1
PAID_LOSS|4|6|J,H4,H2,A,H3,H4|1
PAID_LOSS|4|6|J,H4,H4,K,H4,T|1
PAID_LOSS|4|6|J,H4,H5,H3,T,H1|1
PAID_LOSS|4|6|J,H4,H5,K,K,H2|1
PAID_LOSS|4|6|J,H4,H5,T,A,H3|1
PAID_LOSS|4|6|J,H4,K,K,H2,T|1
PAID_LOSS|4|6|J,H4,K,T,H3,J|1
PAID_LOSS|4|6|J,H5,H1,H1,Q,T|1
PAID_LOSS|4|6|J,H5,H2,H2,J,A|1
PAID_LOSS|4|6|J,H5,H3,H4,K,J|1
PAID_LOSS|4|6|J,H5,H4,Q,K,T|1
PAID_LOSS|4|6|J,H5,J,H4,T,A|1
PAID_LOSS|4|6|J,H5,Q,H2,H5,H2|1
PAID_LOSS|4|6|J,H5,T,H2,H4,Q|1
PAID_LOSS|4|6|J,H5,T,H3,H4,K|1
PAID_LOSS|4|6|J,J,H4,H5,Q,K|1
PAID_LOSS|4|6|J,J,H5,H3,A,H5|1
PAID_LOSS|4|6|J,J,H5,H4,Q,K|1
PAID_LOSS|4|6|J,J,K,H3,H1,H5|1
PAID_LOSS|4|6|J,J,K,H3,K,H1|1
PAID_LOSS|4|6|J,J,K,H5,H4,T|1
PAID_LOSS|4|6|J,J,T,H4,H2,H2|1
PAID_LOSS|4|6|J,K,A,A,K,Q|1
PAID_LOSS|4|6|J,K,H2,H1,H3,T|1
PAID_LOSS|4|6|J,K,H3,H3,Q,H4|1
PAID_LOSS|4|6|J,K,H3,H3,Q,K|1
PAID_LOSS|4|6|J,K,H4,H2,A,H1|1
PAID_LOSS|4|6|J,K,H4,K,Q,H3|1
PAID_LOSS|4|6|J,K,J,H4,H5,J|1
PAID_LOSS|4|6|J,Q,A,H2,X3,Q|1
PAID_LOSS|4|6|J,Q,H3,H3,T,A|1
PAID_LOSS|4|6|J,Q,H3,H4,A,H1|1
PAID_LOSS|4|6|J,Q,J,A,A,H1|1
PAID_LOSS|4|6|J,Q,K,H4,H4,J|1
PAID_LOSS|4|6|J,Q,Q,J,Q,H4|1
PAID_LOSS|4|6|J,Scat,A,Q,H1,H2|1
PAID_LOSS|4|6|J,T,A,J,J,T|1
PAID_LOSS|4|6|J,T,H2,H4,J,A|1
PAID_LOSS|4|6|J,T,H3,H2,H5,H1|1
PAID_LOSS|4|6|J,T,H5,H1,H3,H5|1
PAID_LOSS|4|6|J,T,H5,H4,H1,H2|1
PAID_LOSS|4|6|J,T,J,H2,K,J|1
PAID_LOSS|4|6|J,T,J,H3,K,H3|1
PAID_LOSS|4|6|J,T,J,T,H5,H3|1
PAID_LOSS|4|6|J,T,J,T,K,K|1
PAID_LOSS|4|6|J,T,J,T,Q,T|1
PAID_LOSS|4|6|J,T,K,H1,H4,T|1
PAID_LOSS|4|6|J,T,K,H1,K,T|1
PAID_LOSS|4|6|K,A,A,H1,H4,K|1
PAID_LOSS|4|6|K,A,H1,J,H5,H2|1
PAID_LOSS|4|6|K,A,H3,K,H3,Scat|1
PAID_LOSS|4|6|K,A,J,H3,J,H2|1
PAID_LOSS|4|6|K,A,J,Q,T,H1|1
PAID_LOSS|4|6|K,A,T,Q,H3,H4|1
PAID_LOSS|4|6|K,H1,A,J,K,J|1
PAID_LOSS|4|6|K,H1,H1,H1,H4,J|1
PAID_LOSS|4|6|K,H1,H1,H3,H3,H5|1
PAID_LOSS|4|6|K,H1,H1,K,K,H1|1
PAID_LOSS|4|6|K,H1,H1,T,A,H5|1
PAID_LOSS|4|6|K,H1,H2,H2,X4,H5|1
PAID_LOSS|4|6|K,H1,J,H5,T,Q|1
PAID_LOSS|4|6|K,H1,K,H5,A,Q|1
PAID_LOSS|4|6|K,H2,H2,H4,H1,J|1
PAID_LOSS|4|6|K,H3,H1,J,H3,A|1
PAID_LOSS|4|6|K,H3,H2,H1,T,H3|1
PAID_LOSS|4|6|K,H3,H2,H2,H1,A|1
PAID_LOSS|4|6|K,H3,H4,Q,K,H4|1
PAID_LOSS|4|6|K,H3,J,H1,Q,H1|1
PAID_LOSS|4|6|K,H4,A,H5,A,J|1
PAID_LOSS|4|6|K,H4,A,J,H3,H3|1
PAID_LOSS|4|6|K,H4,J,H4,Q,H2|1
PAID_LOSS|4|6|K,H4,K,A,Q,H4|1
PAID_LOSS|4|6|K,H4,Q,H1,A,J|1
PAID_LOSS|4|6|K,H4,Q,Q,J,H5|1
PAID_LOSS|4|6|K,H4,Q,T,K,H4|1
PAID_LOSS|4|6|K,H5,A,H4,A,H1|1
PAID_LOSS|4|6|K,H5,H1,H4,Q,H3|1
PAID_LOSS|4|6|K,H5,H1,J,J,T|1
PAID_LOSS|4|6|K,H5,H2,K,H2,K|1
PAID_LOSS|4|6|K,H5,H3,H2,H5,H4|1
PAID_LOSS|4|6|K,H5,H5,H1,K,H5|1
PAID_LOSS|4|6|K,H5,H5,H4,H2,J|1
PAID_LOSS|4|6|K,H5,H5,Q,H2,J|1
PAID_LOSS|4|6|K,H5,H5,Q,K,K|1
PAID_LOSS|4|6|K,H5,J,Q,H5,K|1
PAID_LOSS|4|6|K,H5,K,A,H5,H5|1
PAID_LOSS|4|6|K,H5,Q,Q,Q,Q|1
PAID_LOSS|4|6|K,H5,X2,H1,H1,H4|1
PAID_LOSS|4|6|K,J,A,J,J,A|1
PAID_LOSS|4|6|K,J,H1,T,A,K|1
PAID_LOSS|4|6|K,J,H1,T,H5,H1|1
PAID_LOSS|4|6|K,J,H3,H1,H5,Q|1
PAID_LOSS|4|6|K,J,H3,H5,Q,H4|1
PAID_LOSS|4|6|K,J,H4,Q,H3,A|1
PAID_LOSS|4|6|K,J,T,H4,H3,H1|1
PAID_LOSS|4|6|K,K,A,J,T,H5|1
PAID_LOSS|4|6|K,K,A,Q,H1,Q|1
PAID_LOSS|4|6|K,K,A,X2,J,H3|1
PAID_LOSS|4|6|K,K,H1,A,K,H1|1
PAID_LOSS|4|6|K,K,H2,H3,H2,H5|1
PAID_LOSS|4|6|K,K,Q,H3,H3,K|1
PAID_LOSS|4|6|K,Q,A,H2,T,H3|1
PAID_LOSS|4|6|K,Q,A,K,T,H2|1
PAID_LOSS|4|6|K,Q,H1,H4,H4,Q|1
PAID_LOSS|4|6|K,Q,H2,Q,A,A|1
PAID_LOSS|4|6|K,Q,H5,H4,A,H1|1
PAID_LOSS|4|6|K,Q,H5,J,H3,Q|1
PAID_LOSS|4|6|K,Q,J,Q,Q,J|1
PAID_LOSS|4|6|K,Q,K,H4,H4,J|1
PAID_LOSS|4|6|K,Q,K,J,H5,H5|1
PAID_LOSS|4|6|K,Q,Q,H5,Q,J|1
PAID_LOSS|4|6|K,Q,X2,T,Q,H2|1
PAID_LOSS|4|6|K,Scat,H3,J,K,Q|1
PAID_LOSS|4|6|K,Scat,H4,H5,J,Q|1
PAID_LOSS|4|6|K,T,A,H4,H5,Q|1
PAID_LOSS|4|6|K,T,H3,H2,H2,A|1
PAID_LOSS|4|6|K,T,H3,H3,K,H5|1
PAID_LOSS|4|6|K,T,K,H3,T,J|1
PAID_LOSS|4|6|K,X3,J,T,H3,H2|1
PAID_LOSS|4|6|K,X4,H3,T,H3,Q|1
PAID_LOSS|4|6|Q,A,A,T,J,H2|1
PAID_LOSS|4|6|Q,A,H5,H5,T,A|1
PAID_LOSS|4|6|Q,A,H5,Q,J,H1|1
PAID_LOSS|4|6|Q,A,J,H5,H3,H1|1
PAID_LOSS|4|6|Q,A,Q,Q,A,H1|1
PAID_LOSS|4|6|Q,H1,H2,H1,H4,Q|1
PAID_LOSS|4|6|Q,H1,H2,H5,H2,J|1
PAID_LOSS|4|6|Q,H1,H5,T,H2,H5|1
PAID_LOSS|4|6|Q,H1,J,A,T,H4|1
PAID_LOSS|4|6|Q,H1,J,Q,A,H5|1
PAID_LOSS|4|6|Q,H1,K,H1,A,Q|1
PAID_LOSS|4|6|Q,H1,T,A,H4,T|1
PAID_LOSS|4|6|Q,H2,A,J,T,H3|1
PAID_LOSS|4|6|Q,H2,A,X4,J,H1|1
PAID_LOSS|4|6|Q,H2,H1,A,J,H5|1
PAID_LOSS|4|6|Q,H2,H1,J,H2,H2|1
PAID_LOSS|4|6|Q,H2,H2,H4,H1,J|1
PAID_LOSS|4|6|Q,H2,H3,K,K,H2|1
PAID_LOSS|4|6|Q,H2,H4,J,H1,Q|1
PAID_LOSS|4|6|Q,H2,J,H2,A,H3|1
PAID_LOSS|4|6|Q,H2,K,T,H5,Q|1
PAID_LOSS|4|6|Q,H2,T,A,H5,K|1
PAID_LOSS|4|6|Q,H2,T,H5,Q,T|1
PAID_LOSS|4|6|Q,H3,H1,H2,Q,H4|1
PAID_LOSS|4|6|Q,H3,H1,J,H2,H1|1
PAID_LOSS|4|6|Q,H3,H2,H4,H4,J|1
PAID_LOSS|4|6|Q,H3,H2,H5,J,H1|1
PAID_LOSS|4|6|Q,H3,H5,H1,A,H3|1
PAID_LOSS|4|6|Q,H3,H5,H3,A,H1|1
PAID_LOSS|4|6|Q,H3,H5,Q,J,Scat|1
PAID_LOSS|4|6|Q,H3,J,K,H1,H3|1
PAID_LOSS|4|6|Q,H3,K,H2,A,A|1
PAID_LOSS|4|6|Q,H3,Q,H4,H5,J|1
PAID_LOSS|4|6|Q,H4,A,K,H2,Q|1
PAID_LOSS|4|6|Q,H4,H2,H2,Q,A|1
PAID_LOSS|4|6|Q,H4,H5,A,K,K|1
PAID_LOSS|4|6|Q,H4,H5,H1,J,J|1
PAID_LOSS|4|6|Q,H4,H5,H4,A,A|1
PAID_LOSS|4|6|Q,H4,J,H2,H4,Q|1
PAID_LOSS|4|6|Q,H4,J,Scat,H4,H1|1
PAID_LOSS|4|6|Q,H4,K,A,K,A|1
PAID_LOSS|4|6|Q,H4,T,H2,H2,A|1
PAID_LOSS|4|6|Q,H4,T,T,Q,H4|1
PAID_LOSS|4|6|Q,H5,A,J,H3,H1|1
PAID_LOSS|4|6|Q,H5,A,T,H4,H5|1
PAID_LOSS|4|6|Q,H5,H1,Q,X3,A|1
PAID_LOSS|4|6|Q,H5,H2,A,T,H5|1
PAID_LOSS|4|6|Q,H5,H4,H4,T,H1|1
PAID_LOSS|4|6|Q,H5,H4,H5,H2,A|1
PAID_LOSS|4|6|Q,H5,H4,H5,H4,H3|1
PAID_LOSS|4|6|Q,H5,K,H1,H1,H3|1
PAID_LOSS|4|6|Q,H5,T,A,T,H3|1
PAID_LOSS|4|6|Q,H5,T,H5,K,H2|1
PAID_LOSS|4|6|Q,H5,T,K,K,T|1
PAID_LOSS|4|6|Q,H5,T,Q,A,H3|1
PAID_LOSS|4|6|Q,H5,T,Q,T,H4|1
PAID_LOSS|4|6|Q,J,H2,K,T,H3|1
PAID_LOSS|4|6|Q,J,H3,H5,H2,A|1
PAID_LOSS|4|6|Q,J,H3,J,K,H4|1
PAID_LOSS|4|6|Q,J,H4,A,J,A|1
PAID_LOSS|4|6|Q,J,H4,H3,T,H3|1
PAID_LOSS|4|6|Q,J,H5,H3,H1,H4|1
PAID_LOSS|4|6|Q,J,J,A,J,K|1
PAID_LOSS|4|6|Q,J,J,H2,H2,Q|1
PAID_LOSS|4|6|Q,J,J,J,Q,H2|1
PAID_LOSS|4|6|Q,J,J,T,H1,Q|1
PAID_LOSS|4|6|Q,J,K,H5,H4,Q|1
PAID_LOSS|4|6|Q,J,K,K,A,Q|1
PAID_LOSS|4|6|Q,J,T,H1,A,H1|1
PAID_LOSS|4|6|Q,K,H1,H2,H2,H5|1
PAID_LOSS|4|6|Q,K,H5,Q,A,Q|1
PAID_LOSS|4|6|Q,K,K,T,T,J|1
PAID_LOSS|4|6|Q,K,X2,T,H5,H1|1
PAID_LOSS|4|6|Q,Q,A,H3,J,H1|1
PAID_LOSS|4|6|Q,Q,H3,H2,H1,H2|1
PAID_LOSS|4|6|Q,Q,H5,H1,H4,T|1
PAID_LOSS|4|6|Q,Q,H5,K,J,K|1
PAID_LOSS|4|6|Q,Q,T,K,H5,T|1
PAID_LOSS|4|6|Q,T,A,K,H1,H4|1
PAID_LOSS|4|6|Q,T,H1,J,H5,H1|1
PAID_LOSS|4|6|Q,T,H3,H5,H2,J|1
PAID_LOSS|4|6|Q,T,H4,H1,H1,H1|1
PAID_LOSS|4|6|Q,T,H5,H4,J,H4|1
PAID_LOSS|4|6|Q,T,J,A,A,Q|1
PAID_LOSS|4|6|Q,T,Q,K,Q,J|1
PAID_LOSS|4|6|Scat,A,K,H1,Q,H2|1
PAID_LOSS|4|6|Scat,H1,H1,Q,K,H3|1
PAID_LOSS|4|6|Scat,J,K,H2,H1,Q|1
PAID_LOSS|4|6|Scat,K,A,J,H4,T|1
PAID_LOSS|4|6|Scat,Q,K,K,H1,H3|1
PAID_LOSS|4|6|Scat,T,T,K,H2,H4|1
PAID_LOSS|4|6|T,A,H1,A,H5,H5|1
PAID_LOSS|4|6|T,A,H3,J,H4,H4|1
PAID_LOSS|4|6|T,A,H3,K,H1,H5|1
PAID_LOSS|4|6|T,A,H4,J,H2,Q|1
PAID_LOSS|4|6|T,A,H4,Q,T,H5|1
PAID_LOSS|4|6|T,A,J,T,J,H2|1
PAID_LOSS|4|6|T,A,K,K,Q,H2|1
PAID_LOSS|4|6|T,A,Q,H5,H2,H4|1
PAID_LOSS|4|6|T,A,X2,H3,Q,H4|1
PAID_LOSS|4|6|T,H1,H1,H4,A,H2|1
PAID_LOSS|4|6|T,H1,H2,H2,A,Q|1
PAID_LOSS|4|6|T,H1,H2,H5,K,K|1
PAID_LOSS|4|6|T,H1,H3,H1,H3,H1|1
PAID_LOSS|4|6|T,H1,H3,Q,T,H2|1
PAID_LOSS|4|6|T,H1,J,H5,Q,H2|1
PAID_LOSS|4|6|T,H1,K,H1,Q,X4|1
PAID_LOSS|4|6|T,H1,K,H3,H1,Q|1
PAID_LOSS|4|6|T,H1,Q,H4,H5,H5|1
PAID_LOSS|4|6|T,H1,T,Q,H5,J|1
PAID_LOSS|4|6|T,H2,H1,T,H5,Q|1
PAID_LOSS|4|6|T,H2,H2,A,T,H5|1
PAID_LOSS|4|6|T,H2,H3,H4,H4,J|1
PAID_LOSS|4|6|T,H2,H4,K,H1,H1|1
PAID_LOSS|4|6|T,H2,K,H3,J,T|1
PAID_LOSS|4|6|T,H2,Q,H1,H2,H2|1
PAID_LOSS|4|6|T,H2,Q,H4,A,A|1
PAID_LOSS|4|6|T,H2,Q,X3,K,Q|1
PAID_LOSS|4|6|T,H3,A,H5,H1,H4|1
PAID_LOSS|4|6|T,H3,H1,Q,H2,A|1
PAID_LOSS|4|6|T,H3,H2,H3,H5,H1|1
PAID_LOSS|4|6|T,H3,H2,K,T,Q|1
PAID_LOSS|4|6|T,H3,H3,A,K,Q|1
PAID_LOSS|4|6|T,H3,H5,A,H3,A|1
PAID_LOSS|4|6|T,H3,Q,J,H5,H1|1
PAID_LOSS|4|6|T,H3,T,K,T,H2|1
PAID_LOSS|4|6|T,H4,A,H3,A,J|1
PAID_LOSS|4|6|T,H4,A,T,Q,K|1
PAID_LOSS|4|6|T,H4,H1,H5,A,H2|1
PAID_LOSS|4|6|T,H4,H2,J,Scat,H4|1
PAID_LOSS|4|6|T,H4,H3,H1,T,K|1
PAID_LOSS|4|6|T,H4,H3,Q,H3,A|1
PAID_LOSS|4|6|T,H4,H3,Q,K,H1|1
PAID_LOSS|4|6|T,H4,H3,Q,Q,Q|1
PAID_LOSS|4|6|T,H4,H4,Q,H3,T|1
PAID_LOSS|4|6|T,H4,J,H4,H5,H5|1
PAID_LOSS|4|6|T,H4,K,T,H3,H5|1
PAID_LOSS|4|6|T,H4,T,H2,A,J|1
PAID_LOSS|4|6|T,H4,T,H3,Q,H5|1
PAID_LOSS|4|6|T,H4,T,K,H3,H5|1
PAID_LOSS|4|6|T,H5,A,A,H3,A|1
PAID_LOSS|4|6|T,H5,A,K,H1,H3|1
PAID_LOSS|4|6|T,H5,H5,A,H1,H1|1
PAID_LOSS|4|6|T,H5,K,K,H5,H1|1
PAID_LOSS|4|6|T,H5,K,K,K,Q|1
PAID_LOSS|4|6|T,H5,Q,H5,J,H4|1
PAID_LOSS|4|6|T,H5,T,H2,H4,K|1
PAID_LOSS|4|6|T,J,H2,H1,H2,H1|1
PAID_LOSS|4|6|T,J,H2,K,J,H5|1
PAID_LOSS|4|6|T,J,H4,T,H1,A|1
PAID_LOSS|4|6|T,J,H5,H2,J,H1|1
PAID_LOSS|4|6|T,J,H5,H3,K,K|1
PAID_LOSS|4|6|T,J,H5,H5,K,H1|1
PAID_LOSS|4|6|T,J,J,T,Q,K|1
PAID_LOSS|4|6|T,J,Q,H1,H1,H5|1
PAID_LOSS|4|6|T,J,T,Q,K,T|1
PAID_LOSS|4|6|T,K,A,T,H4,Q|1
PAID_LOSS|4|6|T,K,H1,H5,Q,Scat|1
PAID_LOSS|4|6|T,K,H1,K,K,J|1
PAID_LOSS|4|6|T,K,H3,H1,H2,K|1
PAID_LOSS|4|6|T,K,H3,T,H4,Q|1
PAID_LOSS|4|6|T,K,H4,H4,Scat,A|1
PAID_LOSS|4|6|T,K,H4,Q,Scat,H4|1
PAID_LOSS|4|6|T,K,H5,H1,H4,A|1
PAID_LOSS|4|6|T,K,H5,T,H5,T|1
PAID_LOSS|4|6|T,K,Q,H5,H5,Scat|1
PAID_LOSS|4|6|T,K,T,H5,H5,A|1
PAID_LOSS|4|6|T,Q,H1,H1,H3,H2|1
PAID_LOSS|4|6|T,Q,H1,H5,H2,Q|1
PAID_LOSS|4|6|T,Q,K,H4,H4,Q|1
PAID_LOSS|4|6|T,Q,K,K,H3,A|1
PAID_LOSS|4|6|T,Q,Q,H3,T,Q|1
PAID_LOSS|4|6|T,Q,Q,H4,H4,H4|1
PAID_LOSS|4|6|T,Scat,A,H1,H2,Q|1
PAID_LOSS|4|6|T,Scat,T,Q,H3,H1|1
PAID_LOSS|4|6|T,T,A,A,H3,T|1
PAID_LOSS|4|6|T,T,A,H5,H2,H2|1
PAID_LOSS|4|6|T,T,H4,H2,Q,H2|1
PAID_LOSS|4|6|T,T,H4,J,H3,H1|1
PAID_LOSS|4|6|T,T,J,H1,A,H4|1
PAID_LOSS|4|6|T,X2,H5,H3,H4,H5|1
PAID_LOSS|4|6|T,X2,T,H3,H5,H3|1
PAID_LOSS|4|6|X2,A,H5,H2,H1,Q|1
PAID_LOSS|4|6|X2,A,Q,H3,H3,Q|1
PAID_LOSS|4|6|X2,H2,T,H2,H2,H3|1
PAID_LOSS|4|6|X2,J,T,H1,H2,A|1
PAID_LOSS|4|6|X2,K,A,J,K,H2|1
PAID_LOSS|4|6|X2,T,Scat,H1,J,K|1
PAID_LOSS|4|6|X3,H2,H4,H3,Scat,J|1
PAID_LOSS|4|6|X3,H3,Q,Q,Q,T|1
PAID_LOSS|4|6|X3,J,Q,H3,Q,Q|1
PAID_LOSS|4|6|X3,K,H4,X3,Q,H2|1
PAID_LOSS|4|6|X4,H2,H5,H4,A,H5|1
PAID_LOSS|4|6|X4,H5,H2,H3,K,A|1
PAID_LOSS|5|6|A,A,A,H2,K,J|1
PAID_LOSS|5|6|A,A,H2,H2,H3,H4|1
PAID_LOSS|5|6|A,A,H2,H5,H4,H4|1
PAID_LOSS|5|6|A,A,H5,J,K,H1|1
PAID_LOSS|5|6|A,A,H5,J,K,H4|1
PAID_LOSS|5|6|A,A,J,H1,T,K|1
PAID_LOSS|5|6|A,A,J,T,H5,H3|1
PAID_LOSS|5|6|A,A,Q,Q,H1,K|1
PAID_LOSS|5|6|A,A,T,H4,H2,H4|1
PAID_LOSS|5|6|A,A,T,J,K,H5|1
PAID_LOSS|5|6|A,H1,A,H1,H1,H2|1
PAID_LOSS|5|6|A,H1,H2,H2,J,H1|1
PAID_LOSS|5|6|A,H1,H3,H1,Q,H5|1
PAID_LOSS|5|6|A,H1,H3,H2,H5,H4|1
PAID_LOSS|5|6|A,H1,H4,A,H5,H4|1
PAID_LOSS|5|6|A,H1,H4,J,H5,T|1
PAID_LOSS|5|6|A,H1,J,H3,H5,H5|1
PAID_LOSS|5|6|A,H1,K,J,H5,Q|1
PAID_LOSS|5|6|A,H2,A,J,A,J|1
PAID_LOSS|5|6|A,H2,H2,Q,H1,A|1
PAID_LOSS|5|6|A,H2,H3,H3,H3,K|1
PAID_LOSS|5|6|A,H2,H3,H3,J,H4|1
PAID_LOSS|5|6|A,H2,H5,A,H1,H3|1
PAID_LOSS|5|6|A,H2,H5,J,H2,K|1
PAID_LOSS|5|6|A,H2,J,A,A,H4|1
PAID_LOSS|5|6|A,H2,K,A,H3,K|1
PAID_LOSS|5|6|A,H2,K,H1,K,T|1
PAID_LOSS|5|6|A,H2,Q,H4,H3,H5|1
PAID_LOSS|5|6|A,H2,Q,Q,H4,T|1
PAID_LOSS|5|6|A,H2,T,H5,T,A|1
PAID_LOSS|5|6|A,H3,H2,H4,J,H3|1
PAID_LOSS|5|6|A,H3,H2,X4,H1,T|1
PAID_LOSS|5|6|A,H3,H3,A,H3,H2|1
PAID_LOSS|5|6|A,H3,H3,J,H1,H4|1
PAID_LOSS|5|6|A,H3,H4,T,H4,K|1
PAID_LOSS|5|6|A,H3,T,J,H2,H2|1
PAID_LOSS|5|6|A,H3,T,T,K,J|1
PAID_LOSS|5|6|A,H4,A,H2,H3,K|1
PAID_LOSS|5|6|A,H4,A,H3,H5,H2|1
PAID_LOSS|5|6|A,H4,A,H4,H5,J|1
PAID_LOSS|5|6|A,H4,H1,T,H4,A|1
PAID_LOSS|5|6|A,H4,H2,H2,H2,H5|1
PAID_LOSS|5|6|A,H4,H3,K,H5,H3|1
PAID_LOSS|5|6|A,H4,H4,A,H3,Q|1
PAID_LOSS|5|6|A,H4,H4,H2,T,J|1
PAID_LOSS|5|6|A,H4,H4,Q,Q,H3|1
PAID_LOSS|5|6|A,H4,J,T,T,H2|1
PAID_LOSS|5|6|A,H4,K,H1,Q,H1|1
PAID_LOSS|5|6|A,H4,K,H3,H5,H2|1
PAID_LOSS|5|6|A,H5,A,H2,H1,A|1
PAID_LOSS|5|6|A,H5,A,J,H1,Q|1
PAID_LOSS|5|6|A,H5,H2,H4,H3,H4|1
PAID_LOSS|5|6|A,H5,H4,H1,Q,K|1
PAID_LOSS|5|6|A,H5,H5,J,Q,H5|1
PAID_LOSS|5|6|A,H5,J,H4,J,J|1
PAID_LOSS|5|6|A,H5,T,H4,H5,H5|1
PAID_LOSS|5|6|A,H5,T,H4,J,H2|1
PAID_LOSS|5|6|A,J,K,H3,H4,H4|1
PAID_LOSS|5|6|A,J,K,J,H1,K|1
PAID_LOSS|5|6|A,J,T,H5,H1,H3|1
PAID_LOSS|5|6|A,K,H4,H3,T,H3|1
PAID_LOSS|5|6|A,K,H4,H5,Q,H1|1
PAID_LOSS|5|6|A,K,J,Q,H2,T|1
PAID_LOSS|5|6|A,K,K,Q,H5,Q|1
PAID_LOSS|5|6|A,Q,A,H1,T,J|1
PAID_LOSS|5|6|A,Q,A,H2,Q,H4|1
PAID_LOSS|5|6|A,Q,H1,H1,H2,T|1
PAID_LOSS|5|6|A,Q,H1,H3,J,J|1
PAID_LOSS|5|6|A,Q,H1,Q,H5,H5|1
PAID_LOSS|5|6|A,Q,H2,J,H5,A|1
PAID_LOSS|5|6|A,Q,J,K,J,H3|1
PAID_LOSS|5|6|A,T,H3,H1,H3,T|1
PAID_LOSS|5|6|A,T,H3,H1,J,T|1
PAID_LOSS|5|6|A,T,H4,A,H3,H3|1
PAID_LOSS|5|6|A,T,H4,X2,A,T|1
PAID_LOSS|5|6|A,T,K,A,H2,A|1
PAID_LOSS|5|6|A,T,K,H1,H3,H1|1
PAID_LOSS|5|6|A,T,K,H4,H1,H4|1
PAID_LOSS|5|6|A,T,Q,H1,H4,H1|1
PAID_LOSS|5|6|A,T,Q,H4,H4,Q|1
PAID_LOSS|5|6|A,T,T,K,H1,H1|1
PAID_LOSS|5|6|A,X4,J,H3,A,H4|1
PAID_LOSS|5|6|A,X4,J,K,H2,H4|1
PAID_LOSS|5|6|H1,A,A,H2,H4,H5|1
PAID_LOSS|5|6|H1,A,A,K,A,Q|1
PAID_LOSS|5|6|H1,A,H1,H5,H2,H2|1
PAID_LOSS|5|6|H1,A,H2,A,H4,K|1
PAID_LOSS|5|6|H1,A,H3,H4,H1,T|1
PAID_LOSS|5|6|H1,A,H5,H1,J,A|1
PAID_LOSS|5|6|H1,A,K,H3,T,H2|1
PAID_LOSS|5|6|H1,A,T,H5,Q,Q|1
PAID_LOSS|5|6|H1,H1,H1,A,H5,Q|1
PAID_LOSS|5|6|H1,H1,H1,H2,T,H1|1
PAID_LOSS|5|6|H1,H1,H3,H4,H5,J|1
PAID_LOSS|5|6|H1,H1,H4,H1,J,H3|1
PAID_LOSS|5|6|H1,H1,H4,H2,H4,H4|1
PAID_LOSS|5|6|H1,H1,J,H2,J,H1|1
PAID_LOSS|5|6|H1,H1,K,H1,H1,Q|1
PAID_LOSS|5|6|H1,H1,Q,H3,Q,Q|1
PAID_LOSS|5|6|H1,H2,A,A,K,H3|1
PAID_LOSS|5|6|H1,H2,A,H4,H2,H4|1
PAID_LOSS|5|6|H1,H2,H2,H5,Q,T|1
PAID_LOSS|5|6|H1,H2,H3,J,A,K|1
PAID_LOSS|5|6|H1,H2,H5,A,H5,H5|1
PAID_LOSS|5|6|H1,H2,J,T,H4,A|1
PAID_LOSS|5|6|H1,H2,K,A,A,H5|1
PAID_LOSS|5|6|H1,H2,K,Q,T,J|1
PAID_LOSS|5|6|H1,H2,Q,H1,J,H5|1
PAID_LOSS|5|6|H1,H2,Q,H3,J,K|1
PAID_LOSS|5|6|H1,H2,Q,T,H5,H2|1
PAID_LOSS|5|6|H1,H2,T,A,J,H5|1
PAID_LOSS|5|6|H1,H2,T,J,Q,H2|1
PAID_LOSS|5|6|H1,H3,H1,H4,H2,X3|1
PAID_LOSS|5|6|H1,H3,H2,H2,H1,K|1
PAID_LOSS|5|6|H1,H3,H3,A,A,H4|1
PAID_LOSS|5|6|H1,H3,H4,J,J,Q|1
PAID_LOSS|5|6|H1,H3,H5,H1,H5,H5|1
PAID_LOSS|5|6|H1,H3,H5,H5,K,H5|1
PAID_LOSS|5|6|H1,H3,H5,K,Q,K|1
PAID_LOSS|5|6|H1,H3,H5,T,Q,H2|1
PAID_LOSS|5|6|H1,H3,J,Scat,H4,K|1
PAID_LOSS|5|6|H1,H3,T,H1,T,J|1
PAID_LOSS|5|6|H1,H4,H1,H1,H4,H2|1
PAID_LOSS|5|6|H1,H4,H1,H3,H1,T|1
PAID_LOSS|5|6|H1,H4,H1,H3,H3,H4|1
PAID_LOSS|5|6|H1,H4,H2,H5,T,A|1
PAID_LOSS|5|6|H1,H4,H3,K,H5,Q|1
PAID_LOSS|5|6|H1,H4,Q,H4,H2,H2|1
PAID_LOSS|5|6|H1,H4,Q,H5,T,J|1
PAID_LOSS|5|6|H1,H5,A,H2,H1,H5|1
PAID_LOSS|5|6|H1,H5,A,H3,H4,X2|1
PAID_LOSS|5|6|H1,H5,H2,J,H1,T|1
PAID_LOSS|5|6|H1,H5,H3,Q,H1,H2|1
PAID_LOSS|5|6|H1,H5,H5,T,T,H1|1
PAID_LOSS|5|6|H1,H5,J,J,H2,H3|1
PAID_LOSS|5|6|H1,H5,Q,H3,H4,H1|1
PAID_LOSS|5|6|H1,H5,Q,K,T,A|1
PAID_LOSS|5|6|H1,H5,Q,X3,Q,Q|1
PAID_LOSS|5|6|H1,J,A,H4,H3,H4|1
PAID_LOSS|5|6|H1,J,H1,T,Q,H3|1
PAID_LOSS|5|6|H1,J,H2,A,H3,H1|1
PAID_LOSS|5|6|H1,J,H3,J,H1,K|1
PAID_LOSS|5|6|H1,J,H5,J,A,T|1
PAID_LOSS|5|6|H1,J,J,H3,A,H5|1
PAID_LOSS|5|6|H1,J,K,H3,H1,A|1
PAID_LOSS|5|6|H1,J,K,H3,H4,J|1
PAID_LOSS|5|6|H1,K,H1,H3,H4,A|1
PAID_LOSS|5|6|H1,K,H1,H3,T,J|1
PAID_LOSS|5|6|H1,K,H2,A,A,J|1
PAID_LOSS|5|6|H1,K,H4,A,H4,T|1
PAID_LOSS|5|6|H1,K,K,H3,A,H3|1
PAID_LOSS|5|6|H1,Q,A,H4,H4,H2|1
PAID_LOSS|5|6|H1,Q,H2,J,Q,K|1
PAID_LOSS|5|6|H1,Q,H2,K,J,J|1
PAID_LOSS|5|6|H1,Q,H3,H5,A,K|1
PAID_LOSS|5|6|H1,Q,H4,A,K,Q|1
PAID_LOSS|5|6|H1,Q,H4,T,K,Q|1
PAID_LOSS|5|6|H1,Q,Q,H4,Q,K|1
PAID_LOSS|5|6|H1,Q,T,H4,H3,T|1
PAID_LOSS|5|6|H1,Q,T,Q,H3,H3|1
PAID_LOSS|5|6|H1,T,A,H1,H4,K|1
PAID_LOSS|5|6|H1,T,H1,H5,H4,H1|1
PAID_LOSS|5|6|H1,T,H1,Q,H1,K|1
PAID_LOSS|5|6|H1,T,H2,K,T,J|1
PAID_LOSS|5|6|H1,T,H2,T,H3,H3|1
PAID_LOSS|5|6|H1,T,H4,H3,H5,H3|1
PAID_LOSS|5|6|H1,T,H5,T,X3,A|1
PAID_LOSS|5|6|H1,T,K,H4,H1,A|1
PAID_LOSS|5|6|H1,T,T,H2,T,J|1
PAID_LOSS|5|6|H1,T,T,H3,J,H5|1
PAID_LOSS|5|6|H2,A,H1,H1,H5,H2|1
PAID_LOSS|5|6|H2,A,H2,H4,Q,K|1
PAID_LOSS|5|6|H2,A,H2,J,X4,H1|1
PAID_LOSS|5|6|H2,A,H2,T,H1,H3|1
PAID_LOSS|5|6|H2,A,H4,H5,H3,J|1
PAID_LOSS|5|6|H2,A,J,A,Q,H2|1
PAID_LOSS|5|6|H2,A,T,H1,H5,T|1
PAID_LOSS|5|6|H2,H1,A,H2,A,H2|1
PAID_LOSS|5|6|H2,H1,A,H5,H5,H2|1
PAID_LOSS|5|6|H2,H1,A,T,J,J|1
PAID_LOSS|5|6|H2,H1,H1,A,K,H2|1
PAID_LOSS|5|6|H2,H1,H1,Q,H2,T|1
PAID_LOSS|5|6|H2,H1,H2,H1,H5,H1|1
PAID_LOSS|5|6|H2,H1,H2,H5,K,H4|1
PAID_LOSS|5|6|H2,H1,H3,J,H2,K|1
PAID_LOSS|5|6|H2,H1,H4,A,H5,H3|1
PAID_LOSS|5|6|H2,H1,J,H3,H2,K|1
PAID_LOSS|5|6|H2,H2,A,A,H2,H3|1
PAID_LOSS|5|6|H2,H2,H1,A,H2,J|1
PAID_LOSS|5|6|H2,H2,H2,Q,H5,J|1
PAID_LOSS|5|6|H2,H2,H4,J,J,Q|1
PAID_LOSS|5|6|H2,H2,K,H5,A,Q|1
PAID_LOSS|5|6|H2,H2,Q,H5,T,H2|1
PAID_LOSS|5|6|H2,H3,H1,H2,J,H1|1
PAID_LOSS|5|6|H2,H3,H1,X2,T,H3|1
PAID_LOSS|5|6|H2,H3,H2,H5,A,J|1
PAID_LOSS|5|6|H2,H3,H2,H5,H4,H2|1
PAID_LOSS|5|6|H2,H3,H3,H2,H3,A|1
PAID_LOSS|5|6|H2,H3,J,T,T,Q|1
PAID_LOSS|5|6|H2,H4,A,A,H3,H5|1
PAID_LOSS|5|6|H2,H4,A,H2,H5,K|1
PAID_LOSS|5|6|H2,H4,H1,H4,T,H2|1
PAID_LOSS|5|6|H2,H4,H5,J,K,A|1
PAID_LOSS|5|6|H2,H4,H5,Q,H3,T|1
PAID_LOSS|5|6|H2,H4,K,H4,H1,H1|1
PAID_LOSS|5|6|H2,H4,Q,Q,K,K|1
PAID_LOSS|5|6|H2,H4,Q,Q,T,A|1
PAID_LOSS|5|6|H2,H5,A,K,H1,A|1
PAID_LOSS|5|6|H2,H5,H1,J,H2,X2|1
PAID_LOSS|5|6|H2,H5,H2,H2,T,H1|1
PAID_LOSS|5|6|H2,H5,H3,H3,Q,H1|1
PAID_LOSS|5|6|H2,H5,H3,Q,Q,J|1
PAID_LOSS|5|6|H2,H5,H4,K,K,Q|1
PAID_LOSS|5|6|H2,H5,J,H2,H2,H2|1
PAID_LOSS|5|6|H2,H5,K,H1,A,H4|1
PAID_LOSS|5|6|H2,H5,K,H2,Q,K|1
PAID_LOSS|5|6|H2,H5,K,J,T,H2|1
PAID_LOSS|5|6|H2,H5,Q,H4,H5,A|1
PAID_LOSS|5|6|H2,H5,Scat,A,H1,A|1
PAID_LOSS|5|6|H2,H5,T,H2,H1,H4|1
PAID_LOSS|5|6|H2,J,A,K,Q,T|1
PAID_LOSS|5|6|H2,J,H1,Q,A,H5|1
PAID_LOSS|5|6|H2,J,H2,A,A,H1|1
PAID_LOSS|5|6|H2,J,H2,K,Scat,Q|1
PAID_LOSS|5|6|H2,J,H3,H1,A,H5|1
PAID_LOSS|5|6|H2,J,H4,J,H1,J|1
PAID_LOSS|5|6|H2,J,Q,A,H2,J|1
PAID_LOSS|5|6|H2,J,Q,H5,J,K|1
PAID_LOSS|5|6|H2,J,T,A,J,H5|1
PAID_LOSS|5|6|H2,J,T,H2,A,H4|1
PAID_LOSS|5|6|H2,J,T,H2,H4,H2|1
PAID_LOSS|5|6|H2,K,A,H2,J,H5|1
PAID_LOSS|5|6|H2,K,H2,H4,H1,H1|1
PAID_LOSS|5|6|H2,K,H3,Q,X2,H5|1
PAID_LOSS|5|6|H2,K,K,Scat,H2,Q|1
PAID_LOSS|5|6|H2,K,T,T,H5,X2|1
PAID_LOSS|5|6|H2,Q,A,H1,H1,H3|1
PAID_LOSS|5|6|H2,Q,A,H3,A,H4|1
PAID_LOSS|5|6|H2,Q,A,K,J,H1|1
PAID_LOSS|5|6|H2,Q,H2,A,H5,H3|1
PAID_LOSS|5|6|H2,Q,H2,H2,K,T|1
PAID_LOSS|5|6|H2,Q,H2,H5,T,Q|1
PAID_LOSS|5|6|H2,Q,H5,T,K,J|1
PAID_LOSS|5|6|H2,Q,J,J,H3,H4|1
PAID_LOSS|5|6|H2,Q,K,H3,H2,K|1
PAID_LOSS|5|6|H2,Scat,H2,H5,H3,H3|1
PAID_LOSS|5|6|H2,Scat,K,K,T,H1|1
PAID_LOSS|5|6|H2,T,H3,H4,H3,H3|1
PAID_LOSS|5|6|H2,T,H4,H1,H5,H1|1
PAID_LOSS|5|6|H2,T,K,K,Q,K|1
PAID_LOSS|5|6|H2,T,Q,T,J,K|1
PAID_LOSS|5|6|H2,T,T,A,K,H5|1
PAID_LOSS|5|6|H2,X4,H1,J,Q,J|1
PAID_LOSS|5|6|H3,A,A,H4,H3,T|1
PAID_LOSS|5|6|H3,A,A,Q,H3,J|1
PAID_LOSS|5|6|H3,A,H2,H3,K,H5|1
PAID_LOSS|5|6|H3,A,H3,J,K,K|1
PAID_LOSS|5|6|H3,A,H5,H5,H2,A|1
PAID_LOSS|5|6|H3,A,H5,H5,H4,H5|1
PAID_LOSS|5|6|H3,A,H5,K,H4,H3|1
PAID_LOSS|5|6|H3,H1,H4,H1,H2,K|1
PAID_LOSS|5|6|H3,H1,H5,J,H2,J|1
PAID_LOSS|5|6|H3,H1,K,A,Q,H3|1
PAID_LOSS|5|6|H3,H1,T,A,H5,A|1
PAID_LOSS|5|6|H3,H2,H1,A,T,A|1
PAID_LOSS|5|6|H3,H2,H5,H3,H4,H3|1
PAID_LOSS|5|6|H3,H2,H5,Q,Q,Q|1
PAID_LOSS|5|6|H3,H2,K,H1,H4,K|1
PAID_LOSS|5|6|H3,H2,Q,H2,H4,H2|1
PAID_LOSS|5|6|H3,H2,Q,H5,K,T|1
PAID_LOSS|5|6|H3,H3,A,A,K,T|1
PAID_LOSS|5|6|H3,H3,A,J,H2,K|1
PAID_LOSS|5|6|H3,H3,H1,A,H2,H4|1
PAID_LOSS|5|6|H3,H3,H2,A,Q,T|1
PAID_LOSS|5|6|H3,H3,H4,H4,H1,H3|1
PAID_LOSS|5|6|H3,H3,H5,T,H4,H4|1
PAID_LOSS|5|6|H3,H3,J,A,A,Q|1
PAID_LOSS|5|6|H3,H3,J,H4,H4,H2|1
PAID_LOSS|5|6|H3,H3,J,K,H4,H1|1
PAID_LOSS|5|6|H3,H3,K,A,H2,A|1
PAID_LOSS|5|6|H3,H3,K,A,H5,T|1
PAID_LOSS|5|6|H3,H3,Q,H5,T,J|1
PAID_LOSS|5|6|H3,H3,Q,K,H3,K|1
PAID_LOSS|5|6|H3,H4,A,A,K,H1|1
PAID_LOSS|5|6|H3,H4,A,J,Q,T|1
PAID_LOSS|5|6|H3,H4,H2,Q,H4,K|1
PAID_LOSS|5|6|H3,H4,H5,H3,K,A|1
PAID_LOSS|5|6|H3,H4,H5,J,K,K|1
PAID_LOSS|5|6|H3,H4,H5,Scat,H5,J|1
PAID_LOSS|5|6|H3,H4,J,H2,J,T|1
PAID_LOSS|5|6|H3,H4,K,H3,T,H2|1
PAID_LOSS|5|6|H3,H4,Q,J,H4,K|1
PAID_LOSS|5|6|H3,H4,T,H5,T,H2|1
PAID_LOSS|5|6|H3,H4,T,J,H4,H2|1
PAID_LOSS|5|6|H3,H5,H1,A,H4,Q|1
PAID_LOSS|5|6|H3,H5,H1,T,Q,H3|1
PAID_LOSS|5|6|H3,H5,H2,H3,J,H4|1
PAID_LOSS|5|6|H3,H5,H2,K,A,H2|1
PAID_LOSS|5|6|H3,H5,H2,Q,T,H3|1
PAID_LOSS|5|6|H3,H5,H4,K,K,Q|1
PAID_LOSS|5|6|H3,H5,H4,T,H4,X2|1
PAID_LOSS|5|6|H3,H5,H5,H4,K,J|1
PAID_LOSS|5|6|H3,H5,H5,J,H1,T|1
PAID_LOSS|5|6|H3,H5,J,A,H4,T|1
PAID_LOSS|5|6|H3,H5,K,Q,A,H3|1
PAID_LOSS|5|6|H3,H5,Q,A,K,H2|1
PAID_LOSS|5|6|H3,H5,Q,A,Q,H2|1
PAID_LOSS|5|6|H3,H5,T,J,H2,J|1
PAID_LOSS|5|6|H3,J,H2,H2,T,K|1
PAID_LOSS|5|6|H3,J,H4,K,H5,A|1
PAID_LOSS|5|6|H3,J,H5,H2,K,H2|1
PAID_LOSS|5|6|H3,J,J,H3,Q,H5|1
PAID_LOSS|5|6|H3,J,K,H1,H5,K|1
PAID_LOSS|5|6|H3,J,Q,H3,H4,K|1
PAID_LOSS|5|6|H3,J,Q,K,H2,A|1
PAID_LOSS|5|6|H3,J,Scat,H3,K,H2|1
PAID_LOSS|5|6|H3,J,Scat,Q,K,H5|1
PAID_LOSS|5|6|H3,J,X2,H4,Q,K|1
PAID_LOSS|5|6|H3,K,A,H5,Q,Q|1
PAID_LOSS|5|6|H3,K,H1,A,J,H1|1
PAID_LOSS|5|6|H3,K,H1,H1,T,H3|1
PAID_LOSS|5|6|H3,K,H2,H1,K,Q|1
PAID_LOSS|5|6|H3,K,H3,H5,T,H1|1
PAID_LOSS|5|6|H3,K,H3,T,J,K|1
PAID_LOSS|5|6|H3,K,J,Q,K,H2|1
PAID_LOSS|5|6|H3,Q,H5,J,H4,K|1
PAID_LOSS|5|6|H3,Q,H5,Q,H2,T|1
PAID_LOSS|5|6|H3,Q,J,H2,K,H5|1
PAID_LOSS|5|6|H3,Q,J,H5,A,J|1
PAID_LOSS|5|6|H3,Q,J,J,K,K|1
PAID_LOSS|5|6|H3,Q,K,H3,Q,H3|1
PAID_LOSS|5|6|H3,Q,K,H5,H4,J|1
PAID_LOSS|5|6|H3,Q,Q,H3,K,A|1
PAID_LOSS|5|6|H3,Scat,H2,H2,J,Q|1
PAID_LOSS|5|6|H3,Scat,T,H4,Q,H3|1
PAID_LOSS|5|6|H3,T,H3,A,Q,H5|1
PAID_LOSS|5|6|H3,T,H5,H2,H5,J|1
PAID_LOSS|5|6|H3,T,K,A,H4,A|1
PAID_LOSS|5|6|H3,T,K,A,Q,K|1
PAID_LOSS|5|6|H3,T,K,H5,H1,H1|1
PAID_LOSS|5|6|H3,T,T,H2,K,H3|1
PAID_LOSS|5|6|H3,T,T,H3,H4,H1|1
PAID_LOSS|5|6|H4,A,H2,H1,K,H5|1
PAID_LOSS|5|6|H4,A,H3,K,T,H4|1
PAID_LOSS|5|6|H4,A,H4,T,H1,H3|1
PAID_LOSS|5|6|H4,A,H5,A,T,K|1
PAID_LOSS|5|6|H4,A,J,H1,H2,H5|1
PAID_LOSS|5|6|H4,A,J,H1,H3,H3|1
PAID_LOSS|5|6|H4,A,T,H3,A,Q|1
PAID_LOSS|5|6|H4,H1,H1,Q,J,H5|1
PAID_LOSS|5|6|H4,H1,H1,T,H4,Q|1
PAID_LOSS|5|6|H4,H1,H3,H2,H1,T|1
PAID_LOSS|5|6|H4,H1,H4,H2,K,H1|1
PAID_LOSS|5|6|H4,H1,H4,K,H4,T|1
PAID_LOSS|5|6|H4,H1,H5,Q,H4,A|1
PAID_LOSS|5|6|H4,H1,H5,Q,T,H4|1
PAID_LOSS|5|6|H4,H1,Q,K,H4,Scat|1
PAID_LOSS|5|6|H4,H1,T,H2,Q,H4|1
PAID_LOSS|5|6|H4,H2,H2,H2,H4,A|1
PAID_LOSS|5|6|H4,H2,H4,H1,Q,T|1
PAID_LOSS|5|6|H4,H2,H5,H1,T,J|1
PAID_LOSS|5|6|H4,H2,H5,H3,H5,K|1
PAID_LOSS|5|6|H4,H2,J,H5,K,K|1
PAID_LOSS|5|6|H4,H2,Q,H4,H2,H3|1
PAID_LOSS|5|6|H4,H2,T,H5,H1,Q|1
PAID_LOSS|5|6|H4,H2,T,Q,Q,T|1
PAID_LOSS|5|6|H4,H3,H4,H3,H4,H1|1
PAID_LOSS|5|6|H4,H3,H4,Q,H2,K|1
PAID_LOSS|5|6|H4,H3,J,H1,A,H4|1
PAID_LOSS|5|6|H4,H3,T,J,A,Scat|1
PAID_LOSS|5|6|H4,H3,T,J,K,H1|1
PAID_LOSS|5|6|H4,H4,H2,H1,H3,J|1
PAID_LOSS|5|6|H4,H4,H2,H2,H3,J|1
PAID_LOSS|5|6|H4,H4,H3,H1,X2,J|1
PAID_LOSS|5|6|H4,H4,H4,J,J,H1|1
PAID_LOSS|5|6|H4,H4,H5,J,T,H4|1
PAID_LOSS|5|6|H4,H4,K,K,H4,H2|1
PAID_LOSS|5|6|H4,H4,K,K,H5,J|1
PAID_LOSS|5|6|H4,H4,Q,J,H1,Q|1
PAID_LOSS|5|6|H4,H5,A,H5,H5,K|1
PAID_LOSS|5|6|H4,H5,A,T,H1,H5|1
PAID_LOSS|5|6|H4,H5,A,X4,K,T|1
PAID_LOSS|5|6|H4,H5,H2,H4,H1,A|1
PAID_LOSS|5|6|H4,H5,H2,J,T,H5|1
PAID_LOSS|5|6|H4,H5,H4,K,Q,H1|1
PAID_LOSS|5|6|H4,H5,K,J,H3,Q|1
PAID_LOSS|5|6|H4,H5,T,H1,H1,H4|1
PAID_LOSS|5|6|H4,J,A,T,H3,K|1
PAID_LOSS|5|6|H4,J,H1,H5,H5,J|1
PAID_LOSS|5|6|H4,J,H1,J,H5,H2|1
PAID_LOSS|5|6|H4,J,H1,Q,J,H1|1
PAID_LOSS|5|6|H4,J,H3,H2,K,Q|1
PAID_LOSS|5|6|H4,J,H3,K,T,Q|1
PAID_LOSS|5|6|H4,J,J,Q,T,H5|1
PAID_LOSS|5|6|H4,J,Q,H3,J,X4|1
PAID_LOSS|5|6|H4,J,T,T,H4,Q|1
PAID_LOSS|5|6|H4,J,X3,J,Q,H2|1
PAID_LOSS|5|6|H4,K,A,K,A,X3|1
PAID_LOSS|5|6|H4,K,H1,J,T,Scat|1
PAID_LOSS|5|6|H4,K,H2,Q,H1,H1|1
PAID_LOSS|5|6|H4,K,H5,Scat,H2,A|1
PAID_LOSS|5|6|H4,K,J,H5,T,K|1
PAID_LOSS|5|6|H4,K,J,J,H3,H1|1
PAID_LOSS|5|6|H4,K,K,H5,H1,K|1
PAID_LOSS|5|6|H4,K,Q,H4,H5,H3|1
PAID_LOSS|5|6|H4,Q,A,H3,K,H3|1
PAID_LOSS|5|6|H4,Q,A,H4,H3,H3|1
PAID_LOSS|5|6|H4,Q,H1,H2,H5,H4|1
PAID_LOSS|5|6|H4,Q,H2,Q,H4,K|1
PAID_LOSS|5|6|H4,Q,H3,H3,H3,H3|1
PAID_LOSS|5|6|H4,Q,H4,H2,H1,T|1
PAID_LOSS|5|6|H4,Q,H5,H4,H1,T|1
PAID_LOSS|5|6|H4,Q,T,H4,H2,H5|1
PAID_LOSS|5|6|H4,T,H5,T,Q,H5|1
PAID_LOSS|5|6|H4,T,J,Q,T,K|1
PAID_LOSS|5|6|H4,T,K,H4,H3,K|1
PAID_LOSS|5|6|H5,A,H2,H5,K,H2|1
PAID_LOSS|5|6|H5,A,H4,H1,H2,H4|1
PAID_LOSS|5|6|H5,A,H5,J,Q,H2|1
PAID_LOSS|5|6|H5,A,H5,K,H1,J|1
PAID_LOSS|5|6|H5,A,J,H4,H4,H3|1
PAID_LOSS|5|6|H5,A,J,Q,H1,Q|1
PAID_LOSS|5|6|H5,A,T,H5,H4,A|1
PAID_LOSS|5|6|H5,H1,H1,H3,J,H4|1
PAID_LOSS|5|6|H5,H1,H2,Q,Q,K|1
PAID_LOSS|5|6|H5,H1,H3,H1,H2,H2|1
PAID_LOSS|5|6|H5,H1,H3,H2,Q,J|1
PAID_LOSS|5|6|H5,H1,H4,K,X4,K|1
PAID_LOSS|5|6|H5,H1,H5,H3,H4,H3|1
PAID_LOSS|5|6|H5,H1,J,H5,J,T|1
PAID_LOSS|5|6|H5,H1,Scat,H3,K,Q|1
PAID_LOSS|5|6|H5,H1,T,H5,H1,H5|1
PAID_LOSS|5|6|H5,H2,H1,A,Q,H3|1
PAID_LOSS|5|6|H5,H2,H3,Q,H5,A|1
PAID_LOSS|5|6|H5,H2,H3,T,H1,K|1
PAID_LOSS|5|6|H5,H2,H4,H3,T,A|1
PAID_LOSS|5|6|H5,H2,H4,H4,H2,A|1
PAID_LOSS|5|6|H5,H2,J,H4,H3,H5|1
PAID_LOSS|5|6|H5,H2,K,H2,H5,H5|1
PAID_LOSS|5|6|H5,H2,K,H3,H4,H5|1
PAID_LOSS|5|6|H5,H2,Q,K,A,H1|1
PAID_LOSS|5|6|H5,H2,T,Q,J,T|1
PAID_LOSS|5|6|H5,H3,A,H2,A,Q|1
PAID_LOSS|5|6|H5,H3,H3,A,K,K|1
PAID_LOSS|5|6|H5,H3,H3,H1,A,Q|1
PAID_LOSS|5|6|H5,H3,H5,H5,H5,J|1
PAID_LOSS|5|6|H5,H3,J,A,Q,H5|1
PAID_LOSS|5|6|H5,H3,Q,H5,Q,T|1
PAID_LOSS|5|6|H5,H3,T,H3,K,H5|1
PAID_LOSS|5|6|H5,H3,T,Q,H1,H1|1
PAID_LOSS|5|6|H5,H3,T,T,T,H4|1
PAID_LOSS|5|6|H5,H4,H2,H1,H1,J|1
PAID_LOSS|5|6|H5,H4,H4,K,H4,J|1
PAID_LOSS|5|6|H5,H4,H5,H5,T,H5|1
PAID_LOSS|5|6|H5,H4,J,H5,K,H1|1
PAID_LOSS|5|6|H5,H4,K,T,H1,H5|1
PAID_LOSS|5|6|H5,H4,Q,T,H3,X4|1
PAID_LOSS|5|6|H5,H5,H1,J,H1,Q|1
PAID_LOSS|5|6|H5,H5,H3,H1,K,H3|1
PAID_LOSS|5|6|H5,H5,H4,Q,K,J|1
PAID_LOSS|5|6|H5,H5,H5,H5,H1,J|1
PAID_LOSS|5|6|H5,H5,H5,Q,Q,T|1
PAID_LOSS|5|6|H5,H5,J,H3,J,A|1
PAID_LOSS|5|6|H5,H5,K,T,J,H3|1
PAID_LOSS|5|6|H5,H5,T,T,T,H3|1
PAID_LOSS|5|6|H5,J,A,H2,H2,H2|1
PAID_LOSS|5|6|H5,J,A,T,H1,H5|1
PAID_LOSS|5|6|H5,J,H3,H4,H2,T|1
PAID_LOSS|5|6|H5,J,H5,Q,Q,Scat|1
PAID_LOSS|5|6|H5,J,H5,T,H3,H2|1
PAID_LOSS|5|6|H5,J,J,H1,A,H4|1
PAID_LOSS|5|6|H5,J,J,Q,Q,A|1
PAID_LOSS|5|6|H5,J,K,A,Q,H4|1
PAID_LOSS|5|6|H5,J,Q,J,T,Q|1
PAID_LOSS|5|6|H5,J,Scat,A,Q,H1|1
PAID_LOSS|5|6|H5,J,T,H4,H1,K|1
PAID_LOSS|5|6|H5,J,T,H4,H3,J|1
PAID_LOSS|5|6|H5,J,T,T,H4,T|1
PAID_LOSS|5|6|H5,K,H1,H3,H3,X2|1
PAID_LOSS|5|6|H5,K,H2,K,H1,A|1
PAID_LOSS|5|6|H5,K,H4,H5,K,H2|1
PAID_LOSS|5|6|H5,K,J,H5,H1,H1|1
PAID_LOSS|5|6|H5,K,Q,A,Q,K|1
PAID_LOSS|5|6|H5,K,Q,H4,K,H1|1
PAID_LOSS|5|6|H5,K,Scat,H1,K,A|1
PAID_LOSS|5|6|H5,K,T,K,H2,J|1
PAID_LOSS|5|6|H5,Q,H2,J,H1,H4|1
PAID_LOSS|5|6|H5,Q,H3,Scat,H3,H4|1
PAID_LOSS|5|6|H5,Q,H3,Scat,Q,K|1
PAID_LOSS|5|6|H5,Q,J,H1,Q,H1|1
PAID_LOSS|5|6|H5,Q,J,H4,A,H4|1
PAID_LOSS|5|6|H5,Q,K,H1,J,K|1
PAID_LOSS|5|6|H5,Q,Q,H3,K,Q|1
PAID_LOSS|5|6|H5,Q,T,H1,H2,H5|1
PAID_LOSS|5|6|H5,Q,T,H3,K,K|1
PAID_LOSS|5|6|H5,Scat,K,T,K,J|1
PAID_LOSS|5|6|H5,T,H2,H3,X4,H2|1
PAID_LOSS|5|6|H5,T,H2,K,H2,K|1
PAID_LOSS|5|6|H5,T,H4,H2,J,K|1
PAID_LOSS|5|6|H5,T,H4,H3,H3,H5|1
PAID_LOSS|5|6|H5,T,K,H2,J,H4|1
PAID_LOSS|5|6|H5,T,Q,H2,K,Q|1
PAID_LOSS|5|6|H5,T,Q,J,H1,H3|1
PAID_LOSS|5|6|H5,T,T,H3,Scat,J|1
PAID_LOSS|5|6|H5,T,T,J,A,H1|1
PAID_LOSS|5|6|J,A,H1,H2,H2,H4|1
PAID_LOSS|5|6|J,A,H2,H3,Q,J|1
PAID_LOSS|5|6|J,A,H3,Q,H1,T|1
PAID_LOSS|5|6|J,A,J,H1,H1,A|1
PAID_LOSS|5|6|J,A,J,H5,K,Q|1
PAID_LOSS|5|6|J,A,Q,H2,J,K|1
PAID_LOSS|5|6|J,A,Q,K,Q,Q|1
PAID_LOSS|5|6|J,A,T,H5,Q,T|1
PAID_LOSS|5|6|J,A,T,Q,H3,H1|1
PAID_LOSS|5|6|J,A,T,Scat,Q,H1|1
PAID_LOSS|5|6|J,H1,A,T,J,T|1
PAID_LOSS|5|6|J,H1,H1,A,H2,Q|1
PAID_LOSS|5|6|J,H1,H2,H1,H2,H1|1
PAID_LOSS|5|6|J,H1,H2,J,Q,Q|1
PAID_LOSS|5|6|J,H1,H3,J,K,H5|1
PAID_LOSS|5|6|J,H1,H3,K,H5,A|1
PAID_LOSS|5|6|J,H1,J,H1,J,H4|1
PAID_LOSS|5|6|J,H1,K,T,H3,H2|1
PAID_LOSS|5|6|J,H1,Q,A,Scat,H4|1
PAID_LOSS|5|6|J,H1,T,H5,H4,A|1
PAID_LOSS|5|6|J,H2,A,K,H5,H2|1
PAID_LOSS|5|6|J,H2,H2,H4,Q,H1|1
PAID_LOSS|5|6|J,H2,T,H2,H5,H2|1
PAID_LOSS|5|6|J,H3,A,H3,K,K|1
PAID_LOSS|5|6|J,H3,A,Q,Q,Q|1
PAID_LOSS|5|6|J,H3,H5,A,J,H4|1
PAID_LOSS|5|6|J,H3,J,J,H4,H4|1
PAID_LOSS|5|6|J,H3,Scat,H1,Q,A|1
PAID_LOSS|5|6|J,H4,H3,H3,J,H2|1
PAID_LOSS|5|6|J,H4,H3,H4,A,J|1
PAID_LOSS|5|6|J,H4,H3,Q,J,Q|1
PAID_LOSS|5|6|J,H4,H4,H1,H1,T|1
PAID_LOSS|5|6|J,H4,H4,H3,H2,Q|1
PAID_LOSS|5|6|J,H4,J,T,J,Q|1
PAID_LOSS|5|6|J,H4,K,H5,A,H4|1
PAID_LOSS|5|6|J,H4,Q,A,K,A|1
PAID_LOSS|5|6|J,H4,Q,H2,T,H3|1
PAID_LOSS|5|6|J,H4,T,Q,A,K|1
PAID_LOSS|5|6|J,H5,H1,K,H2,H1|1
PAID_LOSS|5|6|J,H5,H3,T,H2,H5|1
PAID_LOSS|5|6|J,H5,H3,T,H4,J|1
PAID_LOSS|5|6|J,H5,H4,K,J,A|1
PAID_LOSS|5|6|J,H5,H4,K,Q,H1|1
PAID_LOSS|5|6|J,H5,J,H3,A,H4|1
PAID_LOSS|5|6|J,H5,J,H4,H3,A|1
PAID_LOSS|5|6|J,J,A,J,H5,H4|1
PAID_LOSS|5|6|J,J,H1,H4,H3,H2|1
PAID_LOSS|5|6|J,J,H4,K,H1,H4|1
PAID_LOSS|5|6|J,J,H5,H1,J,H2|1
PAID_LOSS|5|6|J,J,J,T,H4,H1|1
PAID_LOSS|5|6|J,J,K,A,H4,H4|1
PAID_LOSS|5|6|J,J,K,J,H4,A|1
PAID_LOSS|5|6|J,J,Q,J,H1,A|1
PAID_LOSS|5|6|J,J,T,A,H4,K|1
PAID_LOSS|5|6|J,J,T,T,H1,Q|1
PAID_LOSS|5|6|J,K,A,H1,J,H3|1
PAID_LOSS|5|6|J,K,A,Scat,J,K|1
PAID_LOSS|5|6|J,K,H2,H5,X3,H1|1
PAID_LOSS|5|6|J,K,H2,J,H2,H2|1
PAID_LOSS|5|6|J,K,H2,T,H5,K|1
PAID_LOSS|5|6|J,K,H4,A,H5,H5|1
PAID_LOSS|5|6|J,K,H4,H5,H1,H2|1
PAID_LOSS|5|6|J,K,H4,Q,H4,H3|1
PAID_LOSS|5|6|J,K,H5,K,Scat,H2|1
PAID_LOSS|5|6|J,K,K,A,A,J|1
PAID_LOSS|5|6|J,K,K,A,H2,T|1
PAID_LOSS|5|6|J,K,K,H5,H3,H5|1
PAID_LOSS|5|6|J,K,K,T,H1,H2|1
PAID_LOSS|5|6|J,Q,A,H1,H4,K|1
PAID_LOSS|5|6|J,Q,A,H1,H5,K|1
PAID_LOSS|5|6|J,Q,H1,A,H1,T|1
PAID_LOSS|5|6|J,Q,H4,H5,H4,Q|1
PAID_LOSS|5|6|J,Q,H5,A,A,H3|1
PAID_LOSS|5|6|J,Q,H5,A,H5,H2|1
PAID_LOSS|5|6|J,Q,J,H1,H2,K|1
PAID_LOSS|5|6|J,Q,J,J,H1,K|1
PAID_LOSS|5|6|J,Q,J,Q,H4,H1|1
PAID_LOSS|5|6|J,Q,K,H3,Q,Q|1
PAID_LOSS|5|6|J,Q,K,T,Scat,H3|1
PAID_LOSS|5|6|J,T,H1,J,H3,Q|1
PAID_LOSS|5|6|J,T,H3,A,H3,H1|1
PAID_LOSS|5|6|J,T,H3,A,J,K|1
PAID_LOSS|5|6|J,T,H4,H3,J,Q|1
PAID_LOSS|5|6|J,T,H4,K,Q,K|1
PAID_LOSS|5|6|J,T,H5,H3,H2,H4|1
PAID_LOSS|5|6|J,T,K,H1,K,A|1
PAID_LOSS|5|6|J,T,Q,H5,J,H4|1
PAID_LOSS|5|6|J,T,T,H1,T,H4|1
PAID_LOSS|5|6|J,T,T,Q,T,H2|1
PAID_LOSS|5|6|K,A,A,H4,H5,K|1
PAID_LOSS|5|6|K,A,A,J,H2,A|1
PAID_LOSS|5|6|K,A,H4,H3,Q,Q|1
PAID_LOSS|5|6|K,A,H4,H4,H2,J|1
PAID_LOSS|5|6|K,A,J,H3,H4,H4|1
PAID_LOSS|5|6|K,A,J,K,H4,H1|1
PAID_LOSS|5|6|K,A,Q,A,J,Q|1
PAID_LOSS|5|6|K,A,T,H3,H3,J|1
PAID_LOSS|5|6|K,A,T,K,A,T|1
PAID_LOSS|5|6|K,H1,A,H2,H4,J|1
PAID_LOSS|5|6|K,H1,A,H4,H4,H5|1
PAID_LOSS|5|6|K,H1,H1,T,T,H2|1
PAID_LOSS|5|6|K,H1,H2,H4,H3,A|1
PAID_LOSS|5|6|K,H1,H3,K,H3,A|1
PAID_LOSS|5|6|K,H1,H4,A,H3,J|1
PAID_LOSS|5|6|K,H1,H4,H3,H1,T|1
PAID_LOSS|5|6|K,H1,Q,T,K,T|1
PAID_LOSS|5|6|K,H1,T,A,H4,H5|1
PAID_LOSS|5|6|K,H2,H1,H4,J,H5|1
PAID_LOSS|5|6|K,H2,J,H3,H5,A|1
PAID_LOSS|5|6|K,H2,K,H2,H5,H3|1
PAID_LOSS|5|6|K,H2,T,T,H5,Q|1
PAID_LOSS|5|6|K,H3,A,J,H2,H1|1
PAID_LOSS|5|6|K,H3,A,Q,H2,A|1
PAID_LOSS|5|6|K,H3,H2,H3,A,J|1
PAID_LOSS|5|6|K,H3,H2,Q,Q,H2|1
PAID_LOSS|5|6|K,H3,H2,T,K,H2|1
PAID_LOSS|5|6|K,H3,J,H1,T,H5|1
PAID_LOSS|5|6|K,H3,J,H2,H2,Scat|1
PAID_LOSS|5|6|K,H3,J,J,Q,T|1
PAID_LOSS|5|6|K,H3,Q,H5,K,J|1
PAID_LOSS|5|6|K,H3,Q,Scat,H5,H3|1
PAID_LOSS|5|6|K,H3,T,T,H4,K|1
PAID_LOSS|5|6|K,H4,A,A,H5,H3|1
PAID_LOSS|5|6|K,H4,H2,A,J,K|1
PAID_LOSS|5|6|K,H4,H3,J,J,H2|1
PAID_LOSS|5|6|K,H4,J,H4,K,H1|1
PAID_LOSS|5|6|K,H4,Q,Q,T,H2|1
PAID_LOSS|5|6|K,H4,T,A,Q,H3|1
PAID_LOSS|5|6|K,H5,H2,H5,A,H1|1
PAID_LOSS|5|6|K,H5,H3,K,J,H2|1
PAID_LOSS|5|6|K,H5,H5,J,K,H5|1
PAID_LOSS|5|6|K,H5,J,H1,A,H2|1
PAID_LOSS|5|6|K,H5,J,K,H1,H2|1
PAID_LOSS|5|6|K,H5,K,A,H5,T|1
PAID_LOSS|5|6|K,H5,Q,H1,H2,H4|1
PAID_LOSS|5|6|K,H5,Q,H3,Q,H3|1
PAID_LOSS|5|6|K,H5,Scat,K,H3,H5|1
PAID_LOSS|5|6|K,J,A,Q,H1,Q|1
PAID_LOSS|5|6|K,J,H3,H3,H4,H4|1
PAID_LOSS|5|6|K,J,J,K,A,H4|1
PAID_LOSS|5|6|K,J,Q,H2,H4,T|1
PAID_LOSS|5|6|K,J,Q,J,H4,H3|1
PAID_LOSS|5|6|K,J,Q,T,T,K|1
PAID_LOSS|5|6|K,J,T,H4,H2,K|1
PAID_LOSS|5|6|K,J,X3,H3,Q,J|1
PAID_LOSS|5|6|K,K,H1,H2,H3,K|1
PAID_LOSS|5|6|K,K,H1,H3,T,T|1
PAID_LOSS|5|6|K,K,H5,T,H4,H1|1
PAID_LOSS|5|6|K,K,J,H2,H5,H5|1
PAID_LOSS|5|6|K,K,J,H4,Q,H2|1
PAID_LOSS|5|6|K,K,Q,H2,A,K|1
PAID_LOSS|5|6|K,K,Q,K,H3,Scat|1
PAID_LOSS|5|6|K,Q,H1,H5,H4,X2|1
PAID_LOSS|5|6|K,Q,H1,J,H4,H1|1
PAID_LOSS|5|6|K,Q,H2,T,H2,H5|1
PAID_LOSS|5|6|K,Q,H3,T,Q,H5|1
PAID_LOSS|5|6|K,Q,H4,T,H5,T|1
PAID_LOSS|5|6|K,Q,J,H5,J,A|1
PAID_LOSS|5|6|K,Q,J,J,A,Q|1
PAID_LOSS|5|6|K,Q,J,K,K,A|1
PAID_LOSS|5|6|K,Q,Scat,J,H2,Q|1
PAID_LOSS|5|6|K,Scat,K,H5,H5,T|1
PAID_LOSS|5|6|K,T,A,H1,T,H2|1
PAID_LOSS|5|6|K,T,A,T,H4,H4|1
PAID_LOSS|5|6|K,T,H2,H4,H1,H4|1
PAID_LOSS|5|6|K,T,H3,H4,J,H4|1
PAID_LOSS|5|6|K,T,J,J,H1,H3|1
PAID_LOSS|5|6|K,T,Q,A,H2,Q|1
PAID_LOSS|5|6|K,T,Q,H1,H3,T|1
PAID_LOSS|5|6|K,T,Q,T,Q,H2|1
PAID_LOSS|5|6|K,T,T,H3,H2,H3|1
PAID_LOSS|5|6|K,T,T,T,K,H1|1
PAID_LOSS|5|6|Q,A,A,K,Q,H3|1
PAID_LOSS|5|6|Q,A,H1,H5,H1,H3|1
PAID_LOSS|5|6|Q,A,H2,J,T,T|1
PAID_LOSS|5|6|Q,A,H2,T,K,K|1
PAID_LOSS|5|6|Q,A,H3,H1,H4,H5|1
PAID_LOSS|5|6|Q,A,H4,K,K,T|1
PAID_LOSS|5|6|Q,H1,H2,H1,T,K|1
PAID_LOSS|5|6|Q,H1,H2,H2,J,A|1
PAID_LOSS|5|6|Q,H1,H2,H2,T,Q|1
PAID_LOSS|5|6|Q,H1,H3,Q,H5,J|1
PAID_LOSS|5|6|Q,H1,H5,H5,H1,J|1
PAID_LOSS|5|6|Q,H1,K,H4,J,H1|1
PAID_LOSS|5|6|Q,H1,T,H5,H4,A|1
PAID_LOSS|5|6|Q,H1,T,H5,K,A|1
PAID_LOSS|5|6|Q,H2,A,A,H5,K|1
PAID_LOSS|5|6|Q,H2,H2,K,K,T|1
PAID_LOSS|5|6|Q,H2,H2,T,H2,H2|1
PAID_LOSS|5|6|Q,H2,K,A,H1,H3|1
PAID_LOSS|5|6|Q,H2,Q,A,H3,K|1
PAID_LOSS|5|6|Q,H3,H2,H4,K,H2|1
PAID_LOSS|5|6|Q,H3,H2,X4,J,J|1
PAID_LOSS|5|6|Q,H3,K,Q,K,Q|1
PAID_LOSS|5|6|Q,H4,H3,H2,H1,H4|1
PAID_LOSS|5|6|Q,H4,J,H1,X3,H5|1
PAID_LOSS|5|6|Q,H4,J,H5,A,H1|1
PAID_LOSS|5|6|Q,H4,J,H5,J,J|1
PAID_LOSS|5|6|Q,H4,K,H2,A,H5|1
PAID_LOSS|5|6|Q,H4,K,H3,T,K|1
PAID_LOSS|5|6|Q,H4,Q,H4,H3,K|1
PAID_LOSS|5|6|Q,H4,Q,H4,Q,H4|1
PAID_LOSS|5|6|Q,H4,Q,H4,Q,J|1
PAID_LOSS|5|6|Q,H4,Scat,H3,K,X4|1
PAID_LOSS|5|6|Q,H4,T,H5,T,J|1
PAID_LOSS|5|6|Q,H5,H2,H2,J,Q|1
PAID_LOSS|5|6|Q,H5,H4,H1,T,H2|1
PAID_LOSS|5|6|Q,H5,T,H3,H3,H5|1
PAID_LOSS|5|6|Q,J,A,Scat,X4,H3|1
PAID_LOSS|5|6|Q,J,A,T,H3,T|1
PAID_LOSS|5|6|Q,J,H1,H1,J,H3|1
PAID_LOSS|5|6|Q,J,H4,H1,Q,H2|1
PAID_LOSS|5|6|Q,J,H4,J,H1,H4|1
PAID_LOSS|5|6|Q,J,H4,Q,X2,H2|1
PAID_LOSS|5|6|Q,J,H5,K,K,K|1
PAID_LOSS|5|6|Q,J,H5,K,Q,T|1
PAID_LOSS|5|6|Q,J,K,H3,H4,H3|1
PAID_LOSS|5|6|Q,J,K,H5,H3,H3|1
PAID_LOSS|5|6|Q,J,T,H1,A,H3|1
PAID_LOSS|5|6|Q,K,A,H2,A,Q|1
PAID_LOSS|5|6|Q,K,A,J,H1,J|1
PAID_LOSS|5|6|Q,K,A,T,H5,J|1
PAID_LOSS|5|6|Q,K,H1,Q,H2,H1|1
PAID_LOSS|5|6|Q,K,H2,H4,H2,K|1
PAID_LOSS|5|6|Q,K,K,K,H3,Q|1
PAID_LOSS|5|6|Q,K,K,Q,H4,H5|1
PAID_LOSS|5|6|Q,Q,A,H4,J,J|1
PAID_LOSS|5|6|Q,Q,H1,A,A,A|1
PAID_LOSS|5|6|Q,Q,H1,H1,H4,H4|1
PAID_LOSS|5|6|Q,Q,H2,H3,K,H4|1
PAID_LOSS|5|6|Q,Q,H4,H5,H2,H4|1
PAID_LOSS|5|6|Q,Q,H5,H3,A,K|1
PAID_LOSS|5|6|Q,Q,H5,H5,H5,H4|1
PAID_LOSS|5|6|Q,Q,Q,H1,T,T|1
PAID_LOSS|5|6|Q,Q,Q,Q,K,H5|1
PAID_LOSS|5|6|Q,Scat,H2,A,Q,Q|1
PAID_LOSS|5|6|Q,Scat,K,H3,H4,J|1
PAID_LOSS|5|6|Q,T,H1,H3,H1,K|1
PAID_LOSS|5|6|Q,T,H1,Q,K,H1|1
PAID_LOSS|5|6|Q,T,H2,H4,H4,H3|1
PAID_LOSS|5|6|Q,T,H2,H5,H4,H2|1
PAID_LOSS|5|6|Q,T,H4,K,Q,A|1
PAID_LOSS|5|6|Q,T,H5,H3,H3,Q|1
PAID_LOSS|5|6|Q,T,J,H5,Q,T|1
PAID_LOSS|5|6|Q,T,K,H5,H3,H3|1
PAID_LOSS|5|6|Q,T,T,H5,H4,H3|1
PAID_LOSS|5|6|Q,T,T,T,H2,H5|1
PAID_LOSS|5|6|Q,X3,H4,A,H1,H5|1
PAID_LOSS|5|6|Scat,A,H5,K,K,H3|1
PAID_LOSS|5|6|Scat,A,J,H5,H3,H3|1
PAID_LOSS|5|6|Scat,H1,T,H1,H1,H3|1
PAID_LOSS|5|6|Scat,T,T,H3,H2,H3|1
PAID_LOSS|5|6|T,A,A,T,H3,K|1
PAID_LOSS|5|6|T,A,H2,H2,H4,H2|1
PAID_LOSS|5|6|T,A,H2,K,H3,H5|1
PAID_LOSS|5|6|T,A,H4,H1,K,J|1
PAID_LOSS|5|6|T,A,H5,H3,H1,H4|1
PAID_LOSS|5|6|T,A,J,H1,H3,H1|1
PAID_LOSS|5|6|T,A,K,Scat,A,A|1
PAID_LOSS|5|6|T,A,T,A,H2,T|1
PAID_LOSS|5|6|T,A,T,H4,H4,J|1
PAID_LOSS|5|6|T,H1,A,H2,H3,J|1
PAID_LOSS|5|6|T,H1,A,H3,J,H5|1
PAID_LOSS|5|6|T,H1,H1,H3,H2,Q|1
PAID_LOSS|5|6|T,H1,H2,K,Q,H4|1
PAID_LOSS|5|6|T,H1,H3,T,H2,Q|1
PAID_LOSS|5|6|T,H1,K,H3,J,K|1
PAID_LOSS|5|6|T,H1,Q,H2,H5,A|1
PAID_LOSS|5|6|T,H1,T,A,Q,H1|1
PAID_LOSS|5|6|T,H1,T,J,H3,H5|1
PAID_LOSS|5|6|T,H2,H1,Scat,K,Q|1
PAID_LOSS|5|6|T,H2,H2,Q,H4,J|1
PAID_LOSS|5|6|T,H2,H4,K,A,H4|1
PAID_LOSS|5|6|T,H2,Q,K,J,H3|1
PAID_LOSS|5|6|T,H3,A,H4,H5,H5|1
PAID_LOSS|5|6|T,H3,A,J,A,K|1
PAID_LOSS|5|6|T,H3,H3,H2,J,T|1
PAID_LOSS|5|6|T,H3,H3,Q,A,H3|1
PAID_LOSS|5|6|T,H3,H5,A,H3,T|1
PAID_LOSS|5|6|T,H3,K,H5,A,H2|1
PAID_LOSS|5|6|T,H3,Q,K,J,H3|1
PAID_LOSS|5|6|T,H4,A,H2,T,H2|1
PAID_LOSS|5|6|T,H4,A,J,X4,T|1
PAID_LOSS|5|6|T,H4,H2,H4,H3,Q|1
PAID_LOSS|5|6|T,H4,K,A,T,H1|1
PAID_LOSS|5|6|T,H4,T,T,H4,T|1
PAID_LOSS|5|6|T,H5,H1,K,K,A|1
PAID_LOSS|5|6|T,H5,H1,T,A,H1|1
PAID_LOSS|5|6|T,H5,H2,J,K,J|1
PAID_LOSS|5|6|T,H5,H3,H4,H4,A|1
PAID_LOSS|5|6|T,H5,H4,J,T,H1|1
PAID_LOSS|5|6|T,H5,H5,J,H4,J|1
PAID_LOSS|5|6|T,H5,Q,A,A,H4|1
PAID_LOSS|5|6|T,H5,Q,H4,J,J|1
PAID_LOSS|5|6|T,H5,Q,J,H1,H2|1
PAID_LOSS|5|6|T,J,A,H2,K,H3|1
PAID_LOSS|5|6|T,J,A,K,T,H1|1
PAID_LOSS|5|6|T,J,H1,K,H3,H3|1
PAID_LOSS|5|6|T,J,H1,T,H4,H5|1
PAID_LOSS|5|6|T,J,H2,H1,H4,A|1
PAID_LOSS|5|6|T,J,H3,H5,H5,H1|1
PAID_LOSS|5|6|T,J,H3,Scat,K,H5|1
PAID_LOSS|5|6|T,J,H4,Q,H1,T|1
PAID_LOSS|5|6|T,J,H5,H1,H2,A|1
PAID_LOSS|5|6|T,J,H5,H3,H5,Q|1
PAID_LOSS|5|6|T,J,K,H3,A,H1|1
PAID_LOSS|5|6|T,J,Q,T,H2,K|1
PAID_LOSS|5|6|T,K,A,J,T,H3|1
PAID_LOSS|5|6|T,K,H2,J,A,K|1
PAID_LOSS|5|6|T,K,H2,K,A,H5|1
PAID_LOSS|5|6|T,K,H3,J,Q,T|1
PAID_LOSS|5|6|T,K,H3,T,T,K|1
PAID_LOSS|5|6|T,K,H4,H1,Q,H2|1
PAID_LOSS|5|6|T,K,K,J,H3,J|1
PAID_LOSS|5|6|T,Q,H1,T,H4,H4|1
PAID_LOSS|5|6|T,Q,H2,Q,J,H5|1
PAID_LOSS|5|6|T,Q,H2,Q,T,J|1
PAID_LOSS|5|6|T,Q,H5,H4,H3,T|2
PAID_LOSS|5|6|T,Q,J,K,H3,A|1
PAID_LOSS|5|6|T,Q,K,H3,H2,T|1
PAID_LOSS|5|6|T,Q,T,H1,H2,H1|1
PAID_LOSS|5|6|T,Q,T,Q,H3,H1|1
PAID_LOSS|5|6|T,T,H2,H1,T,Q|1
PAID_LOSS|5|6|T,T,H3,Scat,T,H3|1
PAID_LOSS|5|6|T,T,H4,J,H5,H3|1
PAID_LOSS|5|6|T,T,H5,H5,Q,A|1
PAID_LOSS|5|6|T,T,J,T,K,H5|1
PAID_LOSS|5|6|T,T,K,H5,H2,J|1
PAID_LOSS|5|6|T,T,K,K,H5,T|1
PAID_LOSS|5|6|X2,H3,H5,H1,H2,H5|1
PAID_LOSS|5|6|X2,H4,J,Q,Q,Scat|1
PAID_LOSS|5|6|X2,H5,H1,H2,H5,T|1
PAID_LOSS|5|6|X2,T,A,H1,J,H3|1
PAID_LOSS|5|6|X3,A,T,J,A,H1|1
PAID_LOSS|5|6|X3,H3,A,H2,A,A|1
PAID_LOSS|5|6|X4,H2,H4,J,Q,H1|1
PAID_LOSS|5|6|X4,H2,H4,Q,A,H4|1
PAID_LOSS|5|6|X4,J,Q,J,H3,H2|1
PAID_LOSS|5|6|X4,K,H3,H4,H4,H1|1
